source_row_number,antibiotic_name,class_group,identity_or_status_note,official_dailymed_search_url,openfda_query_url,evidence_to_extract,current_research_status,verified_source_url,next_action
1,Penicillin G,Natural Penicillins,,https://dailymed.nlm.nih.gov/dailymed/search.cfm?query=Penicillin%20G,https://api.fda.gov/drug/label.json?search=openfda.generic_name%3A%22Penicillin%20G%22&limit=10,Indications/usage; common adverse reactions with frequencies; serious warnings/boxed warning; contraindications; interactions; formulation/route; human vs veterinary; effective date; source label ID/URL.,NOT YET RESEARCHED — no class-level substitution,,"Extract indications, adverse reactions, boxed warnings/warnings, contraindications; confirm formulation/route and current label."
2,Penicillin V,Natural Penicillins,,https://dailymed.nlm.nih.gov/dailymed/search.cfm?query=Penicillin%20V,https://api.fda.gov/drug/label.json?search=openfda.generic_name%3A%22Penicillin%20V%22&limit=10,Indications/usage; common adverse reactions with frequencies; serious warnings/boxed warning; contraindications; interactions; formulation/route; human vs veterinary; effective date; source label ID/URL.,NOT YET RESEARCHED — no class-level substitution,,"Extract indications, adverse reactions, boxed warnings/warnings, contraindications; confirm formulation/route and current label."
3,Benzathine penicillin G,Natural Penicillins,,https://dailymed.nlm.nih.gov/dailymed/search.cfm?query=Benzathine%20penicillin%20G,https://api.fda.gov/drug/label.json?search=openfda.generic_name%3A%22Benzathine%20penicillin%20G%22&limit=10,Indications/usage; common adverse reactions with frequencies; serious warnings/boxed warning; contraindications; interactions; formulation/route; human vs veterinary; effective date; source label ID/URL.,NOT YET RESEARCHED — no class-level substitution,,"Extract indications, adverse reactions, boxed warnings/warnings, contraindications; confirm formulation/route and current label."
4,Procaine penicillin G,Natural Penicillins,,https://dailymed.nlm.nih.gov/dailymed/search.cfm?query=Procaine%20penicillin%20G,https://api.fda.gov/drug/label.json?search=openfda.generic_name%3A%22Procaine%20penicillin%20G%22&limit=10,Indications/usage; common adverse reactions with frequencies; serious warnings/boxed warning; contraindications; interactions; formulation/route; human vs veterinary; effective date; source label ID/URL.,NOT YET RESEARCHED — no class-level substitution,,"Extract indications, adverse reactions, boxed warnings/warnings, contraindications; confirm formulation/route and current label."
5,Amoxicillin,Aminopenicillins,,https://dailymed.nlm.nih.gov/dailymed/search.cfm?query=Amoxicillin,https://api.fda.gov/drug/label.json?search=openfda.generic_name%3A%22Amoxicillin%22&limit=10,Indications/usage; common adverse reactions with frequencies; serious warnings/boxed warning; contraindications; interactions; formulation/route; human vs veterinary; effective date; source label ID/URL.,SOURCE-VERIFIED LABEL SUMMARY,https://www.dailymed.nlm.nih.gov/dailymed/drugInfo.cfm?setid=809393b7-6271-4715-ae84-13fd8f901772,"Extract indications, adverse reactions, boxed warnings/warnings, contraindications; confirm formulation/route and current label."
6,Ampicillin,Aminopenicillins,,https://dailymed.nlm.nih.gov/dailymed/search.cfm?query=Ampicillin,https://api.fda.gov/drug/label.json?search=openfda.generic_name%3A%22Ampicillin%22&limit=10,Indications/usage; common adverse reactions with frequencies; serious warnings/boxed warning; contraindications; interactions; formulation/route; human vs veterinary; effective date; source label ID/URL.,NOT YET RESEARCHED — no class-level substitution,,"Extract indications, adverse reactions, boxed warnings/warnings, contraindications; confirm formulation/route and current label."
7,Bacampicillin,Aminopenicillins,Availability is jurisdiction-specific; verify current marketed status.,https://dailymed.nlm.nih.gov/dailymed/search.cfm?query=Bacampicillin,https://api.fda.gov/drug/label.json?search=openfda.generic_name%3A%22Bacampicillin%22&limit=10,Indications/usage; common adverse reactions with frequencies; serious warnings/boxed warning; contraindications; interactions; formulation/route; human vs veterinary; effective date; source label ID/URL.,NOT YET RESEARCHED — no class-level substitution,,"Extract indications, adverse reactions, boxed warnings/warnings, contraindications; confirm formulation/route and current label."
8,Pivampicillin,Aminopenicillins,Availability is jurisdiction-specific; verify current marketed status.,https://dailymed.nlm.nih.gov/dailymed/search.cfm?query=Pivampicillin,https://api.fda.gov/drug/label.json?search=openfda.generic_name%3A%22Pivampicillin%22&limit=10,Indications/usage; common adverse reactions with frequencies; serious warnings/boxed warning; contraindications; interactions; formulation/route; human vs veterinary; effective date; source label ID/URL.,NOT YET RESEARCHED — no class-level substitution,,"Extract indications, adverse reactions, boxed warnings/warnings, contraindications; confirm formulation/route and current label."
9,Talampicillin,Aminopenicillins,Availability is jurisdiction-specific; verify current marketed status.,https://dailymed.nlm.nih.gov/dailymed/search.cfm?query=Talampicillin,https://api.fda.gov/drug/label.json?search=openfda.generic_name%3A%22Talampicillin%22&limit=10,Indications/usage; common adverse reactions with frequencies; serious warnings/boxed warning; contraindications; interactions; formulation/route; human vs veterinary; effective date; source label ID/URL.,NOT YET RESEARCHED — no class-level substitution,,"Extract indications, adverse reactions, boxed warnings/warnings, contraindications; confirm formulation/route and current label."
10,Epicillin,Aminopenicillins,Historical/limited availability; current marketed status requires verification.,https://dailymed.nlm.nih.gov/dailymed/search.cfm?query=Epicillin,https://api.fda.gov/drug/label.json?search=openfda.generic_name%3A%22Epicillin%22&limit=10,Indications/usage; common adverse reactions with frequencies; serious warnings/boxed warning; contraindications; interactions; formulation/route; human vs veterinary; effective date; source label ID/URL.,NOT YET RESEARCHED — no class-level substitution,,"Extract indications, adverse reactions, boxed warnings/warnings, contraindications; confirm formulation/route and current label."
11,Hetacillin,Aminopenicillins,Historical/limited availability; current marketed status requires verification.,https://dailymed.nlm.nih.gov/dailymed/search.cfm?query=Hetacillin,https://api.fda.gov/drug/label.json?search=openfda.generic_name%3A%22Hetacillin%22&limit=10,Indications/usage; common adverse reactions with frequencies; serious warnings/boxed warning; contraindications; interactions; formulation/route; human vs veterinary; effective date; source label ID/URL.,NOT YET RESEARCHED — no class-level substitution,,"Extract indications, adverse reactions, boxed warnings/warnings, contraindications; confirm formulation/route and current label."
12,Methicillin,Antistaphylococcal Penicillins,Historical/obsolete in clinical use in many jurisdictions; verify status and do not treat as a current routine treatment option.,https://dailymed.nlm.nih.gov/dailymed/search.cfm?query=Methicillin,https://api.fda.gov/drug/label.json?search=openfda.generic_name%3A%22Methicillin%22&limit=10,Indications/usage; common adverse reactions with frequencies; serious warnings/boxed warning; contraindications; interactions; formulation/route; human vs veterinary; effective date; source label ID/URL.,NOT YET RESEARCHED — no class-level substitution,,"Extract indications, adverse reactions, boxed warnings/warnings, contraindications; confirm formulation/route and current label."
13,Nafcillin,Antistaphylococcal Penicillins,,https://dailymed.nlm.nih.gov/dailymed/search.cfm?query=Nafcillin,https://api.fda.gov/drug/label.json?search=openfda.generic_name%3A%22Nafcillin%22&limit=10,Indications/usage; common adverse reactions with frequencies; serious warnings/boxed warning; contraindications; interactions; formulation/route; human vs veterinary; effective date; source label ID/URL.,NOT YET RESEARCHED — no class-level substitution,,"Extract indications, adverse reactions, boxed warnings/warnings, contraindications; confirm formulation/route and current label."
14,Oxacillin,Antistaphylococcal Penicillins,,https://dailymed.nlm.nih.gov/dailymed/search.cfm?query=Oxacillin,https://api.fda.gov/drug/label.json?search=openfda.generic_name%3A%22Oxacillin%22&limit=10,Indications/usage; common adverse reactions with frequencies; serious warnings/boxed warning; contraindications; interactions; formulation/route; human vs veterinary; effective date; source label ID/URL.,NOT YET RESEARCHED — no class-level substitution,,"Extract indications, adverse reactions, boxed warnings/warnings, contraindications; confirm formulation/route and current label."
15,Cloxacillin,Antistaphylococcal Penicillins,,https://dailymed.nlm.nih.gov/dailymed/search.cfm?query=Cloxacillin,https://api.fda.gov/drug/label.json?search=openfda.generic_name%3A%22Cloxacillin%22&limit=10,Indications/usage; common adverse reactions with frequencies; serious warnings/boxed warning; contraindications; interactions; formulation/route; human vs veterinary; effective date; source label ID/URL.,NOT YET RESEARCHED — no class-level substitution,,"Extract indications, adverse reactions, boxed warnings/warnings, contraindications; confirm formulation/route and current label."
16,Dicloxacillin,Antistaphylococcal Penicillins,,https://dailymed.nlm.nih.gov/dailymed/search.cfm?query=Dicloxacillin,https://api.fda.gov/drug/label.json?search=openfda.generic_name%3A%22Dicloxacillin%22&limit=10,Indications/usage; common adverse reactions with frequencies; serious warnings/boxed warning; contraindications; interactions; formulation/route; human vs veterinary; effective date; source label ID/URL.,NOT YET RESEARCHED — no class-level substitution,,"Extract indications, adverse reactions, boxed warnings/warnings, contraindications; confirm formulation/route and current label."
17,Flucloxacillin,Antistaphylococcal Penicillins,,https://dailymed.nlm.nih.gov/dailymed/search.cfm?query=Flucloxacillin,https://api.fda.gov/drug/label.json?search=openfda.generic_name%3A%22Flucloxacillin%22&limit=10,Indications/usage; common adverse reactions with frequencies; serious warnings/boxed warning; contraindications; interactions; formulation/route; human vs veterinary; effective date; source label ID/URL.,NOT YET RESEARCHED — no class-level substitution,,"Extract indications, adverse reactions, boxed warnings/warnings, contraindications; confirm formulation/route and current label."
18,Temocillin,Antistaphylococcal Penicillins,Availability and approved indications are jurisdiction-specific; verify current label.,https://dailymed.nlm.nih.gov/dailymed/search.cfm?query=Temocillin,https://api.fda.gov/drug/label.json?search=openfda.generic_name%3A%22Temocillin%22&limit=10,Indications/usage; common adverse reactions with frequencies; serious warnings/boxed warning; contraindications; interactions; formulation/route; human vs veterinary; effective date; source label ID/URL.,NOT YET RESEARCHED — no class-level substitution,,"Extract indications, adverse reactions, boxed warnings/warnings, contraindications; confirm formulation/route and current label."
19,Carbenicillin,Antipseudomonal Penicillins,Older agent; availability and use vary substantially by country.,https://dailymed.nlm.nih.gov/dailymed/search.cfm?query=Carbenicillin,https://api.fda.gov/drug/label.json?search=openfda.generic_name%3A%22Carbenicillin%22&limit=10,Indications/usage; common adverse reactions with frequencies; serious warnings/boxed warning; contraindications; interactions; formulation/route; human vs veterinary; effective date; source label ID/URL.,NOT YET RESEARCHED — no class-level substitution,,"Extract indications, adverse reactions, boxed warnings/warnings, contraindications; confirm formulation/route and current label."
20,Ticarcillin,Antipseudomonal Penicillins,,https://dailymed.nlm.nih.gov/dailymed/search.cfm?query=Ticarcillin,https://api.fda.gov/drug/label.json?search=openfda.generic_name%3A%22Ticarcillin%22&limit=10,Indications/usage; common adverse reactions with frequencies; serious warnings/boxed warning; contraindications; interactions; formulation/route; human vs veterinary; effective date; source label ID/URL.,NOT YET RESEARCHED — no class-level substitution,,"Extract indications, adverse reactions, boxed warnings/warnings, contraindications; confirm formulation/route and current label."
21,Piperacillin,Antipseudomonal Penicillins,,https://dailymed.nlm.nih.gov/dailymed/search.cfm?query=Piperacillin,https://api.fda.gov/drug/label.json?search=openfda.generic_name%3A%22Piperacillin%22&limit=10,Indications/usage; common adverse reactions with frequencies; serious warnings/boxed warning; contraindications; interactions; formulation/route; human vs veterinary; effective date; source label ID/URL.,NOT YET RESEARCHED — no class-level substitution,,"Extract indications, adverse reactions, boxed warnings/warnings, contraindications; confirm formulation/route and current label."
22,Mezlocillin,Antipseudomonal Penicillins,Older agent; not routinely marketed in many jurisdictions.,https://dailymed.nlm.nih.gov/dailymed/search.cfm?query=Mezlocillin,https://api.fda.gov/drug/label.json?search=openfda.generic_name%3A%22Mezlocillin%22&limit=10,Indications/usage; common adverse reactions with frequencies; serious warnings/boxed warning; contraindications; interactions; formulation/route; human vs veterinary; effective date; source label ID/URL.,NOT YET RESEARCHED — no class-level substitution,,"Extract indications, adverse reactions, boxed warnings/warnings, contraindications; confirm formulation/route and current label."
23,Azlocillin,Antipseudomonal Penicillins,Older agent; not routinely marketed in many jurisdictions.,https://dailymed.nlm.nih.gov/dailymed/search.cfm?query=Azlocillin,https://api.fda.gov/drug/label.json?search=openfda.generic_name%3A%22Azlocillin%22&limit=10,Indications/usage; common adverse reactions with frequencies; serious warnings/boxed warning; contraindications; interactions; formulation/route; human vs veterinary; effective date; source label ID/URL.,NOT YET RESEARCHED — no class-level substitution,,"Extract indications, adverse reactions, boxed warnings/warnings, contraindications; confirm formulation/route and current label."
24,Sulbenicillin,Antipseudomonal Penicillins,Regional/older agent; verify local approval and current product availability.,https://dailymed.nlm.nih.gov/dailymed/search.cfm?query=Sulbenicillin,https://api.fda.gov/drug/label.json?search=openfda.generic_name%3A%22Sulbenicillin%22&limit=10,Indications/usage; common adverse reactions with frequencies; serious warnings/boxed warning; contraindications; interactions; formulation/route; human vs veterinary; effective date; source label ID/URL.,NOT YET RESEARCHED — no class-level substitution,,"Extract indications, adverse reactions, boxed warnings/warnings, contraindications; confirm formulation/route and current label."
25,Amoxicillin-clavulanate (Co-amoxiclav),Beta-Lactamase Inhibitor Combinations,,https://dailymed.nlm.nih.gov/dailymed/search.cfm?query=Amoxicillin-clavulanate%20%28Co-amoxiclav%29,https://api.fda.gov/drug/label.json?search=openfda.generic_name%3A%22Amoxicillin-clavulanate%20%28Co-amoxiclav%29%22&limit=10,Indications/usage; common adverse reactions with frequencies; serious warnings/boxed warning; contraindications; interactions; formulation/route; human vs veterinary; effective date; source label ID/URL.,SOURCE-VERIFIED LABEL SUMMARY,https://dailymed.nlm.nih.gov/dailymed/drugInfo.cfm?setid=1127a41b-14a1-4fe8-ae37-67ea5d760301,"Extract indications, adverse reactions, boxed warnings/warnings, contraindications; confirm formulation/route and current label."
26,Ampicillin-sulbactam,Beta-Lactamase Inhibitor Combinations,,https://dailymed.nlm.nih.gov/dailymed/search.cfm?query=Ampicillin-sulbactam,https://api.fda.gov/drug/label.json?search=openfda.generic_name%3A%22Ampicillin-sulbactam%22&limit=10,Indications/usage; common adverse reactions with frequencies; serious warnings/boxed warning; contraindications; interactions; formulation/route; human vs veterinary; effective date; source label ID/URL.,NOT YET RESEARCHED — no class-level substitution,,"Extract indications, adverse reactions, boxed warnings/warnings, contraindications; confirm formulation/route and current label."
27,Piperacillin-tazobactam,Beta-Lactamase Inhibitor Combinations,,https://dailymed.nlm.nih.gov/dailymed/search.cfm?query=Piperacillin-tazobactam,https://api.fda.gov/drug/label.json?search=openfda.generic_name%3A%22Piperacillin-tazobactam%22&limit=10,Indications/usage; common adverse reactions with frequencies; serious warnings/boxed warning; contraindications; interactions; formulation/route; human vs veterinary; effective date; source label ID/URL.,NOT YET RESEARCHED — no class-level substitution,,"Extract indications, adverse reactions, boxed warnings/warnings, contraindications; confirm formulation/route and current label."
28,Ticarcillin-clavulanate,Beta-Lactamase Inhibitor Combinations,,https://dailymed.nlm.nih.gov/dailymed/search.cfm?query=Ticarcillin-clavulanate,https://api.fda.gov/drug/label.json?search=openfda.generic_name%3A%22Ticarcillin-clavulanate%22&limit=10,Indications/usage; common adverse reactions with frequencies; serious warnings/boxed warning; contraindications; interactions; formulation/route; human vs veterinary; effective date; source label ID/URL.,NOT YET RESEARCHED — no class-level substitution,,"Extract indications, adverse reactions, boxed warnings/warnings, contraindications; confirm formulation/route and current label."
29,Amoxicillin-sulbactam,Beta-Lactamase Inhibitor Combinations,,https://dailymed.nlm.nih.gov/dailymed/search.cfm?query=Amoxicillin-sulbactam,https://api.fda.gov/drug/label.json?search=openfda.generic_name%3A%22Amoxicillin-sulbactam%22&limit=10,Indications/usage; common adverse reactions with frequencies; serious warnings/boxed warning; contraindications; interactions; formulation/route; human vs veterinary; effective date; source label ID/URL.,NOT YET RESEARCHED — no class-level substitution,,"Extract indications, adverse reactions, boxed warnings/warnings, contraindications; confirm formulation/route and current label."
30,Cefadroxil,First Generation Cephalosporins,,https://dailymed.nlm.nih.gov/dailymed/search.cfm?query=Cefadroxil,https://api.fda.gov/drug/label.json?search=openfda.generic_name%3A%22Cefadroxil%22&limit=10,Indications/usage; common adverse reactions with frequencies; serious warnings/boxed warning; contraindications; interactions; formulation/route; human vs veterinary; effective date; source label ID/URL.,NOT YET RESEARCHED — no class-level substitution,,"Extract indications, adverse reactions, boxed warnings/warnings, contraindications; confirm formulation/route and current label."
31,Cefazolin,First Generation Cephalosporins,,https://dailymed.nlm.nih.gov/dailymed/search.cfm?query=Cefazolin,https://api.fda.gov/drug/label.json?search=openfda.generic_name%3A%22Cefazolin%22&limit=10,Indications/usage; common adverse reactions with frequencies; serious warnings/boxed warning; contraindications; interactions; formulation/route; human vs veterinary; effective date; source label ID/URL.,NOT YET RESEARCHED — no class-level substitution,,"Extract indications, adverse reactions, boxed warnings/warnings, contraindications; confirm formulation/route and current label."
32,Cephalexin (INN: cefalexin),First Generation Cephalosporins,,https://dailymed.nlm.nih.gov/dailymed/search.cfm?query=Cephalexin%20%28INN%3A%20cefalexin%29,https://api.fda.gov/drug/label.json?search=openfda.generic_name%3A%22Cephalexin%20%28INN%3A%20cefalexin%29%22&limit=10,Indications/usage; common adverse reactions with frequencies; serious warnings/boxed warning; contraindications; interactions; formulation/route; human vs veterinary; effective date; source label ID/URL.,PARTIALLY VERIFIED; adverse-reaction extraction incomplete,https://www.accessdata.fda.gov/drugsatfda_docs/label/2012/063024s022lbl.pdf,"Extract indications, adverse reactions, boxed warnings/warnings, contraindications; confirm formulation/route and current label."
33,Cephradine (INN: cefradine),First Generation Cephalosporins,,https://dailymed.nlm.nih.gov/dailymed/search.cfm?query=Cephradine%20%28INN%3A%20cefradine%29,https://api.fda.gov/drug/label.json?search=openfda.generic_name%3A%22Cephradine%20%28INN%3A%20cefradine%29%22&limit=10,Indications/usage; common adverse reactions with frequencies; serious warnings/boxed warning; contraindications; interactions; formulation/route; human vs veterinary; effective date; source label ID/URL.,NOT YET RESEARCHED — no class-level substitution,,"Extract indications, adverse reactions, boxed warnings/warnings, contraindications; confirm formulation/route and current label."
34,Cephapirin,First Generation Cephalosporins,,https://dailymed.nlm.nih.gov/dailymed/search.cfm?query=Cephapirin,https://api.fda.gov/drug/label.json?search=openfda.generic_name%3A%22Cephapirin%22&limit=10,Indications/usage; common adverse reactions with frequencies; serious warnings/boxed warning; contraindications; interactions; formulation/route; human vs veterinary; effective date; source label ID/URL.,NOT YET RESEARCHED — no class-level substitution,,"Extract indications, adverse reactions, boxed warnings/warnings, contraindications; confirm formulation/route and current label."
35,Cephalothin (INN: cefalotin),First Generation Cephalosporins,,https://dailymed.nlm.nih.gov/dailymed/search.cfm?query=Cephalothin%20%28INN%3A%20cefalotin%29,https://api.fda.gov/drug/label.json?search=openfda.generic_name%3A%22Cephalothin%20%28INN%3A%20cefalotin%29%22&limit=10,Indications/usage; common adverse reactions with frequencies; serious warnings/boxed warning; contraindications; interactions; formulation/route; human vs veterinary; effective date; source label ID/URL.,NOT YET RESEARCHED — no class-level substitution,,"Extract indications, adverse reactions, boxed warnings/warnings, contraindications; confirm formulation/route and current label."
36,Cefazaflur,First Generation Cephalosporins,Older/limited-use agent; current human marketed status requires verification.,https://dailymed.nlm.nih.gov/dailymed/search.cfm?query=Cefazaflur,https://api.fda.gov/drug/label.json?search=openfda.generic_name%3A%22Cefazaflur%22&limit=10,Indications/usage; common adverse reactions with frequencies; serious warnings/boxed warning; contraindications; interactions; formulation/route; human vs veterinary; effective date; source label ID/URL.,NOT YET RESEARCHED — no class-level substitution,,"Extract indications, adverse reactions, boxed warnings/warnings, contraindications; confirm formulation/route and current label."
37,Cefroxadine,First Generation Cephalosporins,,https://dailymed.nlm.nih.gov/dailymed/search.cfm?query=Cefroxadine,https://api.fda.gov/drug/label.json?search=openfda.generic_name%3A%22Cefroxadine%22&limit=10,Indications/usage; common adverse reactions with frequencies; serious warnings/boxed warning; contraindications; interactions; formulation/route; human vs veterinary; effective date; source label ID/URL.,NOT YET RESEARCHED — no class-level substitution,,"Extract indications, adverse reactions, boxed warnings/warnings, contraindications; confirm formulation/route and current label."
38,Cefaclor,Second Generation Cephalosporins,,https://dailymed.nlm.nih.gov/dailymed/search.cfm?query=Cefaclor,https://api.fda.gov/drug/label.json?search=openfda.generic_name%3A%22Cefaclor%22&limit=10,Indications/usage; common adverse reactions with frequencies; serious warnings/boxed warning; contraindications; interactions; formulation/route; human vs veterinary; effective date; source label ID/URL.,NOT YET RESEARCHED — no class-level substitution,,"Extract indications, adverse reactions, boxed warnings/warnings, contraindications; confirm formulation/route and current label."
39,Cefamandole,Second Generation Cephalosporins,,https://dailymed.nlm.nih.gov/dailymed/search.cfm?query=Cefamandole,https://api.fda.gov/drug/label.json?search=openfda.generic_name%3A%22Cefamandole%22&limit=10,Indications/usage; common adverse reactions with frequencies; serious warnings/boxed warning; contraindications; interactions; formulation/route; human vs veterinary; effective date; source label ID/URL.,NOT YET RESEARCHED — no class-level substitution,,"Extract indications, adverse reactions, boxed warnings/warnings, contraindications; confirm formulation/route and current label."
40,Cefoxitin,Second Generation Cephalosporins,,https://dailymed.nlm.nih.gov/dailymed/search.cfm?query=Cefoxitin,https://api.fda.gov/drug/label.json?search=openfda.generic_name%3A%22Cefoxitin%22&limit=10,Indications/usage; common adverse reactions with frequencies; serious warnings/boxed warning; contraindications; interactions; formulation/route; human vs veterinary; effective date; source label ID/URL.,NOT YET RESEARCHED — no class-level substitution,,"Extract indications, adverse reactions, boxed warnings/warnings, contraindications; confirm formulation/route and current label."
41,Cefprozil,Second Generation Cephalosporins,,https://dailymed.nlm.nih.gov/dailymed/search.cfm?query=Cefprozil,https://api.fda.gov/drug/label.json?search=openfda.generic_name%3A%22Cefprozil%22&limit=10,Indications/usage; common adverse reactions with frequencies; serious warnings/boxed warning; contraindications; interactions; formulation/route; human vs veterinary; effective date; source label ID/URL.,NOT YET RESEARCHED — no class-level substitution,,"Extract indications, adverse reactions, boxed warnings/warnings, contraindications; confirm formulation/route and current label."
42,Cefuroxime,Second Generation Cephalosporins,,https://dailymed.nlm.nih.gov/dailymed/search.cfm?query=Cefuroxime,https://api.fda.gov/drug/label.json?search=openfda.generic_name%3A%22Cefuroxime%22&limit=10,Indications/usage; common adverse reactions with frequencies; serious warnings/boxed warning; contraindications; interactions; formulation/route; human vs veterinary; effective date; source label ID/URL.,NOT YET RESEARCHED — no class-level substitution,,"Extract indications, adverse reactions, boxed warnings/warnings, contraindications; confirm formulation/route and current label."
43,Ceforanide,Second Generation Cephalosporins,,https://dailymed.nlm.nih.gov/dailymed/search.cfm?query=Ceforanide,https://api.fda.gov/drug/label.json?search=openfda.generic_name%3A%22Ceforanide%22&limit=10,Indications/usage; common adverse reactions with frequencies; serious warnings/boxed warning; contraindications; interactions; formulation/route; human vs veterinary; effective date; source label ID/URL.,NOT YET RESEARCHED — no class-level substitution,,"Extract indications, adverse reactions, boxed warnings/warnings, contraindications; confirm formulation/route and current label."
44,Cefotetan,Second Generation Cephalosporins,,https://dailymed.nlm.nih.gov/dailymed/search.cfm?query=Cefotetan,https://api.fda.gov/drug/label.json?search=openfda.generic_name%3A%22Cefotetan%22&limit=10,Indications/usage; common adverse reactions with frequencies; serious warnings/boxed warning; contraindications; interactions; formulation/route; human vs veterinary; effective date; source label ID/URL.,NOT YET RESEARCHED — no class-level substitution,,"Extract indications, adverse reactions, boxed warnings/warnings, contraindications; confirm formulation/route and current label."
45,Cefonicid,Second Generation Cephalosporins,,https://dailymed.nlm.nih.gov/dailymed/search.cfm?query=Cefonicid,https://api.fda.gov/drug/label.json?search=openfda.generic_name%3A%22Cefonicid%22&limit=10,Indications/usage; common adverse reactions with frequencies; serious warnings/boxed warning; contraindications; interactions; formulation/route; human vs veterinary; effective date; source label ID/URL.,NOT YET RESEARCHED — no class-level substitution,,"Extract indications, adverse reactions, boxed warnings/warnings, contraindications; confirm formulation/route and current label."
46,Cefmetazole,Second Generation Cephalosporins,,https://dailymed.nlm.nih.gov/dailymed/search.cfm?query=Cefmetazole,https://api.fda.gov/drug/label.json?search=openfda.generic_name%3A%22Cefmetazole%22&limit=10,Indications/usage; common adverse reactions with frequencies; serious warnings/boxed warning; contraindications; interactions; formulation/route; human vs veterinary; effective date; source label ID/URL.,NOT YET RESEARCHED — no class-level substitution,,"Extract indications, adverse reactions, boxed warnings/warnings, contraindications; confirm formulation/route and current label."
47,Cefbuperazone,Second Generation Cephalosporins,Regional availability; verify current approved product label.,https://dailymed.nlm.nih.gov/dailymed/search.cfm?query=Cefbuperazone,https://api.fda.gov/drug/label.json?search=openfda.generic_name%3A%22Cefbuperazone%22&limit=10,Indications/usage; common adverse reactions with frequencies; serious warnings/boxed warning; contraindications; interactions; formulation/route; human vs veterinary; effective date; source label ID/URL.,NOT YET RESEARCHED — no class-level substitution,,"Extract indications, adverse reactions, boxed warnings/warnings, contraindications; confirm formulation/route and current label."
48,Cefcapene,Third Generation Cephalosporins,Regional availability; verify current approved product label.,https://dailymed.nlm.nih.gov/dailymed/search.cfm?query=Cefcapene,https://api.fda.gov/drug/label.json?search=openfda.generic_name%3A%22Cefcapene%22&limit=10,Indications/usage; common adverse reactions with frequencies; serious warnings/boxed warning; contraindications; interactions; formulation/route; human vs veterinary; effective date; source label ID/URL.,NOT YET RESEARCHED — no class-level substitution,,"Extract indications, adverse reactions, boxed warnings/warnings, contraindications; confirm formulation/route and current label."
49,Cefdaloxime,Third Generation Cephalosporins,Identity/nomenclature uncertain; do not publish as a verified ingredient until confirmed.; verify spelling/identity before label matching,https://dailymed.nlm.nih.gov/dailymed/search.cfm?query=Cefdaloxime,https://api.fda.gov/drug/label.json?search=openfda.generic_name%3A%22Cefdaloxime%22&limit=10,Indications/usage; common adverse reactions with frequencies; serious warnings/boxed warning; contraindications; interactions; formulation/route; human vs veterinary; effective date; source label ID/URL.,NOT YET RESEARCHED — no class-level substitution,,"Extract indications, adverse reactions, boxed warnings/warnings, contraindications; confirm formulation/route and current label."
50,Cefdinir,Third Generation Cephalosporins,,https://dailymed.nlm.nih.gov/dailymed/search.cfm?query=Cefdinir,https://api.fda.gov/drug/label.json?search=openfda.generic_name%3A%22Cefdinir%22&limit=10,Indications/usage; common adverse reactions with frequencies; serious warnings/boxed warning; contraindications; interactions; formulation/route; human vs veterinary; effective date; source label ID/URL.,NOT YET RESEARCHED — no class-level substitution,,"Extract indications, adverse reactions, boxed warnings/warnings, contraindications; confirm formulation/route and current label."
51,Cefditoren,Third Generation Cephalosporins,,https://dailymed.nlm.nih.gov/dailymed/search.cfm?query=Cefditoren,https://api.fda.gov/drug/label.json?search=openfda.generic_name%3A%22Cefditoren%22&limit=10,Indications/usage; common adverse reactions with frequencies; serious warnings/boxed warning; contraindications; interactions; formulation/route; human vs veterinary; effective date; source label ID/URL.,NOT YET RESEARCHED — no class-level substitution,,"Extract indications, adverse reactions, boxed warnings/warnings, contraindications; confirm formulation/route and current label."
52,Cefetamet,Third Generation Cephalosporins,,https://dailymed.nlm.nih.gov/dailymed/search.cfm?query=Cefetamet,https://api.fda.gov/drug/label.json?search=openfda.generic_name%3A%22Cefetamet%22&limit=10,Indications/usage; common adverse reactions with frequencies; serious warnings/boxed warning; contraindications; interactions; formulation/route; human vs veterinary; effective date; source label ID/URL.,NOT YET RESEARCHED — no class-level substitution,,"Extract indications, adverse reactions, boxed warnings/warnings, contraindications; confirm formulation/route and current label."
53,Cefixime,Third Generation Cephalosporins,,https://dailymed.nlm.nih.gov/dailymed/search.cfm?query=Cefixime,https://api.fda.gov/drug/label.json?search=openfda.generic_name%3A%22Cefixime%22&limit=10,Indications/usage; common adverse reactions with frequencies; serious warnings/boxed warning; contraindications; interactions; formulation/route; human vs veterinary; effective date; source label ID/URL.,NOT YET RESEARCHED — no class-level substitution,,"Extract indications, adverse reactions, boxed warnings/warnings, contraindications; confirm formulation/route and current label."
54,Cefmenoxime,Third Generation Cephalosporins,Regional availability; verify current approved product label.,https://dailymed.nlm.nih.gov/dailymed/search.cfm?query=Cefmenoxime,https://api.fda.gov/drug/label.json?search=openfda.generic_name%3A%22Cefmenoxime%22&limit=10,Indications/usage; common adverse reactions with frequencies; serious warnings/boxed warning; contraindications; interactions; formulation/route; human vs veterinary; effective date; source label ID/URL.,NOT YET RESEARCHED — no class-level substitution,,"Extract indications, adverse reactions, boxed warnings/warnings, contraindications; confirm formulation/route and current label."
55,Cefodizime,Third Generation Cephalosporins,Regional availability; verify current approved product label.,https://dailymed.nlm.nih.gov/dailymed/search.cfm?query=Cefodizime,https://api.fda.gov/drug/label.json?search=openfda.generic_name%3A%22Cefodizime%22&limit=10,Indications/usage; common adverse reactions with frequencies; serious warnings/boxed warning; contraindications; interactions; formulation/route; human vs veterinary; effective date; source label ID/URL.,NOT YET RESEARCHED — no class-level substitution,,"Extract indications, adverse reactions, boxed warnings/warnings, contraindications; confirm formulation/route and current label."
56,Cefoperazone,Third Generation Cephalosporins,,https://dailymed.nlm.nih.gov/dailymed/search.cfm?query=Cefoperazone,https://api.fda.gov/drug/label.json?search=openfda.generic_name%3A%22Cefoperazone%22&limit=10,Indications/usage; common adverse reactions with frequencies; serious warnings/boxed warning; contraindications; interactions; formulation/route; human vs veterinary; effective date; source label ID/URL.,NOT YET RESEARCHED — no class-level substitution,,"Extract indications, adverse reactions, boxed warnings/warnings, contraindications; confirm formulation/route and current label."
57,Cefotaxime,Third Generation Cephalosporins,,https://dailymed.nlm.nih.gov/dailymed/search.cfm?query=Cefotaxime,https://api.fda.gov/drug/label.json?search=openfda.generic_name%3A%22Cefotaxime%22&limit=10,Indications/usage; common adverse reactions with frequencies; serious warnings/boxed warning; contraindications; interactions; formulation/route; human vs veterinary; effective date; source label ID/URL.,NOT YET RESEARCHED — no class-level substitution,,"Extract indications, adverse reactions, boxed warnings/warnings, contraindications; confirm formulation/route and current label."
58,Cefpimizole,Third Generation Cephalosporins,Regional/limited availability; verify current approved product label.,https://dailymed.nlm.nih.gov/dailymed/search.cfm?query=Cefpimizole,https://api.fda.gov/drug/label.json?search=openfda.generic_name%3A%22Cefpimizole%22&limit=10,Indications/usage; common adverse reactions with frequencies; serious warnings/boxed warning; contraindications; interactions; formulation/route; human vs veterinary; effective date; source label ID/URL.,NOT YET RESEARCHED — no class-level substitution,,"Extract indications, adverse reactions, boxed warnings/warnings, contraindications; confirm formulation/route and current label."
59,Cefpodoxime,Third Generation Cephalosporins,,https://dailymed.nlm.nih.gov/dailymed/search.cfm?query=Cefpodoxime,https://api.fda.gov/drug/label.json?search=openfda.generic_name%3A%22Cefpodoxime%22&limit=10,Indications/usage; common adverse reactions with frequencies; serious warnings/boxed warning; contraindications; interactions; formulation/route; human vs veterinary; effective date; source label ID/URL.,NOT YET RESEARCHED — no class-level substitution,,"Extract indications, adverse reactions, boxed warnings/warnings, contraindications; confirm formulation/route and current label."
60,Cefteram,Third Generation Cephalosporins,Regional availability; verify current approved product label.,https://dailymed.nlm.nih.gov/dailymed/search.cfm?query=Cefteram,https://api.fda.gov/drug/label.json?search=openfda.generic_name%3A%22Cefteram%22&limit=10,Indications/usage; common adverse reactions with frequencies; serious warnings/boxed warning; contraindications; interactions; formulation/route; human vs veterinary; effective date; source label ID/URL.,NOT YET RESEARCHED — no class-level substitution,,"Extract indications, adverse reactions, boxed warnings/warnings, contraindications; confirm formulation/route and current label."
61,Ceftibuten,Third Generation Cephalosporins,,https://dailymed.nlm.nih.gov/dailymed/search.cfm?query=Ceftibuten,https://api.fda.gov/drug/label.json?search=openfda.generic_name%3A%22Ceftibuten%22&limit=10,Indications/usage; common adverse reactions with frequencies; serious warnings/boxed warning; contraindications; interactions; formulation/route; human vs veterinary; effective date; source label ID/URL.,NOT YET RESEARCHED — no class-level substitution,,"Extract indications, adverse reactions, boxed warnings/warnings, contraindications; confirm formulation/route and current label."
62,Ceftiofur,Third Generation Cephalosporins,Veterinary antimicrobial; exclude from human-patient recommendations.; likely veterinary-use review required; do not substitute human label,https://dailymed.nlm.nih.gov/dailymed/search.cfm?query=Ceftiofur,https://api.fda.gov/drug/label.json?search=openfda.generic_name%3A%22Ceftiofur%22&limit=10,Indications/usage; common adverse reactions with frequencies; serious warnings/boxed warning; contraindications; interactions; formulation/route; human vs veterinary; effective date; source label ID/URL.,NOT YET RESEARCHED — no class-level substitution,,"Extract indications, adverse reactions, boxed warnings/warnings, contraindications; confirm formulation/route and current label."
63,Ceftizoxime,Third Generation Cephalosporins,,https://dailymed.nlm.nih.gov/dailymed/search.cfm?query=Ceftizoxime,https://api.fda.gov/drug/label.json?search=openfda.generic_name%3A%22Ceftizoxime%22&limit=10,Indications/usage; common adverse reactions with frequencies; serious warnings/boxed warning; contraindications; interactions; formulation/route; human vs veterinary; effective date; source label ID/URL.,NOT YET RESEARCHED — no class-level substitution,,"Extract indications, adverse reactions, boxed warnings/warnings, contraindications; confirm formulation/route and current label."
64,Ceftriaxone,Third Generation Cephalosporins,,https://dailymed.nlm.nih.gov/dailymed/search.cfm?query=Ceftriaxone,https://api.fda.gov/drug/label.json?search=openfda.generic_name%3A%22Ceftriaxone%22&limit=10,Indications/usage; common adverse reactions with frequencies; serious warnings/boxed warning; contraindications; interactions; formulation/route; human vs veterinary; effective date; source label ID/URL.,NOT YET RESEARCHED — no class-level substitution,,"Extract indications, adverse reactions, boxed warnings/warnings, contraindications; confirm formulation/route and current label."
65,Ceftazidime,Third Generation Cephalosporins,,https://dailymed.nlm.nih.gov/dailymed/search.cfm?query=Ceftazidime,https://api.fda.gov/drug/label.json?search=openfda.generic_name%3A%22Ceftazidime%22&limit=10,Indications/usage; common adverse reactions with frequencies; serious warnings/boxed warning; contraindications; interactions; formulation/route; human vs veterinary; effective date; source label ID/URL.,NOT YET RESEARCHED — no class-level substitution,,"Extract indications, adverse reactions, boxed warnings/warnings, contraindications; confirm formulation/route and current label."
66,Latamoxef (moxalactam),Third Generation Cephalosporins,,https://dailymed.nlm.nih.gov/dailymed/search.cfm?query=Latamoxef%20%28moxalactam%29,https://api.fda.gov/drug/label.json?search=openfda.generic_name%3A%22Latamoxef%20%28moxalactam%29%22&limit=10,Indications/usage; common adverse reactions with frequencies; serious warnings/boxed warning; contraindications; interactions; formulation/route; human vs veterinary; effective date; source label ID/URL.,NOT YET RESEARCHED — no class-level substitution,,"Extract indications, adverse reactions, boxed warnings/warnings, contraindications; confirm formulation/route and current label."
67,Cefepime,Fourth Generation Cephalosporins,,https://dailymed.nlm.nih.gov/dailymed/search.cfm?query=Cefepime,https://api.fda.gov/drug/label.json?search=openfda.generic_name%3A%22Cefepime%22&limit=10,Indications/usage; common adverse reactions with frequencies; serious warnings/boxed warning; contraindications; interactions; formulation/route; human vs veterinary; effective date; source label ID/URL.,NOT YET RESEARCHED — no class-level substitution,,"Extract indications, adverse reactions, boxed warnings/warnings, contraindications; confirm formulation/route and current label."
68,Cefozopran,Fourth Generation Cephalosporins,Regional availability; verify current approved product label.,https://dailymed.nlm.nih.gov/dailymed/search.cfm?query=Cefozopran,https://api.fda.gov/drug/label.json?search=openfda.generic_name%3A%22Cefozopran%22&limit=10,Indications/usage; common adverse reactions with frequencies; serious warnings/boxed warning; contraindications; interactions; formulation/route; human vs veterinary; effective date; source label ID/URL.,NOT YET RESEARCHED — no class-level substitution,,"Extract indications, adverse reactions, boxed warnings/warnings, contraindications; confirm formulation/route and current label."
69,Cefpirome,Fourth Generation Cephalosporins,,https://dailymed.nlm.nih.gov/dailymed/search.cfm?query=Cefpirome,https://api.fda.gov/drug/label.json?search=openfda.generic_name%3A%22Cefpirome%22&limit=10,Indications/usage; common adverse reactions with frequencies; serious warnings/boxed warning; contraindications; interactions; formulation/route; human vs veterinary; effective date; source label ID/URL.,NOT YET RESEARCHED — no class-level substitution,,"Extract indications, adverse reactions, boxed warnings/warnings, contraindications; confirm formulation/route and current label."
70,Cefquinome,Fourth Generation Cephalosporins,Veterinary antimicrobial; exclude from human-patient recommendations.; likely veterinary-use review required; do not substitute human label,https://dailymed.nlm.nih.gov/dailymed/search.cfm?query=Cefquinome,https://api.fda.gov/drug/label.json?search=openfda.generic_name%3A%22Cefquinome%22&limit=10,Indications/usage; common adverse reactions with frequencies; serious warnings/boxed warning; contraindications; interactions; formulation/route; human vs veterinary; effective date; source label ID/URL.,NOT YET RESEARCHED — no class-level substitution,,"Extract indications, adverse reactions, boxed warnings/warnings, contraindications; confirm formulation/route and current label."
71,Ceftobiprole,Fifth Generation & Advanced Cephalosporins,,https://dailymed.nlm.nih.gov/dailymed/search.cfm?query=Ceftobiprole,https://api.fda.gov/drug/label.json?search=openfda.generic_name%3A%22Ceftobiprole%22&limit=10,Indications/usage; common adverse reactions with frequencies; serious warnings/boxed warning; contraindications; interactions; formulation/route; human vs veterinary; effective date; source label ID/URL.,NOT YET RESEARCHED — no class-level substitution,,"Extract indications, adverse reactions, boxed warnings/warnings, contraindications; confirm formulation/route and current label."
72,Ceftaroline,Fifth Generation & Advanced Cephalosporins,Likely spelling correction to ceftaroline; verify exact ingredient and current label.,https://dailymed.nlm.nih.gov/dailymed/search.cfm?query=Ceftaroline,https://api.fda.gov/drug/label.json?search=openfda.generic_name%3A%22Ceftaroline%22&limit=10,Indications/usage; common adverse reactions with frequencies; serious warnings/boxed warning; contraindications; interactions; formulation/route; human vs veterinary; effective date; source label ID/URL.,NOT YET RESEARCHED — no class-level substitution,,"Extract indications, adverse reactions, boxed warnings/warnings, contraindications; confirm formulation/route and current label."
73,Ceftolozane-tazobactam,Fifth Generation & Advanced Cephalosporins,,https://dailymed.nlm.nih.gov/dailymed/search.cfm?query=Ceftolozane-tazobactam,https://api.fda.gov/drug/label.json?search=openfda.generic_name%3A%22Ceftolozane-tazobactam%22&limit=10,Indications/usage; common adverse reactions with frequencies; serious warnings/boxed warning; contraindications; interactions; formulation/route; human vs veterinary; effective date; source label ID/URL.,NOT YET RESEARCHED — no class-level substitution,,"Extract indications, adverse reactions, boxed warnings/warnings, contraindications; confirm formulation/route and current label."
74,Cefiderocol,Fifth Generation & Advanced Cephalosporins,,https://dailymed.nlm.nih.gov/dailymed/search.cfm?query=Cefiderocol,https://api.fda.gov/drug/label.json?search=openfda.generic_name%3A%22Cefiderocol%22&limit=10,Indications/usage; common adverse reactions with frequencies; serious warnings/boxed warning; contraindications; interactions; formulation/route; human vs veterinary; effective date; source label ID/URL.,NOT YET RESEARCHED — no class-level substitution,,"Extract indications, adverse reactions, boxed warnings/warnings, contraindications; confirm formulation/route and current label."
75,Ceftazidime-avibactam,Fifth Generation & Advanced Cephalosporins,,https://dailymed.nlm.nih.gov/dailymed/search.cfm?query=Ceftazidime-avibactam,https://api.fda.gov/drug/label.json?search=openfda.generic_name%3A%22Ceftazidime-avibactam%22&limit=10,Indications/usage; common adverse reactions with frequencies; serious warnings/boxed warning; contraindications; interactions; formulation/route; human vs veterinary; effective date; source label ID/URL.,NOT YET RESEARCHED — no class-level substitution,,"Extract indications, adverse reactions, boxed warnings/warnings, contraindications; confirm formulation/route and current label."
76,Imipenem,Carbapenems & Monobactams,,https://dailymed.nlm.nih.gov/dailymed/search.cfm?query=Imipenem,https://api.fda.gov/drug/label.json?search=openfda.generic_name%3A%22Imipenem%22&limit=10,Indications/usage; common adverse reactions with frequencies; serious warnings/boxed warning; contraindications; interactions; formulation/route; human vs veterinary; effective date; source label ID/URL.,NOT YET RESEARCHED — no class-level substitution,,"Extract indications, adverse reactions, boxed warnings/warnings, contraindications; confirm formulation/route and current label."
77,Meropenem,Carbapenems & Monobactams,,https://dailymed.nlm.nih.gov/dailymed/search.cfm?query=Meropenem,https://api.fda.gov/drug/label.json?search=openfda.generic_name%3A%22Meropenem%22&limit=10,Indications/usage; common adverse reactions with frequencies; serious warnings/boxed warning; contraindications; interactions; formulation/route; human vs veterinary; effective date; source label ID/URL.,NOT YET RESEARCHED — no class-level substitution,,"Extract indications, adverse reactions, boxed warnings/warnings, contraindications; confirm formulation/route and current label."
78,Ertapenem,Carbapenems & Monobactams,,https://dailymed.nlm.nih.gov/dailymed/search.cfm?query=Ertapenem,https://api.fda.gov/drug/label.json?search=openfda.generic_name%3A%22Ertapenem%22&limit=10,Indications/usage; common adverse reactions with frequencies; serious warnings/boxed warning; contraindications; interactions; formulation/route; human vs veterinary; effective date; source label ID/URL.,NOT YET RESEARCHED — no class-level substitution,,"Extract indications, adverse reactions, boxed warnings/warnings, contraindications; confirm formulation/route and current label."
79,Doripenem,Carbapenems & Monobactams,,https://dailymed.nlm.nih.gov/dailymed/search.cfm?query=Doripenem,https://api.fda.gov/drug/label.json?search=openfda.generic_name%3A%22Doripenem%22&limit=10,Indications/usage; common adverse reactions with frequencies; serious warnings/boxed warning; contraindications; interactions; formulation/route; human vs veterinary; effective date; source label ID/URL.,NOT YET RESEARCHED — no class-level substitution,,"Extract indications, adverse reactions, boxed warnings/warnings, contraindications; confirm formulation/route and current label."
80,Panipenem,Carbapenems & Monobactams,Regional availability; verify current approved product label.,https://dailymed.nlm.nih.gov/dailymed/search.cfm?query=Panipenem,https://api.fda.gov/drug/label.json?search=openfda.generic_name%3A%22Panipenem%22&limit=10,Indications/usage; common adverse reactions with frequencies; serious warnings/boxed warning; contraindications; interactions; formulation/route; human vs veterinary; effective date; source label ID/URL.,NOT YET RESEARCHED — no class-level substitution,,"Extract indications, adverse reactions, boxed warnings/warnings, contraindications; confirm formulation/route and current label."
81,Biapenem,Carbapenems & Monobactams,Regional availability; verify current approved product label.,https://dailymed.nlm.nih.gov/dailymed/search.cfm?query=Biapenem,https://api.fda.gov/drug/label.json?search=openfda.generic_name%3A%22Biapenem%22&limit=10,Indications/usage; common adverse reactions with frequencies; serious warnings/boxed warning; contraindications; interactions; formulation/route; human vs veterinary; effective date; source label ID/URL.,NOT YET RESEARCHED — no class-level substitution,,"Extract indications, adverse reactions, boxed warnings/warnings, contraindications; confirm formulation/route and current label."
82,Tebipenem,Carbapenems & Monobactams,Formulation and regulatory status vary by jurisdiction; verify exact product and indication.,https://dailymed.nlm.nih.gov/dailymed/search.cfm?query=Tebipenem,https://api.fda.gov/drug/label.json?search=openfda.generic_name%3A%22Tebipenem%22&limit=10,Indications/usage; common adverse reactions with frequencies; serious warnings/boxed warning; contraindications; interactions; formulation/route; human vs veterinary; effective date; source label ID/URL.,NOT YET RESEARCHED — no class-level substitution,,"Extract indications, adverse reactions, boxed warnings/warnings, contraindications; confirm formulation/route and current label."
83,Tomopenem,Carbapenems & Monobactams,Investigational/developmental agent; do not treat as a routine marketed antibiotic.,https://dailymed.nlm.nih.gov/dailymed/search.cfm?query=Tomopenem,https://api.fda.gov/drug/label.json?search=openfda.generic_name%3A%22Tomopenem%22&limit=10,Indications/usage; common adverse reactions with frequencies; serious warnings/boxed warning; contraindications; interactions; formulation/route; human vs veterinary; effective date; source label ID/URL.,NOT YET RESEARCHED — no class-level substitution,,"Extract indications, adverse reactions, boxed warnings/warnings, contraindications; confirm formulation/route and current label."
84,Aztreonam,Carbapenems & Monobactams,,https://dailymed.nlm.nih.gov/dailymed/search.cfm?query=Aztreonam,https://api.fda.gov/drug/label.json?search=openfda.generic_name%3A%22Aztreonam%22&limit=10,Indications/usage; common adverse reactions with frequencies; serious warnings/boxed warning; contraindications; interactions; formulation/route; human vs veterinary; effective date; source label ID/URL.,NOT YET RESEARCHED — no class-level substitution,,"Extract indications, adverse reactions, boxed warnings/warnings, contraindications; confirm formulation/route and current label."
85,Tigemonam,Carbapenems & Monobactams,Investigational/limited development status; verify before including as marketed therapy.,https://dailymed.nlm.nih.gov/dailymed/search.cfm?query=Tigemonam,https://api.fda.gov/drug/label.json?search=openfda.generic_name%3A%22Tigemonam%22&limit=10,Indications/usage; common adverse reactions with frequencies; serious warnings/boxed warning; contraindications; interactions; formulation/route; human vs veterinary; effective date; source label ID/URL.,NOT YET RESEARCHED — no class-level substitution,,"Extract indications, adverse reactions, boxed warnings/warnings, contraindications; confirm formulation/route and current label."
86,Carumonam,Carbapenems & Monobactams,Older/regional agent; current marketed status requires verification.,https://dailymed.nlm.nih.gov/dailymed/search.cfm?query=Carumonam,https://api.fda.gov/drug/label.json?search=openfda.generic_name%3A%22Carumonam%22&limit=10,Indications/usage; common adverse reactions with frequencies; serious warnings/boxed warning; contraindications; interactions; formulation/route; human vs veterinary; effective date; source label ID/URL.,NOT YET RESEARCHED — no class-level substitution,,"Extract indications, adverse reactions, boxed warnings/warnings, contraindications; confirm formulation/route and current label."
87,Azithromycin,Macrolides & Ketolides,,https://dailymed.nlm.nih.gov/dailymed/search.cfm?query=Azithromycin,https://api.fda.gov/drug/label.json?search=openfda.generic_name%3A%22Azithromycin%22&limit=10,Indications/usage; common adverse reactions with frequencies; serious warnings/boxed warning; contraindications; interactions; formulation/route; human vs veterinary; effective date; source label ID/URL.,SOURCE-VERIFIED LABEL SUMMARY,https://dailymed.nlm.nih.gov/dailymed/drugInfo.cfm?setid=ac549022-4d7f-4c9f-9244-1a2df9a27276,"Extract indications, adverse reactions, boxed warnings/warnings, contraindications; confirm formulation/route and current label."
88,Clarithromycin,Macrolides & Ketolides,,https://dailymed.nlm.nih.gov/dailymed/search.cfm?query=Clarithromycin,https://api.fda.gov/drug/label.json?search=openfda.generic_name%3A%22Clarithromycin%22&limit=10,Indications/usage; common adverse reactions with frequencies; serious warnings/boxed warning; contraindications; interactions; formulation/route; human vs veterinary; effective date; source label ID/URL.,NOT YET RESEARCHED — no class-level substitution,,"Extract indications, adverse reactions, boxed warnings/warnings, contraindications; confirm formulation/route and current label."
89,Erythromycin,Macrolides & Ketolides,,https://dailymed.nlm.nih.gov/dailymed/search.cfm?query=Erythromycin,https://api.fda.gov/drug/label.json?search=openfda.generic_name%3A%22Erythromycin%22&limit=10,Indications/usage; common adverse reactions with frequencies; serious warnings/boxed warning; contraindications; interactions; formulation/route; human vs veterinary; effective date; source label ID/URL.,NOT YET RESEARCHED — no class-level substitution,,"Extract indications, adverse reactions, boxed warnings/warnings, contraindications; confirm formulation/route and current label."
90,Roxithromycin,Macrolides & Ketolides,Not FDA-approved for routine US use; may be marketed in other jurisdictions.,https://dailymed.nlm.nih.gov/dailymed/search.cfm?query=Roxithromycin,https://api.fda.gov/drug/label.json?search=openfda.generic_name%3A%22Roxithromycin%22&limit=10,Indications/usage; common adverse reactions with frequencies; serious warnings/boxed warning; contraindications; interactions; formulation/route; human vs veterinary; effective date; source label ID/URL.,NOT YET RESEARCHED — no class-level substitution,,"Extract indications, adverse reactions, boxed warnings/warnings, contraindications; confirm formulation/route and current label."
91,Telithromycin,Macrolides & Ketolides,,https://dailymed.nlm.nih.gov/dailymed/search.cfm?query=Telithromycin,https://api.fda.gov/drug/label.json?search=openfda.generic_name%3A%22Telithromycin%22&limit=10,Indications/usage; common adverse reactions with frequencies; serious warnings/boxed warning; contraindications; interactions; formulation/route; human vs veterinary; effective date; source label ID/URL.,NOT YET RESEARCHED — no class-level substitution,,"Extract indications, adverse reactions, boxed warnings/warnings, contraindications; confirm formulation/route and current label."
92,Dirithromycin,Macrolides & Ketolides,,https://dailymed.nlm.nih.gov/dailymed/search.cfm?query=Dirithromycin,https://api.fda.gov/drug/label.json?search=openfda.generic_name%3A%22Dirithromycin%22&limit=10,Indications/usage; common adverse reactions with frequencies; serious warnings/boxed warning; contraindications; interactions; formulation/route; human vs veterinary; effective date; source label ID/URL.,NOT YET RESEARCHED — no class-level substitution,,"Extract indications, adverse reactions, boxed warnings/warnings, contraindications; confirm formulation/route and current label."
93,Josamycin,Macrolides & Ketolides,Not FDA-approved for routine US use; availability varies by country.,https://dailymed.nlm.nih.gov/dailymed/search.cfm?query=Josamycin,https://api.fda.gov/drug/label.json?search=openfda.generic_name%3A%22Josamycin%22&limit=10,Indications/usage; common adverse reactions with frequencies; serious warnings/boxed warning; contraindications; interactions; formulation/route; human vs veterinary; effective date; source label ID/URL.,NOT YET RESEARCHED — no class-level substitution,,"Extract indications, adverse reactions, boxed warnings/warnings, contraindications; confirm formulation/route and current label."
94,Kitasamycin,Macrolides & Ketolides,Primarily veterinary/region-specific use; verify human indication before inclusion.,https://dailymed.nlm.nih.gov/dailymed/search.cfm?query=Kitasamycin,https://api.fda.gov/drug/label.json?search=openfda.generic_name%3A%22Kitasamycin%22&limit=10,Indications/usage; common adverse reactions with frequencies; serious warnings/boxed warning; contraindications; interactions; formulation/route; human vs veterinary; effective date; source label ID/URL.,NOT YET RESEARCHED — no class-level substitution,,"Extract indications, adverse reactions, boxed warnings/warnings, contraindications; confirm formulation/route and current label."
95,Midecamycin,Macrolides & Ketolides,Regional availability; verify current approved product label.,https://dailymed.nlm.nih.gov/dailymed/search.cfm?query=Midecamycin,https://api.fda.gov/drug/label.json?search=openfda.generic_name%3A%22Midecamycin%22&limit=10,Indications/usage; common adverse reactions with frequencies; serious warnings/boxed warning; contraindications; interactions; formulation/route; human vs veterinary; effective date; source label ID/URL.,NOT YET RESEARCHED — no class-level substitution,,"Extract indications, adverse reactions, boxed warnings/warnings, contraindications; confirm formulation/route and current label."
96,Oleandomycin,Macrolides & Ketolides,Historical/limited availability; verify current marketed status.,https://dailymed.nlm.nih.gov/dailymed/search.cfm?query=Oleandomycin,https://api.fda.gov/drug/label.json?search=openfda.generic_name%3A%22Oleandomycin%22&limit=10,Indications/usage; common adverse reactions with frequencies; serious warnings/boxed warning; contraindications; interactions; formulation/route; human vs veterinary; effective date; source label ID/URL.,NOT YET RESEARCHED — no class-level substitution,,"Extract indications, adverse reactions, boxed warnings/warnings, contraindications; confirm formulation/route and current label."
97,Spiramycin,Macrolides & Ketolides,,https://dailymed.nlm.nih.gov/dailymed/search.cfm?query=Spiramycin,https://api.fda.gov/drug/label.json?search=openfda.generic_name%3A%22Spiramycin%22&limit=10,Indications/usage; common adverse reactions with frequencies; serious warnings/boxed warning; contraindications; interactions; formulation/route; human vs veterinary; effective date; source label ID/URL.,NOT YET RESEARCHED — no class-level substitution,,"Extract indications, adverse reactions, boxed warnings/warnings, contraindications; confirm formulation/route and current label."
98,Troleandomycin,Macrolides & Ketolides,Historical/limited availability; notable interactions; verify current marketed status.,https://dailymed.nlm.nih.gov/dailymed/search.cfm?query=Troleandomycin,https://api.fda.gov/drug/label.json?search=openfda.generic_name%3A%22Troleandomycin%22&limit=10,Indications/usage; common adverse reactions with frequencies; serious warnings/boxed warning; contraindications; interactions; formulation/route; human vs veterinary; effective date; source label ID/URL.,NOT YET RESEARCHED — no class-level substitution,,"Extract indications, adverse reactions, boxed warnings/warnings, contraindications; confirm formulation/route and current label."
99,Tylosin,Macrolides & Ketolides,Primarily veterinary antimicrobial; exclude from human-patient recommendations.; likely veterinary-use review required; do not substitute human label,https://dailymed.nlm.nih.gov/dailymed/search.cfm?query=Tylosin,https://api.fda.gov/drug/label.json?search=openfda.generic_name%3A%22Tylosin%22&limit=10,Indications/usage; common adverse reactions with frequencies; serious warnings/boxed warning; contraindications; interactions; formulation/route; human vs veterinary; effective date; source label ID/URL.,NOT YET RESEARCHED — no class-level substitution,,"Extract indications, adverse reactions, boxed warnings/warnings, contraindications; confirm formulation/route and current label."
100,Fidaxomicin,Macrolides & Ketolides,,https://dailymed.nlm.nih.gov/dailymed/search.cfm?query=Fidaxomicin,https://api.fda.gov/drug/label.json?search=openfda.generic_name%3A%22Fidaxomicin%22&limit=10,Indications/usage; common adverse reactions with frequencies; serious warnings/boxed warning; contraindications; interactions; formulation/route; human vs veterinary; effective date; source label ID/URL.,NOT YET RESEARCHED — no class-level substitution,,"Extract indications, adverse reactions, boxed warnings/warnings, contraindications; confirm formulation/route and current label."
101,Solithromycin,Macrolides & Ketolides,Investigational/developmental status; do not assume FDA approval.,https://dailymed.nlm.nih.gov/dailymed/search.cfm?query=Solithromycin,https://api.fda.gov/drug/label.json?search=openfda.generic_name%3A%22Solithromycin%22&limit=10,Indications/usage; common adverse reactions with frequencies; serious warnings/boxed warning; contraindications; interactions; formulation/route; human vs veterinary; effective date; source label ID/URL.,NOT YET RESEARCHED — no class-level substitution,,"Extract indications, adverse reactions, boxed warnings/warnings, contraindications; confirm formulation/route and current label."
102,Cethromycin,Macrolides & Ketolides,Investigational/developmental status; do not assume FDA approval.,https://dailymed.nlm.nih.gov/dailymed/search.cfm?query=Cethromycin,https://api.fda.gov/drug/label.json?search=openfda.generic_name%3A%22Cethromycin%22&limit=10,Indications/usage; common adverse reactions with frequencies; serious warnings/boxed warning; contraindications; interactions; formulation/route; human vs veterinary; effective date; source label ID/URL.,NOT YET RESEARCHED — no class-level substitution,,"Extract indications, adverse reactions, boxed warnings/warnings, contraindications; confirm formulation/route and current label."
103,Ciprofloxacin,Fluoroquinolones & Quinolones,,https://dailymed.nlm.nih.gov/dailymed/search.cfm?query=Ciprofloxacin,https://api.fda.gov/drug/label.json?search=openfda.generic_name%3A%22Ciprofloxacin%22&limit=10,Indications/usage; common adverse reactions with frequencies; serious warnings/boxed warning; contraindications; interactions; formulation/route; human vs veterinary; effective date; source label ID/URL.,SOURCE-VERIFIED LABEL SUMMARY,https://dailymed.nlm.nih.gov/dailymed/drugInfo.cfm?setid=888dc7f9-ad9c-4c00-8d50-8ddfd9bd27c0,"Extract indications, adverse reactions, boxed warnings/warnings, contraindications; confirm formulation/route and current label."
104,Levofloxacin,Fluoroquinolones & Quinolones,,https://dailymed.nlm.nih.gov/dailymed/search.cfm?query=Levofloxacin,https://api.fda.gov/drug/label.json?search=openfda.generic_name%3A%22Levofloxacin%22&limit=10,Indications/usage; common adverse reactions with frequencies; serious warnings/boxed warning; contraindications; interactions; formulation/route; human vs veterinary; effective date; source label ID/URL.,NOT YET RESEARCHED — no class-level substitution,,"Extract indications, adverse reactions, boxed warnings/warnings, contraindications; confirm formulation/route and current label."
105,Moxifloxacin,Fluoroquinolones & Quinolones,,https://dailymed.nlm.nih.gov/dailymed/search.cfm?query=Moxifloxacin,https://api.fda.gov/drug/label.json?search=openfda.generic_name%3A%22Moxifloxacin%22&limit=10,Indications/usage; common adverse reactions with frequencies; serious warnings/boxed warning; contraindications; interactions; formulation/route; human vs veterinary; effective date; source label ID/URL.,NOT YET RESEARCHED — no class-level substitution,,"Extract indications, adverse reactions, boxed warnings/warnings, contraindications; confirm formulation/route and current label."
106,Gemifloxacin,Fluoroquinolones & Quinolones,,https://dailymed.nlm.nih.gov/dailymed/search.cfm?query=Gemifloxacin,https://api.fda.gov/drug/label.json?search=openfda.generic_name%3A%22Gemifloxacin%22&limit=10,Indications/usage; common adverse reactions with frequencies; serious warnings/boxed warning; contraindications; interactions; formulation/route; human vs veterinary; effective date; source label ID/URL.,NOT YET RESEARCHED — no class-level substitution,,"Extract indications, adverse reactions, boxed warnings/warnings, contraindications; confirm formulation/route and current label."
107,Ofloxacin,Fluoroquinolones & Quinolones,,https://dailymed.nlm.nih.gov/dailymed/search.cfm?query=Ofloxacin,https://api.fda.gov/drug/label.json?search=openfda.generic_name%3A%22Ofloxacin%22&limit=10,Indications/usage; common adverse reactions with frequencies; serious warnings/boxed warning; contraindications; interactions; formulation/route; human vs veterinary; effective date; source label ID/URL.,NOT YET RESEARCHED — no class-level substitution,,"Extract indications, adverse reactions, boxed warnings/warnings, contraindications; confirm formulation/route and current label."
108,Norfloxacin,Fluoroquinolones & Quinolones,,https://dailymed.nlm.nih.gov/dailymed/search.cfm?query=Norfloxacin,https://api.fda.gov/drug/label.json?search=openfda.generic_name%3A%22Norfloxacin%22&limit=10,Indications/usage; common adverse reactions with frequencies; serious warnings/boxed warning; contraindications; interactions; formulation/route; human vs veterinary; effective date; source label ID/URL.,NOT YET RESEARCHED — no class-level substitution,,"Extract indications, adverse reactions, boxed warnings/warnings, contraindications; confirm formulation/route and current label."
109,Enoxacin,Fluoroquinolones & Quinolones,Not routinely marketed in many jurisdictions; verify current local status.,https://dailymed.nlm.nih.gov/dailymed/search.cfm?query=Enoxacin,https://api.fda.gov/drug/label.json?search=openfda.generic_name%3A%22Enoxacin%22&limit=10,Indications/usage; common adverse reactions with frequencies; serious warnings/boxed warning; contraindications; interactions; formulation/route; human vs veterinary; effective date; source label ID/URL.,NOT YET RESEARCHED — no class-level substitution,,"Extract indications, adverse reactions, boxed warnings/warnings, contraindications; confirm formulation/route and current label."
110,Gatifloxacin,Fluoroquinolones & Quinolones,Systemic use restricted/withdrawn in some jurisdictions; ophthalmic products may remain available.,https://dailymed.nlm.nih.gov/dailymed/search.cfm?query=Gatifloxacin,https://api.fda.gov/drug/label.json?search=openfda.generic_name%3A%22Gatifloxacin%22&limit=10,Indications/usage; common adverse reactions with frequencies; serious warnings/boxed warning; contraindications; interactions; formulation/route; human vs veterinary; effective date; source label ID/URL.,NOT YET RESEARCHED — no class-level substitution,,"Extract indications, adverse reactions, boxed warnings/warnings, contraindications; confirm formulation/route and current label."
111,Lomefloxacin,Fluoroquinolones & Quinolones,Not routinely marketed in many jurisdictions; verify current status.,https://dailymed.nlm.nih.gov/dailymed/search.cfm?query=Lomefloxacin,https://api.fda.gov/drug/label.json?search=openfda.generic_name%3A%22Lomefloxacin%22&limit=10,Indications/usage; common adverse reactions with frequencies; serious warnings/boxed warning; contraindications; interactions; formulation/route; human vs veterinary; effective date; source label ID/URL.,NOT YET RESEARCHED — no class-level substitution,,"Extract indications, adverse reactions, boxed warnings/warnings, contraindications; confirm formulation/route and current label."
112,Nalidixic acid,Fluoroquinolones & Quinolones,Older agent; availability and recommendations vary; verify current local status.,https://dailymed.nlm.nih.gov/dailymed/search.cfm?query=Nalidixic%20acid,https://api.fda.gov/drug/label.json?search=openfda.generic_name%3A%22Nalidixic%20acid%22&limit=10,Indications/usage; common adverse reactions with frequencies; serious warnings/boxed warning; contraindications; interactions; formulation/route; human vs veterinary; effective date; source label ID/URL.,NOT YET RESEARCHED — no class-level substitution,,"Extract indications, adverse reactions, boxed warnings/warnings, contraindications; confirm formulation/route and current label."
113,Cinoxacin,Fluoroquinolones & Quinolones,Historical/withdrawn or limited availability in many jurisdictions.,https://dailymed.nlm.nih.gov/dailymed/search.cfm?query=Cinoxacin,https://api.fda.gov/drug/label.json?search=openfda.generic_name%3A%22Cinoxacin%22&limit=10,Indications/usage; common adverse reactions with frequencies; serious warnings/boxed warning; contraindications; interactions; formulation/route; human vs veterinary; effective date; source label ID/URL.,NOT YET RESEARCHED — no class-level substitution,,"Extract indications, adverse reactions, boxed warnings/warnings, contraindications; confirm formulation/route and current label."
114,Pipemidic acid,Fluoroquinolones & Quinolones,Older agent; availability varies; verify current status.,https://dailymed.nlm.nih.gov/dailymed/search.cfm?query=Pipemidic%20acid,https://api.fda.gov/drug/label.json?search=openfda.generic_name%3A%22Pipemidic%20acid%22&limit=10,Indications/usage; common adverse reactions with frequencies; serious warnings/boxed warning; contraindications; interactions; formulation/route; human vs veterinary; effective date; source label ID/URL.,NOT YET RESEARCHED — no class-level substitution,,"Extract indications, adverse reactions, boxed warnings/warnings, contraindications; confirm formulation/route and current label."
115,Oxolinic acid,Fluoroquinolones & Quinolones,Primarily veterinary/older use in some regions; verify human status.,https://dailymed.nlm.nih.gov/dailymed/search.cfm?query=Oxolinic%20acid,https://api.fda.gov/drug/label.json?search=openfda.generic_name%3A%22Oxolinic%20acid%22&limit=10,Indications/usage; common adverse reactions with frequencies; serious warnings/boxed warning; contraindications; interactions; formulation/route; human vs veterinary; effective date; source label ID/URL.,NOT YET RESEARCHED — no class-level substitution,,"Extract indications, adverse reactions, boxed warnings/warnings, contraindications; confirm formulation/route and current label."
116,Flumequine,Fluoroquinolones & Quinolones,Primarily veterinary use in many jurisdictions; exclude from human recommendations unless human approval is confirmed.,https://dailymed.nlm.nih.gov/dailymed/search.cfm?query=Flumequine,https://api.fda.gov/drug/label.json?search=openfda.generic_name%3A%22Flumequine%22&limit=10,Indications/usage; common adverse reactions with frequencies; serious warnings/boxed warning; contraindications; interactions; formulation/route; human vs veterinary; effective date; source label ID/URL.,NOT YET RESEARCHED — no class-level substitution,,"Extract indications, adverse reactions, boxed warnings/warnings, contraindications; confirm formulation/route and current label."
117,Pefloxacin,Fluoroquinolones & Quinolones,Not FDA-approved for routine US use; availability varies by country.,https://dailymed.nlm.nih.gov/dailymed/search.cfm?query=Pefloxacin,https://api.fda.gov/drug/label.json?search=openfda.generic_name%3A%22Pefloxacin%22&limit=10,Indications/usage; common adverse reactions with frequencies; serious warnings/boxed warning; contraindications; interactions; formulation/route; human vs veterinary; effective date; source label ID/URL.,NOT YET RESEARCHED — no class-level substitution,,"Extract indications, adverse reactions, boxed warnings/warnings, contraindications; confirm formulation/route and current label."
118,Fleroxacin,Fluoroquinolones & Quinolones,Not routinely marketed in many jurisdictions; verify current status.,https://dailymed.nlm.nih.gov/dailymed/search.cfm?query=Fleroxacin,https://api.fda.gov/drug/label.json?search=openfda.generic_name%3A%22Fleroxacin%22&limit=10,Indications/usage; common adverse reactions with frequencies; serious warnings/boxed warning; contraindications; interactions; formulation/route; human vs veterinary; effective date; source label ID/URL.,NOT YET RESEARCHED — no class-level substitution,,"Extract indications, adverse reactions, boxed warnings/warnings, contraindications; confirm formulation/route and current label."
119,Sparfloxacin,Fluoroquinolones & Quinolones,Withdrawn/restricted in several jurisdictions due to safety concerns; verify current status.,https://dailymed.nlm.nih.gov/dailymed/search.cfm?query=Sparfloxacin,https://api.fda.gov/drug/label.json?search=openfda.generic_name%3A%22Sparfloxacin%22&limit=10,Indications/usage; common adverse reactions with frequencies; serious warnings/boxed warning; contraindications; interactions; formulation/route; human vs veterinary; effective date; source label ID/URL.,NOT YET RESEARCHED — no class-level substitution,,"Extract indications, adverse reactions, boxed warnings/warnings, contraindications; confirm formulation/route and current label."
120,Tosufloxacin,Fluoroquinolones & Quinolones,Regional availability; verify current approved product label.,https://dailymed.nlm.nih.gov/dailymed/search.cfm?query=Tosufloxacin,https://api.fda.gov/drug/label.json?search=openfda.generic_name%3A%22Tosufloxacin%22&limit=10,Indications/usage; common adverse reactions with frequencies; serious warnings/boxed warning; contraindications; interactions; formulation/route; human vs veterinary; effective date; source label ID/URL.,NOT YET RESEARCHED — no class-level substitution,,"Extract indications, adverse reactions, boxed warnings/warnings, contraindications; confirm formulation/route and current label."
121,Balofloxacin,Fluoroquinolones & Quinolones,Regional availability; verify current approved product label.,https://dailymed.nlm.nih.gov/dailymed/search.cfm?query=Balofloxacin,https://api.fda.gov/drug/label.json?search=openfda.generic_name%3A%22Balofloxacin%22&limit=10,Indications/usage; common adverse reactions with frequencies; serious warnings/boxed warning; contraindications; interactions; formulation/route; human vs veterinary; effective date; source label ID/URL.,NOT YET RESEARCHED — no class-level substitution,,"Extract indications, adverse reactions, boxed warnings/warnings, contraindications; confirm formulation/route and current label."
122,Delafloxacin,Fluoroquinolones & Quinolones,,https://dailymed.nlm.nih.gov/dailymed/search.cfm?query=Delafloxacin,https://api.fda.gov/drug/label.json?search=openfda.generic_name%3A%22Delafloxacin%22&limit=10,Indications/usage; common adverse reactions with frequencies; serious warnings/boxed warning; contraindications; interactions; formulation/route; human vs veterinary; effective date; source label ID/URL.,NOT YET RESEARCHED — no class-level substitution,,"Extract indications, adverse reactions, boxed warnings/warnings, contraindications; confirm formulation/route and current label."
123,Ozenoxacin,Fluoroquinolones & Quinolones,,https://dailymed.nlm.nih.gov/dailymed/search.cfm?query=Ozenoxacin,https://api.fda.gov/drug/label.json?search=openfda.generic_name%3A%22Ozenoxacin%22&limit=10,Indications/usage; common adverse reactions with frequencies; serious warnings/boxed warning; contraindications; interactions; formulation/route; human vs veterinary; effective date; source label ID/URL.,NOT YET RESEARCHED — no class-level substitution,,"Extract indications, adverse reactions, boxed warnings/warnings, contraindications; confirm formulation/route and current label."
124,Besifloxacin,Fluoroquinolones & Quinolones,,https://dailymed.nlm.nih.gov/dailymed/search.cfm?query=Besifloxacin,https://api.fda.gov/drug/label.json?search=openfda.generic_name%3A%22Besifloxacin%22&limit=10,Indications/usage; common adverse reactions with frequencies; serious warnings/boxed warning; contraindications; interactions; formulation/route; human vs veterinary; effective date; source label ID/URL.,NOT YET RESEARCHED — no class-level substitution,,"Extract indications, adverse reactions, boxed warnings/warnings, contraindications; confirm formulation/route and current label."
125,Prulifloxacin,Fluoroquinolones & Quinolones,Not FDA-approved for routine US use; availability varies by country.,https://dailymed.nlm.nih.gov/dailymed/search.cfm?query=Prulifloxacin,https://api.fda.gov/drug/label.json?search=openfda.generic_name%3A%22Prulifloxacin%22&limit=10,Indications/usage; common adverse reactions with frequencies; serious warnings/boxed warning; contraindications; interactions; formulation/route; human vs veterinary; effective date; source label ID/URL.,NOT YET RESEARCHED — no class-level substitution,,"Extract indications, adverse reactions, boxed warnings/warnings, contraindications; confirm formulation/route and current label."
126,Pazufloxacin,Fluoroquinolones & Quinolones,Regional availability; verify current approved product label.,https://dailymed.nlm.nih.gov/dailymed/search.cfm?query=Pazufloxacin,https://api.fda.gov/drug/label.json?search=openfda.generic_name%3A%22Pazufloxacin%22&limit=10,Indications/usage; common adverse reactions with frequencies; serious warnings/boxed warning; contraindications; interactions; formulation/route; human vs veterinary; effective date; source label ID/URL.,NOT YET RESEARCHED — no class-level substitution,,"Extract indications, adverse reactions, boxed warnings/warnings, contraindications; confirm formulation/route and current label."
127,Tetracycline,Tetracyclines & Glycylcyclines,,https://dailymed.nlm.nih.gov/dailymed/search.cfm?query=Tetracycline,https://api.fda.gov/drug/label.json?search=openfda.generic_name%3A%22Tetracycline%22&limit=10,Indications/usage; common adverse reactions with frequencies; serious warnings/boxed warning; contraindications; interactions; formulation/route; human vs veterinary; effective date; source label ID/URL.,NOT YET RESEARCHED — no class-level substitution,,"Extract indications, adverse reactions, boxed warnings/warnings, contraindications; confirm formulation/route and current label."
128,Doxycycline,Tetracyclines & Glycylcyclines,,https://dailymed.nlm.nih.gov/dailymed/search.cfm?query=Doxycycline,https://api.fda.gov/drug/label.json?search=openfda.generic_name%3A%22Doxycycline%22&limit=10,Indications/usage; common adverse reactions with frequencies; serious warnings/boxed warning; contraindications; interactions; formulation/route; human vs veterinary; effective date; source label ID/URL.,SOURCE-VERIFIED LABEL SUMMARY,https://dailymed.nlm.nih.gov/dailymed/drugInfo.cfm?setid=2c29f716-bdb0-437d-92a4-d856b87db976,"Extract indications, adverse reactions, boxed warnings/warnings, contraindications; confirm formulation/route and current label."
129,Minocycline,Tetracyclines & Glycylcyclines,,https://dailymed.nlm.nih.gov/dailymed/search.cfm?query=Minocycline,https://api.fda.gov/drug/label.json?search=openfda.generic_name%3A%22Minocycline%22&limit=10,Indications/usage; common adverse reactions with frequencies; serious warnings/boxed warning; contraindications; interactions; formulation/route; human vs veterinary; effective date; source label ID/URL.,NOT YET RESEARCHED — no class-level substitution,,"Extract indications, adverse reactions, boxed warnings/warnings, contraindications; confirm formulation/route and current label."
130,Demeclocycline,Tetracyclines & Glycylcyclines,,https://dailymed.nlm.nih.gov/dailymed/search.cfm?query=Demeclocycline,https://api.fda.gov/drug/label.json?search=openfda.generic_name%3A%22Demeclocycline%22&limit=10,Indications/usage; common adverse reactions with frequencies; serious warnings/boxed warning; contraindications; interactions; formulation/route; human vs veterinary; effective date; source label ID/URL.,NOT YET RESEARCHED — no class-level substitution,,"Extract indications, adverse reactions, boxed warnings/warnings, contraindications; confirm formulation/route and current label."
131,Oxytetracycline,Tetracyclines & Glycylcyclines,,https://dailymed.nlm.nih.gov/dailymed/search.cfm?query=Oxytetracycline,https://api.fda.gov/drug/label.json?search=openfda.generic_name%3A%22Oxytetracycline%22&limit=10,Indications/usage; common adverse reactions with frequencies; serious warnings/boxed warning; contraindications; interactions; formulation/route; human vs veterinary; effective date; source label ID/URL.,NOT YET RESEARCHED — no class-level substitution,,"Extract indications, adverse reactions, boxed warnings/warnings, contraindications; confirm formulation/route and current label."
132,Chlortetracycline,Tetracyclines & Glycylcyclines,Primarily veterinary or topical use depending on formulation; verify human use.,https://dailymed.nlm.nih.gov/dailymed/search.cfm?query=Chlortetracycline,https://api.fda.gov/drug/label.json?search=openfda.generic_name%3A%22Chlortetracycline%22&limit=10,Indications/usage; common adverse reactions with frequencies; serious warnings/boxed warning; contraindications; interactions; formulation/route; human vs veterinary; effective date; source label ID/URL.,NOT YET RESEARCHED — no class-level substitution,,"Extract indications, adverse reactions, boxed warnings/warnings, contraindications; confirm formulation/route and current label."
133,Methacycline,Tetracyclines & Glycylcyclines,,https://dailymed.nlm.nih.gov/dailymed/search.cfm?query=Methacycline,https://api.fda.gov/drug/label.json?search=openfda.generic_name%3A%22Methacycline%22&limit=10,Indications/usage; common adverse reactions with frequencies; serious warnings/boxed warning; contraindications; interactions; formulation/route; human vs veterinary; effective date; source label ID/URL.,NOT YET RESEARCHED — no class-level substitution,,"Extract indications, adverse reactions, boxed warnings/warnings, contraindications; confirm formulation/route and current label."
134,Rolitetracycline,Tetracyclines & Glycylcyclines,Older/limited availability; verify current marketed status.,https://dailymed.nlm.nih.gov/dailymed/search.cfm?query=Rolitetracycline,https://api.fda.gov/drug/label.json?search=openfda.generic_name%3A%22Rolitetracycline%22&limit=10,Indications/usage; common adverse reactions with frequencies; serious warnings/boxed warning; contraindications; interactions; formulation/route; human vs veterinary; effective date; source label ID/URL.,NOT YET RESEARCHED — no class-level substitution,,"Extract indications, adverse reactions, boxed warnings/warnings, contraindications; confirm formulation/route and current label."
135,Lymecycline,Tetracyclines & Glycylcyclines,,https://dailymed.nlm.nih.gov/dailymed/search.cfm?query=Lymecycline,https://api.fda.gov/drug/label.json?search=openfda.generic_name%3A%22Lymecycline%22&limit=10,Indications/usage; common adverse reactions with frequencies; serious warnings/boxed warning; contraindications; interactions; formulation/route; human vs veterinary; effective date; source label ID/URL.,NOT YET RESEARCHED — no class-level substitution,,"Extract indications, adverse reactions, boxed warnings/warnings, contraindications; confirm formulation/route and current label."
136,Meclocycline,Tetracyclines & Glycylcyclines,Topical/limited availability; verify current product status.,https://dailymed.nlm.nih.gov/dailymed/search.cfm?query=Meclocycline,https://api.fda.gov/drug/label.json?search=openfda.generic_name%3A%22Meclocycline%22&limit=10,Indications/usage; common adverse reactions with frequencies; serious warnings/boxed warning; contraindications; interactions; formulation/route; human vs veterinary; effective date; source label ID/URL.,NOT YET RESEARCHED — no class-level substitution,,"Extract indications, adverse reactions, boxed warnings/warnings, contraindications; confirm formulation/route and current label."
137,Tigecycline,Tetracyclines & Glycylcyclines,,https://dailymed.nlm.nih.gov/dailymed/search.cfm?query=Tigecycline,https://api.fda.gov/drug/label.json?search=openfda.generic_name%3A%22Tigecycline%22&limit=10,Indications/usage; common adverse reactions with frequencies; serious warnings/boxed warning; contraindications; interactions; formulation/route; human vs veterinary; effective date; source label ID/URL.,NOT YET RESEARCHED — no class-level substitution,,"Extract indications, adverse reactions, boxed warnings/warnings, contraindications; confirm formulation/route and current label."
138,Eravacycline,Tetracyclines & Glycylcyclines,,https://dailymed.nlm.nih.gov/dailymed/search.cfm?query=Eravacycline,https://api.fda.gov/drug/label.json?search=openfda.generic_name%3A%22Eravacycline%22&limit=10,Indications/usage; common adverse reactions with frequencies; serious warnings/boxed warning; contraindications; interactions; formulation/route; human vs veterinary; effective date; source label ID/URL.,NOT YET RESEARCHED — no class-level substitution,,"Extract indications, adverse reactions, boxed warnings/warnings, contraindications; confirm formulation/route and current label."
139,Omadacycline,Tetracyclines & Glycylcyclines,,https://dailymed.nlm.nih.gov/dailymed/search.cfm?query=Omadacycline,https://api.fda.gov/drug/label.json?search=openfda.generic_name%3A%22Omadacycline%22&limit=10,Indications/usage; common adverse reactions with frequencies; serious warnings/boxed warning; contraindications; interactions; formulation/route; human vs veterinary; effective date; source label ID/URL.,NOT YET RESEARCHED — no class-level substitution,,"Extract indications, adverse reactions, boxed warnings/warnings, contraindications; confirm formulation/route and current label."
140,Sarecycline,Tetracyclines & Glycylcyclines,,https://dailymed.nlm.nih.gov/dailymed/search.cfm?query=Sarecycline,https://api.fda.gov/drug/label.json?search=openfda.generic_name%3A%22Sarecycline%22&limit=10,Indications/usage; common adverse reactions with frequencies; serious warnings/boxed warning; contraindications; interactions; formulation/route; human vs veterinary; effective date; source label ID/URL.,NOT YET RESEARCHED — no class-level substitution,,"Extract indications, adverse reactions, boxed warnings/warnings, contraindications; confirm formulation/route and current label."
141,Amikacin,Aminoglycosides,,https://dailymed.nlm.nih.gov/dailymed/search.cfm?query=Amikacin,https://api.fda.gov/drug/label.json?search=openfda.generic_name%3A%22Amikacin%22&limit=10,Indications/usage; common adverse reactions with frequencies; serious warnings/boxed warning; contraindications; interactions; formulation/route; human vs veterinary; effective date; source label ID/URL.,NOT YET RESEARCHED — no class-level substitution,,"Extract indications, adverse reactions, boxed warnings/warnings, contraindications; confirm formulation/route and current label."
142,Gentamicin,Aminoglycosides,,https://dailymed.nlm.nih.gov/dailymed/search.cfm?query=Gentamicin,https://api.fda.gov/drug/label.json?search=openfda.generic_name%3A%22Gentamicin%22&limit=10,Indications/usage; common adverse reactions with frequencies; serious warnings/boxed warning; contraindications; interactions; formulation/route; human vs veterinary; effective date; source label ID/URL.,SOURCE-VERIFIED LABEL SUMMARY,https://www.dailymed.nlm.nih.gov/dailymed/drugInfo.cfm?setid=60ca1487-392d-4721-aa45-3de38722896c,"Extract indications, adverse reactions, boxed warnings/warnings, contraindications; confirm formulation/route and current label."
143,Kanamycin,Aminoglycosides,,https://dailymed.nlm.nih.gov/dailymed/search.cfm?query=Kanamycin,https://api.fda.gov/drug/label.json?search=openfda.generic_name%3A%22Kanamycin%22&limit=10,Indications/usage; common adverse reactions with frequencies; serious warnings/boxed warning; contraindications; interactions; formulation/route; human vs veterinary; effective date; source label ID/URL.,NOT YET RESEARCHED — no class-level substitution,,"Extract indications, adverse reactions, boxed warnings/warnings, contraindications; confirm formulation/route and current label."
144,Neomycin,Aminoglycosides,Many products are topical/oral non-absorbed formulations; route-specific uses and toxicity differ.,https://dailymed.nlm.nih.gov/dailymed/search.cfm?query=Neomycin,https://api.fda.gov/drug/label.json?search=openfda.generic_name%3A%22Neomycin%22&limit=10,Indications/usage; common adverse reactions with frequencies; serious warnings/boxed warning; contraindications; interactions; formulation/route; human vs veterinary; effective date; source label ID/URL.,NOT YET RESEARCHED — no class-level substitution,,"Extract indications, adverse reactions, boxed warnings/warnings, contraindications; confirm formulation/route and current label."
145,Netilmicin,Aminoglycosides,,https://dailymed.nlm.nih.gov/dailymed/search.cfm?query=Netilmicin,https://api.fda.gov/drug/label.json?search=openfda.generic_name%3A%22Netilmicin%22&limit=10,Indications/usage; common adverse reactions with frequencies; serious warnings/boxed warning; contraindications; interactions; formulation/route; human vs veterinary; effective date; source label ID/URL.,NOT YET RESEARCHED — no class-level substitution,,"Extract indications, adverse reactions, boxed warnings/warnings, contraindications; confirm formulation/route and current label."
146,Tobramycin,Aminoglycosides,,https://dailymed.nlm.nih.gov/dailymed/search.cfm?query=Tobramycin,https://api.fda.gov/drug/label.json?search=openfda.generic_name%3A%22Tobramycin%22&limit=10,Indications/usage; common adverse reactions with frequencies; serious warnings/boxed warning; contraindications; interactions; formulation/route; human vs veterinary; effective date; source label ID/URL.,NOT YET RESEARCHED — no class-level substitution,,"Extract indications, adverse reactions, boxed warnings/warnings, contraindications; confirm formulation/route and current label."
147,Streptomycin,Aminoglycosides,Use is restricted to specific indications and regimens; significant toxicity monitoring is required.,https://dailymed.nlm.nih.gov/dailymed/search.cfm?query=Streptomycin,https://api.fda.gov/drug/label.json?search=openfda.generic_name%3A%22Streptomycin%22&limit=10,Indications/usage; common adverse reactions with frequencies; serious warnings/boxed warning; contraindications; interactions; formulation/route; human vs veterinary; effective date; source label ID/URL.,NOT YET RESEARCHED — no class-level substitution,,"Extract indications, adverse reactions, boxed warnings/warnings, contraindications; confirm formulation/route and current label."
148,Paromomycin,Aminoglycosides,,https://dailymed.nlm.nih.gov/dailymed/search.cfm?query=Paromomycin,https://api.fda.gov/drug/label.json?search=openfda.generic_name%3A%22Paromomycin%22&limit=10,Indications/usage; common adverse reactions with frequencies; serious warnings/boxed warning; contraindications; interactions; formulation/route; human vs veterinary; effective date; source label ID/URL.,NOT YET RESEARCHED — no class-level substitution,,"Extract indications, adverse reactions, boxed warnings/warnings, contraindications; confirm formulation/route and current label."
149,Spectinomycin,Aminoglycosides,Availability is limited and indication-specific; verify current local status.,https://dailymed.nlm.nih.gov/dailymed/search.cfm?query=Spectinomycin,https://api.fda.gov/drug/label.json?search=openfda.generic_name%3A%22Spectinomycin%22&limit=10,Indications/usage; common adverse reactions with frequencies; serious warnings/boxed warning; contraindications; interactions; formulation/route; human vs veterinary; effective date; source label ID/URL.,NOT YET RESEARCHED — no class-level substitution,,"Extract indications, adverse reactions, boxed warnings/warnings, contraindications; confirm formulation/route and current label."
150,Plazomicin,Aminoglycosides,,https://dailymed.nlm.nih.gov/dailymed/search.cfm?query=Plazomicin,https://api.fda.gov/drug/label.json?search=openfda.generic_name%3A%22Plazomicin%22&limit=10,Indications/usage; common adverse reactions with frequencies; serious warnings/boxed warning; contraindications; interactions; formulation/route; human vs veterinary; effective date; source label ID/URL.,NOT YET RESEARCHED — no class-level substitution,,"Extract indications, adverse reactions, boxed warnings/warnings, contraindications; confirm formulation/route and current label."
151,Sisomicin,Aminoglycosides,Older/limited availability; verify current marketed status.,https://dailymed.nlm.nih.gov/dailymed/search.cfm?query=Sisomicin,https://api.fda.gov/drug/label.json?search=openfda.generic_name%3A%22Sisomicin%22&limit=10,Indications/usage; common adverse reactions with frequencies; serious warnings/boxed warning; contraindications; interactions; formulation/route; human vs veterinary; effective date; source label ID/URL.,NOT YET RESEARCHED — no class-level substitution,,"Extract indications, adverse reactions, boxed warnings/warnings, contraindications; confirm formulation/route and current label."
152,Dibekacin,Aminoglycosides,Regional availability; verify current approved product label.,https://dailymed.nlm.nih.gov/dailymed/search.cfm?query=Dibekacin,https://api.fda.gov/drug/label.json?search=openfda.generic_name%3A%22Dibekacin%22&limit=10,Indications/usage; common adverse reactions with frequencies; serious warnings/boxed warning; contraindications; interactions; formulation/route; human vs veterinary; effective date; source label ID/URL.,NOT YET RESEARCHED — no class-level substitution,,"Extract indications, adverse reactions, boxed warnings/warnings, contraindications; confirm formulation/route and current label."
153,Ribostamycin,Aminoglycosides,Regional availability; verify current approved product label.,https://dailymed.nlm.nih.gov/dailymed/search.cfm?query=Ribostamycin,https://api.fda.gov/drug/label.json?search=openfda.generic_name%3A%22Ribostamycin%22&limit=10,Indications/usage; common adverse reactions with frequencies; serious warnings/boxed warning; contraindications; interactions; formulation/route; human vs veterinary; effective date; source label ID/URL.,NOT YET RESEARCHED — no class-level substitution,,"Extract indications, adverse reactions, boxed warnings/warnings, contraindications; confirm formulation/route and current label."
154,Framycetin,Aminoglycosides,Often topical/ophthalmic/otic depending on country; verify formulation-specific human label.,https://dailymed.nlm.nih.gov/dailymed/search.cfm?query=Framycetin,https://api.fda.gov/drug/label.json?search=openfda.generic_name%3A%22Framycetin%22&limit=10,Indications/usage; common adverse reactions with frequencies; serious warnings/boxed warning; contraindications; interactions; formulation/route; human vs veterinary; effective date; source label ID/URL.,NOT YET RESEARCHED — no class-level substitution,,"Extract indications, adverse reactions, boxed warnings/warnings, contraindications; confirm formulation/route and current label."
155,Isepamicin,Aminoglycosides,Regional availability; verify current approved product label.,https://dailymed.nlm.nih.gov/dailymed/search.cfm?query=Isepamicin,https://api.fda.gov/drug/label.json?search=openfda.generic_name%3A%22Isepamicin%22&limit=10,Indications/usage; common adverse reactions with frequencies; serious warnings/boxed warning; contraindications; interactions; formulation/route; human vs veterinary; effective date; source label ID/URL.,NOT YET RESEARCHED — no class-level substitution,,"Extract indications, adverse reactions, boxed warnings/warnings, contraindications; confirm formulation/route and current label."
156,Arbekacin,Aminoglycosides,Regional availability; verify current approved product label.,https://dailymed.nlm.nih.gov/dailymed/search.cfm?query=Arbekacin,https://api.fda.gov/drug/label.json?search=openfda.generic_name%3A%22Arbekacin%22&limit=10,Indications/usage; common adverse reactions with frequencies; serious warnings/boxed warning; contraindications; interactions; formulation/route; human vs veterinary; effective date; source label ID/URL.,NOT YET RESEARCHED — no class-level substitution,,"Extract indications, adverse reactions, boxed warnings/warnings, contraindications; confirm formulation/route and current label."
157,Vancomycin,Glycopeptides & Lipoglycopeptides,,https://dailymed.nlm.nih.gov/dailymed/search.cfm?query=Vancomycin,https://api.fda.gov/drug/label.json?search=openfda.generic_name%3A%22Vancomycin%22&limit=10,Indications/usage; common adverse reactions with frequencies; serious warnings/boxed warning; contraindications; interactions; formulation/route; human vs veterinary; effective date; source label ID/URL.,NOT YET RESEARCHED — no class-level substitution,,"Extract indications, adverse reactions, boxed warnings/warnings, contraindications; confirm formulation/route and current label."
158,Teicoplanin,Glycopeptides & Lipoglycopeptides,Not FDA-approved for routine US use; available in some other jurisdictions.,https://dailymed.nlm.nih.gov/dailymed/search.cfm?query=Teicoplanin,https://api.fda.gov/drug/label.json?search=openfda.generic_name%3A%22Teicoplanin%22&limit=10,Indications/usage; common adverse reactions with frequencies; serious warnings/boxed warning; contraindications; interactions; formulation/route; human vs veterinary; effective date; source label ID/URL.,NOT YET RESEARCHED — no class-level substitution,,"Extract indications, adverse reactions, boxed warnings/warnings, contraindications; confirm formulation/route and current label."
159,Telavancin,Glycopeptides & Lipoglycopeptides,US-approved for specific indications; safety warnings and renal considerations require label review.,https://dailymed.nlm.nih.gov/dailymed/search.cfm?query=Telavancin,https://api.fda.gov/drug/label.json?search=openfda.generic_name%3A%22Telavancin%22&limit=10,Indications/usage; common adverse reactions with frequencies; serious warnings/boxed warning; contraindications; interactions; formulation/route; human vs veterinary; effective date; source label ID/URL.,NOT YET RESEARCHED — no class-level substitution,,"Extract indications, adverse reactions, boxed warnings/warnings, contraindications; confirm formulation/route and current label."
160,Dalbavancin,Glycopeptides & Lipoglycopeptides,US-approved for specific Gram-positive infections; exact indication depends on current label.,https://dailymed.nlm.nih.gov/dailymed/search.cfm?query=Dalbavancin,https://api.fda.gov/drug/label.json?search=openfda.generic_name%3A%22Dalbavancin%22&limit=10,Indications/usage; common adverse reactions with frequencies; serious warnings/boxed warning; contraindications; interactions; formulation/route; human vs veterinary; effective date; source label ID/URL.,NOT YET RESEARCHED — no class-level substitution,,"Extract indications, adverse reactions, boxed warnings/warnings, contraindications; confirm formulation/route and current label."
161,Oritavancin,Glycopeptides & Lipoglycopeptides,US-approved for specific acute bacterial skin and skin structure infections; verify current label.,https://dailymed.nlm.nih.gov/dailymed/search.cfm?query=Oritavancin,https://api.fda.gov/drug/label.json?search=openfda.generic_name%3A%22Oritavancin%22&limit=10,Indications/usage; common adverse reactions with frequencies; serious warnings/boxed warning; contraindications; interactions; formulation/route; human vs veterinary; effective date; source label ID/URL.,NOT YET RESEARCHED — no class-level substitution,,"Extract indications, adverse reactions, boxed warnings/warnings, contraindications; confirm formulation/route and current label."
162,Ramoplanin,Glycopeptides & Lipoglycopeptides,Investigational/limited availability; do not assume routine approved use.,https://dailymed.nlm.nih.gov/dailymed/search.cfm?query=Ramoplanin,https://api.fda.gov/drug/label.json?search=openfda.generic_name%3A%22Ramoplanin%22&limit=10,Indications/usage; common adverse reactions with frequencies; serious warnings/boxed warning; contraindications; interactions; formulation/route; human vs veterinary; effective date; source label ID/URL.,NOT YET RESEARCHED — no class-level substitution,,"Extract indications, adverse reactions, boxed warnings/warnings, contraindications; confirm formulation/route and current label."
163,Clindamycin,Lincosamides & Oxazolidinones,,https://dailymed.nlm.nih.gov/dailymed/search.cfm?query=Clindamycin,https://api.fda.gov/drug/label.json?search=openfda.generic_name%3A%22Clindamycin%22&limit=10,Indications/usage; common adverse reactions with frequencies; serious warnings/boxed warning; contraindications; interactions; formulation/route; human vs veterinary; effective date; source label ID/URL.,SOURCE-VERIFIED LABEL SUMMARY,https://dailymed.nlm.nih.gov/dailymed/drugInfo.cfm?setid=47f76d99-2024-4531-a527-66c80deeeb37,"Extract indications, adverse reactions, boxed warnings/warnings, contraindications; confirm formulation/route and current label."
164,Lincomycin,Lincosamides & Oxazolidinones,Older/limited availability in many jurisdictions; verify current status.,https://dailymed.nlm.nih.gov/dailymed/search.cfm?query=Lincomycin,https://api.fda.gov/drug/label.json?search=openfda.generic_name%3A%22Lincomycin%22&limit=10,Indications/usage; common adverse reactions with frequencies; serious warnings/boxed warning; contraindications; interactions; formulation/route; human vs veterinary; effective date; source label ID/URL.,NOT YET RESEARCHED — no class-level substitution,,"Extract indications, adverse reactions, boxed warnings/warnings, contraindications; confirm formulation/route and current label."
165,Pirlimycin,Lincosamides & Oxazolidinones,Veterinary antimicrobial; exclude from human-patient recommendations.; likely veterinary-use review required; do not substitute human label,https://dailymed.nlm.nih.gov/dailymed/search.cfm?query=Pirlimycin,https://api.fda.gov/drug/label.json?search=openfda.generic_name%3A%22Pirlimycin%22&limit=10,Indications/usage; common adverse reactions with frequencies; serious warnings/boxed warning; contraindications; interactions; formulation/route; human vs veterinary; effective date; source label ID/URL.,NOT YET RESEARCHED — no class-level substitution,,"Extract indications, adverse reactions, boxed warnings/warnings, contraindications; confirm formulation/route and current label."
166,Linezolid,Lincosamides & Oxazolidinones,,https://dailymed.nlm.nih.gov/dailymed/search.cfm?query=Linezolid,https://api.fda.gov/drug/label.json?search=openfda.generic_name%3A%22Linezolid%22&limit=10,Indications/usage; common adverse reactions with frequencies; serious warnings/boxed warning; contraindications; interactions; formulation/route; human vs veterinary; effective date; source label ID/URL.,NOT YET RESEARCHED — no class-level substitution,,"Extract indications, adverse reactions, boxed warnings/warnings, contraindications; confirm formulation/route and current label."
167,Tedizolid,Lincosamides & Oxazolidinones,,https://dailymed.nlm.nih.gov/dailymed/search.cfm?query=Tedizolid,https://api.fda.gov/drug/label.json?search=openfda.generic_name%3A%22Tedizolid%22&limit=10,Indications/usage; common adverse reactions with frequencies; serious warnings/boxed warning; contraindications; interactions; formulation/route; human vs veterinary; effective date; source label ID/URL.,NOT YET RESEARCHED — no class-level substitution,,"Extract indications, adverse reactions, boxed warnings/warnings, contraindications; confirm formulation/route and current label."
168,Radezolid,Lincosamides & Oxazolidinones,Investigational/developmental oxazolidinone; not a routine approved therapy.,https://dailymed.nlm.nih.gov/dailymed/search.cfm?query=Radezolid,https://api.fda.gov/drug/label.json?search=openfda.generic_name%3A%22Radezolid%22&limit=10,Indications/usage; common adverse reactions with frequencies; serious warnings/boxed warning; contraindications; interactions; formulation/route; human vs veterinary; effective date; source label ID/URL.,NOT YET RESEARCHED — no class-level substitution,,"Extract indications, adverse reactions, boxed warnings/warnings, contraindications; confirm formulation/route and current label."
169,Polymyxin B,Miscellaneous,Systemic/topical use depends on formulation; systemic use can be nephrotoxic and neurotoxic.,https://dailymed.nlm.nih.gov/dailymed/search.cfm?query=Polymyxin%20B,https://api.fda.gov/drug/label.json?search=openfda.generic_name%3A%22Polymyxin%20B%22&limit=10,Indications/usage; common adverse reactions with frequencies; serious warnings/boxed warning; contraindications; interactions; formulation/route; human vs veterinary; effective date; source label ID/URL.,NOT YET RESEARCHED — no class-level substitution,,"Extract indications, adverse reactions, boxed warnings/warnings, contraindications; confirm formulation/route and current label."
170,Colistin (polymyxin E),Miscellaneous,Use is generally reserved for selected serious resistant Gram-negative infections; formulation and dosing are specialist-managed.,https://dailymed.nlm.nih.gov/dailymed/search.cfm?query=Colistin%20%28polymyxin%20E%29,https://api.fda.gov/drug/label.json?search=openfda.generic_name%3A%22Colistin%20%28polymyxin%20E%29%22&limit=10,Indications/usage; common adverse reactions with frequencies; serious warnings/boxed warning; contraindications; interactions; formulation/route; human vs veterinary; effective date; source label ID/URL.,NOT YET RESEARCHED — no class-level substitution,,"Extract indications, adverse reactions, boxed warnings/warnings, contraindications; confirm formulation/route and current label."
171,Metronidazole,Miscellaneous,,https://dailymed.nlm.nih.gov/dailymed/search.cfm?query=Metronidazole,https://api.fda.gov/drug/label.json?search=openfda.generic_name%3A%22Metronidazole%22&limit=10,Indications/usage; common adverse reactions with frequencies; serious warnings/boxed warning; contraindications; interactions; formulation/route; human vs veterinary; effective date; source label ID/URL.,NOT YET RESEARCHED — no class-level substitution,,"Extract indications, adverse reactions, boxed warnings/warnings, contraindications; confirm formulation/route and current label."
172,Tinidazole,Miscellaneous,,https://dailymed.nlm.nih.gov/dailymed/search.cfm?query=Tinidazole,https://api.fda.gov/drug/label.json?search=openfda.generic_name%3A%22Tinidazole%22&limit=10,Indications/usage; common adverse reactions with frequencies; serious warnings/boxed warning; contraindications; interactions; formulation/route; human vs veterinary; effective date; source label ID/URL.,NOT YET RESEARCHED — no class-level substitution,,"Extract indications, adverse reactions, boxed warnings/warnings, contraindications; confirm formulation/route and current label."
173,Secnidazole,Miscellaneous,,https://dailymed.nlm.nih.gov/dailymed/search.cfm?query=Secnidazole,https://api.fda.gov/drug/label.json?search=openfda.generic_name%3A%22Secnidazole%22&limit=10,Indications/usage; common adverse reactions with frequencies; serious warnings/boxed warning; contraindications; interactions; formulation/route; human vs veterinary; effective date; source label ID/URL.,NOT YET RESEARCHED — no class-level substitution,,"Extract indications, adverse reactions, boxed warnings/warnings, contraindications; confirm formulation/route and current label."
174,Ornidazole,Miscellaneous,,https://dailymed.nlm.nih.gov/dailymed/search.cfm?query=Ornidazole,https://api.fda.gov/drug/label.json?search=openfda.generic_name%3A%22Ornidazole%22&limit=10,Indications/usage; common adverse reactions with frequencies; serious warnings/boxed warning; contraindications; interactions; formulation/route; human vs veterinary; effective date; source label ID/URL.,NOT YET RESEARCHED — no class-level substitution,,"Extract indications, adverse reactions, boxed warnings/warnings, contraindications; confirm formulation/route and current label."
175,Nitrofurantoin,Miscellaneous,,https://dailymed.nlm.nih.gov/dailymed/search.cfm?query=Nitrofurantoin,https://api.fda.gov/drug/label.json?search=openfda.generic_name%3A%22Nitrofurantoin%22&limit=10,Indications/usage; common adverse reactions with frequencies; serious warnings/boxed warning; contraindications; interactions; formulation/route; human vs veterinary; effective date; source label ID/URL.,SOURCE-VERIFIED LABEL SUMMARY,https://dailymed.nlm.nih.gov/dailymed/drugInfo.cfm?setid=d0d93807-1d7b-5538-e053-2a95a90ac237,"Extract indications, adverse reactions, boxed warnings/warnings, contraindications; confirm formulation/route and current label."
176,Fosfomycin,Miscellaneous,,https://dailymed.nlm.nih.gov/dailymed/search.cfm?query=Fosfomycin,https://api.fda.gov/drug/label.json?search=openfda.generic_name%3A%22Fosfomycin%22&limit=10,Indications/usage; common adverse reactions with frequencies; serious warnings/boxed warning; contraindications; interactions; formulation/route; human vs veterinary; effective date; source label ID/URL.,NOT YET RESEARCHED — no class-level substitution,,"Extract indications, adverse reactions, boxed warnings/warnings, contraindications; confirm formulation/route and current label."
177,Chloramphenicol,Miscellaneous,,https://dailymed.nlm.nih.gov/dailymed/search.cfm?query=Chloramphenicol,https://api.fda.gov/drug/label.json?search=openfda.generic_name%3A%22Chloramphenicol%22&limit=10,Indications/usage; common adverse reactions with frequencies; serious warnings/boxed warning; contraindications; interactions; formulation/route; human vs veterinary; effective date; source label ID/URL.,NOT YET RESEARCHED — no class-level substitution,,"Extract indications, adverse reactions, boxed warnings/warnings, contraindications; confirm formulation/route and current label."
178,Fusidic acid,Miscellaneous,Topical and systemic availability differs by country; resistance and combination-use guidance vary.,https://dailymed.nlm.nih.gov/dailymed/search.cfm?query=Fusidic%20acid,https://api.fda.gov/drug/label.json?search=openfda.generic_name%3A%22Fusidic%20acid%22&limit=10,Indications/usage; common adverse reactions with frequencies; serious warnings/boxed warning; contraindications; interactions; formulation/route; human vs veterinary; effective date; source label ID/URL.,NOT YET RESEARCHED — no class-level substitution,,"Extract indications, adverse reactions, boxed warnings/warnings, contraindications; confirm formulation/route and current label."
179,Daptomycin,Miscellaneous,,https://dailymed.nlm.nih.gov/dailymed/search.cfm?query=Daptomycin,https://api.fda.gov/drug/label.json?search=openfda.generic_name%3A%22Daptomycin%22&limit=10,Indications/usage; common adverse reactions with frequencies; serious warnings/boxed warning; contraindications; interactions; formulation/route; human vs veterinary; effective date; source label ID/URL.,NOT YET RESEARCHED — no class-level substitution,,"Extract indications, adverse reactions, boxed warnings/warnings, contraindications; confirm formulation/route and current label."
180,Mupirocin,Miscellaneous,Topical antibiotic for specific skin/nasal indications; not a systemic treatment for general infections.,https://dailymed.nlm.nih.gov/dailymed/search.cfm?query=Mupirocin,https://api.fda.gov/drug/label.json?search=openfda.generic_name%3A%22Mupirocin%22&limit=10,Indications/usage; common adverse reactions with frequencies; serious warnings/boxed warning; contraindications; interactions; formulation/route; human vs veterinary; effective date; source label ID/URL.,NOT YET RESEARCHED — no class-level substitution,,"Extract indications, adverse reactions, boxed warnings/warnings, contraindications; confirm formulation/route and current label."
