antibiotic_name,usage,common_side_effects,serious_adverse_effects,possible_mechanism_or_cause,risk_factors_and_precautions,when_to_seek_help,regulatory_or_identity_note,source_basis,validation_status
Penicillin G,"Treatment of selected infections caused by susceptible bacteria; the exact indication depends on the penicillin, formulation, organism and infection site. (provisional class-level summary; verify against a drug-specific label).","Possible effects include nausea, diarrhoea and rash; serious risks can include allergic reactions and C. difficile-associated diarrhoea.",Serious risks vary by ingredient and formulation; individual drug label extraction required.,Inhibit bacterial cell-wall synthesis. Gastrointestinal symptoms can arise from effects on gut flora; allergy is an immune reaction rather than a predictable dose effect.,History of penicillin/beta-lactam allergy; kidney impairment can affect dosing for some formulations; injection products have route-specific risks.,"Seek urgent care for breathing difficulty, facial/throat swelling, fainting, blistering rash, or severe/persistent watery or bloody diarrhoea. Do not restart after suspected severe allergy without clinician review.",Current FDA approval/marketed status not independently verified.,Provisional class-level summary only; individual label not yet verified.,class-level scaffold; not sufficient for clinical use
Penicillin V,"Treatment of selected infections caused by susceptible bacteria; the exact indication depends on the penicillin, formulation, organism and infection site. (provisional class-level summary; verify against a drug-specific label).","Possible effects include nausea, diarrhoea and rash; serious risks can include allergic reactions and C. difficile-associated diarrhoea.",Serious risks vary by ingredient and formulation; individual drug label extraction required.,Inhibit bacterial cell-wall synthesis. Gastrointestinal symptoms can arise from effects on gut flora; allergy is an immune reaction rather than a predictable dose effect.,History of penicillin/beta-lactam allergy; kidney impairment can affect dosing for some formulations; injection products have route-specific risks.,"Seek urgent care for breathing difficulty, facial/throat swelling, fainting, blistering rash, or severe/persistent watery or bloody diarrhoea. Do not restart after suspected severe allergy without clinician review.",Current FDA approval/marketed status not independently verified.,Provisional class-level summary only; individual label not yet verified.,class-level scaffold; not sufficient for clinical use
Benzathine penicillin G,"Treatment of selected infections caused by susceptible bacteria; the exact indication depends on the penicillin, formulation, organism and infection site. (provisional class-level summary; verify against a drug-specific label).","Possible effects include nausea, diarrhoea and rash; serious risks can include allergic reactions and C. difficile-associated diarrhoea.",Serious risks vary by ingredient and formulation; individual drug label extraction required.,Inhibit bacterial cell-wall synthesis. Gastrointestinal symptoms can arise from effects on gut flora; allergy is an immune reaction rather than a predictable dose effect.,History of penicillin/beta-lactam allergy; kidney impairment can affect dosing for some formulations; injection products have route-specific risks.,"Seek urgent care for breathing difficulty, facial/throat swelling, fainting, blistering rash, or severe/persistent watery or bloody diarrhoea. Do not restart after suspected severe allergy without clinician review.",Current FDA approval/marketed status not independently verified.,Provisional class-level summary only; individual label not yet verified.,class-level scaffold; not sufficient for clinical use
Procaine penicillin G,"Treatment of selected infections caused by susceptible bacteria; the exact indication depends on the penicillin, formulation, organism and infection site. (provisional class-level summary; verify against a drug-specific label).","Possible effects include nausea, diarrhoea and rash; serious risks can include allergic reactions and C. difficile-associated diarrhoea.",Serious risks vary by ingredient and formulation; individual drug label extraction required.,Inhibit bacterial cell-wall synthesis. Gastrointestinal symptoms can arise from effects on gut flora; allergy is an immune reaction rather than a predictable dose effect.,History of penicillin/beta-lactam allergy; kidney impairment can affect dosing for some formulations; injection products have route-specific risks.,"Seek urgent care for breathing difficulty, facial/throat swelling, fainting, blistering rash, or severe/persistent watery or bloody diarrhoea. Do not restart after suspected severe allergy without clinician review.",Current FDA approval/marketed status not independently verified.,Provisional class-level summary only; individual label not yet verified.,class-level scaffold; not sufficient for clinical use
Amoxicillin,"Treatment of susceptible bacterial infections, including selected ear, nose and throat, respiratory, skin and genitourinary infections; also used in specific combination regimens for Helicobacter pylori.","Nausea, diarrhoea, vomiting, rash",Anaphylaxis/severe skin reactions; C. difficile-associated diarrhoea,Gut-flora disruption may contribute to diarrhoea; rash can be allergy-related or infection-associated.,Beta-lactam allergy; renal impairment; rash during some viral infections may require assessment.,"Seek urgent care for breathing difficulty, facial/throat swelling, fainting, blistering rash, or severe/persistent watery or bloody diarrhoea. Contact a clinician for significant rash or jaundice.",Current FDA approval/marketed status not independently verified.,Starter summary matched by name; must still be checked against current drug-specific label.,drug-specific draft profile; label verification required
Ampicillin,"Treatment of infections caused by susceptible bacteria, including selected respiratory, gastrointestinal, urinary and other infections.","Possible effects include diarrhoea, nausea and rash; serious risks can include allergic reactions, severe skin reactions and C. difficile-associated diarrhoea.",Serious risks vary by ingredient and formulation; individual drug label extraction required.,Inhibit bacterial cell-wall synthesis. Gastrointestinal symptoms can arise from gut-flora disruption; rash may be allergy-related or occur in particular infections.,Beta-lactam allergy; renal impairment; concomitant medicines and infection context can affect risk.,"Seek urgent care for breathing difficulty, facial/throat swelling, fainting, blistering rash, or severe/persistent watery or bloody diarrhoea. Contact a clinician for significant rash or jaundice.",Current FDA approval/marketed status not independently verified.,Starter summary matched by name; must still be checked against current drug-specific label.,class-level scaffold; not sufficient for clinical use
Bacampicillin,Treatment of selected susceptible bacterial infections; exact approved uses differ by agent and formulation. (provisional class-level summary; verify against a drug-specific label).,"Possible effects include diarrhoea, nausea and rash; serious risks can include allergic reactions, severe skin reactions and C. difficile-associated diarrhoea.",Serious risks vary by ingredient and formulation; individual drug label extraction required.,Inhibit bacterial cell-wall synthesis. Gastrointestinal symptoms can arise from gut-flora disruption; rash may be allergy-related or occur in particular infections.,Beta-lactam allergy; renal impairment; concomitant medicines and infection context can affect risk.,"Seek urgent care for breathing difficulty, facial/throat swelling, fainting, blistering rash, or severe/persistent watery or bloody diarrhoea. Contact a clinician for significant rash or jaundice.",Availability is jurisdiction-specific; verify current marketed status.,Provisional class-level summary only; individual label not yet verified.,class-level scaffold; not sufficient for clinical use
Pivampicillin,Treatment of selected susceptible bacterial infections; exact approved uses differ by agent and formulation. (provisional class-level summary; verify against a drug-specific label).,"Possible effects include diarrhoea, nausea and rash; serious risks can include allergic reactions, severe skin reactions and C. difficile-associated diarrhoea.",Serious risks vary by ingredient and formulation; individual drug label extraction required.,Inhibit bacterial cell-wall synthesis. Gastrointestinal symptoms can arise from gut-flora disruption; rash may be allergy-related or occur in particular infections.,Beta-lactam allergy; renal impairment; concomitant medicines and infection context can affect risk.,"Seek urgent care for breathing difficulty, facial/throat swelling, fainting, blistering rash, or severe/persistent watery or bloody diarrhoea. Contact a clinician for significant rash or jaundice.",Availability is jurisdiction-specific; verify current marketed status.,Provisional class-level summary only; individual label not yet verified.,class-level scaffold; not sufficient for clinical use
Talampicillin,Treatment of selected susceptible bacterial infections; exact approved uses differ by agent and formulation. (provisional class-level summary; verify against a drug-specific label).,"Possible effects include diarrhoea, nausea and rash; serious risks can include allergic reactions, severe skin reactions and C. difficile-associated diarrhoea.",Serious risks vary by ingredient and formulation; individual drug label extraction required.,Inhibit bacterial cell-wall synthesis. Gastrointestinal symptoms can arise from gut-flora disruption; rash may be allergy-related or occur in particular infections.,Beta-lactam allergy; renal impairment; concomitant medicines and infection context can affect risk.,"Seek urgent care for breathing difficulty, facial/throat swelling, fainting, blistering rash, or severe/persistent watery or bloody diarrhoea. Contact a clinician for significant rash or jaundice.",Availability is jurisdiction-specific; verify current marketed status.,Provisional class-level summary only; individual label not yet verified.,class-level scaffold; not sufficient for clinical use
Epicillin,Treatment of selected susceptible bacterial infections; exact approved uses differ by agent and formulation. (provisional class-level summary; verify against a drug-specific label).,"Possible effects include diarrhoea, nausea and rash; serious risks can include allergic reactions, severe skin reactions and C. difficile-associated diarrhoea.",Serious risks vary by ingredient and formulation; individual drug label extraction required.,Inhibit bacterial cell-wall synthesis. Gastrointestinal symptoms can arise from gut-flora disruption; rash may be allergy-related or occur in particular infections.,Beta-lactam allergy; renal impairment; concomitant medicines and infection context can affect risk.,"Seek urgent care for breathing difficulty, facial/throat swelling, fainting, blistering rash, or severe/persistent watery or bloody diarrhoea. Contact a clinician for significant rash or jaundice.",Historical/limited availability; current marketed status requires verification.,Provisional class-level summary only; individual label not yet verified.,class-level scaffold; not sufficient for clinical use
Hetacillin,Treatment of selected susceptible bacterial infections; exact approved uses differ by agent and formulation. (provisional class-level summary; verify against a drug-specific label).,"Possible effects include diarrhoea, nausea and rash; serious risks can include allergic reactions, severe skin reactions and C. difficile-associated diarrhoea.",Serious risks vary by ingredient and formulation; individual drug label extraction required.,Inhibit bacterial cell-wall synthesis. Gastrointestinal symptoms can arise from gut-flora disruption; rash may be allergy-related or occur in particular infections.,Beta-lactam allergy; renal impairment; concomitant medicines and infection context can affect risk.,"Seek urgent care for breathing difficulty, facial/throat swelling, fainting, blistering rash, or severe/persistent watery or bloody diarrhoea. Contact a clinician for significant rash or jaundice.",Historical/limited availability; current marketed status requires verification.,Provisional class-level summary only; individual label not yet verified.,class-level scaffold; not sufficient for clinical use
Methicillin,Treatment of selected infections caused by susceptible penicillinase-producing staphylococci; exact use and availability vary by agent and country. (provisional class-level summary; verify against a drug-specific label).,"Possible effects include nausea, diarrhoea and rash; serious risks can include allergic reactions, liver injury or blood-count changes depending on the agent.",Serious risks vary by ingredient and formulation; individual drug label extraction required.,Inhibit bacterial cell-wall synthesis and resist many staphylococcal penicillinases. Diarrhoea can reflect gut-flora disruption; liver or blood effects are agent-specific.,Beta-lactam allergy; liver disease and concurrent hepatotoxic medicines may matter for selected agents.,"Seek urgent care for severe allergy or blistering rash; contact a clinician for jaundice, unusual bruising, fever or persistent severe diarrhoea.",Historical/obsolete in clinical use in many jurisdictions; verify status and do not treat as a current routine treatment option.,Provisional class-level summary only; individual label not yet verified.,class-level scaffold; not sufficient for clinical use
Nafcillin,Treatment of selected infections caused by susceptible penicillinase-producing staphylococci; exact use and availability vary by agent and country. (provisional class-level summary; verify against a drug-specific label).,"Possible effects include nausea, diarrhoea and rash; serious risks can include allergic reactions, liver injury or blood-count changes depending on the agent.",Serious risks vary by ingredient and formulation; individual drug label extraction required.,Inhibit bacterial cell-wall synthesis and resist many staphylococcal penicillinases. Diarrhoea can reflect gut-flora disruption; liver or blood effects are agent-specific.,Beta-lactam allergy; liver disease and concurrent hepatotoxic medicines may matter for selected agents.,"Seek urgent care for severe allergy or blistering rash; contact a clinician for jaundice, unusual bruising, fever or persistent severe diarrhoea.",Current FDA approval/marketed status not independently verified.,Provisional class-level summary only; individual label not yet verified.,class-level scaffold; not sufficient for clinical use
Oxacillin,Treatment of selected infections caused by susceptible penicillinase-producing staphylococci; exact use and availability vary by agent and country. (provisional class-level summary; verify against a drug-specific label).,"Possible effects include nausea, diarrhoea and rash; serious risks can include allergic reactions, liver injury or blood-count changes depending on the agent.",Serious risks vary by ingredient and formulation; individual drug label extraction required.,Inhibit bacterial cell-wall synthesis and resist many staphylococcal penicillinases. Diarrhoea can reflect gut-flora disruption; liver or blood effects are agent-specific.,Beta-lactam allergy; liver disease and concurrent hepatotoxic medicines may matter for selected agents.,"Seek urgent care for severe allergy or blistering rash; contact a clinician for jaundice, unusual bruising, fever or persistent severe diarrhoea.",Current FDA approval/marketed status not independently verified.,Provisional class-level summary only; individual label not yet verified.,class-level scaffold; not sufficient for clinical use
Cloxacillin,Treatment of selected infections caused by susceptible penicillinase-producing staphylococci; exact use and availability vary by agent and country. (provisional class-level summary; verify against a drug-specific label).,"Possible effects include nausea, diarrhoea and rash; serious risks can include allergic reactions, liver injury or blood-count changes depending on the agent.",Serious risks vary by ingredient and formulation; individual drug label extraction required.,Inhibit bacterial cell-wall synthesis and resist many staphylococcal penicillinases. Diarrhoea can reflect gut-flora disruption; liver or blood effects are agent-specific.,Beta-lactam allergy; liver disease and concurrent hepatotoxic medicines may matter for selected agents.,"Seek urgent care for severe allergy or blistering rash; contact a clinician for jaundice, unusual bruising, fever or persistent severe diarrhoea.",Current FDA approval/marketed status not independently verified.,Provisional class-level summary only; individual label not yet verified.,class-level scaffold; not sufficient for clinical use
Dicloxacillin,Treatment of selected infections caused by susceptible penicillinase-producing staphylococci; exact use and availability vary by agent and country. (provisional class-level summary; verify against a drug-specific label).,"Possible effects include nausea, diarrhoea and rash; serious risks can include allergic reactions, liver injury or blood-count changes depending on the agent.",Serious risks vary by ingredient and formulation; individual drug label extraction required.,Inhibit bacterial cell-wall synthesis and resist many staphylococcal penicillinases. Diarrhoea can reflect gut-flora disruption; liver or blood effects are agent-specific.,Beta-lactam allergy; liver disease and concurrent hepatotoxic medicines may matter for selected agents.,"Seek urgent care for severe allergy or blistering rash; contact a clinician for jaundice, unusual bruising, fever or persistent severe diarrhoea.",Current FDA approval/marketed status not independently verified.,Provisional class-level summary only; individual label not yet verified.,class-level scaffold; not sufficient for clinical use
Flucloxacillin,Treatment of selected infections caused by susceptible penicillinase-producing staphylococci; exact use and availability vary by agent and country. (provisional class-level summary; verify against a drug-specific label).,"Possible effects include nausea, diarrhoea and rash; serious risks can include allergic reactions, liver injury or blood-count changes depending on the agent.",Serious risks vary by ingredient and formulation; individual drug label extraction required.,Inhibit bacterial cell-wall synthesis and resist many staphylococcal penicillinases. Diarrhoea can reflect gut-flora disruption; liver or blood effects are agent-specific.,Beta-lactam allergy; liver disease and concurrent hepatotoxic medicines may matter for selected agents.,"Seek urgent care for severe allergy or blistering rash; contact a clinician for jaundice, unusual bruising, fever or persistent severe diarrhoea.",Current FDA approval/marketed status not independently verified.,Provisional class-level summary only; individual label not yet verified.,class-level scaffold; not sufficient for clinical use
Temocillin,Treatment of selected infections caused by susceptible penicillinase-producing staphylococci; exact use and availability vary by agent and country. (provisional class-level summary; verify against a drug-specific label).,"Possible effects include nausea, diarrhoea and rash; serious risks can include allergic reactions, liver injury or blood-count changes depending on the agent.",Serious risks vary by ingredient and formulation; individual drug label extraction required.,Inhibit bacterial cell-wall synthesis and resist many staphylococcal penicillinases. Diarrhoea can reflect gut-flora disruption; liver or blood effects are agent-specific.,Beta-lactam allergy; liver disease and concurrent hepatotoxic medicines may matter for selected agents.,"Seek urgent care for severe allergy or blistering rash; contact a clinician for jaundice, unusual bruising, fever or persistent severe diarrhoea.",Availability and approved indications are jurisdiction-specific; verify current label.,Provisional class-level summary only; individual label not yet verified.,class-level scaffold; not sufficient for clinical use
Carbenicillin,"Treatment of selected serious infections caused by susceptible bacteria, including some Gram-negative infections; agent-specific spectrum and availability vary. (provisional class-level summary; verify against a drug-specific label).","Possible effects include diarrhoea, nausea and rash; serious risks can include allergic reactions, blood-count changes, kidney-related concerns and C. difficile-associated diarrhoea.",Serious risks vary by ingredient and formulation; individual drug label extraction required.,"Inhibit bacterial cell-wall synthesis. GI effects and hypersensitivity can occur; kidney, electrolyte and blood effects depend on the specific agent and regimen.",Beta-lactam allergy; kidney impairment; electrolyte abnormalities and concurrent nephrotoxic medicines may matter.,"Urgent assessment is needed for severe allergy, severe diarrhoea, confusion/seizure, or reduced urine output; systemic treatment may require laboratory monitoring.",Older agent; availability and use vary substantially by country.,Provisional class-level summary only; individual label not yet verified.,class-level scaffold; not sufficient for clinical use
Ticarcillin,"Treatment of selected serious infections caused by susceptible bacteria, including some Gram-negative infections; agent-specific spectrum and availability vary. (provisional class-level summary; verify against a drug-specific label).","Possible effects include diarrhoea, nausea and rash; serious risks can include allergic reactions, blood-count changes, kidney-related concerns and C. difficile-associated diarrhoea.",Serious risks vary by ingredient and formulation; individual drug label extraction required.,"Inhibit bacterial cell-wall synthesis. GI effects and hypersensitivity can occur; kidney, electrolyte and blood effects depend on the specific agent and regimen.",Beta-lactam allergy; kidney impairment; electrolyte abnormalities and concurrent nephrotoxic medicines may matter.,"Urgent assessment is needed for severe allergy, severe diarrhoea, confusion/seizure, or reduced urine output; systemic treatment may require laboratory monitoring.",Current FDA approval/marketed status not independently verified.,Provisional class-level summary only; individual label not yet verified.,class-level scaffold; not sufficient for clinical use
Piperacillin,"Treatment of selected serious infections caused by susceptible bacteria, including some Gram-negative infections; agent-specific spectrum and availability vary. (provisional class-level summary; verify against a drug-specific label).","Possible effects include diarrhoea, nausea and rash; serious risks can include allergic reactions, blood-count changes, kidney-related concerns and C. difficile-associated diarrhoea.",Serious risks vary by ingredient and formulation; individual drug label extraction required.,"Inhibit bacterial cell-wall synthesis. GI effects and hypersensitivity can occur; kidney, electrolyte and blood effects depend on the specific agent and regimen.",Beta-lactam allergy; kidney impairment; electrolyte abnormalities and concurrent nephrotoxic medicines may matter.,"Urgent assessment is needed for severe allergy, severe diarrhoea, confusion/seizure, or reduced urine output; systemic treatment may require laboratory monitoring.",Current FDA approval/marketed status not independently verified.,Provisional class-level summary only; individual label not yet verified.,class-level scaffold; not sufficient for clinical use
Mezlocillin,"Treatment of selected serious infections caused by susceptible bacteria, including some Gram-negative infections; agent-specific spectrum and availability vary. (provisional class-level summary; verify against a drug-specific label).","Possible effects include diarrhoea, nausea and rash; serious risks can include allergic reactions, blood-count changes, kidney-related concerns and C. difficile-associated diarrhoea.",Serious risks vary by ingredient and formulation; individual drug label extraction required.,"Inhibit bacterial cell-wall synthesis. GI effects and hypersensitivity can occur; kidney, electrolyte and blood effects depend on the specific agent and regimen.",Beta-lactam allergy; kidney impairment; electrolyte abnormalities and concurrent nephrotoxic medicines may matter.,"Urgent assessment is needed for severe allergy, severe diarrhoea, confusion/seizure, or reduced urine output; systemic treatment may require laboratory monitoring.",Older agent; not routinely marketed in many jurisdictions.,Provisional class-level summary only; individual label not yet verified.,class-level scaffold; not sufficient for clinical use
Azlocillin,"Treatment of selected serious infections caused by susceptible bacteria, including some Gram-negative infections; agent-specific spectrum and availability vary. (provisional class-level summary; verify against a drug-specific label).","Possible effects include diarrhoea, nausea and rash; serious risks can include allergic reactions, blood-count changes, kidney-related concerns and C. difficile-associated diarrhoea.",Serious risks vary by ingredient and formulation; individual drug label extraction required.,"Inhibit bacterial cell-wall synthesis. GI effects and hypersensitivity can occur; kidney, electrolyte and blood effects depend on the specific agent and regimen.",Beta-lactam allergy; kidney impairment; electrolyte abnormalities and concurrent nephrotoxic medicines may matter.,"Urgent assessment is needed for severe allergy, severe diarrhoea, confusion/seizure, or reduced urine output; systemic treatment may require laboratory monitoring.",Older agent; not routinely marketed in many jurisdictions.,Provisional class-level summary only; individual label not yet verified.,class-level scaffold; not sufficient for clinical use
Sulbenicillin,"Treatment of selected serious infections caused by susceptible bacteria, including some Gram-negative infections; agent-specific spectrum and availability vary. (provisional class-level summary; verify against a drug-specific label).","Possible effects include diarrhoea, nausea and rash; serious risks can include allergic reactions, blood-count changes, kidney-related concerns and C. difficile-associated diarrhoea.",Serious risks vary by ingredient and formulation; individual drug label extraction required.,"Inhibit bacterial cell-wall synthesis. GI effects and hypersensitivity can occur; kidney, electrolyte and blood effects depend on the specific agent and regimen.",Beta-lactam allergy; kidney impairment; electrolyte abnormalities and concurrent nephrotoxic medicines may matter.,"Urgent assessment is needed for severe allergy, severe diarrhoea, confusion/seizure, or reduced urine output; systemic treatment may require laboratory monitoring.",Regional/older agent; verify local approval and current product availability.,Provisional class-level summary only; individual label not yet verified.,class-level scaffold; not sufficient for clinical use
Amoxicillin-clavulanate (Co-amoxiclav),"Treatment of selected susceptible bacterial infections, including some sinus, ear, respiratory, skin and urinary infections.","Possible effects include diarrhoea, nausea and rash; serious risks can include allergy, C. difficile-associated diarrhoea and liver injury with certain combinations.",Serious risks vary by ingredient and formulation; individual drug label extraction required.,The beta-lactam blocks cell-wall synthesis while the inhibitor protects it from selected beta-lactamases. GI effects often reflect antibiotic exposure and gut-flora disruption.,Beta-lactam allergy; renal or hepatic impairment depending on combination; concomitant anticoagulants or other interacting medicines may matter.,Seek urgent care for severe allergy or severe/persistent diarrhoea; report jaundice/dark urine or unusual bleeding promptly.,Current FDA approval/marketed status not independently verified.,Starter summary matched by name; must still be checked against current drug-specific label.,class-level scaffold; not sufficient for clinical use
Ampicillin-sulbactam,"Treatment of selected infections caused by susceptible bacteria, including organisms that produce certain beta-lactamases; approved uses differ by combination. (provisional class-level summary; verify against a drug-specific label).","Possible effects include diarrhoea, nausea and rash; serious risks can include allergy, C. difficile-associated diarrhoea and liver injury with certain combinations.",Serious risks vary by ingredient and formulation; individual drug label extraction required.,The beta-lactam blocks cell-wall synthesis while the inhibitor protects it from selected beta-lactamases. GI effects often reflect antibiotic exposure and gut-flora disruption.,Beta-lactam allergy; renal or hepatic impairment depending on combination; concomitant anticoagulants or other interacting medicines may matter.,Seek urgent care for severe allergy or severe/persistent diarrhoea; report jaundice/dark urine or unusual bleeding promptly.,Current FDA approval/marketed status not independently verified.,Provisional class-level summary only; individual label not yet verified.,class-level scaffold; not sufficient for clinical use
Piperacillin-tazobactam,"Treatment of selected serious infections caused by susceptible bacteria, including certain intra-abdominal, skin, pelvic and hospital-acquired pneumonia infections.","Possible effects include diarrhoea, nausea and rash; serious risks can include allergy, C. difficile-associated diarrhoea and liver injury with certain combinations.",Serious risks vary by ingredient and formulation; individual drug label extraction required.,The beta-lactam blocks cell-wall synthesis while the inhibitor protects it from selected beta-lactamases. GI effects often reflect antibiotic exposure and gut-flora disruption.,Beta-lactam allergy; renal or hepatic impairment depending on combination; concomitant anticoagulants or other interacting medicines may matter.,Seek urgent care for severe allergy or severe/persistent diarrhoea; report jaundice/dark urine or unusual bleeding promptly.,Current FDA approval/marketed status not independently verified.,Starter summary matched by name; must still be checked against current drug-specific label.,class-level scaffold; not sufficient for clinical use
Ticarcillin-clavulanate,"Treatment of selected infections caused by susceptible bacteria, including organisms that produce certain beta-lactamases; approved uses differ by combination. (provisional class-level summary; verify against a drug-specific label).","Possible effects include diarrhoea, nausea and rash; serious risks can include allergy, C. difficile-associated diarrhoea and liver injury with certain combinations.",Serious risks vary by ingredient and formulation; individual drug label extraction required.,The beta-lactam blocks cell-wall synthesis while the inhibitor protects it from selected beta-lactamases. GI effects often reflect antibiotic exposure and gut-flora disruption.,Beta-lactam allergy; renal or hepatic impairment depending on combination; concomitant anticoagulants or other interacting medicines may matter.,Seek urgent care for severe allergy or severe/persistent diarrhoea; report jaundice/dark urine or unusual bleeding promptly.,Current FDA approval/marketed status not independently verified.,Provisional class-level summary only; individual label not yet verified.,class-level scaffold; not sufficient for clinical use
Amoxicillin-sulbactam,"Treatment of selected infections caused by susceptible bacteria, including organisms that produce certain beta-lactamases; approved uses differ by combination. (provisional class-level summary; verify against a drug-specific label).","Possible effects include diarrhoea, nausea and rash; serious risks can include allergy, C. difficile-associated diarrhoea and liver injury with certain combinations.",Serious risks vary by ingredient and formulation; individual drug label extraction required.,The beta-lactam blocks cell-wall synthesis while the inhibitor protects it from selected beta-lactamases. GI effects often reflect antibiotic exposure and gut-flora disruption.,Beta-lactam allergy; renal or hepatic impairment depending on combination; concomitant anticoagulants or other interacting medicines may matter.,Seek urgent care for severe allergy or severe/persistent diarrhoea; report jaundice/dark urine or unusual bleeding promptly.,Current FDA approval/marketed status not independently verified.,Provisional class-level summary only; individual label not yet verified.,class-level scaffold; not sufficient for clinical use
Cefadroxil,"Treatment of selected susceptible skin/soft-tissue, throat and urinary tract infections.","Possible effects include diarrhoea, nausea and rash; serious risks can include allergic reactions and C. difficile-associated diarrhoea.",Serious risks vary by ingredient and formulation; individual drug label extraction required.,Beta-lactam cell-wall inhibition. Diarrhoea can reflect gut-flora disruption; allergy risk depends on patient history and the specific agent.,Cephalosporin/beta-lactam allergy history; kidney impairment for selected agents.,Seek urgent care for severe allergy or blistering rash; contact a clinician for severe/persistent diarrhoea.,Current FDA approval/marketed status not independently verified.,Starter summary matched by name; must still be checked against current drug-specific label.,class-level scaffold; not sufficient for clinical use
Cefazolin,"Treatment of selected susceptible bacterial infections, commonly in perioperative prevention and certain skin, bone, joint and other infections.","Possible effects include diarrhoea, nausea and rash; serious risks can include allergic reactions and C. difficile-associated diarrhoea.",Serious risks vary by ingredient and formulation; individual drug label extraction required.,Beta-lactam cell-wall inhibition. Diarrhoea can reflect gut-flora disruption; allergy risk depends on patient history and the specific agent.,Cephalosporin/beta-lactam allergy history; kidney impairment for selected agents.,Seek urgent care for severe allergy or blistering rash; contact a clinician for severe/persistent diarrhoea.,Current FDA approval/marketed status not independently verified.,Starter summary matched by name; must still be checked against current drug-specific label.,class-level scaffold; not sufficient for clinical use
Cephalexin (INN: cefalexin),"Treatment of selected susceptible skin and soft-tissue, respiratory, bone and genitourinary infections.","Possible effects include diarrhoea, nausea and rash; serious risks can include allergic reactions and C. difficile-associated diarrhoea.",Serious risks vary by ingredient and formulation; individual drug label extraction required.,Beta-lactam cell-wall inhibition. Diarrhoea can reflect gut-flora disruption; allergy risk depends on patient history and the specific agent.,Cephalosporin/beta-lactam allergy history; kidney impairment for selected agents.,Seek urgent care for severe allergy or blistering rash; contact a clinician for severe/persistent diarrhoea.,Current FDA approval/marketed status not independently verified.,Starter summary matched by name; must still be checked against current drug-specific label.,class-level scaffold; not sufficient for clinical use
Cephradine (INN: cefradine),"Treatment or prevention of selected susceptible bacterial infections, commonly including skin/soft-tissue, urinary or perioperative indications depending on the agent. (provisional class-level summary; verify against a drug-specific label).","Possible effects include diarrhoea, nausea and rash; serious risks can include allergic reactions and C. difficile-associated diarrhoea.",Serious risks vary by ingredient and formulation; individual drug label extraction required.,Beta-lactam cell-wall inhibition. Diarrhoea can reflect gut-flora disruption; allergy risk depends on patient history and the specific agent.,Cephalosporin/beta-lactam allergy history; kidney impairment for selected agents.,Seek urgent care for severe allergy or blistering rash; contact a clinician for severe/persistent diarrhoea.,Current FDA approval/marketed status not independently verified.,Provisional class-level summary only; individual label not yet verified.,class-level scaffold; not sufficient for clinical use
Cephapirin,"Treatment or prevention of selected susceptible bacterial infections, commonly including skin/soft-tissue, urinary or perioperative indications depending on the agent. (provisional class-level summary; verify against a drug-specific label).","Possible effects include diarrhoea, nausea and rash; serious risks can include allergic reactions and C. difficile-associated diarrhoea.",Serious risks vary by ingredient and formulation; individual drug label extraction required.,Beta-lactam cell-wall inhibition. Diarrhoea can reflect gut-flora disruption; allergy risk depends on patient history and the specific agent.,Cephalosporin/beta-lactam allergy history; kidney impairment for selected agents.,Seek urgent care for severe allergy or blistering rash; contact a clinician for severe/persistent diarrhoea.,Current FDA approval/marketed status not independently verified.,Provisional class-level summary only; individual label not yet verified.,class-level scaffold; not sufficient for clinical use
Cephalothin (INN: cefalotin),"Treatment or prevention of selected susceptible bacterial infections, commonly including skin/soft-tissue, urinary or perioperative indications depending on the agent. (provisional class-level summary; verify against a drug-specific label).","Possible effects include diarrhoea, nausea and rash; serious risks can include allergic reactions and C. difficile-associated diarrhoea.",Serious risks vary by ingredient and formulation; individual drug label extraction required.,Beta-lactam cell-wall inhibition. Diarrhoea can reflect gut-flora disruption; allergy risk depends on patient history and the specific agent.,Cephalosporin/beta-lactam allergy history; kidney impairment for selected agents.,Seek urgent care for severe allergy or blistering rash; contact a clinician for severe/persistent diarrhoea.,Current FDA approval/marketed status not independently verified.,Provisional class-level summary only; individual label not yet verified.,class-level scaffold; not sufficient for clinical use
Cefazaflur,"Treatment or prevention of selected susceptible bacterial infections, commonly including skin/soft-tissue, urinary or perioperative indications depending on the agent. (provisional class-level summary; verify against a drug-specific label).","Possible effects include diarrhoea, nausea and rash; serious risks can include allergic reactions and C. difficile-associated diarrhoea.",Serious risks vary by ingredient and formulation; individual drug label extraction required.,Beta-lactam cell-wall inhibition. Diarrhoea can reflect gut-flora disruption; allergy risk depends on patient history and the specific agent.,Cephalosporin/beta-lactam allergy history; kidney impairment for selected agents.,Seek urgent care for severe allergy or blistering rash; contact a clinician for severe/persistent diarrhoea.,Older/limited-use agent; current human marketed status requires verification.,Provisional class-level summary only; individual label not yet verified.,class-level scaffold; not sufficient for clinical use
Cefroxadine,"Treatment or prevention of selected susceptible bacterial infections, commonly including skin/soft-tissue, urinary or perioperative indications depending on the agent. (provisional class-level summary; verify against a drug-specific label).","Possible effects include diarrhoea, nausea and rash; serious risks can include allergic reactions and C. difficile-associated diarrhoea.",Serious risks vary by ingredient and formulation; individual drug label extraction required.,Beta-lactam cell-wall inhibition. Diarrhoea can reflect gut-flora disruption; allergy risk depends on patient history and the specific agent.,Cephalosporin/beta-lactam allergy history; kidney impairment for selected agents.,Seek urgent care for severe allergy or blistering rash; contact a clinician for severe/persistent diarrhoea.,Current FDA approval/marketed status not independently verified.,Provisional class-level summary only; individual label not yet verified.,class-level scaffold; not sufficient for clinical use
Cefaclor,"Treatment of selected susceptible bacterial infections; respiratory, skin, urinary and perioperative indications vary by agent. (provisional class-level summary; verify against a drug-specific label).","Possible effects include diarrhoea, nausea and rash; serious risks can include allergic reactions, C. difficile-associated diarrhoea and agent-specific bleeding or alcohol-interaction concerns.",Serious risks vary by ingredient and formulation; individual drug label extraction required.,Beta-lactam cell-wall inhibition. GI symptoms can reflect gut-flora disruption; some agents have specific coagulation or alcohol-interaction concerns.,Beta-lactam allergy; kidney or liver impairment depending on agent; alcohol use/coagulation status matter for certain agents.,Seek urgent care for severe allergy or severe/persistent diarrhoea; check product-specific alcohol and bleeding warnings.,Current FDA approval/marketed status not independently verified.,Provisional class-level summary only; individual label not yet verified.,class-level scaffold; not sufficient for clinical use
Cefamandole,"Treatment of selected susceptible bacterial infections; respiratory, skin, urinary and perioperative indications vary by agent. (provisional class-level summary; verify against a drug-specific label).","Possible effects include diarrhoea, nausea and rash; serious risks can include allergic reactions, C. difficile-associated diarrhoea and agent-specific bleeding or alcohol-interaction concerns.",Serious risks vary by ingredient and formulation; individual drug label extraction required.,Beta-lactam cell-wall inhibition. GI symptoms can reflect gut-flora disruption; some agents have specific coagulation or alcohol-interaction concerns.,Beta-lactam allergy; kidney or liver impairment depending on agent; alcohol use/coagulation status matter for certain agents.,Seek urgent care for severe allergy or severe/persistent diarrhoea; check product-specific alcohol and bleeding warnings.,Current FDA approval/marketed status not independently verified.,Provisional class-level summary only; individual label not yet verified.,class-level scaffold; not sufficient for clinical use
Cefoxitin,"Treatment of selected susceptible bacterial infections; respiratory, skin, urinary and perioperative indications vary by agent. (provisional class-level summary; verify against a drug-specific label).","Possible effects include diarrhoea, nausea and rash; serious risks can include allergic reactions, C. difficile-associated diarrhoea and agent-specific bleeding or alcohol-interaction concerns.",Serious risks vary by ingredient and formulation; individual drug label extraction required.,Beta-lactam cell-wall inhibition. GI symptoms can reflect gut-flora disruption; some agents have specific coagulation or alcohol-interaction concerns.,Beta-lactam allergy; kidney or liver impairment depending on agent; alcohol use/coagulation status matter for certain agents.,Seek urgent care for severe allergy or severe/persistent diarrhoea; check product-specific alcohol and bleeding warnings.,Current FDA approval/marketed status not independently verified.,Provisional class-level summary only; individual label not yet verified.,class-level scaffold; not sufficient for clinical use
Cefprozil,"Treatment of selected susceptible bacterial infections; respiratory, skin, urinary and perioperative indications vary by agent. (provisional class-level summary; verify against a drug-specific label).","Possible effects include diarrhoea, nausea and rash; serious risks can include allergic reactions, C. difficile-associated diarrhoea and agent-specific bleeding or alcohol-interaction concerns.",Serious risks vary by ingredient and formulation; individual drug label extraction required.,Beta-lactam cell-wall inhibition. GI symptoms can reflect gut-flora disruption; some agents have specific coagulation or alcohol-interaction concerns.,Beta-lactam allergy; kidney or liver impairment depending on agent; alcohol use/coagulation status matter for certain agents.,Seek urgent care for severe allergy or severe/persistent diarrhoea; check product-specific alcohol and bleeding warnings.,Current FDA approval/marketed status not independently verified.,Provisional class-level summary only; individual label not yet verified.,class-level scaffold; not sufficient for clinical use
Cefuroxime,"Treatment of selected susceptible infections, including certain respiratory, ear, skin and urinary tract infections; formulations have different approved uses.","Possible effects include diarrhoea, nausea and rash; serious risks can include allergic reactions, C. difficile-associated diarrhoea and agent-specific bleeding or alcohol-interaction concerns.",Serious risks vary by ingredient and formulation; individual drug label extraction required.,Beta-lactam cell-wall inhibition. GI symptoms can reflect gut-flora disruption; some agents have specific coagulation or alcohol-interaction concerns.,Beta-lactam allergy; kidney or liver impairment depending on agent; alcohol use/coagulation status matter for certain agents.,Seek urgent care for severe allergy or severe/persistent diarrhoea; check product-specific alcohol and bleeding warnings.,Current FDA approval/marketed status not independently verified.,Starter summary matched by name; must still be checked against current drug-specific label.,class-level scaffold; not sufficient for clinical use
Ceforanide,"Treatment of selected susceptible bacterial infections; respiratory, skin, urinary and perioperative indications vary by agent. (provisional class-level summary; verify against a drug-specific label).","Possible effects include diarrhoea, nausea and rash; serious risks can include allergic reactions, C. difficile-associated diarrhoea and agent-specific bleeding or alcohol-interaction concerns.",Serious risks vary by ingredient and formulation; individual drug label extraction required.,Beta-lactam cell-wall inhibition. GI symptoms can reflect gut-flora disruption; some agents have specific coagulation or alcohol-interaction concerns.,Beta-lactam allergy; kidney or liver impairment depending on agent; alcohol use/coagulation status matter for certain agents.,Seek urgent care for severe allergy or severe/persistent diarrhoea; check product-specific alcohol and bleeding warnings.,Current FDA approval/marketed status not independently verified.,Provisional class-level summary only; individual label not yet verified.,class-level scaffold; not sufficient for clinical use
Cefotetan,"Treatment of selected susceptible bacterial infections; respiratory, skin, urinary and perioperative indications vary by agent. (provisional class-level summary; verify against a drug-specific label).","Possible effects include diarrhoea, nausea and rash; serious risks can include allergic reactions, C. difficile-associated diarrhoea and agent-specific bleeding or alcohol-interaction concerns.",Serious risks vary by ingredient and formulation; individual drug label extraction required.,Beta-lactam cell-wall inhibition. GI symptoms can reflect gut-flora disruption; some agents have specific coagulation or alcohol-interaction concerns.,Beta-lactam allergy; kidney or liver impairment depending on agent; alcohol use/coagulation status matter for certain agents.,Seek urgent care for severe allergy or severe/persistent diarrhoea; check product-specific alcohol and bleeding warnings.,Current FDA approval/marketed status not independently verified.,Provisional class-level summary only; individual label not yet verified.,class-level scaffold; not sufficient for clinical use
Cefonicid,"Treatment of selected susceptible bacterial infections; respiratory, skin, urinary and perioperative indications vary by agent. (provisional class-level summary; verify against a drug-specific label).","Possible effects include diarrhoea, nausea and rash; serious risks can include allergic reactions, C. difficile-associated diarrhoea and agent-specific bleeding or alcohol-interaction concerns.",Serious risks vary by ingredient and formulation; individual drug label extraction required.,Beta-lactam cell-wall inhibition. GI symptoms can reflect gut-flora disruption; some agents have specific coagulation or alcohol-interaction concerns.,Beta-lactam allergy; kidney or liver impairment depending on agent; alcohol use/coagulation status matter for certain agents.,Seek urgent care for severe allergy or severe/persistent diarrhoea; check product-specific alcohol and bleeding warnings.,Current FDA approval/marketed status not independently verified.,Provisional class-level summary only; individual label not yet verified.,class-level scaffold; not sufficient for clinical use
Cefmetazole,"Treatment of selected susceptible bacterial infections; respiratory, skin, urinary and perioperative indications vary by agent. (provisional class-level summary; verify against a drug-specific label).","Possible effects include diarrhoea, nausea and rash; serious risks can include allergic reactions, C. difficile-associated diarrhoea and agent-specific bleeding or alcohol-interaction concerns.",Serious risks vary by ingredient and formulation; individual drug label extraction required.,Beta-lactam cell-wall inhibition. GI symptoms can reflect gut-flora disruption; some agents have specific coagulation or alcohol-interaction concerns.,Beta-lactam allergy; kidney or liver impairment depending on agent; alcohol use/coagulation status matter for certain agents.,Seek urgent care for severe allergy or severe/persistent diarrhoea; check product-specific alcohol and bleeding warnings.,Current FDA approval/marketed status not independently verified.,Provisional class-level summary only; individual label not yet verified.,class-level scaffold; not sufficient for clinical use
Cefbuperazone,"Treatment of selected susceptible bacterial infections; respiratory, skin, urinary and perioperative indications vary by agent. (provisional class-level summary; verify against a drug-specific label).","Possible effects include diarrhoea, nausea and rash; serious risks can include allergic reactions, C. difficile-associated diarrhoea and agent-specific bleeding or alcohol-interaction concerns.",Serious risks vary by ingredient and formulation; individual drug label extraction required.,Beta-lactam cell-wall inhibition. GI symptoms can reflect gut-flora disruption; some agents have specific coagulation or alcohol-interaction concerns.,Beta-lactam allergy; kidney or liver impairment depending on agent; alcohol use/coagulation status matter for certain agents.,Seek urgent care for severe allergy or severe/persistent diarrhoea; check product-specific alcohol and bleeding warnings.,Regional availability; verify current approved product label.,Provisional class-level summary only; individual label not yet verified.,class-level scaffold; not sufficient for clinical use
Cefcapene,"Treatment of selected susceptible bacterial infections; some agents are used for serious systemic infections, while others have narrower oral indications. Veterinary-only agents are not for human use. (provisional class-level summary; verify against a drug-specific label).","Possible effects include diarrhoea, nausea and rash; serious risks can include allergic reactions and C. difficile-associated diarrhoea. Agent-specific risks differ.",Serious risks vary by ingredient and formulation; individual drug label extraction required.,Beta-lactam cell-wall inhibition. GI symptoms can reflect gut-flora disruption; neurotoxicity risk is agent- and renal-function-dependent.,Beta-lactam allergy; renal/hepatic impairment depending on agent; neonatal age and calcium-containing IV solutions matter for ceftriaxone.,"Seek urgent care for severe allergy, severe diarrhoea, seizures/confusion, or jaundice; follow formulation-specific instructions.",Regional availability; verify current approved product label.,Provisional class-level summary only; individual label not yet verified.,class-level scaffold; not sufficient for clinical use
Cefdaloxime,"Treatment of selected susceptible bacterial infections; some agents are used for serious systemic infections, while others have narrower oral indications. Veterinary-only agents are not for human use. (provisional class-level summary; verify against a drug-specific label).","Possible effects include diarrhoea, nausea and rash; serious risks can include allergic reactions and C. difficile-associated diarrhoea. Agent-specific risks differ.",Serious risks vary by ingredient and formulation; individual drug label extraction required.,Beta-lactam cell-wall inhibition. GI symptoms can reflect gut-flora disruption; neurotoxicity risk is agent- and renal-function-dependent.,Beta-lactam allergy; renal/hepatic impairment depending on agent; neonatal age and calcium-containing IV solutions matter for ceftriaxone.,"Seek urgent care for severe allergy, severe diarrhoea, seizures/confusion, or jaundice; follow formulation-specific instructions.",Identity/nomenclature uncertain; do not publish as a verified ingredient until confirmed.,Provisional class-level summary only; individual label not yet verified.,class-level scaffold; not sufficient for clinical use
Cefdinir,"Treatment of selected susceptible infections, including certain respiratory, ear and skin infections.","Possible effects include diarrhoea, nausea and rash; serious risks can include allergic reactions and C. difficile-associated diarrhoea. Agent-specific risks differ.",Serious risks vary by ingredient and formulation; individual drug label extraction required.,Beta-lactam cell-wall inhibition. GI symptoms can reflect gut-flora disruption; neurotoxicity risk is agent- and renal-function-dependent.,Beta-lactam allergy; renal/hepatic impairment depending on agent; neonatal age and calcium-containing IV solutions matter for ceftriaxone.,"Seek urgent care for severe allergy, severe diarrhoea, seizures/confusion, or jaundice; follow formulation-specific instructions.",Current FDA approval/marketed status not independently verified.,Starter summary matched by name; must still be checked against current drug-specific label.,class-level scaffold; not sufficient for clinical use
Cefditoren,"Treatment of selected susceptible bacterial infections; some agents are used for serious systemic infections, while others have narrower oral indications. Veterinary-only agents are not for human use. (provisional class-level summary; verify against a drug-specific label).","Possible effects include diarrhoea, nausea and rash; serious risks can include allergic reactions and C. difficile-associated diarrhoea. Agent-specific risks differ.",Serious risks vary by ingredient and formulation; individual drug label extraction required.,Beta-lactam cell-wall inhibition. GI symptoms can reflect gut-flora disruption; neurotoxicity risk is agent- and renal-function-dependent.,Beta-lactam allergy; renal/hepatic impairment depending on agent; neonatal age and calcium-containing IV solutions matter for ceftriaxone.,"Seek urgent care for severe allergy, severe diarrhoea, seizures/confusion, or jaundice; follow formulation-specific instructions.",Current FDA approval/marketed status not independently verified.,Provisional class-level summary only; individual label not yet verified.,class-level scaffold; not sufficient for clinical use
Cefetamet,"Treatment of selected susceptible bacterial infections; some agents are used for serious systemic infections, while others have narrower oral indications. Veterinary-only agents are not for human use. (provisional class-level summary; verify against a drug-specific label).","Possible effects include diarrhoea, nausea and rash; serious risks can include allergic reactions and C. difficile-associated diarrhoea. Agent-specific risks differ.",Serious risks vary by ingredient and formulation; individual drug label extraction required.,Beta-lactam cell-wall inhibition. GI symptoms can reflect gut-flora disruption; neurotoxicity risk is agent- and renal-function-dependent.,Beta-lactam allergy; renal/hepatic impairment depending on agent; neonatal age and calcium-containing IV solutions matter for ceftriaxone.,"Seek urgent care for severe allergy, severe diarrhoea, seizures/confusion, or jaundice; follow formulation-specific instructions.",Current FDA approval/marketed status not independently verified.,Provisional class-level summary only; individual label not yet verified.,class-level scaffold; not sufficient for clinical use
Cefixime,"Treatment of selected infections caused by susceptible bacteria, including certain urinary, ear, throat and respiratory infections.","Possible effects include diarrhoea, nausea and rash; serious risks can include allergic reactions and C. difficile-associated diarrhoea. Agent-specific risks differ.",Serious risks vary by ingredient and formulation; individual drug label extraction required.,Beta-lactam cell-wall inhibition. GI symptoms can reflect gut-flora disruption; neurotoxicity risk is agent- and renal-function-dependent.,Beta-lactam allergy; renal/hepatic impairment depending on agent; neonatal age and calcium-containing IV solutions matter for ceftriaxone.,"Seek urgent care for severe allergy, severe diarrhoea, seizures/confusion, or jaundice; follow formulation-specific instructions.",Current FDA approval/marketed status not independently verified.,Starter summary matched by name; must still be checked against current drug-specific label.,class-level scaffold; not sufficient for clinical use
Cefmenoxime,"Treatment of selected susceptible bacterial infections; some agents are used for serious systemic infections, while others have narrower oral indications. Veterinary-only agents are not for human use. (provisional class-level summary; verify against a drug-specific label).","Possible effects include diarrhoea, nausea and rash; serious risks can include allergic reactions and C. difficile-associated diarrhoea. Agent-specific risks differ.",Serious risks vary by ingredient and formulation; individual drug label extraction required.,Beta-lactam cell-wall inhibition. GI symptoms can reflect gut-flora disruption; neurotoxicity risk is agent- and renal-function-dependent.,Beta-lactam allergy; renal/hepatic impairment depending on agent; neonatal age and calcium-containing IV solutions matter for ceftriaxone.,"Seek urgent care for severe allergy, severe diarrhoea, seizures/confusion, or jaundice; follow formulation-specific instructions.",Regional availability; verify current approved product label.,Provisional class-level summary only; individual label not yet verified.,class-level scaffold; not sufficient for clinical use
Cefodizime,"Treatment of selected susceptible bacterial infections; some agents are used for serious systemic infections, while others have narrower oral indications. Veterinary-only agents are not for human use. (provisional class-level summary; verify against a drug-specific label).","Possible effects include diarrhoea, nausea and rash; serious risks can include allergic reactions and C. difficile-associated diarrhoea. Agent-specific risks differ.",Serious risks vary by ingredient and formulation; individual drug label extraction required.,Beta-lactam cell-wall inhibition. GI symptoms can reflect gut-flora disruption; neurotoxicity risk is agent- and renal-function-dependent.,Beta-lactam allergy; renal/hepatic impairment depending on agent; neonatal age and calcium-containing IV solutions matter for ceftriaxone.,"Seek urgent care for severe allergy, severe diarrhoea, seizures/confusion, or jaundice; follow formulation-specific instructions.",Regional availability; verify current approved product label.,Provisional class-level summary only; individual label not yet verified.,class-level scaffold; not sufficient for clinical use
Cefoperazone,"Treatment of selected susceptible bacterial infections; some agents are used for serious systemic infections, while others have narrower oral indications. Veterinary-only agents are not for human use. (provisional class-level summary; verify against a drug-specific label).","Possible effects include diarrhoea, nausea and rash; serious risks can include allergic reactions and C. difficile-associated diarrhoea. Agent-specific risks differ.",Serious risks vary by ingredient and formulation; individual drug label extraction required.,Beta-lactam cell-wall inhibition. GI symptoms can reflect gut-flora disruption; neurotoxicity risk is agent- and renal-function-dependent.,Beta-lactam allergy; renal/hepatic impairment depending on agent; neonatal age and calcium-containing IV solutions matter for ceftriaxone.,"Seek urgent care for severe allergy, severe diarrhoea, seizures/confusion, or jaundice; follow formulation-specific instructions.",Current FDA approval/marketed status not independently verified.,Provisional class-level summary only; individual label not yet verified.,class-level scaffold; not sufficient for clinical use
Cefotaxime,"Treatment of selected susceptible bacterial infections; some agents are used for serious systemic infections, while others have narrower oral indications. Veterinary-only agents are not for human use. (provisional class-level summary; verify against a drug-specific label).","Possible effects include diarrhoea, nausea and rash; serious risks can include allergic reactions and C. difficile-associated diarrhoea. Agent-specific risks differ.",Serious risks vary by ingredient and formulation; individual drug label extraction required.,Beta-lactam cell-wall inhibition. GI symptoms can reflect gut-flora disruption; neurotoxicity risk is agent- and renal-function-dependent.,Beta-lactam allergy; renal/hepatic impairment depending on agent; neonatal age and calcium-containing IV solutions matter for ceftriaxone.,"Seek urgent care for severe allergy, severe diarrhoea, seizures/confusion, or jaundice; follow formulation-specific instructions.",Current FDA approval/marketed status not independently verified.,Provisional class-level summary only; individual label not yet verified.,class-level scaffold; not sufficient for clinical use
Cefpimizole,"Treatment of selected susceptible bacterial infections; some agents are used for serious systemic infections, while others have narrower oral indications. Veterinary-only agents are not for human use. (provisional class-level summary; verify against a drug-specific label).","Possible effects include diarrhoea, nausea and rash; serious risks can include allergic reactions and C. difficile-associated diarrhoea. Agent-specific risks differ.",Serious risks vary by ingredient and formulation; individual drug label extraction required.,Beta-lactam cell-wall inhibition. GI symptoms can reflect gut-flora disruption; neurotoxicity risk is agent- and renal-function-dependent.,Beta-lactam allergy; renal/hepatic impairment depending on agent; neonatal age and calcium-containing IV solutions matter for ceftriaxone.,"Seek urgent care for severe allergy, severe diarrhoea, seizures/confusion, or jaundice; follow formulation-specific instructions.",Regional/limited availability; verify current approved product label.,Provisional class-level summary only; individual label not yet verified.,class-level scaffold; not sufficient for clinical use
Cefpodoxime,"Treatment of selected susceptible respiratory, skin and urinary tract infections.","Possible effects include diarrhoea, nausea and rash; serious risks can include allergic reactions and C. difficile-associated diarrhoea. Agent-specific risks differ.",Serious risks vary by ingredient and formulation; individual drug label extraction required.,Beta-lactam cell-wall inhibition. GI symptoms can reflect gut-flora disruption; neurotoxicity risk is agent- and renal-function-dependent.,Beta-lactam allergy; renal/hepatic impairment depending on agent; neonatal age and calcium-containing IV solutions matter for ceftriaxone.,"Seek urgent care for severe allergy, severe diarrhoea, seizures/confusion, or jaundice; follow formulation-specific instructions.",Current FDA approval/marketed status not independently verified.,Starter summary matched by name; must still be checked against current drug-specific label.,class-level scaffold; not sufficient for clinical use
Cefteram,"Treatment of selected susceptible bacterial infections; some agents are used for serious systemic infections, while others have narrower oral indications. Veterinary-only agents are not for human use. (provisional class-level summary; verify against a drug-specific label).","Possible effects include diarrhoea, nausea and rash; serious risks can include allergic reactions and C. difficile-associated diarrhoea. Agent-specific risks differ.",Serious risks vary by ingredient and formulation; individual drug label extraction required.,Beta-lactam cell-wall inhibition. GI symptoms can reflect gut-flora disruption; neurotoxicity risk is agent- and renal-function-dependent.,Beta-lactam allergy; renal/hepatic impairment depending on agent; neonatal age and calcium-containing IV solutions matter for ceftriaxone.,"Seek urgent care for severe allergy, severe diarrhoea, seizures/confusion, or jaundice; follow formulation-specific instructions.",Regional availability; verify current approved product label.,Provisional class-level summary only; individual label not yet verified.,class-level scaffold; not sufficient for clinical use
Ceftibuten,"Treatment of selected susceptible bacterial infections; some agents are used for serious systemic infections, while others have narrower oral indications. Veterinary-only agents are not for human use. (provisional class-level summary; verify against a drug-specific label).","Possible effects include diarrhoea, nausea and rash; serious risks can include allergic reactions and C. difficile-associated diarrhoea. Agent-specific risks differ.",Serious risks vary by ingredient and formulation; individual drug label extraction required.,Beta-lactam cell-wall inhibition. GI symptoms can reflect gut-flora disruption; neurotoxicity risk is agent- and renal-function-dependent.,Beta-lactam allergy; renal/hepatic impairment depending on agent; neonatal age and calcium-containing IV solutions matter for ceftriaxone.,"Seek urgent care for severe allergy, severe diarrhoea, seizures/confusion, or jaundice; follow formulation-specific instructions.",Current FDA approval/marketed status not independently verified.,Provisional class-level summary only; individual label not yet verified.,class-level scaffold; not sufficient for clinical use
Ceftiofur,"Treatment of selected susceptible bacterial infections; some agents are used for serious systemic infections, while others have narrower oral indications. Veterinary-only agents are not for human use. (provisional class-level summary; verify against a drug-specific label).","Possible effects include diarrhoea, nausea and rash; serious risks can include allergic reactions and C. difficile-associated diarrhoea. Agent-specific risks differ.",Serious risks vary by ingredient and formulation; individual drug label extraction required.,Beta-lactam cell-wall inhibition. GI symptoms can reflect gut-flora disruption; neurotoxicity risk is agent- and renal-function-dependent.,Beta-lactam allergy; renal/hepatic impairment depending on agent; neonatal age and calcium-containing IV solutions matter for ceftriaxone.,"Seek urgent care for severe allergy, severe diarrhoea, seizures/confusion, or jaundice; follow formulation-specific instructions.",Veterinary antimicrobial; exclude from human-patient recommendations.,Provisional class-level summary only; individual label not yet verified.,class-level scaffold; not sufficient for clinical use
Ceftizoxime,"Treatment of selected susceptible bacterial infections; some agents are used for serious systemic infections, while others have narrower oral indications. Veterinary-only agents are not for human use. (provisional class-level summary; verify against a drug-specific label).","Possible effects include diarrhoea, nausea and rash; serious risks can include allergic reactions and C. difficile-associated diarrhoea. Agent-specific risks differ.",Serious risks vary by ingredient and formulation; individual drug label extraction required.,Beta-lactam cell-wall inhibition. GI symptoms can reflect gut-flora disruption; neurotoxicity risk is agent- and renal-function-dependent.,Beta-lactam allergy; renal/hepatic impairment depending on agent; neonatal age and calcium-containing IV solutions matter for ceftriaxone.,"Seek urgent care for severe allergy, severe diarrhoea, seizures/confusion, or jaundice; follow formulation-specific instructions.",Current FDA approval/marketed status not independently verified.,Provisional class-level summary only; individual label not yet verified.,class-level scaffold; not sufficient for clinical use
Ceftriaxone,"Treatment of serious or selected susceptible bacterial infections, including certain respiratory, bloodstream, abdominal, urinary, skin, bone/joint and meningitis infections.","Possible effects include diarrhoea, nausea and rash; serious risks can include allergic reactions and C. difficile-associated diarrhoea. Agent-specific risks differ.",Serious risks vary by ingredient and formulation; individual drug label extraction required.,Beta-lactam cell-wall inhibition. GI symptoms can reflect gut-flora disruption; neurotoxicity risk is agent- and renal-function-dependent.,Beta-lactam allergy; renal/hepatic impairment depending on agent; neonatal age and calcium-containing IV solutions matter for ceftriaxone.,"Seek urgent care for severe allergy, severe diarrhoea, seizures/confusion, or jaundice; follow formulation-specific instructions.",Current FDA approval/marketed status not independently verified.,Starter summary matched by name; must still be checked against current drug-specific label.,class-level scaffold; not sufficient for clinical use
Ceftazidime,"Treatment of selected susceptible bacterial infections; some agents are used for serious systemic infections, while others have narrower oral indications. Veterinary-only agents are not for human use. (provisional class-level summary; verify against a drug-specific label).","Possible effects include diarrhoea, nausea and rash; serious risks can include allergic reactions and C. difficile-associated diarrhoea. Agent-specific risks differ.",Serious risks vary by ingredient and formulation; individual drug label extraction required.,Beta-lactam cell-wall inhibition. GI symptoms can reflect gut-flora disruption; neurotoxicity risk is agent- and renal-function-dependent.,Beta-lactam allergy; renal/hepatic impairment depending on agent; neonatal age and calcium-containing IV solutions matter for ceftriaxone.,"Seek urgent care for severe allergy, severe diarrhoea, seizures/confusion, or jaundice; follow formulation-specific instructions.",Current FDA approval/marketed status not independently verified.,Provisional class-level summary only; individual label not yet verified.,class-level scaffold; not sufficient for clinical use
Latamoxef (moxalactam),"Treatment of selected susceptible bacterial infections; some agents are used for serious systemic infections, while others have narrower oral indications. Veterinary-only agents are not for human use. (provisional class-level summary; verify against a drug-specific label).","Possible effects include diarrhoea, nausea and rash; serious risks can include allergic reactions and C. difficile-associated diarrhoea. Agent-specific risks differ.",Serious risks vary by ingredient and formulation; individual drug label extraction required.,Beta-lactam cell-wall inhibition. GI symptoms can reflect gut-flora disruption; neurotoxicity risk is agent- and renal-function-dependent.,Beta-lactam allergy; renal/hepatic impairment depending on agent; neonatal age and calcium-containing IV solutions matter for ceftriaxone.,"Seek urgent care for severe allergy, severe diarrhoea, seizures/confusion, or jaundice; follow formulation-specific instructions.",Current FDA approval/marketed status not independently verified.,Provisional class-level summary only; individual label not yet verified.,class-level scaffold; not sufficient for clinical use
Cefepime,"Treatment of selected moderate-to-severe infections caused by susceptible bacteria, including certain pneumonia, urinary, skin and intra-abdominal infections when used with appropriate companion therapy.","Possible effects include rash, diarrhoea and nausea; serious risks can include allergic reactions and neurotoxicity, particularly with renal impairment for some agents.",Serious risks vary by ingredient and formulation; individual drug label extraction required.,Beta-lactam cell-wall inhibition. Accumulation with reduced renal clearance can contribute to neurologic toxicity for some agents.,Beta-lactam allergy; renal impairment is particularly important for cefepime-related neurotoxicity.,"New confusion, hallucinations, reduced alertness or seizures during therapy require urgent medical review, especially with kidney impairment.",Current FDA approval/marketed status not independently verified.,Starter summary matched by name; must still be checked against current drug-specific label.,class-level scaffold; not sufficient for clinical use
Cefozopran,Treatment of selected serious infections caused by susceptible bacteria; availability and approved indications vary by agent and country. (provisional class-level summary; verify against a drug-specific label).,"Possible effects include rash, diarrhoea and nausea; serious risks can include allergic reactions and neurotoxicity, particularly with renal impairment for some agents.",Serious risks vary by ingredient and formulation; individual drug label extraction required.,Beta-lactam cell-wall inhibition. Accumulation with reduced renal clearance can contribute to neurologic toxicity for some agents.,Beta-lactam allergy; renal impairment is particularly important for cefepime-related neurotoxicity.,"New confusion, hallucinations, reduced alertness or seizures during therapy require urgent medical review, especially with kidney impairment.",Regional availability; verify current approved product label.,Provisional class-level summary only; individual label not yet verified.,class-level scaffold; not sufficient for clinical use
Cefpirome,Treatment of selected serious infections caused by susceptible bacteria; availability and approved indications vary by agent and country. (provisional class-level summary; verify against a drug-specific label).,"Possible effects include rash, diarrhoea and nausea; serious risks can include allergic reactions and neurotoxicity, particularly with renal impairment for some agents.",Serious risks vary by ingredient and formulation; individual drug label extraction required.,Beta-lactam cell-wall inhibition. Accumulation with reduced renal clearance can contribute to neurologic toxicity for some agents.,Beta-lactam allergy; renal impairment is particularly important for cefepime-related neurotoxicity.,"New confusion, hallucinations, reduced alertness or seizures during therapy require urgent medical review, especially with kidney impairment.",Current FDA approval/marketed status not independently verified.,Provisional class-level summary only; individual label not yet verified.,class-level scaffold; not sufficient for clinical use
Cefquinome,Treatment of selected serious infections caused by susceptible bacteria; availability and approved indications vary by agent and country. (provisional class-level summary; verify against a drug-specific label).,"Possible effects include rash, diarrhoea and nausea; serious risks can include allergic reactions and neurotoxicity, particularly with renal impairment for some agents.",Serious risks vary by ingredient and formulation; individual drug label extraction required.,Beta-lactam cell-wall inhibition. Accumulation with reduced renal clearance can contribute to neurologic toxicity for some agents.,Beta-lactam allergy; renal impairment is particularly important for cefepime-related neurotoxicity.,"New confusion, hallucinations, reduced alertness or seizures during therapy require urgent medical review, especially with kidney impairment.",Veterinary antimicrobial; exclude from human-patient recommendations.,Provisional class-level summary only; individual label not yet verified.,class-level scaffold; not sufficient for clinical use
Ceftobiprole,"Treatment of selected infections caused by susceptible bacteria, including certain resistant organisms; exact spectrum, indication and regulatory status vary by agent. (provisional class-level summary; verify against a drug-specific label).","Possible effects include diarrhoea, nausea and headache; serious risks can include allergic reactions and C. difficile-associated diarrhoea. Agent-specific label review is essential.",Serious risks vary by ingredient and formulation; individual drug label extraction required.,"Beta-lactam cell-wall inhibition, sometimes paired with a beta-lactamase inhibitor. Effects and risk factors depend on the individual product.",Beta-lactam allergy; kidney function and interacting medicines depend on the product.,Seek urgent care for severe allergy or severe/persistent diarrhoea; follow product-specific monitoring instructions.,Current FDA approval/marketed status not independently verified.,Provisional class-level summary only; individual label not yet verified.,class-level scaffold; not sufficient for clinical use
Ceftaroline,"Treatment of selected infections caused by susceptible bacteria, including certain resistant organisms; exact spectrum, indication and regulatory status vary by agent. (provisional class-level summary; verify against a drug-specific label).","Possible effects include diarrhoea, nausea and headache; serious risks can include allergic reactions and C. difficile-associated diarrhoea. Agent-specific label review is essential.",Serious risks vary by ingredient and formulation; individual drug label extraction required.,"Beta-lactam cell-wall inhibition, sometimes paired with a beta-lactamase inhibitor. Effects and risk factors depend on the individual product.",Beta-lactam allergy; kidney function and interacting medicines depend on the product.,Seek urgent care for severe allergy or severe/persistent diarrhoea; follow product-specific monitoring instructions.,Likely spelling correction to ceftaroline; verify exact ingredient and current label.,Provisional class-level summary only; individual label not yet verified.,class-level scaffold; not sufficient for clinical use
Ceftolozane-tazobactam,"Treatment of selected infections caused by susceptible bacteria, including certain resistant organisms; exact spectrum, indication and regulatory status vary by agent. (provisional class-level summary; verify against a drug-specific label).","Possible effects include diarrhoea, nausea and headache; serious risks can include allergic reactions and C. difficile-associated diarrhoea. Agent-specific label review is essential.",Serious risks vary by ingredient and formulation; individual drug label extraction required.,"Beta-lactam cell-wall inhibition, sometimes paired with a beta-lactamase inhibitor. Effects and risk factors depend on the individual product.",Beta-lactam allergy; kidney function and interacting medicines depend on the product.,Seek urgent care for severe allergy or severe/persistent diarrhoea; follow product-specific monitoring instructions.,Current FDA approval/marketed status not independently verified.,Provisional class-level summary only; individual label not yet verified.,class-level scaffold; not sufficient for clinical use
Cefiderocol,"Treatment of selected infections caused by susceptible bacteria, including certain resistant organisms; exact spectrum, indication and regulatory status vary by agent. (provisional class-level summary; verify against a drug-specific label).","Possible effects include diarrhoea, nausea and headache; serious risks can include allergic reactions and C. difficile-associated diarrhoea. Agent-specific label review is essential.",Serious risks vary by ingredient and formulation; individual drug label extraction required.,"Beta-lactam cell-wall inhibition, sometimes paired with a beta-lactamase inhibitor. Effects and risk factors depend on the individual product.",Beta-lactam allergy; kidney function and interacting medicines depend on the product.,Seek urgent care for severe allergy or severe/persistent diarrhoea; follow product-specific monitoring instructions.,Current FDA approval/marketed status not independently verified.,Provisional class-level summary only; individual label not yet verified.,class-level scaffold; not sufficient for clinical use
Ceftazidime-avibactam,"Treatment of selected infections caused by susceptible bacteria, including certain resistant organisms; exact spectrum, indication and regulatory status vary by agent. (provisional class-level summary; verify against a drug-specific label).","Possible effects include diarrhoea, nausea and headache; serious risks can include allergic reactions and C. difficile-associated diarrhoea. Agent-specific label review is essential.",Serious risks vary by ingredient and formulation; individual drug label extraction required.,"Beta-lactam cell-wall inhibition, sometimes paired with a beta-lactamase inhibitor. Effects and risk factors depend on the individual product.",Beta-lactam allergy; kidney function and interacting medicines depend on the product.,Seek urgent care for severe allergy or severe/persistent diarrhoea; follow product-specific monitoring instructions.,Current FDA approval/marketed status not independently verified.,Provisional class-level summary only; individual label not yet verified.,class-level scaffold; not sufficient for clinical use
Imipenem,"Treatment of selected bacterial infections; several agents are reserved for serious infections and some listed agents are investigational, region-specific or not routinely marketed. (provisional class-level summary; verify against a drug-specific label).","Possible effects include nausea, diarrhoea, headache or rash; serious risks can include allergy, seizures with some carbapenems and C. difficile-associated diarrhoea.",Serious risks vary by ingredient and formulation; individual drug label extraction required.,"Beta-lactam cell-wall inhibition. GI symptoms and allergy can occur; seizures are a concern with some carbapenems, especially with predisposition or impaired clearance.",Beta-lactam allergy history; renal impairment; seizure disorders and interacting valproate are important for selected carbapenems.,Seek urgent care for severe allergy or seizures; inform the treating team about kidney disease and valproate use where relevant.,Current FDA approval/marketed status not independently verified.,Provisional class-level summary only; individual label not yet verified.,class-level scaffold; not sufficient for clinical use
Meropenem,"Treatment of selected serious infections caused by susceptible bacteria, including complicated intra-abdominal infections, meningitis in indicated patients and certain skin infections.","Diarrhoea, nausea, vomiting, headache, rash or infusion-site reactions","Seizures (risk varies), severe allergy, C. difficile-associated diarrhoea",Beta-lactam neurotoxicity risk can rise when drug exposure accumulates or in predisposed patients.,"Renal impairment, seizure/CNS history, beta-lactam allergy and interacting valproate.",Seek urgent care for severe allergy or seizures; inform the treating team about kidney disease and valproate use where relevant.,Current FDA approval/marketed status not independently verified.,Starter summary matched by name; must still be checked against current drug-specific label.,drug-specific draft profile; label verification required
Ertapenem,"Treatment of selected bacterial infections; several agents are reserved for serious infections and some listed agents are investigational, region-specific or not routinely marketed. (provisional class-level summary; verify against a drug-specific label).","Possible effects include nausea, diarrhoea, headache or rash; serious risks can include allergy, seizures with some carbapenems and C. difficile-associated diarrhoea.",Serious risks vary by ingredient and formulation; individual drug label extraction required.,"Beta-lactam cell-wall inhibition. GI symptoms and allergy can occur; seizures are a concern with some carbapenems, especially with predisposition or impaired clearance.",Beta-lactam allergy history; renal impairment; seizure disorders and interacting valproate are important for selected carbapenems.,Seek urgent care for severe allergy or seizures; inform the treating team about kidney disease and valproate use where relevant.,Current FDA approval/marketed status not independently verified.,Provisional class-level summary only; individual label not yet verified.,class-level scaffold; not sufficient for clinical use
Doripenem,"Treatment of selected bacterial infections; several agents are reserved for serious infections and some listed agents are investigational, region-specific or not routinely marketed. (provisional class-level summary; verify against a drug-specific label).","Possible effects include nausea, diarrhoea, headache or rash; serious risks can include allergy, seizures with some carbapenems and C. difficile-associated diarrhoea.",Serious risks vary by ingredient and formulation; individual drug label extraction required.,"Beta-lactam cell-wall inhibition. GI symptoms and allergy can occur; seizures are a concern with some carbapenems, especially with predisposition or impaired clearance.",Beta-lactam allergy history; renal impairment; seizure disorders and interacting valproate are important for selected carbapenems.,Seek urgent care for severe allergy or seizures; inform the treating team about kidney disease and valproate use where relevant.,Current FDA approval/marketed status not independently verified.,Provisional class-level summary only; individual label not yet verified.,class-level scaffold; not sufficient for clinical use
Panipenem,"Treatment of selected bacterial infections; several agents are reserved for serious infections and some listed agents are investigational, region-specific or not routinely marketed. (provisional class-level summary; verify against a drug-specific label).","Possible effects include nausea, diarrhoea, headache or rash; serious risks can include allergy, seizures with some carbapenems and C. difficile-associated diarrhoea.",Serious risks vary by ingredient and formulation; individual drug label extraction required.,"Beta-lactam cell-wall inhibition. GI symptoms and allergy can occur; seizures are a concern with some carbapenems, especially with predisposition or impaired clearance.",Beta-lactam allergy history; renal impairment; seizure disorders and interacting valproate are important for selected carbapenems.,Seek urgent care for severe allergy or seizures; inform the treating team about kidney disease and valproate use where relevant.,Regional availability; verify current approved product label.,Provisional class-level summary only; individual label not yet verified.,class-level scaffold; not sufficient for clinical use
Biapenem,"Treatment of selected bacterial infections; several agents are reserved for serious infections and some listed agents are investigational, region-specific or not routinely marketed. (provisional class-level summary; verify against a drug-specific label).","Possible effects include nausea, diarrhoea, headache or rash; serious risks can include allergy, seizures with some carbapenems and C. difficile-associated diarrhoea.",Serious risks vary by ingredient and formulation; individual drug label extraction required.,"Beta-lactam cell-wall inhibition. GI symptoms and allergy can occur; seizures are a concern with some carbapenems, especially with predisposition or impaired clearance.",Beta-lactam allergy history; renal impairment; seizure disorders and interacting valproate are important for selected carbapenems.,Seek urgent care for severe allergy or seizures; inform the treating team about kidney disease and valproate use where relevant.,Regional availability; verify current approved product label.,Provisional class-level summary only; individual label not yet verified.,class-level scaffold; not sufficient for clinical use
Tebipenem,"Treatment of selected bacterial infections; several agents are reserved for serious infections and some listed agents are investigational, region-specific or not routinely marketed. (provisional class-level summary; verify against a drug-specific label).","Possible effects include nausea, diarrhoea, headache or rash; serious risks can include allergy, seizures with some carbapenems and C. difficile-associated diarrhoea.",Serious risks vary by ingredient and formulation; individual drug label extraction required.,"Beta-lactam cell-wall inhibition. GI symptoms and allergy can occur; seizures are a concern with some carbapenems, especially with predisposition or impaired clearance.",Beta-lactam allergy history; renal impairment; seizure disorders and interacting valproate are important for selected carbapenems.,Seek urgent care for severe allergy or seizures; inform the treating team about kidney disease and valproate use where relevant.,Formulation and regulatory status vary by jurisdiction; verify exact product and indication.,Provisional class-level summary only; individual label not yet verified.,class-level scaffold; not sufficient for clinical use
Tomopenem,"Treatment of selected bacterial infections; several agents are reserved for serious infections and some listed agents are investigational, region-specific or not routinely marketed. (provisional class-level summary; verify against a drug-specific label).","Possible effects include nausea, diarrhoea, headache or rash; serious risks can include allergy, seizures with some carbapenems and C. difficile-associated diarrhoea.",Serious risks vary by ingredient and formulation; individual drug label extraction required.,"Beta-lactam cell-wall inhibition. GI symptoms and allergy can occur; seizures are a concern with some carbapenems, especially with predisposition or impaired clearance.",Beta-lactam allergy history; renal impairment; seizure disorders and interacting valproate are important for selected carbapenems.,Seek urgent care for severe allergy or seizures; inform the treating team about kidney disease and valproate use where relevant.,Investigational/developmental agent; do not treat as a routine marketed antibiotic.,Provisional class-level summary only; individual label not yet verified.,class-level scaffold; not sufficient for clinical use
Aztreonam,"Treatment of selected bacterial infections; several agents are reserved for serious infections and some listed agents are investigational, region-specific or not routinely marketed. (provisional class-level summary; verify against a drug-specific label).","Possible effects include nausea, diarrhoea, headache or rash; serious risks can include allergy, seizures with some carbapenems and C. difficile-associated diarrhoea.",Serious risks vary by ingredient and formulation; individual drug label extraction required.,"Beta-lactam cell-wall inhibition. GI symptoms and allergy can occur; seizures are a concern with some carbapenems, especially with predisposition or impaired clearance.",Beta-lactam allergy history; renal impairment; seizure disorders and interacting valproate are important for selected carbapenems.,Seek urgent care for severe allergy or seizures; inform the treating team about kidney disease and valproate use where relevant.,Current FDA approval/marketed status not independently verified.,Provisional class-level summary only; individual label not yet verified.,class-level scaffold; not sufficient for clinical use
Tigemonam,"Treatment of selected bacterial infections; several agents are reserved for serious infections and some listed agents are investigational, region-specific or not routinely marketed. (provisional class-level summary; verify against a drug-specific label).","Possible effects include nausea, diarrhoea, headache or rash; serious risks can include allergy, seizures with some carbapenems and C. difficile-associated diarrhoea.",Serious risks vary by ingredient and formulation; individual drug label extraction required.,"Beta-lactam cell-wall inhibition. GI symptoms and allergy can occur; seizures are a concern with some carbapenems, especially with predisposition or impaired clearance.",Beta-lactam allergy history; renal impairment; seizure disorders and interacting valproate are important for selected carbapenems.,Seek urgent care for severe allergy or seizures; inform the treating team about kidney disease and valproate use where relevant.,Investigational/limited development status; verify before including as marketed therapy.,Provisional class-level summary only; individual label not yet verified.,class-level scaffold; not sufficient for clinical use
Carumonam,"Treatment of selected bacterial infections; several agents are reserved for serious infections and some listed agents are investigational, region-specific or not routinely marketed. (provisional class-level summary; verify against a drug-specific label).","Possible effects include nausea, diarrhoea, headache or rash; serious risks can include allergy, seizures with some carbapenems and C. difficile-associated diarrhoea.",Serious risks vary by ingredient and formulation; individual drug label extraction required.,"Beta-lactam cell-wall inhibition. GI symptoms and allergy can occur; seizures are a concern with some carbapenems, especially with predisposition or impaired clearance.",Beta-lactam allergy history; renal impairment; seizure disorders and interacting valproate are important for selected carbapenems.,Seek urgent care for severe allergy or seizures; inform the treating team about kidney disease and valproate use where relevant.,Older/regional agent; current marketed status requires verification.,Provisional class-level summary only; individual label not yet verified.,class-level scaffold; not sufficient for clinical use
Azithromycin,"Treatment of selected susceptible bacterial infections, including certain respiratory, skin and sexually transmitted infections.","Diarrhoea, nausea, abdominal pain",QT prolongation/arrhythmia; liver injury; severe allergy/skin reactions,GI effects can occur with macrolide exposure; QT effects relate to cardiac repolarization.,"QT prolongation, arrhythmia, low potassium/magnesium, liver disease, interacting QT-prolonging medicines.","Fainting, palpitations, severe allergic symptoms or jaundice need urgent assessment; check interactions before combining with other medicines.",Current FDA approval/marketed status not independently verified.,Starter summary matched by name; must still be checked against current drug-specific label.,drug-specific draft profile; label verification required
Clarithromycin,"Treatment of selected susceptible bacterial infections, including respiratory and skin infections; also used in combination regimens for H. pylori.","Diarrhoea, nausea, abdominal pain, altered taste",QT prolongation; liver injury; severe allergy; major drug interactions,Macrolide effects on GI motility and CYP3A4-mediated interactions can contribute to symptoms and drug interactions.,"QT risk, liver disease, renal impairment, and interacting medicines.","Fainting, palpitations, severe allergic symptoms or jaundice need urgent assessment; check interactions before combining with other medicines.",Current FDA approval/marketed status not independently verified.,Starter summary matched by name; must still be checked against current drug-specific label.,drug-specific draft profile; label verification required
Erythromycin,Treatment of selected infections caused by susceptible bacteria; specific uses depend on formulation and indication.,"Nausea, abdominal cramps, vomiting, diarrhoea",QT prolongation/arrhythmia; liver injury; severe allergy,Macrolides can stimulate GI motility; cardiac repolarization and liver effects are recognized concerns.,"QT risk, liver disease, interacting medicines.","Fainting, palpitations, severe allergic symptoms or jaundice need urgent assessment; check interactions before combining with other medicines.",Current FDA approval/marketed status not independently verified.,Starter summary matched by name; must still be checked against current drug-specific label.,drug-specific draft profile; label verification required
Roxithromycin,Treatment of selected susceptible bacterial infections; exact indications vary by agent. Fidaxomicin is specifically used for certain Clostridioides difficile infections. (provisional class-level summary; verify against a drug-specific label).,"Possible effects include nausea, abdominal pain and diarrhoea; serious risks can include QT prolongation/arrhythmia, liver injury and drug interactions, depending on the agent.",Serious risks vary by ingredient and formulation; individual drug label extraction required.,Generally inhibit bacterial protein synthesis at the 50S ribosomal subunit. GI motility effects can cause nausea/diarrhoea; some agents affect cardiac repolarization or drug metabolism.,"QT prolongation, arrhythmia history, low potassium/magnesium, liver disease, and interacting medicines that prolong QT or inhibit/are affected by CYP enzymes.","Fainting, palpitations, severe allergic symptoms or jaundice need urgent assessment; check interactions before combining with other medicines.",Not FDA-approved for routine US use; may be marketed in other jurisdictions.,Provisional class-level summary only; individual label not yet verified.,class-level scaffold; not sufficient for clinical use
Telithromycin,Treatment of selected susceptible bacterial infections; exact indications vary by agent. Fidaxomicin is specifically used for certain Clostridioides difficile infections. (provisional class-level summary; verify against a drug-specific label).,"Possible effects include nausea, abdominal pain and diarrhoea; serious risks can include QT prolongation/arrhythmia, liver injury and drug interactions, depending on the agent.",Serious risks vary by ingredient and formulation; individual drug label extraction required.,Generally inhibit bacterial protein synthesis at the 50S ribosomal subunit. GI motility effects can cause nausea/diarrhoea; some agents affect cardiac repolarization or drug metabolism.,"QT prolongation, arrhythmia history, low potassium/magnesium, liver disease, and interacting medicines that prolong QT or inhibit/are affected by CYP enzymes.","Fainting, palpitations, severe allergic symptoms or jaundice need urgent assessment; check interactions before combining with other medicines.",Current FDA approval/marketed status not independently verified.,Provisional class-level summary only; individual label not yet verified.,class-level scaffold; not sufficient for clinical use
Dirithromycin,Treatment of selected susceptible bacterial infections; exact indications vary by agent. Fidaxomicin is specifically used for certain Clostridioides difficile infections. (provisional class-level summary; verify against a drug-specific label).,"Possible effects include nausea, abdominal pain and diarrhoea; serious risks can include QT prolongation/arrhythmia, liver injury and drug interactions, depending on the agent.",Serious risks vary by ingredient and formulation; individual drug label extraction required.,Generally inhibit bacterial protein synthesis at the 50S ribosomal subunit. GI motility effects can cause nausea/diarrhoea; some agents affect cardiac repolarization or drug metabolism.,"QT prolongation, arrhythmia history, low potassium/magnesium, liver disease, and interacting medicines that prolong QT or inhibit/are affected by CYP enzymes.","Fainting, palpitations, severe allergic symptoms or jaundice need urgent assessment; check interactions before combining with other medicines.",Current FDA approval/marketed status not independently verified.,Provisional class-level summary only; individual label not yet verified.,class-level scaffold; not sufficient for clinical use
Josamycin,Treatment of selected susceptible bacterial infections; exact indications vary by agent. Fidaxomicin is specifically used for certain Clostridioides difficile infections. (provisional class-level summary; verify against a drug-specific label).,"Possible effects include nausea, abdominal pain and diarrhoea; serious risks can include QT prolongation/arrhythmia, liver injury and drug interactions, depending on the agent.",Serious risks vary by ingredient and formulation; individual drug label extraction required.,Generally inhibit bacterial protein synthesis at the 50S ribosomal subunit. GI motility effects can cause nausea/diarrhoea; some agents affect cardiac repolarization or drug metabolism.,"QT prolongation, arrhythmia history, low potassium/magnesium, liver disease, and interacting medicines that prolong QT or inhibit/are affected by CYP enzymes.","Fainting, palpitations, severe allergic symptoms or jaundice need urgent assessment; check interactions before combining with other medicines.",Not FDA-approved for routine US use; availability varies by country.,Provisional class-level summary only; individual label not yet verified.,class-level scaffold; not sufficient for clinical use
Kitasamycin,Treatment of selected susceptible bacterial infections; exact indications vary by agent. Fidaxomicin is specifically used for certain Clostridioides difficile infections. (provisional class-level summary; verify against a drug-specific label).,"Possible effects include nausea, abdominal pain and diarrhoea; serious risks can include QT prolongation/arrhythmia, liver injury and drug interactions, depending on the agent.",Serious risks vary by ingredient and formulation; individual drug label extraction required.,Generally inhibit bacterial protein synthesis at the 50S ribosomal subunit. GI motility effects can cause nausea/diarrhoea; some agents affect cardiac repolarization or drug metabolism.,"QT prolongation, arrhythmia history, low potassium/magnesium, liver disease, and interacting medicines that prolong QT or inhibit/are affected by CYP enzymes.","Fainting, palpitations, severe allergic symptoms or jaundice need urgent assessment; check interactions before combining with other medicines.",Primarily veterinary/region-specific use; verify human indication before inclusion.,Provisional class-level summary only; individual label not yet verified.,class-level scaffold; not sufficient for clinical use
Midecamycin,Treatment of selected susceptible bacterial infections; exact indications vary by agent. Fidaxomicin is specifically used for certain Clostridioides difficile infections. (provisional class-level summary; verify against a drug-specific label).,"Possible effects include nausea, abdominal pain and diarrhoea; serious risks can include QT prolongation/arrhythmia, liver injury and drug interactions, depending on the agent.",Serious risks vary by ingredient and formulation; individual drug label extraction required.,Generally inhibit bacterial protein synthesis at the 50S ribosomal subunit. GI motility effects can cause nausea/diarrhoea; some agents affect cardiac repolarization or drug metabolism.,"QT prolongation, arrhythmia history, low potassium/magnesium, liver disease, and interacting medicines that prolong QT or inhibit/are affected by CYP enzymes.","Fainting, palpitations, severe allergic symptoms or jaundice need urgent assessment; check interactions before combining with other medicines.",Regional availability; verify current approved product label.,Provisional class-level summary only; individual label not yet verified.,class-level scaffold; not sufficient for clinical use
Oleandomycin,Treatment of selected susceptible bacterial infections; exact indications vary by agent. Fidaxomicin is specifically used for certain Clostridioides difficile infections. (provisional class-level summary; verify against a drug-specific label).,"Possible effects include nausea, abdominal pain and diarrhoea; serious risks can include QT prolongation/arrhythmia, liver injury and drug interactions, depending on the agent.",Serious risks vary by ingredient and formulation; individual drug label extraction required.,Generally inhibit bacterial protein synthesis at the 50S ribosomal subunit. GI motility effects can cause nausea/diarrhoea; some agents affect cardiac repolarization or drug metabolism.,"QT prolongation, arrhythmia history, low potassium/magnesium, liver disease, and interacting medicines that prolong QT or inhibit/are affected by CYP enzymes.","Fainting, palpitations, severe allergic symptoms or jaundice need urgent assessment; check interactions before combining with other medicines.",Historical/limited availability; verify current marketed status.,Provisional class-level summary only; individual label not yet verified.,class-level scaffold; not sufficient for clinical use
Spiramycin,Treatment of selected susceptible bacterial infections; exact indications vary by agent. Fidaxomicin is specifically used for certain Clostridioides difficile infections. (provisional class-level summary; verify against a drug-specific label).,"Possible effects include nausea, abdominal pain and diarrhoea; serious risks can include QT prolongation/arrhythmia, liver injury and drug interactions, depending on the agent.",Serious risks vary by ingredient and formulation; individual drug label extraction required.,Generally inhibit bacterial protein synthesis at the 50S ribosomal subunit. GI motility effects can cause nausea/diarrhoea; some agents affect cardiac repolarization or drug metabolism.,"QT prolongation, arrhythmia history, low potassium/magnesium, liver disease, and interacting medicines that prolong QT or inhibit/are affected by CYP enzymes.","Fainting, palpitations, severe allergic symptoms or jaundice need urgent assessment; check interactions before combining with other medicines.",Current FDA approval/marketed status not independently verified.,Provisional class-level summary only; individual label not yet verified.,class-level scaffold; not sufficient for clinical use
Troleandomycin,Treatment of selected susceptible bacterial infections; exact indications vary by agent. Fidaxomicin is specifically used for certain Clostridioides difficile infections. (provisional class-level summary; verify against a drug-specific label).,"Possible effects include nausea, abdominal pain and diarrhoea; serious risks can include QT prolongation/arrhythmia, liver injury and drug interactions, depending on the agent.",Serious risks vary by ingredient and formulation; individual drug label extraction required.,Generally inhibit bacterial protein synthesis at the 50S ribosomal subunit. GI motility effects can cause nausea/diarrhoea; some agents affect cardiac repolarization or drug metabolism.,"QT prolongation, arrhythmia history, low potassium/magnesium, liver disease, and interacting medicines that prolong QT or inhibit/are affected by CYP enzymes.","Fainting, palpitations, severe allergic symptoms or jaundice need urgent assessment; check interactions before combining with other medicines.",Historical/limited availability; notable interactions; verify current marketed status.,Provisional class-level summary only; individual label not yet verified.,class-level scaffold; not sufficient for clinical use
Tylosin,Treatment of selected susceptible bacterial infections; exact indications vary by agent. Fidaxomicin is specifically used for certain Clostridioides difficile infections. (provisional class-level summary; verify against a drug-specific label).,"Possible effects include nausea, abdominal pain and diarrhoea; serious risks can include QT prolongation/arrhythmia, liver injury and drug interactions, depending on the agent.",Serious risks vary by ingredient and formulation; individual drug label extraction required.,Generally inhibit bacterial protein synthesis at the 50S ribosomal subunit. GI motility effects can cause nausea/diarrhoea; some agents affect cardiac repolarization or drug metabolism.,"QT prolongation, arrhythmia history, low potassium/magnesium, liver disease, and interacting medicines that prolong QT or inhibit/are affected by CYP enzymes.","Fainting, palpitations, severe allergic symptoms or jaundice need urgent assessment; check interactions before combining with other medicines.",Primarily veterinary antimicrobial; exclude from human-patient recommendations.,Provisional class-level summary only; individual label not yet verified.,class-level scaffold; not sufficient for clinical use
Fidaxomicin,Treatment of selected susceptible bacterial infections; exact indications vary by agent. Fidaxomicin is specifically used for certain Clostridioides difficile infections. (provisional class-level summary; verify against a drug-specific label).,"Nausea, abdominal pain, gastrointestinal bleeding reported in some settings",Severe hypersensitivity reactions,Local intestinal activity limits systemic exposure; symptoms can overlap with the underlying C. difficile infection.,Macrolide allergy history and underlying infection severity.,"Fainting, palpitations, severe allergic symptoms or jaundice need urgent assessment; check interactions before combining with other medicines.",Current FDA approval/marketed status not independently verified.,Provisional class-level summary only; individual label not yet verified.,drug-specific draft profile; label verification required
Solithromycin,Treatment of selected susceptible bacterial infections; exact indications vary by agent. Fidaxomicin is specifically used for certain Clostridioides difficile infections. (provisional class-level summary; verify against a drug-specific label).,"Possible effects include nausea, abdominal pain and diarrhoea; serious risks can include QT prolongation/arrhythmia, liver injury and drug interactions, depending on the agent.",Serious risks vary by ingredient and formulation; individual drug label extraction required.,Generally inhibit bacterial protein synthesis at the 50S ribosomal subunit. GI motility effects can cause nausea/diarrhoea; some agents affect cardiac repolarization or drug metabolism.,"QT prolongation, arrhythmia history, low potassium/magnesium, liver disease, and interacting medicines that prolong QT or inhibit/are affected by CYP enzymes.","Fainting, palpitations, severe allergic symptoms or jaundice need urgent assessment; check interactions before combining with other medicines.",Investigational/developmental status; do not assume FDA approval.,Provisional class-level summary only; individual label not yet verified.,class-level scaffold; not sufficient for clinical use
Cethromycin,Treatment of selected susceptible bacterial infections; exact indications vary by agent. Fidaxomicin is specifically used for certain Clostridioides difficile infections. (provisional class-level summary; verify against a drug-specific label).,"Possible effects include nausea, abdominal pain and diarrhoea; serious risks can include QT prolongation/arrhythmia, liver injury and drug interactions, depending on the agent.",Serious risks vary by ingredient and formulation; individual drug label extraction required.,Generally inhibit bacterial protein synthesis at the 50S ribosomal subunit. GI motility effects can cause nausea/diarrhoea; some agents affect cardiac repolarization or drug metabolism.,"QT prolongation, arrhythmia history, low potassium/magnesium, liver disease, and interacting medicines that prolong QT or inhibit/are affected by CYP enzymes.","Fainting, palpitations, severe allergic symptoms or jaundice need urgent assessment; check interactions before combining with other medicines.",Investigational/developmental status; do not assume FDA approval.,Provisional class-level summary only; individual label not yet verified.,class-level scaffold; not sufficient for clinical use
Ciprofloxacin,Treatment of selected infections caused by susceptible bacteria; use is restricted for some uncomplicated infections when safer alternatives are suitable.,"Nausea, diarrhoea, abdominal discomfort, headache","Tendon injury/rupture, peripheral neuropathy, CNS effects, QT prolongation, worsening myasthenia gravis","Fluoroquinolones have recognized tendon, peripheral nerve and CNS toxicity risks; exact mechanisms are not fully predictable clinically.","Older age, corticosteroid use, transplant history, tendon disorder, neuropathy, CNS disease, QT risk, myasthenia gravis, renal impairment.","Stop activity and seek prompt medical advice for tendon pain/swelling, new burning/numbness/weakness, severe mood/CNS changes or palpitations; urgent care for severe symptoms.",Current FDA approval/marketed status not independently verified.,Starter summary matched by name; must still be checked against current drug-specific label.,drug-specific draft profile; label verification required
Levofloxacin,"Treatment of selected susceptible bacterial infections, including certain pneumonia, sinus, urinary and skin infections; reserve for some conditions when alternatives are appropriate.","Nausea, diarrhoea, headache, insomnia","Tendon injury/rupture, peripheral neuropathy, CNS effects, QT prolongation, worsening myasthenia gravis","Fluoroquinolone class toxicities can affect tendons, peripheral nerves, CNS and cardiac repolarization.","Older age, corticosteroid use, tendon/nerve disorders, QT risk, myasthenia gravis and renal impairment.","Stop activity and seek prompt medical advice for tendon pain/swelling, new burning/numbness/weakness, severe mood/CNS changes or palpitations; urgent care for severe symptoms.",Current FDA approval/marketed status not independently verified.,Starter summary matched by name; must still be checked against current drug-specific label.,drug-specific draft profile; label verification required
Moxifloxacin,"Treatment of selected susceptible bacterial infections, including certain respiratory and skin infections; not suitable for every infection site.","Nausea, diarrhoea, dizziness","QT prolongation/arrhythmia, tendon injury, peripheral neuropathy, CNS effects, liver injury",Fluoroquinolone effects include CNS/tendon toxicity; moxifloxacin has particular QT-prolongation considerations.,"QT risk, electrolyte abnormalities, interacting medicines, tendon/nerve disorders.","Stop activity and seek prompt medical advice for tendon pain/swelling, new burning/numbness/weakness, severe mood/CNS changes or palpitations; urgent care for severe symptoms.",Current FDA approval/marketed status not independently verified.,Starter summary matched by name; must still be checked against current drug-specific label.,drug-specific draft profile; label verification required
Gemifloxacin,Treatment of selected susceptible bacterial infections; use is limited for some agents because of serious adverse-effect warnings and resistance. Some listed agents are topical or not currently marketed in many countries. (provisional class-level summary; verify against a drug-specific label).,"Possible effects include nausea, diarrhoea, headache or dizziness; serious class warnings can include tendon injury, peripheral neuropathy, CNS effects and QT prolongation, but risks vary by agent and route.",Serious risks vary by ingredient and formulation; individual drug label extraction required.,"Inhibit bacterial DNA gyrase/topoisomerase. Tendon, nerve, CNS and cardiac effects are recognized class concerns for some systemic agents; exact risks vary by drug and route.","Older age, corticosteroid use, prior tendon disorders, neuropathy, CNS conditions, QT risk, myasthenia gravis, pregnancy/childhood considerations and renal impairment vary by agent.","Stop activity and seek prompt medical advice for tendon pain/swelling, new burning/numbness/weakness, severe mood/CNS changes or palpitations; urgent care for severe symptoms.",Current FDA approval/marketed status not independently verified.,Provisional class-level summary only; individual label not yet verified.,class-level scaffold; not sufficient for clinical use
Ofloxacin,Treatment of selected susceptible bacterial infections; use is limited for some agents because of serious adverse-effect warnings and resistance. Some listed agents are topical or not currently marketed in many countries. (provisional class-level summary; verify against a drug-specific label).,"Possible effects include nausea, diarrhoea, headache or dizziness; serious class warnings can include tendon injury, peripheral neuropathy, CNS effects and QT prolongation, but risks vary by agent and route.",Serious risks vary by ingredient and formulation; individual drug label extraction required.,"Inhibit bacterial DNA gyrase/topoisomerase. Tendon, nerve, CNS and cardiac effects are recognized class concerns for some systemic agents; exact risks vary by drug and route.","Older age, corticosteroid use, prior tendon disorders, neuropathy, CNS conditions, QT risk, myasthenia gravis, pregnancy/childhood considerations and renal impairment vary by agent.","Stop activity and seek prompt medical advice for tendon pain/swelling, new burning/numbness/weakness, severe mood/CNS changes or palpitations; urgent care for severe symptoms.",Current FDA approval/marketed status not independently verified.,Provisional class-level summary only; individual label not yet verified.,class-level scaffold; not sufficient for clinical use
Norfloxacin,Treatment of selected susceptible bacterial infections; use is limited for some agents because of serious adverse-effect warnings and resistance. Some listed agents are topical or not currently marketed in many countries. (provisional class-level summary; verify against a drug-specific label).,"Possible effects include nausea, diarrhoea, headache or dizziness; serious class warnings can include tendon injury, peripheral neuropathy, CNS effects and QT prolongation, but risks vary by agent and route.",Serious risks vary by ingredient and formulation; individual drug label extraction required.,"Inhibit bacterial DNA gyrase/topoisomerase. Tendon, nerve, CNS and cardiac effects are recognized class concerns for some systemic agents; exact risks vary by drug and route.","Older age, corticosteroid use, prior tendon disorders, neuropathy, CNS conditions, QT risk, myasthenia gravis, pregnancy/childhood considerations and renal impairment vary by agent.","Stop activity and seek prompt medical advice for tendon pain/swelling, new burning/numbness/weakness, severe mood/CNS changes or palpitations; urgent care for severe symptoms.",Current FDA approval/marketed status not independently verified.,Provisional class-level summary only; individual label not yet verified.,class-level scaffold; not sufficient for clinical use
Enoxacin,Treatment of selected susceptible bacterial infections; use is limited for some agents because of serious adverse-effect warnings and resistance. Some listed agents are topical or not currently marketed in many countries. (provisional class-level summary; verify against a drug-specific label).,"Possible effects include nausea, diarrhoea, headache or dizziness; serious class warnings can include tendon injury, peripheral neuropathy, CNS effects and QT prolongation, but risks vary by agent and route.",Serious risks vary by ingredient and formulation; individual drug label extraction required.,"Inhibit bacterial DNA gyrase/topoisomerase. Tendon, nerve, CNS and cardiac effects are recognized class concerns for some systemic agents; exact risks vary by drug and route.","Older age, corticosteroid use, prior tendon disorders, neuropathy, CNS conditions, QT risk, myasthenia gravis, pregnancy/childhood considerations and renal impairment vary by agent.","Stop activity and seek prompt medical advice for tendon pain/swelling, new burning/numbness/weakness, severe mood/CNS changes or palpitations; urgent care for severe symptoms.",Not routinely marketed in many jurisdictions; verify current local status.,Provisional class-level summary only; individual label not yet verified.,class-level scaffold; not sufficient for clinical use
Gatifloxacin,Treatment of selected susceptible bacterial infections; use is limited for some agents because of serious adverse-effect warnings and resistance. Some listed agents are topical or not currently marketed in many countries. (provisional class-level summary; verify against a drug-specific label).,"Possible effects include nausea, diarrhoea, headache or dizziness; serious class warnings can include tendon injury, peripheral neuropathy, CNS effects and QT prolongation, but risks vary by agent and route.",Serious risks vary by ingredient and formulation; individual drug label extraction required.,"Inhibit bacterial DNA gyrase/topoisomerase. Tendon, nerve, CNS and cardiac effects are recognized class concerns for some systemic agents; exact risks vary by drug and route.","Older age, corticosteroid use, prior tendon disorders, neuropathy, CNS conditions, QT risk, myasthenia gravis, pregnancy/childhood considerations and renal impairment vary by agent.","Stop activity and seek prompt medical advice for tendon pain/swelling, new burning/numbness/weakness, severe mood/CNS changes or palpitations; urgent care for severe symptoms.",Systemic use restricted/withdrawn in some jurisdictions; ophthalmic products may remain available.,Provisional class-level summary only; individual label not yet verified.,class-level scaffold; not sufficient for clinical use
Lomefloxacin,Treatment of selected susceptible bacterial infections; use is limited for some agents because of serious adverse-effect warnings and resistance. Some listed agents are topical or not currently marketed in many countries. (provisional class-level summary; verify against a drug-specific label).,"Possible effects include nausea, diarrhoea, headache or dizziness; serious class warnings can include tendon injury, peripheral neuropathy, CNS effects and QT prolongation, but risks vary by agent and route.",Serious risks vary by ingredient and formulation; individual drug label extraction required.,"Inhibit bacterial DNA gyrase/topoisomerase. Tendon, nerve, CNS and cardiac effects are recognized class concerns for some systemic agents; exact risks vary by drug and route.","Older age, corticosteroid use, prior tendon disorders, neuropathy, CNS conditions, QT risk, myasthenia gravis, pregnancy/childhood considerations and renal impairment vary by agent.","Stop activity and seek prompt medical advice for tendon pain/swelling, new burning/numbness/weakness, severe mood/CNS changes or palpitations; urgent care for severe symptoms.",Not routinely marketed in many jurisdictions; verify current status.,Provisional class-level summary only; individual label not yet verified.,class-level scaffold; not sufficient for clinical use
Nalidixic acid,Treatment of selected susceptible bacterial infections; use is limited for some agents because of serious adverse-effect warnings and resistance. Some listed agents are topical or not currently marketed in many countries. (provisional class-level summary; verify against a drug-specific label).,"Possible effects include nausea, diarrhoea, headache or dizziness; serious class warnings can include tendon injury, peripheral neuropathy, CNS effects and QT prolongation, but risks vary by agent and route.",Serious risks vary by ingredient and formulation; individual drug label extraction required.,"Inhibit bacterial DNA gyrase/topoisomerase. Tendon, nerve, CNS and cardiac effects are recognized class concerns for some systemic agents; exact risks vary by drug and route.","Older age, corticosteroid use, prior tendon disorders, neuropathy, CNS conditions, QT risk, myasthenia gravis, pregnancy/childhood considerations and renal impairment vary by agent.","Stop activity and seek prompt medical advice for tendon pain/swelling, new burning/numbness/weakness, severe mood/CNS changes or palpitations; urgent care for severe symptoms.",Older agent; availability and recommendations vary; verify current local status.,Provisional class-level summary only; individual label not yet verified.,class-level scaffold; not sufficient for clinical use
Cinoxacin,Treatment of selected susceptible bacterial infections; use is limited for some agents because of serious adverse-effect warnings and resistance. Some listed agents are topical or not currently marketed in many countries. (provisional class-level summary; verify against a drug-specific label).,"Possible effects include nausea, diarrhoea, headache or dizziness; serious class warnings can include tendon injury, peripheral neuropathy, CNS effects and QT prolongation, but risks vary by agent and route.",Serious risks vary by ingredient and formulation; individual drug label extraction required.,"Inhibit bacterial DNA gyrase/topoisomerase. Tendon, nerve, CNS and cardiac effects are recognized class concerns for some systemic agents; exact risks vary by drug and route.","Older age, corticosteroid use, prior tendon disorders, neuropathy, CNS conditions, QT risk, myasthenia gravis, pregnancy/childhood considerations and renal impairment vary by agent.","Stop activity and seek prompt medical advice for tendon pain/swelling, new burning/numbness/weakness, severe mood/CNS changes or palpitations; urgent care for severe symptoms.",Historical/withdrawn or limited availability in many jurisdictions.,Provisional class-level summary only; individual label not yet verified.,class-level scaffold; not sufficient for clinical use
Pipemidic acid,Treatment of selected susceptible bacterial infections; use is limited for some agents because of serious adverse-effect warnings and resistance. Some listed agents are topical or not currently marketed in many countries. (provisional class-level summary; verify against a drug-specific label).,"Possible effects include nausea, diarrhoea, headache or dizziness; serious class warnings can include tendon injury, peripheral neuropathy, CNS effects and QT prolongation, but risks vary by agent and route.",Serious risks vary by ingredient and formulation; individual drug label extraction required.,"Inhibit bacterial DNA gyrase/topoisomerase. Tendon, nerve, CNS and cardiac effects are recognized class concerns for some systemic agents; exact risks vary by drug and route.","Older age, corticosteroid use, prior tendon disorders, neuropathy, CNS conditions, QT risk, myasthenia gravis, pregnancy/childhood considerations and renal impairment vary by agent.","Stop activity and seek prompt medical advice for tendon pain/swelling, new burning/numbness/weakness, severe mood/CNS changes or palpitations; urgent care for severe symptoms.",Older agent; availability varies; verify current status.,Provisional class-level summary only; individual label not yet verified.,class-level scaffold; not sufficient for clinical use
Oxolinic acid,Treatment of selected susceptible bacterial infections; use is limited for some agents because of serious adverse-effect warnings and resistance. Some listed agents are topical or not currently marketed in many countries. (provisional class-level summary; verify against a drug-specific label).,"Possible effects include nausea, diarrhoea, headache or dizziness; serious class warnings can include tendon injury, peripheral neuropathy, CNS effects and QT prolongation, but risks vary by agent and route.",Serious risks vary by ingredient and formulation; individual drug label extraction required.,"Inhibit bacterial DNA gyrase/topoisomerase. Tendon, nerve, CNS and cardiac effects are recognized class concerns for some systemic agents; exact risks vary by drug and route.","Older age, corticosteroid use, prior tendon disorders, neuropathy, CNS conditions, QT risk, myasthenia gravis, pregnancy/childhood considerations and renal impairment vary by agent.","Stop activity and seek prompt medical advice for tendon pain/swelling, new burning/numbness/weakness, severe mood/CNS changes or palpitations; urgent care for severe symptoms.",Primarily veterinary/older use in some regions; verify human status.,Provisional class-level summary only; individual label not yet verified.,class-level scaffold; not sufficient for clinical use
Flumequine,Treatment of selected susceptible bacterial infections; use is limited for some agents because of serious adverse-effect warnings and resistance. Some listed agents are topical or not currently marketed in many countries. (provisional class-level summary; verify against a drug-specific label).,"Possible effects include nausea, diarrhoea, headache or dizziness; serious class warnings can include tendon injury, peripheral neuropathy, CNS effects and QT prolongation, but risks vary by agent and route.",Serious risks vary by ingredient and formulation; individual drug label extraction required.,"Inhibit bacterial DNA gyrase/topoisomerase. Tendon, nerve, CNS and cardiac effects are recognized class concerns for some systemic agents; exact risks vary by drug and route.","Older age, corticosteroid use, prior tendon disorders, neuropathy, CNS conditions, QT risk, myasthenia gravis, pregnancy/childhood considerations and renal impairment vary by agent.","Stop activity and seek prompt medical advice for tendon pain/swelling, new burning/numbness/weakness, severe mood/CNS changes or palpitations; urgent care for severe symptoms.",Primarily veterinary use in many jurisdictions; exclude from human recommendations unless human approval is confirmed.,Provisional class-level summary only; individual label not yet verified.,class-level scaffold; not sufficient for clinical use
Pefloxacin,Treatment of selected susceptible bacterial infections; use is limited for some agents because of serious adverse-effect warnings and resistance. Some listed agents are topical or not currently marketed in many countries. (provisional class-level summary; verify against a drug-specific label).,"Possible effects include nausea, diarrhoea, headache or dizziness; serious class warnings can include tendon injury, peripheral neuropathy, CNS effects and QT prolongation, but risks vary by agent and route.",Serious risks vary by ingredient and formulation; individual drug label extraction required.,"Inhibit bacterial DNA gyrase/topoisomerase. Tendon, nerve, CNS and cardiac effects are recognized class concerns for some systemic agents; exact risks vary by drug and route.","Older age, corticosteroid use, prior tendon disorders, neuropathy, CNS conditions, QT risk, myasthenia gravis, pregnancy/childhood considerations and renal impairment vary by agent.","Stop activity and seek prompt medical advice for tendon pain/swelling, new burning/numbness/weakness, severe mood/CNS changes or palpitations; urgent care for severe symptoms.",Not FDA-approved for routine US use; availability varies by country.,Provisional class-level summary only; individual label not yet verified.,class-level scaffold; not sufficient for clinical use
Fleroxacin,Treatment of selected susceptible bacterial infections; use is limited for some agents because of serious adverse-effect warnings and resistance. Some listed agents are topical or not currently marketed in many countries. (provisional class-level summary; verify against a drug-specific label).,"Possible effects include nausea, diarrhoea, headache or dizziness; serious class warnings can include tendon injury, peripheral neuropathy, CNS effects and QT prolongation, but risks vary by agent and route.",Serious risks vary by ingredient and formulation; individual drug label extraction required.,"Inhibit bacterial DNA gyrase/topoisomerase. Tendon, nerve, CNS and cardiac effects are recognized class concerns for some systemic agents; exact risks vary by drug and route.","Older age, corticosteroid use, prior tendon disorders, neuropathy, CNS conditions, QT risk, myasthenia gravis, pregnancy/childhood considerations and renal impairment vary by agent.","Stop activity and seek prompt medical advice for tendon pain/swelling, new burning/numbness/weakness, severe mood/CNS changes or palpitations; urgent care for severe symptoms.",Not routinely marketed in many jurisdictions; verify current status.,Provisional class-level summary only; individual label not yet verified.,class-level scaffold; not sufficient for clinical use
Sparfloxacin,Treatment of selected susceptible bacterial infections; use is limited for some agents because of serious adverse-effect warnings and resistance. Some listed agents are topical or not currently marketed in many countries. (provisional class-level summary; verify against a drug-specific label).,"Possible effects include nausea, diarrhoea, headache or dizziness; serious class warnings can include tendon injury, peripheral neuropathy, CNS effects and QT prolongation, but risks vary by agent and route.",Serious risks vary by ingredient and formulation; individual drug label extraction required.,"Inhibit bacterial DNA gyrase/topoisomerase. Tendon, nerve, CNS and cardiac effects are recognized class concerns for some systemic agents; exact risks vary by drug and route.","Older age, corticosteroid use, prior tendon disorders, neuropathy, CNS conditions, QT risk, myasthenia gravis, pregnancy/childhood considerations and renal impairment vary by agent.","Stop activity and seek prompt medical advice for tendon pain/swelling, new burning/numbness/weakness, severe mood/CNS changes or palpitations; urgent care for severe symptoms.",Withdrawn/restricted in several jurisdictions due to safety concerns; verify current status.,Provisional class-level summary only; individual label not yet verified.,class-level scaffold; not sufficient for clinical use
Tosufloxacin,Treatment of selected susceptible bacterial infections; use is limited for some agents because of serious adverse-effect warnings and resistance. Some listed agents are topical or not currently marketed in many countries. (provisional class-level summary; verify against a drug-specific label).,"Possible effects include nausea, diarrhoea, headache or dizziness; serious class warnings can include tendon injury, peripheral neuropathy, CNS effects and QT prolongation, but risks vary by agent and route.",Serious risks vary by ingredient and formulation; individual drug label extraction required.,"Inhibit bacterial DNA gyrase/topoisomerase. Tendon, nerve, CNS and cardiac effects are recognized class concerns for some systemic agents; exact risks vary by drug and route.","Older age, corticosteroid use, prior tendon disorders, neuropathy, CNS conditions, QT risk, myasthenia gravis, pregnancy/childhood considerations and renal impairment vary by agent.","Stop activity and seek prompt medical advice for tendon pain/swelling, new burning/numbness/weakness, severe mood/CNS changes or palpitations; urgent care for severe symptoms.",Regional availability; verify current approved product label.,Provisional class-level summary only; individual label not yet verified.,class-level scaffold; not sufficient for clinical use
Balofloxacin,Treatment of selected susceptible bacterial infections; use is limited for some agents because of serious adverse-effect warnings and resistance. Some listed agents are topical or not currently marketed in many countries. (provisional class-level summary; verify against a drug-specific label).,"Possible effects include nausea, diarrhoea, headache or dizziness; serious class warnings can include tendon injury, peripheral neuropathy, CNS effects and QT prolongation, but risks vary by agent and route.",Serious risks vary by ingredient and formulation; individual drug label extraction required.,"Inhibit bacterial DNA gyrase/topoisomerase. Tendon, nerve, CNS and cardiac effects are recognized class concerns for some systemic agents; exact risks vary by drug and route.","Older age, corticosteroid use, prior tendon disorders, neuropathy, CNS conditions, QT risk, myasthenia gravis, pregnancy/childhood considerations and renal impairment vary by agent.","Stop activity and seek prompt medical advice for tendon pain/swelling, new burning/numbness/weakness, severe mood/CNS changes or palpitations; urgent care for severe symptoms.",Regional availability; verify current approved product label.,Provisional class-level summary only; individual label not yet verified.,class-level scaffold; not sufficient for clinical use
Delafloxacin,Treatment of selected susceptible bacterial infections; use is limited for some agents because of serious adverse-effect warnings and resistance. Some listed agents are topical or not currently marketed in many countries. (provisional class-level summary; verify against a drug-specific label).,"Possible effects include nausea, diarrhoea, headache or dizziness; serious class warnings can include tendon injury, peripheral neuropathy, CNS effects and QT prolongation, but risks vary by agent and route.",Serious risks vary by ingredient and formulation; individual drug label extraction required.,"Inhibit bacterial DNA gyrase/topoisomerase. Tendon, nerve, CNS and cardiac effects are recognized class concerns for some systemic agents; exact risks vary by drug and route.","Older age, corticosteroid use, prior tendon disorders, neuropathy, CNS conditions, QT risk, myasthenia gravis, pregnancy/childhood considerations and renal impairment vary by agent.","Stop activity and seek prompt medical advice for tendon pain/swelling, new burning/numbness/weakness, severe mood/CNS changes or palpitations; urgent care for severe symptoms.",Current FDA approval/marketed status not independently verified.,Provisional class-level summary only; individual label not yet verified.,class-level scaffold; not sufficient for clinical use
Ozenoxacin,Treatment of selected susceptible bacterial infections; use is limited for some agents because of serious adverse-effect warnings and resistance. Some listed agents are topical or not currently marketed in many countries. (provisional class-level summary; verify against a drug-specific label).,"Possible effects include nausea, diarrhoea, headache or dizziness; serious class warnings can include tendon injury, peripheral neuropathy, CNS effects and QT prolongation, but risks vary by agent and route.",Serious risks vary by ingredient and formulation; individual drug label extraction required.,"Inhibit bacterial DNA gyrase/topoisomerase. Tendon, nerve, CNS and cardiac effects are recognized class concerns for some systemic agents; exact risks vary by drug and route.","Older age, corticosteroid use, prior tendon disorders, neuropathy, CNS conditions, QT risk, myasthenia gravis, pregnancy/childhood considerations and renal impairment vary by agent.","Stop activity and seek prompt medical advice for tendon pain/swelling, new burning/numbness/weakness, severe mood/CNS changes or palpitations; urgent care for severe symptoms.",Current FDA approval/marketed status not independently verified.,Provisional class-level summary only; individual label not yet verified.,class-level scaffold; not sufficient for clinical use
Besifloxacin,Treatment of selected susceptible bacterial infections; use is limited for some agents because of serious adverse-effect warnings and resistance. Some listed agents are topical or not currently marketed in many countries. (provisional class-level summary; verify against a drug-specific label).,"Possible effects include nausea, diarrhoea, headache or dizziness; serious class warnings can include tendon injury, peripheral neuropathy, CNS effects and QT prolongation, but risks vary by agent and route.",Serious risks vary by ingredient and formulation; individual drug label extraction required.,"Inhibit bacterial DNA gyrase/topoisomerase. Tendon, nerve, CNS and cardiac effects are recognized class concerns for some systemic agents; exact risks vary by drug and route.","Older age, corticosteroid use, prior tendon disorders, neuropathy, CNS conditions, QT risk, myasthenia gravis, pregnancy/childhood considerations and renal impairment vary by agent.","Stop activity and seek prompt medical advice for tendon pain/swelling, new burning/numbness/weakness, severe mood/CNS changes or palpitations; urgent care for severe symptoms.",Current FDA approval/marketed status not independently verified.,Provisional class-level summary only; individual label not yet verified.,class-level scaffold; not sufficient for clinical use
Prulifloxacin,Treatment of selected susceptible bacterial infections; use is limited for some agents because of serious adverse-effect warnings and resistance. Some listed agents are topical or not currently marketed in many countries. (provisional class-level summary; verify against a drug-specific label).,"Possible effects include nausea, diarrhoea, headache or dizziness; serious class warnings can include tendon injury, peripheral neuropathy, CNS effects and QT prolongation, but risks vary by agent and route.",Serious risks vary by ingredient and formulation; individual drug label extraction required.,"Inhibit bacterial DNA gyrase/topoisomerase. Tendon, nerve, CNS and cardiac effects are recognized class concerns for some systemic agents; exact risks vary by drug and route.","Older age, corticosteroid use, prior tendon disorders, neuropathy, CNS conditions, QT risk, myasthenia gravis, pregnancy/childhood considerations and renal impairment vary by agent.","Stop activity and seek prompt medical advice for tendon pain/swelling, new burning/numbness/weakness, severe mood/CNS changes or palpitations; urgent care for severe symptoms.",Not FDA-approved for routine US use; availability varies by country.,Provisional class-level summary only; individual label not yet verified.,class-level scaffold; not sufficient for clinical use
Pazufloxacin,Treatment of selected susceptible bacterial infections; use is limited for some agents because of serious adverse-effect warnings and resistance. Some listed agents are topical or not currently marketed in many countries. (provisional class-level summary; verify against a drug-specific label).,"Possible effects include nausea, diarrhoea, headache or dizziness; serious class warnings can include tendon injury, peripheral neuropathy, CNS effects and QT prolongation, but risks vary by agent and route.",Serious risks vary by ingredient and formulation; individual drug label extraction required.,"Inhibit bacterial DNA gyrase/topoisomerase. Tendon, nerve, CNS and cardiac effects are recognized class concerns for some systemic agents; exact risks vary by drug and route.","Older age, corticosteroid use, prior tendon disorders, neuropathy, CNS conditions, QT risk, myasthenia gravis, pregnancy/childhood considerations and renal impairment vary by agent.","Stop activity and seek prompt medical advice for tendon pain/swelling, new burning/numbness/weakness, severe mood/CNS changes or palpitations; urgent care for severe symptoms.",Regional availability; verify current approved product label.,Provisional class-level summary only; individual label not yet verified.,class-level scaffold; not sufficient for clinical use
Tetracycline,Treatment of selected infections caused by tetracycline-susceptible bacteria; use depends on organism and clinical indication.,"Possible effects include nausea, diarrhoea and photosensitivity; serious or special risks can include oesophageal injury, liver effects, tooth/bone effects in certain populations and agent-specific reactions.",Serious risks vary by ingredient and formulation; individual drug label extraction required.,Inhibit protein synthesis at the 30S ribosomal subunit. GI irritation and photosensitivity are common class concerns; tooth/bone effects matter in certain populations.,"Pregnancy, breastfeeding, age/developing teeth, photosensitivity, oesophageal disease, liver impairment and interacting minerals/antacids vary by agent.","Seek advice for severe headache/vision changes, painful swallowing, severe allergy, jaundice or severe diarrhoea; protect skin from sunlight where relevant.",Current FDA approval/marketed status not independently verified.,Starter summary matched by name; must still be checked against current drug-specific label.,class-level scaffold; not sufficient for clinical use
Doxycycline,"Treatment of selected susceptible bacterial infections, including certain respiratory, skin, tick-borne and sexually transmitted infections; also used for malaria prevention in specified circumstances.","Nausea, diarrhoea, photosensitivity, oesophageal irritation",Severe allergy/skin reactions; C. difficile-associated diarrhoea; rare liver injury,Direct oesophageal irritation can occur if taken without sufficient water or before lying down; photosensitivity increases sunburn risk.,"Sun exposure, swallowing with little water/lying down, pregnancy and age considerations; minerals/antacids can reduce absorption.","Seek advice for severe headache/vision changes, painful swallowing, severe allergy, jaundice or severe diarrhoea; protect skin from sunlight where relevant.",Current FDA approval/marketed status not independently verified.,Starter summary matched by name; must still be checked against current drug-specific label.,drug-specific draft profile; label verification required
Minocycline,Treatment of selected susceptible bacterial infections; some formulations are used for acne or specific skin conditions.,"Dizziness/vertigo, nausea, diarrhoea, pigmentation changes","Liver injury, severe skin reactions, drug-induced autoimmune reactions",Vestibular effects can cause dizziness; prolonged exposure can contribute to pigmentation and uncommon immune-mediated effects.,"Duration of use, liver disease, and interacting medicines.","Seek advice for severe headache/vision changes, painful swallowing, severe allergy, jaundice or severe diarrhoea; protect skin from sunlight where relevant.",Current FDA approval/marketed status not independently verified.,Starter summary matched by name; must still be checked against current drug-specific label.,drug-specific draft profile; label verification required
Demeclocycline,"Treatment of selected susceptible bacterial infections; some agents also have specific dermatologic or other indications. Age, pregnancy and agent-specific warnings matter. (provisional class-level summary; verify against a drug-specific label).","Possible effects include nausea, diarrhoea and photosensitivity; serious or special risks can include oesophageal injury, liver effects, tooth/bone effects in certain populations and agent-specific reactions.",Serious risks vary by ingredient and formulation; individual drug label extraction required.,Inhibit protein synthesis at the 30S ribosomal subunit. GI irritation and photosensitivity are common class concerns; tooth/bone effects matter in certain populations.,"Pregnancy, breastfeeding, age/developing teeth, photosensitivity, oesophageal disease, liver impairment and interacting minerals/antacids vary by agent.","Seek advice for severe headache/vision changes, painful swallowing, severe allergy, jaundice or severe diarrhoea; protect skin from sunlight where relevant.",Current FDA approval/marketed status not independently verified.,Provisional class-level summary only; individual label not yet verified.,class-level scaffold; not sufficient for clinical use
Oxytetracycline,"Treatment of selected susceptible bacterial infections; some agents also have specific dermatologic or other indications. Age, pregnancy and agent-specific warnings matter. (provisional class-level summary; verify against a drug-specific label).","Possible effects include nausea, diarrhoea and photosensitivity; serious or special risks can include oesophageal injury, liver effects, tooth/bone effects in certain populations and agent-specific reactions.",Serious risks vary by ingredient and formulation; individual drug label extraction required.,Inhibit protein synthesis at the 30S ribosomal subunit. GI irritation and photosensitivity are common class concerns; tooth/bone effects matter in certain populations.,"Pregnancy, breastfeeding, age/developing teeth, photosensitivity, oesophageal disease, liver impairment and interacting minerals/antacids vary by agent.","Seek advice for severe headache/vision changes, painful swallowing, severe allergy, jaundice or severe diarrhoea; protect skin from sunlight where relevant.",Current FDA approval/marketed status not independently verified.,Provisional class-level summary only; individual label not yet verified.,class-level scaffold; not sufficient for clinical use
Chlortetracycline,"Treatment of selected susceptible bacterial infections; some agents also have specific dermatologic or other indications. Age, pregnancy and agent-specific warnings matter. (provisional class-level summary; verify against a drug-specific label).","Possible effects include nausea, diarrhoea and photosensitivity; serious or special risks can include oesophageal injury, liver effects, tooth/bone effects in certain populations and agent-specific reactions.",Serious risks vary by ingredient and formulation; individual drug label extraction required.,Inhibit protein synthesis at the 30S ribosomal subunit. GI irritation and photosensitivity are common class concerns; tooth/bone effects matter in certain populations.,"Pregnancy, breastfeeding, age/developing teeth, photosensitivity, oesophageal disease, liver impairment and interacting minerals/antacids vary by agent.","Seek advice for severe headache/vision changes, painful swallowing, severe allergy, jaundice or severe diarrhoea; protect skin from sunlight where relevant.",Primarily veterinary or topical use depending on formulation; verify human use.,Provisional class-level summary only; individual label not yet verified.,class-level scaffold; not sufficient for clinical use
Methacycline,"Treatment of selected susceptible bacterial infections; some agents also have specific dermatologic or other indications. Age, pregnancy and agent-specific warnings matter. (provisional class-level summary; verify against a drug-specific label).","Possible effects include nausea, diarrhoea and photosensitivity; serious or special risks can include oesophageal injury, liver effects, tooth/bone effects in certain populations and agent-specific reactions.",Serious risks vary by ingredient and formulation; individual drug label extraction required.,Inhibit protein synthesis at the 30S ribosomal subunit. GI irritation and photosensitivity are common class concerns; tooth/bone effects matter in certain populations.,"Pregnancy, breastfeeding, age/developing teeth, photosensitivity, oesophageal disease, liver impairment and interacting minerals/antacids vary by agent.","Seek advice for severe headache/vision changes, painful swallowing, severe allergy, jaundice or severe diarrhoea; protect skin from sunlight where relevant.",Current FDA approval/marketed status not independently verified.,Provisional class-level summary only; individual label not yet verified.,class-level scaffold; not sufficient for clinical use
Rolitetracycline,"Treatment of selected susceptible bacterial infections; some agents also have specific dermatologic or other indications. Age, pregnancy and agent-specific warnings matter. (provisional class-level summary; verify against a drug-specific label).","Possible effects include nausea, diarrhoea and photosensitivity; serious or special risks can include oesophageal injury, liver effects, tooth/bone effects in certain populations and agent-specific reactions.",Serious risks vary by ingredient and formulation; individual drug label extraction required.,Inhibit protein synthesis at the 30S ribosomal subunit. GI irritation and photosensitivity are common class concerns; tooth/bone effects matter in certain populations.,"Pregnancy, breastfeeding, age/developing teeth, photosensitivity, oesophageal disease, liver impairment and interacting minerals/antacids vary by agent.","Seek advice for severe headache/vision changes, painful swallowing, severe allergy, jaundice or severe diarrhoea; protect skin from sunlight where relevant.",Older/limited availability; verify current marketed status.,Provisional class-level summary only; individual label not yet verified.,class-level scaffold; not sufficient for clinical use
Lymecycline,"Treatment of selected susceptible bacterial infections; some agents also have specific dermatologic or other indications. Age, pregnancy and agent-specific warnings matter. (provisional class-level summary; verify against a drug-specific label).","Possible effects include nausea, diarrhoea and photosensitivity; serious or special risks can include oesophageal injury, liver effects, tooth/bone effects in certain populations and agent-specific reactions.",Serious risks vary by ingredient and formulation; individual drug label extraction required.,Inhibit protein synthesis at the 30S ribosomal subunit. GI irritation and photosensitivity are common class concerns; tooth/bone effects matter in certain populations.,"Pregnancy, breastfeeding, age/developing teeth, photosensitivity, oesophageal disease, liver impairment and interacting minerals/antacids vary by agent.","Seek advice for severe headache/vision changes, painful swallowing, severe allergy, jaundice or severe diarrhoea; protect skin from sunlight where relevant.",Current FDA approval/marketed status not independently verified.,Provisional class-level summary only; individual label not yet verified.,class-level scaffold; not sufficient for clinical use
Meclocycline,"Treatment of selected susceptible bacterial infections; some agents also have specific dermatologic or other indications. Age, pregnancy and agent-specific warnings matter. (provisional class-level summary; verify against a drug-specific label).","Possible effects include nausea, diarrhoea and photosensitivity; serious or special risks can include oesophageal injury, liver effects, tooth/bone effects in certain populations and agent-specific reactions.",Serious risks vary by ingredient and formulation; individual drug label extraction required.,Inhibit protein synthesis at the 30S ribosomal subunit. GI irritation and photosensitivity are common class concerns; tooth/bone effects matter in certain populations.,"Pregnancy, breastfeeding, age/developing teeth, photosensitivity, oesophageal disease, liver impairment and interacting minerals/antacids vary by agent.","Seek advice for severe headache/vision changes, painful swallowing, severe allergy, jaundice or severe diarrhoea; protect skin from sunlight where relevant.",Topical/limited availability; verify current product status.,Provisional class-level summary only; individual label not yet verified.,class-level scaffold; not sufficient for clinical use
Tigecycline,"Treatment of selected complicated skin/soft-tissue and intra-abdominal infections, and certain community-acquired pneumonia cases; use depends on indication and alternatives.","Nausea, vomiting, diarrhoea","Pancreatitis, liver effects, severe hypersensitivity; boxed warning for increased all-cause mortality in pooled trials",GI effects are frequent; pancreatitis and hepatic effects are less common but important label warnings.,"Liver impairment, severe illness and indication-specific alternatives.","Seek advice for severe headache/vision changes, painful swallowing, severe allergy, jaundice or severe diarrhoea; protect skin from sunlight where relevant.",Current FDA approval/marketed status not independently verified.,Starter summary matched by name; must still be checked against current drug-specific label.,drug-specific draft profile; label verification required
Eravacycline,"Treatment of selected susceptible bacterial infections; some agents also have specific dermatologic or other indications. Age, pregnancy and agent-specific warnings matter. (provisional class-level summary; verify against a drug-specific label).","Possible effects include nausea, diarrhoea and photosensitivity; serious or special risks can include oesophageal injury, liver effects, tooth/bone effects in certain populations and agent-specific reactions.",Serious risks vary by ingredient and formulation; individual drug label extraction required.,Inhibit protein synthesis at the 30S ribosomal subunit. GI irritation and photosensitivity are common class concerns; tooth/bone effects matter in certain populations.,"Pregnancy, breastfeeding, age/developing teeth, photosensitivity, oesophageal disease, liver impairment and interacting minerals/antacids vary by agent.","Seek advice for severe headache/vision changes, painful swallowing, severe allergy, jaundice or severe diarrhoea; protect skin from sunlight where relevant.",Current FDA approval/marketed status not independently verified.,Provisional class-level summary only; individual label not yet verified.,class-level scaffold; not sufficient for clinical use
Omadacycline,"Treatment of selected susceptible bacterial infections; some agents also have specific dermatologic or other indications. Age, pregnancy and agent-specific warnings matter. (provisional class-level summary; verify against a drug-specific label).","Possible effects include nausea, diarrhoea and photosensitivity; serious or special risks can include oesophageal injury, liver effects, tooth/bone effects in certain populations and agent-specific reactions.",Serious risks vary by ingredient and formulation; individual drug label extraction required.,Inhibit protein synthesis at the 30S ribosomal subunit. GI irritation and photosensitivity are common class concerns; tooth/bone effects matter in certain populations.,"Pregnancy, breastfeeding, age/developing teeth, photosensitivity, oesophageal disease, liver impairment and interacting minerals/antacids vary by agent.","Seek advice for severe headache/vision changes, painful swallowing, severe allergy, jaundice or severe diarrhoea; protect skin from sunlight where relevant.",Current FDA approval/marketed status not independently verified.,Provisional class-level summary only; individual label not yet verified.,class-level scaffold; not sufficient for clinical use
Sarecycline,"Treatment of selected susceptible bacterial infections; some agents also have specific dermatologic or other indications. Age, pregnancy and agent-specific warnings matter. (provisional class-level summary; verify against a drug-specific label).","Possible effects include nausea, diarrhoea and photosensitivity; serious or special risks can include oesophageal injury, liver effects, tooth/bone effects in certain populations and agent-specific reactions.",Serious risks vary by ingredient and formulation; individual drug label extraction required.,Inhibit protein synthesis at the 30S ribosomal subunit. GI irritation and photosensitivity are common class concerns; tooth/bone effects matter in certain populations.,"Pregnancy, breastfeeding, age/developing teeth, photosensitivity, oesophageal disease, liver impairment and interacting minerals/antacids vary by agent.","Seek advice for severe headache/vision changes, painful swallowing, severe allergy, jaundice or severe diarrhoea; protect skin from sunlight where relevant.",Current FDA approval/marketed status not independently verified.,Provisional class-level summary only; individual label not yet verified.,class-level scaffold; not sufficient for clinical use
Amikacin,"Treatment of selected serious infections caused by susceptible bacteria, usually with specialist oversight and monitoring.",Nausea or injection-site effects; symptoms vary by route,"Kidney injury, hearing/balance damage, neuromuscular blockade",Aminoglycoside accumulation in kidney and inner-ear tissues can cause toxicity.,"Renal impairment, dehydration, prolonged/high exposure, concurrent nephrotoxic/ototoxic drugs.","Report hearing changes, ringing in ears, balance problems or reduced urine urgently; systemic treatment often needs kidney function and drug-level monitoring.",Current FDA approval/marketed status not independently verified.,Starter summary matched by name; must still be checked against current drug-specific label.,drug-specific draft profile; label verification required
Gentamicin,"Treatment of selected serious infections caused by susceptible bacteria, usually with specialist oversight and monitoring.",Nausea or injection-site effects; symptoms vary by route,"Kidney injury, hearing/balance damage, neuromuscular blockade","Aminoglycosides can accumulate in renal tissue and inner-ear structures, causing nephrotoxicity and ototoxicity.","Renal impairment, dehydration, prolonged/high exposure, concurrent nephrotoxic/ototoxic drugs.","Report hearing changes, ringing in ears, balance problems or reduced urine urgently; systemic treatment often needs kidney function and drug-level monitoring.",Current FDA approval/marketed status not independently verified.,Starter summary matched by name; must still be checked against current drug-specific label.,drug-specific draft profile; label verification required
Kanamycin,Treatment of selected serious bacterial infections or local infections depending on formulation; systemic agents often require renal and hearing/balance monitoring. Some listed agents are veterinary-only. (provisional class-level summary; verify against a drug-specific label).,Systemic use can cause kidney injury and hearing/balance damage; other effects depend on route and agent. Monitoring may be needed for systemic treatment.,Serious risks vary by ingredient and formulation; individual drug label extraction required.,Bind the 30S ribosomal subunit and disrupt protein synthesis. Kidney and inner-ear toxicity relate to tissue accumulation and exposure; risk rises with renal impairment and other nephrotoxins/ototoxins.,"Kidney impairment, dehydration, older age, pre-existing hearing/balance problems, and concurrent nephrotoxic/ototoxic medicines; systemic use may require drug-level monitoring.","Report hearing changes, ringing in ears, balance problems or reduced urine urgently; systemic treatment often needs kidney function and drug-level monitoring.",Current FDA approval/marketed status not independently verified.,Provisional class-level summary only; individual label not yet verified.,class-level scaffold; not sufficient for clinical use
Neomycin,Treatment of selected serious bacterial infections or local infections depending on formulation; systemic agents often require renal and hearing/balance monitoring. Some listed agents are veterinary-only. (provisional class-level summary; verify against a drug-specific label).,Systemic use can cause kidney injury and hearing/balance damage; other effects depend on route and agent. Monitoring may be needed for systemic treatment.,Serious risks vary by ingredient and formulation; individual drug label extraction required.,Bind the 30S ribosomal subunit and disrupt protein synthesis. Kidney and inner-ear toxicity relate to tissue accumulation and exposure; risk rises with renal impairment and other nephrotoxins/ototoxins.,"Kidney impairment, dehydration, older age, pre-existing hearing/balance problems, and concurrent nephrotoxic/ototoxic medicines; systemic use may require drug-level monitoring.","Report hearing changes, ringing in ears, balance problems or reduced urine urgently; systemic treatment often needs kidney function and drug-level monitoring.",Many products are topical/oral non-absorbed formulations; route-specific uses and toxicity differ.,Provisional class-level summary only; individual label not yet verified.,class-level scaffold; not sufficient for clinical use
Netilmicin,Treatment of selected serious bacterial infections or local infections depending on formulation; systemic agents often require renal and hearing/balance monitoring. Some listed agents are veterinary-only. (provisional class-level summary; verify against a drug-specific label).,Systemic use can cause kidney injury and hearing/balance damage; other effects depend on route and agent. Monitoring may be needed for systemic treatment.,Serious risks vary by ingredient and formulation; individual drug label extraction required.,Bind the 30S ribosomal subunit and disrupt protein synthesis. Kidney and inner-ear toxicity relate to tissue accumulation and exposure; risk rises with renal impairment and other nephrotoxins/ototoxins.,"Kidney impairment, dehydration, older age, pre-existing hearing/balance problems, and concurrent nephrotoxic/ototoxic medicines; systemic use may require drug-level monitoring.","Report hearing changes, ringing in ears, balance problems or reduced urine urgently; systemic treatment often needs kidney function and drug-level monitoring.",Current FDA approval/marketed status not independently verified.,Provisional class-level summary only; individual label not yet verified.,class-level scaffold; not sufficient for clinical use
Tobramycin,Treatment of selected serious susceptible bacterial infections; inhaled and ophthalmic formulations have specific uses.,Systemic use can cause kidney injury and hearing/balance damage; other effects depend on route and agent. Monitoring may be needed for systemic treatment.,Serious risks vary by ingredient and formulation; individual drug label extraction required.,Bind the 30S ribosomal subunit and disrupt protein synthesis. Kidney and inner-ear toxicity relate to tissue accumulation and exposure; risk rises with renal impairment and other nephrotoxins/ototoxins.,"Kidney impairment, dehydration, older age, pre-existing hearing/balance problems, and concurrent nephrotoxic/ototoxic medicines; systemic use may require drug-level monitoring.","Report hearing changes, ringing in ears, balance problems or reduced urine urgently; systemic treatment often needs kidney function and drug-level monitoring.",Current FDA approval/marketed status not independently verified.,Starter summary matched by name; must still be checked against current drug-specific label.,class-level scaffold; not sufficient for clinical use
Streptomycin,Treatment of selected serious bacterial infections or local infections depending on formulation; systemic agents often require renal and hearing/balance monitoring. Some listed agents are veterinary-only. (provisional class-level summary; verify against a drug-specific label).,Systemic use can cause kidney injury and hearing/balance damage; other effects depend on route and agent. Monitoring may be needed for systemic treatment.,Serious risks vary by ingredient and formulation; individual drug label extraction required.,Bind the 30S ribosomal subunit and disrupt protein synthesis. Kidney and inner-ear toxicity relate to tissue accumulation and exposure; risk rises with renal impairment and other nephrotoxins/ototoxins.,"Kidney impairment, dehydration, older age, pre-existing hearing/balance problems, and concurrent nephrotoxic/ototoxic medicines; systemic use may require drug-level monitoring.","Report hearing changes, ringing in ears, balance problems or reduced urine urgently; systemic treatment often needs kidney function and drug-level monitoring.",Use is restricted to specific indications and regimens; significant toxicity monitoring is required.,Provisional class-level summary only; individual label not yet verified.,class-level scaffold; not sufficient for clinical use
Paromomycin,Treatment of selected serious bacterial infections or local infections depending on formulation; systemic agents often require renal and hearing/balance monitoring. Some listed agents are veterinary-only. (provisional class-level summary; verify against a drug-specific label).,Systemic use can cause kidney injury and hearing/balance damage; other effects depend on route and agent. Monitoring may be needed for systemic treatment.,Serious risks vary by ingredient and formulation; individual drug label extraction required.,Bind the 30S ribosomal subunit and disrupt protein synthesis. Kidney and inner-ear toxicity relate to tissue accumulation and exposure; risk rises with renal impairment and other nephrotoxins/ototoxins.,"Kidney impairment, dehydration, older age, pre-existing hearing/balance problems, and concurrent nephrotoxic/ototoxic medicines; systemic use may require drug-level monitoring.","Report hearing changes, ringing in ears, balance problems or reduced urine urgently; systemic treatment often needs kidney function and drug-level monitoring.",Current FDA approval/marketed status not independently verified.,Provisional class-level summary only; individual label not yet verified.,class-level scaffold; not sufficient for clinical use
Spectinomycin,Treatment of selected serious bacterial infections or local infections depending on formulation; systemic agents often require renal and hearing/balance monitoring. Some listed agents are veterinary-only. (provisional class-level summary; verify against a drug-specific label).,Systemic use can cause kidney injury and hearing/balance damage; other effects depend on route and agent. Monitoring may be needed for systemic treatment.,Serious risks vary by ingredient and formulation; individual drug label extraction required.,Bind the 30S ribosomal subunit and disrupt protein synthesis. Kidney and inner-ear toxicity relate to tissue accumulation and exposure; risk rises with renal impairment and other nephrotoxins/ototoxins.,"Kidney impairment, dehydration, older age, pre-existing hearing/balance problems, and concurrent nephrotoxic/ototoxic medicines; systemic use may require drug-level monitoring.","Report hearing changes, ringing in ears, balance problems or reduced urine urgently; systemic treatment often needs kidney function and drug-level monitoring.",Availability is limited and indication-specific; verify current local status.,Provisional class-level summary only; individual label not yet verified.,class-level scaffold; not sufficient for clinical use
Plazomicin,Treatment of selected serious bacterial infections or local infections depending on formulation; systemic agents often require renal and hearing/balance monitoring. Some listed agents are veterinary-only. (provisional class-level summary; verify against a drug-specific label).,Systemic use can cause kidney injury and hearing/balance damage; other effects depend on route and agent. Monitoring may be needed for systemic treatment.,Serious risks vary by ingredient and formulation; individual drug label extraction required.,Bind the 30S ribosomal subunit and disrupt protein synthesis. Kidney and inner-ear toxicity relate to tissue accumulation and exposure; risk rises with renal impairment and other nephrotoxins/ototoxins.,"Kidney impairment, dehydration, older age, pre-existing hearing/balance problems, and concurrent nephrotoxic/ototoxic medicines; systemic use may require drug-level monitoring.","Report hearing changes, ringing in ears, balance problems or reduced urine urgently; systemic treatment often needs kidney function and drug-level monitoring.",Current FDA approval/marketed status not independently verified.,Provisional class-level summary only; individual label not yet verified.,class-level scaffold; not sufficient for clinical use
Sisomicin,Treatment of selected serious bacterial infections or local infections depending on formulation; systemic agents often require renal and hearing/balance monitoring. Some listed agents are veterinary-only. (provisional class-level summary; verify against a drug-specific label).,Systemic use can cause kidney injury and hearing/balance damage; other effects depend on route and agent. Monitoring may be needed for systemic treatment.,Serious risks vary by ingredient and formulation; individual drug label extraction required.,Bind the 30S ribosomal subunit and disrupt protein synthesis. Kidney and inner-ear toxicity relate to tissue accumulation and exposure; risk rises with renal impairment and other nephrotoxins/ototoxins.,"Kidney impairment, dehydration, older age, pre-existing hearing/balance problems, and concurrent nephrotoxic/ototoxic medicines; systemic use may require drug-level monitoring.","Report hearing changes, ringing in ears, balance problems or reduced urine urgently; systemic treatment often needs kidney function and drug-level monitoring.",Older/limited availability; verify current marketed status.,Provisional class-level summary only; individual label not yet verified.,class-level scaffold; not sufficient for clinical use
Dibekacin,Treatment of selected serious bacterial infections or local infections depending on formulation; systemic agents often require renal and hearing/balance monitoring. Some listed agents are veterinary-only. (provisional class-level summary; verify against a drug-specific label).,Systemic use can cause kidney injury and hearing/balance damage; other effects depend on route and agent. Monitoring may be needed for systemic treatment.,Serious risks vary by ingredient and formulation; individual drug label extraction required.,Bind the 30S ribosomal subunit and disrupt protein synthesis. Kidney and inner-ear toxicity relate to tissue accumulation and exposure; risk rises with renal impairment and other nephrotoxins/ototoxins.,"Kidney impairment, dehydration, older age, pre-existing hearing/balance problems, and concurrent nephrotoxic/ototoxic medicines; systemic use may require drug-level monitoring.","Report hearing changes, ringing in ears, balance problems or reduced urine urgently; systemic treatment often needs kidney function and drug-level monitoring.",Regional availability; verify current approved product label.,Provisional class-level summary only; individual label not yet verified.,class-level scaffold; not sufficient for clinical use
Ribostamycin,Treatment of selected serious bacterial infections or local infections depending on formulation; systemic agents often require renal and hearing/balance monitoring. Some listed agents are veterinary-only. (provisional class-level summary; verify against a drug-specific label).,Systemic use can cause kidney injury and hearing/balance damage; other effects depend on route and agent. Monitoring may be needed for systemic treatment.,Serious risks vary by ingredient and formulation; individual drug label extraction required.,Bind the 30S ribosomal subunit and disrupt protein synthesis. Kidney and inner-ear toxicity relate to tissue accumulation and exposure; risk rises with renal impairment and other nephrotoxins/ototoxins.,"Kidney impairment, dehydration, older age, pre-existing hearing/balance problems, and concurrent nephrotoxic/ototoxic medicines; systemic use may require drug-level monitoring.","Report hearing changes, ringing in ears, balance problems or reduced urine urgently; systemic treatment often needs kidney function and drug-level monitoring.",Regional availability; verify current approved product label.,Provisional class-level summary only; individual label not yet verified.,class-level scaffold; not sufficient for clinical use
Framycetin,Treatment of selected serious bacterial infections or local infections depending on formulation; systemic agents often require renal and hearing/balance monitoring. Some listed agents are veterinary-only. (provisional class-level summary; verify against a drug-specific label).,Systemic use can cause kidney injury and hearing/balance damage; other effects depend on route and agent. Monitoring may be needed for systemic treatment.,Serious risks vary by ingredient and formulation; individual drug label extraction required.,Bind the 30S ribosomal subunit and disrupt protein synthesis. Kidney and inner-ear toxicity relate to tissue accumulation and exposure; risk rises with renal impairment and other nephrotoxins/ototoxins.,"Kidney impairment, dehydration, older age, pre-existing hearing/balance problems, and concurrent nephrotoxic/ototoxic medicines; systemic use may require drug-level monitoring.","Report hearing changes, ringing in ears, balance problems or reduced urine urgently; systemic treatment often needs kidney function and drug-level monitoring.",Often topical/ophthalmic/otic depending on country; verify formulation-specific human label.,Provisional class-level summary only; individual label not yet verified.,class-level scaffold; not sufficient for clinical use
Isepamicin,Treatment of selected serious bacterial infections or local infections depending on formulation; systemic agents often require renal and hearing/balance monitoring. Some listed agents are veterinary-only. (provisional class-level summary; verify against a drug-specific label).,Systemic use can cause kidney injury and hearing/balance damage; other effects depend on route and agent. Monitoring may be needed for systemic treatment.,Serious risks vary by ingredient and formulation; individual drug label extraction required.,Bind the 30S ribosomal subunit and disrupt protein synthesis. Kidney and inner-ear toxicity relate to tissue accumulation and exposure; risk rises with renal impairment and other nephrotoxins/ototoxins.,"Kidney impairment, dehydration, older age, pre-existing hearing/balance problems, and concurrent nephrotoxic/ototoxic medicines; systemic use may require drug-level monitoring.","Report hearing changes, ringing in ears, balance problems or reduced urine urgently; systemic treatment often needs kidney function and drug-level monitoring.",Regional availability; verify current approved product label.,Provisional class-level summary only; individual label not yet verified.,class-level scaffold; not sufficient for clinical use
Arbekacin,Treatment of selected serious bacterial infections or local infections depending on formulation; systemic agents often require renal and hearing/balance monitoring. Some listed agents are veterinary-only. (provisional class-level summary; verify against a drug-specific label).,Systemic use can cause kidney injury and hearing/balance damage; other effects depend on route and agent. Monitoring may be needed for systemic treatment.,Serious risks vary by ingredient and formulation; individual drug label extraction required.,Bind the 30S ribosomal subunit and disrupt protein synthesis. Kidney and inner-ear toxicity relate to tissue accumulation and exposure; risk rises with renal impairment and other nephrotoxins/ototoxins.,"Kidney impairment, dehydration, older age, pre-existing hearing/balance problems, and concurrent nephrotoxic/ototoxic medicines; systemic use may require drug-level monitoring.","Report hearing changes, ringing in ears, balance problems or reduced urine urgently; systemic treatment often needs kidney function and drug-level monitoring.",Regional availability; verify current approved product label.,Provisional class-level summary only; individual label not yet verified.,class-level scaffold; not sufficient for clinical use
Vancomycin,Treatment depends on route: oral vancomycin is used for certain intestinal infections; intravenous vancomycin is used for selected serious Gram-positive infections.,IV infusion reactions; nausea or abdominal discomfort may occur with oral therapy,Kidney injury; severe infusion reactions; rare hearing-related toxicity; severe hypersensitivity,Rapid IV infusion can provoke histamine-mediated infusion reactions; systemic exposure can contribute to kidney injury.,"Infusion rate, kidney impairment, high exposure, concurrent nephrotoxins; route matters.","Urgent care for breathing difficulty, severe infusion reaction or severe allergy; report reduced urine or hearing changes promptly.",Current FDA approval/marketed status not independently verified.,Starter summary matched by name; must still be checked against current drug-specific label.,drug-specific draft profile; label verification required
Teicoplanin,Treatment of selected Gram-positive bacterial infections; route and indication differ by agent. Some listed compounds are investigational or not routinely marketed. (provisional class-level summary; verify against a drug-specific label).,"Possible effects include nausea, diarrhoea, rash or infusion-related reactions depending on agent and route; serious risks can include kidney injury, infusion reactions and hypersensitivity.",Serious risks vary by ingredient and formulation; individual drug label extraction required.,Interfere with bacterial cell-wall synthesis. Infusion reactions can occur with some IV agents; kidney effects and hypersensitivity are agent-specific.,"Renal impairment, concurrent nephrotoxic medicines, prior hypersensitivity and infusion rate for selected IV agents.","Urgent care for breathing difficulty, severe infusion reaction or severe allergy; report reduced urine or hearing changes promptly.",Not FDA-approved for routine US use; available in some other jurisdictions.,Provisional class-level summary only; individual label not yet verified.,class-level scaffold; not sufficient for clinical use
Telavancin,Treatment of selected Gram-positive bacterial infections; route and indication differ by agent. Some listed compounds are investigational or not routinely marketed. (provisional class-level summary; verify against a drug-specific label).,"Possible effects include nausea, diarrhoea, rash or infusion-related reactions depending on agent and route; serious risks can include kidney injury, infusion reactions and hypersensitivity.",Serious risks vary by ingredient and formulation; individual drug label extraction required.,Interfere with bacterial cell-wall synthesis. Infusion reactions can occur with some IV agents; kidney effects and hypersensitivity are agent-specific.,"Renal impairment, concurrent nephrotoxic medicines, prior hypersensitivity and infusion rate for selected IV agents.","Urgent care for breathing difficulty, severe infusion reaction or severe allergy; report reduced urine or hearing changes promptly.",US-approved for specific indications; safety warnings and renal considerations require label review.,Provisional class-level summary only; individual label not yet verified.,class-level scaffold; not sufficient for clinical use
Dalbavancin,Treatment of selected Gram-positive bacterial infections; route and indication differ by agent. Some listed compounds are investigational or not routinely marketed. (provisional class-level summary; verify against a drug-specific label).,"Possible effects include nausea, diarrhoea, rash or infusion-related reactions depending on agent and route; serious risks can include kidney injury, infusion reactions and hypersensitivity.",Serious risks vary by ingredient and formulation; individual drug label extraction required.,Interfere with bacterial cell-wall synthesis. Infusion reactions can occur with some IV agents; kidney effects and hypersensitivity are agent-specific.,"Renal impairment, concurrent nephrotoxic medicines, prior hypersensitivity and infusion rate for selected IV agents.","Urgent care for breathing difficulty, severe infusion reaction or severe allergy; report reduced urine or hearing changes promptly.",US-approved for specific Gram-positive infections; exact indication depends on current label.,Provisional class-level summary only; individual label not yet verified.,class-level scaffold; not sufficient for clinical use
Oritavancin,Treatment of selected Gram-positive bacterial infections; route and indication differ by agent. Some listed compounds are investigational or not routinely marketed. (provisional class-level summary; verify against a drug-specific label).,"Possible effects include nausea, diarrhoea, rash or infusion-related reactions depending on agent and route; serious risks can include kidney injury, infusion reactions and hypersensitivity.",Serious risks vary by ingredient and formulation; individual drug label extraction required.,Interfere with bacterial cell-wall synthesis. Infusion reactions can occur with some IV agents; kidney effects and hypersensitivity are agent-specific.,"Renal impairment, concurrent nephrotoxic medicines, prior hypersensitivity and infusion rate for selected IV agents.","Urgent care for breathing difficulty, severe infusion reaction or severe allergy; report reduced urine or hearing changes promptly.",US-approved for specific acute bacterial skin and skin structure infections; verify current label.,Provisional class-level summary only; individual label not yet verified.,class-level scaffold; not sufficient for clinical use
Ramoplanin,Treatment of selected Gram-positive bacterial infections; route and indication differ by agent. Some listed compounds are investigational or not routinely marketed. (provisional class-level summary; verify against a drug-specific label).,"Possible effects include nausea, diarrhoea, rash or infusion-related reactions depending on agent and route; serious risks can include kidney injury, infusion reactions and hypersensitivity.",Serious risks vary by ingredient and formulation; individual drug label extraction required.,Interfere with bacterial cell-wall synthesis. Infusion reactions can occur with some IV agents; kidney effects and hypersensitivity are agent-specific.,"Renal impairment, concurrent nephrotoxic medicines, prior hypersensitivity and infusion rate for selected IV agents.","Urgent care for breathing difficulty, severe infusion reaction or severe allergy; report reduced urine or hearing changes promptly.",Investigational/limited availability; do not assume routine approved use.,Provisional class-level summary only; individual label not yet verified.,class-level scaffold; not sufficient for clinical use
Clindamycin,"Treatment of selected serious infections caused by susceptible bacteria, including certain anaerobic, skin, soft-tissue and bone infections.","Diarrhoea, nausea, abdominal pain, rash","C. difficile-associated colitis, which may be severe; severe allergy/skin reactions","Clindamycin can substantially disrupt gut flora, allowing C. difficile overgrowth in susceptible patients.","Prior C. difficile/colitis, older age, recent healthcare exposure and concurrent antibiotics.","Severe/persistent diarrhoea requires urgent review, especially with clindamycin. With linezolid/tedizolid, report unusual bruising, vision changes or symptoms suggestive of serotonin toxicity.",Current FDA approval/marketed status not independently verified.,Starter summary matched by name; must still be checked against current drug-specific label.,drug-specific draft profile; label verification required
Lincomycin,Treatment of selected susceptible bacterial infections; indications differ substantially by agent. Some listed agents are veterinary-only or investigational. (provisional class-level summary; verify against a drug-specific label).,"Possible effects include nausea, diarrhoea and headache; serious risks include C. difficile-associated colitis with clindamycin and blood-count or interaction-related effects with oxazolidinones.",Serious risks vary by ingredient and formulation; individual drug label extraction required.,"Lincosamides and oxazolidinones inhibit protein synthesis at the 50S ribosomal subunit, but have distinct safety profiles. Clindamycin is strongly associated with C. difficile colitis; oxazolidinones can affect blood counts and interact with serotonergic drugs.","History of C. difficile/colitis for clindamycin; serotonergic medicines, blood-count disorders and prolonged treatment for linezolid/tedizolid.","Severe/persistent diarrhoea requires urgent review, especially with clindamycin. With linezolid/tedizolid, report unusual bruising, vision changes or symptoms suggestive of serotonin toxicity.",Older/limited availability in many jurisdictions; verify current status.,Provisional class-level summary only; individual label not yet verified.,class-level scaffold; not sufficient for clinical use
Pirlimycin,Treatment of selected susceptible bacterial infections; indications differ substantially by agent. Some listed agents are veterinary-only or investigational. (provisional class-level summary; verify against a drug-specific label).,"Possible effects include nausea, diarrhoea and headache; serious risks include C. difficile-associated colitis with clindamycin and blood-count or interaction-related effects with oxazolidinones.",Serious risks vary by ingredient and formulation; individual drug label extraction required.,"Lincosamides and oxazolidinones inhibit protein synthesis at the 50S ribosomal subunit, but have distinct safety profiles. Clindamycin is strongly associated with C. difficile colitis; oxazolidinones can affect blood counts and interact with serotonergic drugs.","History of C. difficile/colitis for clindamycin; serotonergic medicines, blood-count disorders and prolonged treatment for linezolid/tedizolid.","Severe/persistent diarrhoea requires urgent review, especially with clindamycin. With linezolid/tedizolid, report unusual bruising, vision changes or symptoms suggestive of serotonin toxicity.",Veterinary antimicrobial; exclude from human-patient recommendations.,Provisional class-level summary only; individual label not yet verified.,class-level scaffold; not sufficient for clinical use
Linezolid,"Treatment of selected infections caused by susceptible Gram-positive bacteria, including certain resistant infections such as MRSA and VRE, according to indication.","Diarrhoea, nausea, headache, vomiting","Thrombocytopenia/myelosuppression, serotonin syndrome with interacting drugs, optic/peripheral neuropathy with prolonged use, lactic acidosis",Reversible monoamine oxidase inhibition can interact with serotonergic/adrenergic drugs; mitochondrial effects are associated with some prolonged-course toxicities.,"Serotonergic medicines, baseline blood-count problems, prolonged treatment, renal impairment and visual symptoms.","Severe/persistent diarrhoea requires urgent review, especially with clindamycin. With linezolid/tedizolid, report unusual bruising, vision changes or symptoms suggestive of serotonin toxicity.",Current FDA approval/marketed status not independently verified.,Starter summary matched by name; must still be checked against current drug-specific label.,drug-specific draft profile; label verification required
Tedizolid,Treatment of selected susceptible bacterial infections; indications differ substantially by agent. Some listed agents are veterinary-only or investigational. (provisional class-level summary; verify against a drug-specific label).,"Possible effects include nausea, diarrhoea and headache; serious risks include C. difficile-associated colitis with clindamycin and blood-count or interaction-related effects with oxazolidinones.",Serious risks vary by ingredient and formulation; individual drug label extraction required.,"Lincosamides and oxazolidinones inhibit protein synthesis at the 50S ribosomal subunit, but have distinct safety profiles. Clindamycin is strongly associated with C. difficile colitis; oxazolidinones can affect blood counts and interact with serotonergic drugs.","History of C. difficile/colitis for clindamycin; serotonergic medicines, blood-count disorders and prolonged treatment for linezolid/tedizolid.","Severe/persistent diarrhoea requires urgent review, especially with clindamycin. With linezolid/tedizolid, report unusual bruising, vision changes or symptoms suggestive of serotonin toxicity.",Current FDA approval/marketed status not independently verified.,Provisional class-level summary only; individual label not yet verified.,class-level scaffold; not sufficient for clinical use
Radezolid,Treatment of selected susceptible bacterial infections; indications differ substantially by agent. Some listed agents are veterinary-only or investigational. (provisional class-level summary; verify against a drug-specific label).,"Possible effects include nausea, diarrhoea and headache; serious risks include C. difficile-associated colitis with clindamycin and blood-count or interaction-related effects with oxazolidinones.",Serious risks vary by ingredient and formulation; individual drug label extraction required.,"Lincosamides and oxazolidinones inhibit protein synthesis at the 50S ribosomal subunit, but have distinct safety profiles. Clindamycin is strongly associated with C. difficile colitis; oxazolidinones can affect blood counts and interact with serotonergic drugs.","History of C. difficile/colitis for clindamycin; serotonergic medicines, blood-count disorders and prolonged treatment for linezolid/tedizolid.","Severe/persistent diarrhoea requires urgent review, especially with clindamycin. With linezolid/tedizolid, report unusual bruising, vision changes or symptoms suggestive of serotonin toxicity.",Investigational/developmental oxazolidinone; not a routine approved therapy.,Provisional class-level summary only; individual label not yet verified.,class-level scaffold; not sufficient for clinical use
Polymyxin B,"Use depends on the individual agent and formulation, including selected urinary, anaerobic, topical, resistant Gram-negative or Gram-positive infections. Do not infer interchangeable uses across this group. (provisional class-level summary; verify against a drug-specific label).",Effects are agent-specific and may include gastrointestinal upset or local irritation; serious risks vary widely and must be verified against the individual drug label.,Serious risks vary by ingredient and formulation; individual drug label extraction required.,"Mechanism varies widely by drug (e.g., membrane disruption, DNA damage, folate-pathway inhibition, RNA polymerase inhibition, or topical protein-synthesis inhibition). Safety risks must be checked per ingredient and formulation.","Risk factors are drug-specific; check formulation, route, renal/hepatic function, pregnancy, allergies and interacting medicines against the individual label.",Urgent symptoms and actions depend on the specific medicine; never use this class-level record as a substitute for its exact product label.,Systemic/topical use depends on formulation; systemic use can be nephrotoxic and neurotoxic.,Provisional class-level summary only; individual label not yet verified.,class-level scaffold; not sufficient for clinical use
Colistin (polymyxin E),"Use depends on the individual agent and formulation, including selected urinary, anaerobic, topical, resistant Gram-negative or Gram-positive infections. Do not infer interchangeable uses across this group. (provisional class-level summary; verify against a drug-specific label).","Tingling, dizziness or GI symptoms depending on formulation","Kidney injury, neuromuscular toxicity, neurotoxicity",Polymyxins can injure renal tubular cells and interfere with neuromuscular transmission.,"Renal impairment, critical illness, concurrent nephrotoxic or neuromuscular-blocking drugs.",Urgent symptoms and actions depend on the specific medicine; never use this class-level record as a substitute for its exact product label.,Use is generally reserved for selected serious resistant Gram-negative infections; formulation and dosing are specialist-managed.,Provisional class-level summary only; individual label not yet verified.,drug-specific draft profile; label verification required
Metronidazole,Treatment of selected infections caused by susceptible anaerobic bacteria and certain protozoa; indication depends on the infection.,"Nausea, metallic taste, abdominal discomfort, headache","Peripheral neuropathy with some exposure patterns, seizures/encephalopathy rarely, severe skin reactions","Metallic taste and GI symptoms are recognized effects; neurologic toxicity is uncommon but important, particularly with prolonged/high cumulative exposure.","Prolonged/repeated courses, neurologic disease, liver impairment, interacting medicines; follow label-specific alcohol advice.",Urgent symptoms and actions depend on the specific medicine; never use this class-level record as a substitute for its exact product label.,Current FDA approval/marketed status not independently verified.,Starter summary matched by name; must still be checked against current drug-specific label.,drug-specific draft profile; label verification required
Tinidazole,"Use depends on the individual agent and formulation, including selected urinary, anaerobic, topical, resistant Gram-negative or Gram-positive infections. Do not infer interchangeable uses across this group. (provisional class-level summary; verify against a drug-specific label).",Effects are agent-specific and may include gastrointestinal upset or local irritation; serious risks vary widely and must be verified against the individual drug label.,Serious risks vary by ingredient and formulation; individual drug label extraction required.,"Mechanism varies widely by drug (e.g., membrane disruption, DNA damage, folate-pathway inhibition, RNA polymerase inhibition, or topical protein-synthesis inhibition). Safety risks must be checked per ingredient and formulation.","Risk factors are drug-specific; check formulation, route, renal/hepatic function, pregnancy, allergies and interacting medicines against the individual label.",Urgent symptoms and actions depend on the specific medicine; never use this class-level record as a substitute for its exact product label.,Current FDA approval/marketed status not independently verified.,Provisional class-level summary only; individual label not yet verified.,class-level scaffold; not sufficient for clinical use
Secnidazole,"Use depends on the individual agent and formulation, including selected urinary, anaerobic, topical, resistant Gram-negative or Gram-positive infections. Do not infer interchangeable uses across this group. (provisional class-level summary; verify against a drug-specific label).",Effects are agent-specific and may include gastrointestinal upset or local irritation; serious risks vary widely and must be verified against the individual drug label.,Serious risks vary by ingredient and formulation; individual drug label extraction required.,"Mechanism varies widely by drug (e.g., membrane disruption, DNA damage, folate-pathway inhibition, RNA polymerase inhibition, or topical protein-synthesis inhibition). Safety risks must be checked per ingredient and formulation.","Risk factors are drug-specific; check formulation, route, renal/hepatic function, pregnancy, allergies and interacting medicines against the individual label.",Urgent symptoms and actions depend on the specific medicine; never use this class-level record as a substitute for its exact product label.,Current FDA approval/marketed status not independently verified.,Provisional class-level summary only; individual label not yet verified.,class-level scaffold; not sufficient for clinical use
Ornidazole,"Use depends on the individual agent and formulation, including selected urinary, anaerobic, topical, resistant Gram-negative or Gram-positive infections. Do not infer interchangeable uses across this group. (provisional class-level summary; verify against a drug-specific label).",Effects are agent-specific and may include gastrointestinal upset or local irritation; serious risks vary widely and must be verified against the individual drug label.,Serious risks vary by ingredient and formulation; individual drug label extraction required.,"Mechanism varies widely by drug (e.g., membrane disruption, DNA damage, folate-pathway inhibition, RNA polymerase inhibition, or topical protein-synthesis inhibition). Safety risks must be checked per ingredient and formulation.","Risk factors are drug-specific; check formulation, route, renal/hepatic function, pregnancy, allergies and interacting medicines against the individual label.",Urgent symptoms and actions depend on the specific medicine; never use this class-level record as a substitute for its exact product label.,Current FDA approval/marketed status not independently verified.,Provisional class-level summary only; individual label not yet verified.,class-level scaffold; not sufficient for clinical use
Nitrofurantoin,Treatment of susceptible uncomplicated lower urinary tract infections; not appropriate for kidney infection or systemic infection.,"Nausea, reduced appetite, headache; dark urine may occur","Pulmonary reactions, liver injury, peripheral neuropathy, haemolysis in susceptible people",Some reactions are related to pulmonary or hepatic hypersensitivity/toxicity; neuropathy risk can rise with certain underlying conditions.,"Renal impairment, prolonged exposure, lung/liver disease, G6PD deficiency and neuropathy risk.",Urgent symptoms and actions depend on the specific medicine; never use this class-level record as a substitute for its exact product label.,Current FDA approval/marketed status not independently verified.,Starter summary matched by name; must still be checked against current drug-specific label.,drug-specific draft profile; label verification required
Fosfomycin,Treatment of uncomplicated urinary tract infection in specified patients and formulations.,"Diarrhoea, nausea, headache, vaginitis",Severe allergy; C. difficile-associated diarrhoea,GI symptoms are commonly reported; the approved indication depends on oral formulation and jurisdiction.,"Allergy history, renal function and exact formulation/indication.",Urgent symptoms and actions depend on the specific medicine; never use this class-level record as a substitute for its exact product label.,Current FDA approval/marketed status not independently verified.,Starter summary matched by name; must still be checked against current drug-specific label.,drug-specific draft profile; label verification required
Chloramphenicol,Reserved for selected serious infections when safer effective alternatives are unsuitable; use varies by formulation and local guidance.,Effects are agent-specific and may include gastrointestinal upset or local irritation; serious risks vary widely and must be verified against the individual drug label.,Serious risks vary by ingredient and formulation; individual drug label extraction required.,"Mechanism varies widely by drug (e.g., membrane disruption, DNA damage, folate-pathway inhibition, RNA polymerase inhibition, or topical protein-synthesis inhibition). Safety risks must be checked per ingredient and formulation.","Risk factors are drug-specific; check formulation, route, renal/hepatic function, pregnancy, allergies and interacting medicines against the individual label.",Urgent symptoms and actions depend on the specific medicine; never use this class-level record as a substitute for its exact product label.,Current FDA approval/marketed status not independently verified.,Starter summary matched by name; must still be checked against current drug-specific label.,class-level scaffold; not sufficient for clinical use
Fusidic acid,"Use depends on the individual agent and formulation, including selected urinary, anaerobic, topical, resistant Gram-negative or Gram-positive infections. Do not infer interchangeable uses across this group. (provisional class-level summary; verify against a drug-specific label).",Effects are agent-specific and may include gastrointestinal upset or local irritation; serious risks vary widely and must be verified against the individual drug label.,Serious risks vary by ingredient and formulation; individual drug label extraction required.,"Mechanism varies widely by drug (e.g., membrane disruption, DNA damage, folate-pathway inhibition, RNA polymerase inhibition, or topical protein-synthesis inhibition). Safety risks must be checked per ingredient and formulation.","Risk factors are drug-specific; check formulation, route, renal/hepatic function, pregnancy, allergies and interacting medicines against the individual label.",Urgent symptoms and actions depend on the specific medicine; never use this class-level record as a substitute for its exact product label.,Topical and systemic availability differs by country; resistance and combination-use guidance vary.,Provisional class-level summary only; individual label not yet verified.,class-level scaffold; not sufficient for clinical use
Daptomycin,"Treatment of selected serious Gram-positive infections, including certain skin infections and bloodstream/right-sided endocarditis; not indicated for pneumonia.","Nausea, diarrhoea, headache, injection-site reactions","Muscle injury/rhabdomyolysis, eosinophilic pneumonia",Skeletal muscle toxicity can raise creatine kinase; eosinophilic pneumonia is a rare serious reaction.,"Renal impairment, concurrent statins or other myotoxic drugs, prolonged therapy.",Urgent symptoms and actions depend on the specific medicine; never use this class-level record as a substitute for its exact product label.,Current FDA approval/marketed status not independently verified.,Starter summary matched by name; must still be checked against current drug-specific label.,drug-specific draft profile; label verification required
Mupirocin,"Use depends on the individual agent and formulation, including selected urinary, anaerobic, topical, resistant Gram-negative or Gram-positive infections. Do not infer interchangeable uses across this group. (provisional class-level summary; verify against a drug-specific label).",Effects are agent-specific and may include gastrointestinal upset or local irritation; serious risks vary widely and must be verified against the individual drug label.,Serious risks vary by ingredient and formulation; individual drug label extraction required.,"Mechanism varies widely by drug (e.g., membrane disruption, DNA damage, folate-pathway inhibition, RNA polymerase inhibition, or topical protein-synthesis inhibition). Safety risks must be checked per ingredient and formulation.","Risk factors are drug-specific; check formulation, route, renal/hepatic function, pregnancy, allergies and interacting medicines against the individual label.",Urgent symptoms and actions depend on the specific medicine; never use this class-level record as a substitute for its exact product label.,Topical antibiotic for specific skin/nasal indications; not a systemic treatment for general infections.,Provisional class-level summary only; individual label not yet verified.,class-level scaffold; not sufficient for clinical use
