record_id,record_type,source_id,filename,document_type,report_year,network,pdf_page,section,title,text,target,source_citation,quality_flag,training_role
NCDC_resistance_2017_NARS-Net_p001_c00,document_chunk,NCDC_resistance_2017_NARS-Net,amr23.pdf,resistance,2017,NARS-Net,1,,,"National Centre for Disease Control
 National AMR Surveillance Network
 AMR Data for year 2017

NCDC is coordinating the “National Programme for Containment of Antimicrobial resistance”
approved during the 12th five year plan. Under the programme a network of laboratories is being
set up across the country for conducting Antimicrobial Resistance (AMR) surveillance in order to
understand the AMR trends in various geographical regions and accordingly take appropriate
action. Currently 13 labs are included in the network:
1. Lady Hardinge Medical College and associated hospitals, New Delhi, Delhi
2. VMMC and associated Safdarjung Hospital, New Delhi, Delhi
3. Government Medical College & Hospital, Chandigarh (UT)
4. GSVM Medical College, Kanpur, Uttar Pradesh
5. SMS Medical College, Jaipur, Rajasthan
6. BJ Medical College, Ahmedabad, Gujarat
7. BJ Medical College, Pune, Maharashtra
8. Mysore Medical College and Research Institute, Mysore, Karnataka
9. KAPV Govt Medical College Hospital, Thiruchirapally, Tamil Nadu
10. Government Medical College, Thiruvananthapuram, Kerala
11. MGM Medical College & MY Hospital, Indore, Madhya Pradesh
12. NEIGRIHMS, Shillong, Meghalaya
13. Gauhati, Medical College Hospital, Guwahati, Assam

NCDC received AMR surveillance data for the year 2017 from 10 of the above 13 labs (S.no. 1 to
10) based on the standardized Data Management SOP in the WHONET format for the following
pathogens:
1. Staphylococcus aureus
2. Enterococci species
3. Escherichia coli
4. Klebsiella species
5. Pseudomonas species
6. Acinetobacter species
7. Salmonella enterica serotype Typhi and Paratyphi

 1",,amr23.pdf | PDF page 1,verified,retrieval_context
NCDC_resistance_2017_NARS-Net_p002_c00,document_chunk,NCDC_resistance_2017_NARS-Net,amr23.pdf,resistance,2017,NARS-Net,2,,,"The AMR data collected under the National AMR Containment Programme for the year 2017 is from
tertiary health care settings (medical colleges). The data has been analyzed and is summarized below:

Table1. The pathogens and specimens included
 Specimen S. Enterococcus Klebsiella E. coli Acinetoba Pseudom Salmonella
 aureus species pneumoniae cter onas Typhi/Par
 species species atyphi
 Blood       
 Urine   
 Pus Aspirates       
 Other Sterile       
 Body fluids

Total Number of unique patient’s isolates data after validation from these 10 labs = 25833
 Urine - 12144
 Blood - 6354
 Pus Aspirates (PA) and Other Sterile body fluids (OSBF) - 7335

 2",,amr23.pdf | PDF page 2,verified,retrieval_context
NCDC_resistance_2017_NARS-Net_p003_c00,document_chunk,NCDC_resistance_2017_NARS-Net,amr23.pdf,resistance,2017,NARS-Net,3,,,"Figure 1. Isolation rate of priority pathogens from various specimens

Figure 2. Isolation rate of priority pathogen from all specimens w.r.t the type of location in
 Healthcare facility

 3",,amr23.pdf | PDF page 3,verified,retrieval_context
NCDC_resistance_2017_NARS-Net_p004_c00,document_chunk,NCDC_resistance_2017_NARS-Net,amr23.pdf,resistance,2017,NARS-Net,4,,,"Of the 25833 isolates of priority pathogens, E.coli constituted 33% followed by Klebsiella species
(24%), S. aureus (17.5%), Enterococcus species (10.6%), Acinetobacter species (8.5%) and
Pseudomonas species (5.8%). However isolation rate from blood was highest for S. aureus
(36.4%), followed by Klebsiella species (21.1%), Acinetobacter species (15.8%), Enterococcus
species (9.7%), E. coli (7.8%) and lowest for Pseudomonas species (6%) (Table 2).

Table 2. Specimen-wise isolation of number of Priority Pathogens

 Number isolated
 Total Number Number Other Sterile Body
 number of isolated isolated from Fluids +Pus
 Priority Pathogens isolates from Blood Urine aspirates
 S. aureus 4537 2317 0 2220
 Enterococcus species 2760 620 1837 303
 E. coli 8445 496 6919 1030
 Klebsiella species 6209 1341 3388 1480
 Pseudomonas species 1498 383 0 1115
 Acinetobacter species 2195 1008 0 1187
 Salmonella enterica
 serotype Typhi and
 Paratyphi 189 189 0 0
 Total 25833 6354 12144 7335

Figure 3. Isolation of priority pathogens from various specimens

 4",,amr23.pdf | PDF page 4,verified,retrieval_context
NCDC_resistance_2017_NARS-Net_p005_c00,document_chunk,NCDC_resistance_2017_NARS-Net,amr23.pdf,resistance,2017,NARS-Net,5,,,"Antibiotic resistance pattern observed
The resistance profile of selected antibiotics as per NCDC AMR Surveillance SOP for priority
pathogens have been tabulated in Tables 3-8 and summarized below:

Gram Positive Bacteria
S. aureus isolates from blood showed 57.1% resistance to cefoxitin (surrogate for mecA-mediated
oxacillin resistance), overall resistance to cefoxitin including other sterile body fluids and pus
aspirates was found to be 55.7% (Table 3 and 4). The results of resistance to vancomycin against
S. aureus and Enterococcus species were not considered as the susceptibility test was not done by
broth microdilution as per CLSI guidelines. However, emergence of linezolid resistant S. aureus
isolates and isolates of Enterococcus species to the extent of 2.2% and 4.6% respectively is a
matter of concern. Resistance to gentamicin (aminoglycoside) was observed to be 38.7% for S.
aureus and 59% for Enterococccus species (Table 3 and 4). Figure 4 depicts the higher resistance
rates for most of the antibiotics tested against S. aureus in ICU settings as compared to non-ICU
setting. In contrast, the resistance rate for tetracycline and doxycycline was observed to be higher
in non-ICU setting than in ICU setting (Figure 4 and 5).

Table 3: Resistance (%) in Enterococcus species

 Antimicrobials Blood+OSBF+PA+Urine
 tested (N=2760) Blood+OSBF+PA (N=923) Urine (N=1837)
 No. tested % Resistance No. tested % Resistance No.tested %Resistance
Ampicillin 1719 58.1 571 63 1170 55.8
Erythromycin 1206 72.3 590 73.1 631 71.8
Gentamicin (High) 2180 56.1 688 50.6 1514 59
Ciprofloxacin 1178 73.4 754 68.8 438 81.3
Linezolid 2459 5.7 754 8.6 1728 4.6
Tetracycline* 1068 44.9 359 43.5 722 45.7",,amr23.pdf | PDF page 5,verified,retrieval_context
NCDC_resistance_2017_NARS-Net_p005_c01,document_chunk,NCDC_resistance_2017_NARS-Net,amr23.pdf,resistance,2017,NARS-Net,5,,,"Abbreviations: OSBF, Other sterile body fluids; PA, Pus aspirates

 5",,amr23.pdf | PDF page 5,verified,retrieval_context
NCDC_resistance_2017_NARS-Net_p006_c00,document_chunk,NCDC_resistance_2017_NARS-Net,amr23.pdf,resistance,2017,NARS-Net,6,,,"Figure 4. Resistance (%) in Enterococcus species w.r.t type of location in healthcare facility

Table 4: Resistance (%) in Staphylococcus aureus**

 Antimicrobials Blood+OSBF+PA (N=4537) Blood (N=2317) OSBF+PA (N=2220)
 tested No. tested % Resistance No. tested % Resistance No. tested % Resistance
 Cefoxitin 3732 55.7 2159 57.1 1590 53.7
 Erythromycin 3256 63.4 2180 62.9 1092 64.5
 Clindamycin 2841 31.5 1857 32.7 999 29.4
 TMP/SMX 2825 45.8 1423 46.2 1413 45.4
 Gentamycin 3370 32 1834 26.3 1552 38.7
 Ciprofloxacin 3259 55.9 2141 49.4 1134 68.3
 Linezolid 3396 1.7 1885 1.3 1529 2.2
 Doxycycline 695 11.1 418 7.9 282 15.6
 Tetracycline 1546 19.5 918 14.2 633 27.2
Abbreviations: OSBF, Other sterile body fluids; PA, Pus aspirates;
**Sensitivity of S. aureus against vancomycin is not tested using screen agar test method therefore results are not
considered.

 6",,amr23.pdf | PDF page 6,verified,retrieval_context
NCDC_resistance_2017_NARS-Net_p007_c00,document_chunk,NCDC_resistance_2017_NARS-Net,amr23.pdf,resistance,2017,NARS-Net,7,,,"Figure 5: Resistance (%) in Staphylococcus aureus w.r.t type of location in healthcare facility

Gram Negative Lactose Fermenting Bacteria
E. coli isolated from blood showed 81.4% resistance to cefotaxime and 68.3% to cefepime. Similar
trend was observed for urine isolates with resistance 79.3% to cefotaxime and 72.3% to cefepime.
Resistance to carbapenems that is ertapenem and imipenem was observed to be 36.7% and 25.2% in
blood isolates. While in urine isolates, slightly higher resistance was observed for imipenem (34%)
than ertapenem (30.8%). In contrast to E. coli, isolates of Klebsiella species showed comparatively
high resistance to carbapenems i.e. 43.5% to imipenem and 52.2% to ertapenem in blood isolates
whereas 57.9% to imipenem and 55.8% to ertapenem in urine isolates. Similarly higher trend of
resistance to cefotaxime and cefepime was observed in Klebsiella species isolated from blood and
urine (Tables 5 and 6). Overall, blood isolates of Klebsiella species were more resistant than the E.
coli isolated from blood (Figure 9).

Table 5: Resistance (%) in Escherichia coli

Antimicrobials Blood+OSBF+PA+Urine
 tested (N=8445) Blood (N=496) Urine (N=6919)
 No. tested % Resistance No. tested % Resistance No. tested % Resistance
Ampicillin 3011 85.1 222 85.6 2338 84.3
Cefotaxime 5568 80.2 301 81.4 4755 79.3
Ceftazidime 2648 66 222 73 2054 62.3
Cefepime 2427 72.1 240 68.3 1926 72.3
Ertapenem 2846 30.9 251 36.7 2233 30.8
Imipenem 2147 30.5 349 25.2 1260 34
Ciprofloxacin 4312 73.2 453 58.1 3106 76.1",,amr23.pdf | PDF page 7,verified,retrieval_context
NCDC_resistance_2017_NARS-Net_p007_c01,document_chunk,NCDC_resistance_2017_NARS-Net,amr23.pdf,resistance,2017,NARS-Net,7,,,"Abbreviations: OSBF, Other sterile body fluids; PA, Pus aspirates

 7",,amr23.pdf | PDF page 7,verified,retrieval_context
NCDC_resistance_2017_NARS-Net_p008_c00,document_chunk,NCDC_resistance_2017_NARS-Net,amr23.pdf,resistance,2017,NARS-Net,8,,,"Figure 6. Resistance (%) in Escherichia coli w.r.t type of location in healthcare facility

Figure 7. Resistance in Escherichia coli isolated from blood and urine in ICU (A) and IPD
(B) healthcare facility

Figure7 (A)

 8",,amr23.pdf | PDF page 8,verified,retrieval_context
NCDC_resistance_2017_NARS-Net_p009_c00,document_chunk,NCDC_resistance_2017_NARS-Net,amr23.pdf,resistance,2017,NARS-Net,9,,,"Figure 7(B)

Table 6: Resistance (%) in Klebsiella species

Antimicrobials Blood+OSBF+PA+Urine
 tested (N=6209) Blood (N=1341) Urine (N=3388)
 No. tested % Resistance No. tested % Resistance No. tested % Resistance
Cefotaxime 4371 82.8 971 90.2 2628 79.8
Ceftazidime 1437 68.7 378 84.1 577 49.7
Cefepime 2304 82.3 586 81.6 1264 84.3
Ertapenem 2969 53 734 52.2 1644 55.8
Imipenem 2365 48.4 749 43.5 822 57.9
Cipro 4039 65.2 1241 54.6 1624 74.7
TMP/SMX 4241 71.3 623 84.6 3148 68.6
Abbreviations: OSBF, Other sterile body fluids; PA, Pus aspirates; TMP/SMX (Trimethoprim/sulfamethoxazole or
Cotrimoxazole)

 9",,amr23.pdf | PDF page 9,verified,retrieval_context
NCDC_resistance_2017_NARS-Net_p010_c00,document_chunk,NCDC_resistance_2017_NARS-Net,amr23.pdf,resistance,2017,NARS-Net,10,,,"Figure 8. Resistance (%) in Klebsiella species w.r.t type of location in healthcare facility

Figure 9. Resistance (%) in Escherichia coli and Klebsiella species isolated from blood (A)
and urine (B) specimens
Figure 9(A)

 10",,amr23.pdf | PDF page 10,verified,retrieval_context
NCDC_resistance_2017_NARS-Net_p011_c00,document_chunk,NCDC_resistance_2017_NARS-Net,amr23.pdf,resistance,2017,NARS-Net,11,,,"Figure 9(B).

Figure 10. Resistance in Klebsiella species isolated from blood and urine in ICU (A) and IPD
(B) healthcare facility

Figure 10 (A)

 11",,amr23.pdf | PDF page 11,verified,retrieval_context
NCDC_resistance_2017_NARS-Net_p012_c00,document_chunk,NCDC_resistance_2017_NARS-Net,amr23.pdf,resistance,2017,NARS-Net,12,,,"Figure 10 (B)

Gram Negative Non-Lactose Fermenting Bacteria
 Overall resistance observed in Pseudomonas species was found to be lowest for Imipenem
(29.9%) followed by piperacillin-tazobactam (31.6%), aminoglycosides (amikacin: 39.3%;
tobramycin: 38.9%), ciprofloxacin (45.3%) and highest resistance was observed for ceftazidime
(50%). In contrast Acinetobacter species showed an alarming % resistance to imipenem (66.1%).
Almost similar pattern of resistance was observed for aminoglycosides (amikacin: 65.6%;
gentamycin: 59.5%) (Tables 7 and 8). Among the anti-pseudomonal agents, imipenem and
piperacillin/tazobactam showed comparable resistance rate 29.9% and 31.6% respectively.
Notably, isolates from ICU showed higher resistance rates compared to isolates non-ICU settings
(Figure 11).

Table 7: Resistance (%) in Pseudomonas species

 Antimicrobials Blood+OSBF+PA (N=1494) Blood (N=383) OSBF+PA (N=1115)
 tested % %
 No. tested % Resistance No. tested Resistance No. tested Resistance
 Piperacillin- 1144 31.6 304 23 842 34.9
 tazobactam
 Ceftazidime 1268 50.7 340 47.1 932 52.3
 Imipenem 1168 29.9 311 30.2 861 30.1
 Amikacin 1240 39.3 319 36.4 925 40.5
 Tobramycin 265 38.9 76 30.3 190 42.6
 Ciprofloxacin 1301 45.3 350 36 955 48.9
Abbreviations: OSBF, Other sterile body fluids; PA, Pus aspirates

 12",,amr23.pdf | PDF page 12,verified,retrieval_context
NCDC_resistance_2017_NARS-Net_p013_c00,document_chunk,NCDC_resistance_2017_NARS-Net,amr23.pdf,resistance,2017,NARS-Net,13,,,"Figure 11. Resistance (%) in Pseudomonas species w.r.t type of location in healthcare facility

Isolates of Acinetobacter species showed >50% resistance to almost all the antibiotics tested.
Among third generation cephalosporins, higher susceptibility was observed for ceftazidime than
cefotaxime against both Pseudomonas species and Acinetobacter species. Among the ICU
patients, antibiotics are administered empirically, therefore it is not surprising that the resistance
rates against various antibiotics for Acinetobacter species are higher in the ICU setting as
compared to ward and OPD (Figure 12).

Table 8: Resistance (%) in Acinetobacter species

 Antimicrobials Blood+OSBF+PA (N=2160) Blood (N=1008) OSBF+PA (N=1187)
 tested No. tested % Resistance No. tested % Resistance No. tested % Resistance
 Imipenem 1677 66.1 825 58.3 886 73.9
 Ceftazidime 1216 79.4 655 73.6 589 85.9
 Cefotaxime 866 84.1 331 79.2 544 86.9
 Amikacin 1828 65.6 881 57.8 980 73.2
 Gentamycin 1045 59.5 509 51.1 545 67.5
 Minocycline 268 53 137 54 134 52.2
Abbreviations: OSBF, Other sterile body fluids; PA, Pus aspirates

 13",,amr23.pdf | PDF page 13,verified,retrieval_context
NCDC_resistance_2017_NARS-Net_p014_c00,document_chunk,NCDC_resistance_2017_NARS-Net,amr23.pdf,resistance,2017,NARS-Net,14,,,"Figure 12. Resistance (%) in Acinetobacter species w.r.t type of location in healthcare facility

 g

Noticeably, isolates of Salmonella enterica serotype Typhi and Paratyphi obtained from blood
showed 27.4% resistance to ciprofloxacin and Salmonella Typhi isolates showed 4.5% resistance
to azithromycin (tested only for Salmonella Typhi) (Table 9).

Table 9: Resistance (%) in Salmonella enterica serotypes Typhi and Paratyphi isolated from
blood

 Antimicrobials tested Blood (N=189)
 No. tested % Resistance
 Ampicillin 157 18.5
 Chloramphenicol 147 9.5
 Ceftriaxone 176 0
 Nalidixic acid 155 91.6
 Ciprofloxacin 175 27.4
 TMP/SMX 142 10.6
 Azithromycin 89 4.5
Abbreviations: TMP/SMX (Trimethoprim/sulfamethoxazole or Cotrimoxazole)

 14",,amr23.pdf | PDF page 14,verified,retrieval_context
NCDC_resistance_None_NARS-Net_p001_c00,document_chunk,NCDC_resistance_2018_NARS-Net,amr24.pdf,resistance,2018,NARS-Net,1,,,"ANNUAL REPORT
 Surveillance of Priority Bacterial Pathogens under
 National Antimicrobial Resistance Surveillance Network
 2018

National Programme on Antimicrobial Resistance Containment
 National Centre for Disease Control, Delhi, India",,amr24.pdf | PDF page 1,year_repaired_from_source_manifest,retrieval_context
NCDC_resistance_None_NARS-Net_p002_c00,document_chunk,NCDC_resistance_2018_NARS-Net,amr24.pdf,resistance,2018,NARS-Net,2,,,"AMR Surveillance Annual Report, 2018

National Centre for Disease Control (NCDC) is coordinating the “National Programme on
Antimicrobial Resistance Containment” initiated during the 12th five year plan. Under the
programme a network of state medical college laboratories across the country are being
strengthened in a phased manner for generating quality Antimicrobial Resistance (AMR)
surveillance data in order to understand the AMR trends in various geographical regions through a
sentinel surveillance platform. Currently under this network AMR surveillance for seven high
priority pathogens and identified emerging AMR alerts are to be reported to the national AMR
surveillance coordinating center at NCDC. NCDC being the national coordinating center for
Global AMR Surveillance System (GLASS), has also been submitting the annual data to GLASS
since 2017.
A standardized approach has been undertaken by NCDC for collection, analysis, and reporting of
laboratory-based AMR surveillance data using WHONET, a microbiology data management
software. Standard operating procedures (SOPs) and guidance documents have been developed for
sentinel surveillance sites for AMR surveillance and the sites are trained to use them. Various
measures are undertaken on a regular basis to improve the quality of culture, identification of
pathogens and antimicrobial susceptibility testing (AST) with strict quality control. The officers
and staff at the AMR surveillance network sites are provided regular hands on training and onsite
support for streamlining AMR data management. Regular feedback is also provided to network
sites to improve data quality.
As on 31st March 2019, the National AMR surveillance network includes 20 medical college
laboratories located in 18 states (Figure 1 & Annexure-I). In the year 2018 (01 January 2018 to 31
December 2018), laboratories from 16 sentinel sites located in 14 states reported 50,724 priority
pathogen isolates from unique patients and their antimicrobial sensitivity data. The data was
validated and analyzed at NCDC for preparation of the AMR annual report for 2018.",,amr24.pdf | PDF page 2,year_repaired_from_source_manifest,retrieval_context
NCDC_resistance_None_NARS-Net_p002_c01,document_chunk,NCDC_resistance_2018_NARS-Net,amr24.pdf,resistance,2018,NARS-Net,2,,,1,,amr24.pdf | PDF page 2,year_repaired_from_source_manifest,retrieval_context
NCDC_resistance_None_NARS-Net_p003_c00,document_chunk,NCDC_resistance_2018_NARS-Net,amr24.pdf,resistance,2018,NARS-Net,3,,,"AMR Surveillance Annual Report, 2018

Figure 1. National AMR Surveillance Network laboratories under National Programme on AMR
 Containment, National Centre for Disease Control, New Delhi

 List of seven priority pathogens included under surveillance
 1. Staphylococcus aureus
 2. Enterococcus species
 3. Escherichia coli
 4. Klebsiella species
 5. Pseudomonas species
 6. Acinetobacter species
 7. Salmonella enterica serotype Typhi and Paratyphi

 2",,amr24.pdf | PDF page 3,year_repaired_from_source_manifest,retrieval_context
NCDC_resistance_None_NARS-Net_p004_c00,document_chunk,NCDC_resistance_2018_NARS-Net,amr24.pdf,resistance,2018,NARS-Net,4,,,"AMR Surveillance Annual Report, 2018

National AMR Surveillance data:
The AMR data collected under the National Programme on AMR Containment for the year 2018 is from 16
tertiary health care settings (medical colleges) in 14 states, s.no. 1 to 16 in the above list. AMR surveillance
data of a total of 50,724 isolates submitted to NCDC has been analyzed and is summarized below:
Table 1. The pathogens and specimens included under surveillance
 Specimen Staph. Enteroco Klebsiella E. coli Acinetobac Pseudomo Salmonella
 aureus ccus species ter species nas species Typhi/Para
 species typhi
 Blood       
 Urine     
 Pus       
 Aspirates
Other Sterile       
Body fluids
 Stool       

Total number of isolates from unique patients after validation = 50,724
 Urine - 21,944 (43%)
 Blood - 10,787 (21%)
 Pus Aspirates (PA) and Other Sterile body fluids (OSBF) - 17,991 (36%)
 Stool - 2

Figure 2. Specimen wise distribution of the priority pathogens reported under the programme

 3",,amr24.pdf | PDF page 4,year_repaired_from_source_manifest,retrieval_context
NCDC_resistance_None_NARS-Net_p005_c00,document_chunk,NCDC_resistance_2018_NARS-Net,amr24.pdf,resistance,2018,NARS-Net,5,,,"AMR Surveillance Annual Report, 2018

Of the 50,724 priority pathogen isolates submitted, the commonest is E.coli (36%) followed by S.
aureus (22%), Klebsiella species (17%), Enterococcus species (10%), Acinetobacter species (8%) and
Pseudomonas species (6%) (Table 2). From blood culture, S. aureus (38%) is the most common isolate
followed by Acinetobacter species (19%) and Klebsiella species (18%) (Table 2).

Table 2. Specimen wise isolation of the Priority Pathogens under National AMR Surveillance Network

 Priority Pathogens Urine Blood Pus aspirates Stool Total
 and OSBF
 Staph. aureus 4098 6968 11066 (22%)
 Enterococcus spp. 3643 801 715 5159 (10%)
 Escherichia coli 14130 831 3148 18109 (36%)
 Klebsiella spp. 4171 1942 2737 8850 (17%)
 Pseudomonas spp. 777 2420 3197 (6%)
 Acinetobacter spp. 2036 2003 4039 (8%)
 Salmonella Typhi and 302 2 304 (1%)
 Paratyphi
 Total 21944 (43%) 10787 (21%) 17991 (36%) 2 50,724

Figure 3. Patient location wise distribution of Priority pathogens reported in 2018

 4",,amr24.pdf | PDF page 5,year_repaired_from_source_manifest,retrieval_context
NCDC_resistance_None_NARS-Net_p006_c00,document_chunk,NCDC_resistance_2018_NARS-Net,amr24.pdf,resistance,2018,NARS-Net,6,,,"AMR Surveillance Annual Report, 2018

Table 3. Patient location wise isolation of the Priority Pathogens under National AMR Surveillance
 Network
 Priority pathogens Total ICU IPD OPD
 Staph. aureus 10839 896 (18%) 7173 (24%) 2770 (20%)
 Enterococcus spp. 4933 608 (12%) 2963 (10%) 1362 (10%)
 Escherichia coli 17446 716 (15%) 10465 (35%) 6265 (45%)
 Klebsiella spp. 8358 1306 (27%) 4941 (16.5%) 2111 (15%)
 Pseudomonas spp. 3061 344 (7%) 1823 (6%) 894 (6%)
 Acinetobacter spp. 3825 1001 (20%) 2351 (8%) 473 (3%)
 Salmonella Typhi and 294 44 (1%) 148 (0.5%) 102 (1%)
 Paratyphi A and B
 Total 48,756 4,915 29,864 13,977

Details of location type were available for 48,756 patient isolates. It was observed that in the ICU
patients, Klebsiella species was the commonly isolated pathogen (27%) followed by Acinetobacter
species (20%), Staph. aureus (18%), E. coli (15%), Enterococcus species (12%) and Pseudomonas
species (7%) (Table 3). Whereas among the in-patients E. coli was the commonly isolated pathogen
(35%), followed by Staph. aureus (24%), Klebsiella species (16.5%), Enterococcus species (10%),
Acinetobacter species (8%), and Pseudomonas species (6%) (Table 3).

Antibiotic resistance profile for the year 2018

The resistance profile of priority pathogens for selected antibiotics as per NCDC AMR Surveillance
SOP has been tabulated in Tables 4-9 and summarized below:

Staphylococcus aureus and Enterococcus species
Staph. aureus isolates from blood showed 69% resistance to cefoxitin (surrogate marker for mecA-
mediated oxacillin resistance) which was found to be higher than that reported in 2017 (57%). Overall
resistance to cefoxitin, including isolates from other sterile body fluids and pus aspirates, was found to",,amr24.pdf | PDF page 6,year_repaired_from_source_manifest,retrieval_context
NCDC_resistance_None_NARS-Net_p006_c01,document_chunk,NCDC_resistance_2018_NARS-Net,amr24.pdf,resistance,2018,NARS-Net,6,,,"be 63% (Table 4). Emergence of linezolid resistant Staph. aureus and Enterococcus species to the extent
of 1% and 6% respectively is a matter of concern (Table 4 and 5). Resistance to gentamicin was
observed to be 19% in Staph. aureus and 57% in Enterococcus spp. isolates (Table 4 and 5). Notably,
64% isolates of Enterococcus spp. isolated from urine showed resistance to tetracycline (Table 5). 7% of

 5",,amr24.pdf | PDF page 6,year_repaired_from_source_manifest,retrieval_context
NCDC_resistance_None_NARS-Net_p007_c00,document_chunk,NCDC_resistance_2018_NARS-Net,amr24.pdf,resistance,2018,NARS-Net,7,,,"AMR Surveillance Annual Report, 2018

Enterococcus spp. isolates from blood were resistant to Linezolid. 3% of Vancomycin-Resistant
Enterococci (VRE) from blood were also linezolid resistant.

Table 4: Resistance (%) in Staph. aureus observed in the year 2018
 Antibiotic tested Blood+ Pus Aspirate PA+OSBF Blood (N=4098)
 + OSBF (N=11066) (N=6968)
 Number %R Number %R Number %R
 Cefoxitin 10607 63% 6645 60% 3962 69%
 Gentamicin 10119 19% 6429 19% 3690 20%
 Ciprofloxacin 9889 60% 6228 67% 3661 49%
 Trimethoprim/Sulfamethoxazole 8186 36% 5614 29% 2572 51%
 Clindamycin 9965 25% 6442 22% 3523 31%
 Erythromycin 9130 64% 5983 60% 3147 72%
 Linezolid 9040 1% 5737 1% 3303 1%
 Vancomycin* 14 0% 11 0 3 0
 Doxycycline 3609 15% 2071 15% 1538 15%
 Tetracycline 3852 16% 2238 15% 1614 18%
Abbreviations: OSBF, Other sterile body fluids; PA, Pus aspirates;",,amr24.pdf | PDF page 7,year_repaired_from_source_manifest,retrieval_context
NCDC_resistance_None_NARS-Net_p007_c01,document_chunk,NCDC_resistance_2018_NARS-Net,amr24.pdf,resistance,2018,NARS-Net,7,,,"* % resistance of Staph. aureus against vancomycin is of low statistical validity as the number of isolates tested using broth microdilution
method are ≤30.

Table 5: Resistance (%) in Enterococcus species observed in the year 2018
 Antibiotic tested Blood+ Pus Aspirate Pus Aspirate + Blood (N=801) Urine (N=3643)
 + OSBF+ urine OSBF (N=715)
 (N=5159)
 Number %R Number %R Number %R Number %R
 Ampicillin 3447 58% 536 50% 556 58% 2355 60%
 Gentamicin-High 3721 57% 564 43% 598 55% 2559 60%
 Ciprofloxacin 2570 76% 558 67% 673 70% 1339 84%
 Erythromycin 1821 79% 599 79% 708 77% 514 81%
 Linezolid 4615 6% 643 5% 743 7% 3229 6%
 Vancomycin 3656 18% 547 14% 627 25% 2482 18%
 Doxycycline 1053 46% 118 43% 137 24% 798 50%
 Tetracycline 1760 62% 170 63% 188 48% 1402 64%
 Abbreviations: OSBF, Other sterile body fluids; PA, Pus aspirates
 6",,amr24.pdf | PDF page 7,year_repaired_from_source_manifest,retrieval_context
NCDC_resistance_None_NARS-Net_p008_c00,document_chunk,NCDC_resistance_2018_NARS-Net,amr24.pdf,resistance,2018,NARS-Net,8,,,"AMR Surveillance Annual Report, 2018

Figure 4a. Resistance profile of Staph. aureus from blood, pus aspirates and other sterile body
 fluids obtained from different location types in the health facilities

Figure 4b. Resistance profile of Staph. aureus from pus aspirates and other sterile body fluids
 obtained from different location types in the health facilities

 7",,amr24.pdf | PDF page 8,year_repaired_from_source_manifest,retrieval_context
NCDC_resistance_None_NARS-Net_p009_c00,document_chunk,NCDC_resistance_2018_NARS-Net,amr24.pdf,resistance,2018,NARS-Net,9,,,"AMR Surveillance Annual Report, 2018

Figure 5a. Resistance profile of Enterococcus spp. from blood, pus aspirates, other sterile body
 fluids and urine obtained from different location types in the health facilities

Figure 5b: Resistance profile of Enterococcus species from urine specimens obtained from
 different location types in the health facilities

 8",,amr24.pdf | PDF page 9,year_repaired_from_source_manifest,retrieval_context
NCDC_resistance_None_NARS-Net_p010_c00,document_chunk,NCDC_resistance_2018_NARS-Net,amr24.pdf,resistance,2018,NARS-Net,10,,,"AMR Surveillance Annual Report, 2018

E. coli and Klebsiella species

E. coli isolated from blood showed 84% resistance to cefotaxime and 63% to cefepime. E. coli from
urine showed higher resistance rates to cefepime (70%) than those isolated from blood (63%). (Table 6).
Resistance to carbapenems that is ertapenem and imipenem was observed to be 40% and 33% in E.coli
blood isolates which is higher than that observed in 2017 (37% to ertapenem and 25% to imipenem in
year 2017) (Table 6). Compared to E. coli, Klebsiella species showed comparatively higher resistance to
carbapenems i.e. 53% to imipenem and 60% to ertapenem in blood isolates (Table 7). Similarly as
compared to E. coli higher resistance was observed in Klebsiella species to cefotaxime and cefepime
isolated from blood (89% to cefotaxime and 75% to cefepime) (Table 7). The most common pathogen in
ICU setting is Klebsiella species whereas E.coli is most commonly isolated in inpatients (Table 3).

Table 6: Resistance (%) in E. coli observed in year 2018

 Antibiotic tested Blood+ Pus Blood (N=831) Urine (N=14130) PA+OSBF
 Aspirate + (N=3148)
 OSBF+urine
 (N=18109)
 Number %R Number %R Number %R Number %R
 Ampicillin 6585 92% 509 86% 4791 93% 1285 89%
 Cefotaxime 10096 83% 500 84% 7721 82% 1875 87%
 Cefepime 6480 71% 496 63% 4289 70% 1695 76%
 Ertapenem 6208 38% 402 40% 4278 37% 1528 39%",,amr24.pdf | PDF page 10,year_repaired_from_source_manifest,retrieval_context
NCDC_resistance_None_NARS-Net_p010_c01,document_chunk,NCDC_resistance_2018_NARS-Net,amr24.pdf,resistance,2018,NARS-Net,10,,,"Imipenem 5885 35% 589 33% 3479 37% 1817 32%
 Ciprofloxacin 11110 74% 731 59% 7536 75% 2843 75%
 Trimethoprim/Sul 12821 66% 392 56% 11301 66% 1128 69%
 famethoxazole
 Nitrofurantoin 13358 12% 13194 12%
Abbreviations: OSBF, Other sterile body fluids; PA, Pus aspirates; Sensitivity of E.coli against colistin is not tested using broth
microdilution test method therefore results are not considered.

 9",,amr24.pdf | PDF page 10,year_repaired_from_source_manifest,retrieval_context
NCDC_resistance_None_NARS-Net_p011_c00,document_chunk,NCDC_resistance_2018_NARS-Net,amr24.pdf,resistance,2018,NARS-Net,11,,,"AMR Surveillance Annual Report, 2018
Table 7: Resistance (%) in Klebsiella species observed in year 2018

 Antibiotic tested Blood+ Pus Blood (N=1942) Urine (N=4171) PA+OSBF
 Aspirate + (N=2737)
 OSBF+Urine
 (N=8850)
 Number %R Number %R Number %R Number %R
 Cefotaxime 5476 85% 1346 89% 2442 81% 1688 87%
 Cefepime 3431 75% 923 75% 1221 72% 1287 78%
 Ertapenem 3465 56% 891 60% 1388 52% 1186 58%
 Imipenem 4283 54% 1256 53% 1458 54% 1569 56%
 Ciprofloxacin 6290 62% 1649 51% 2147 65% 2494 66%
 Trimethoprim/ 5595 65% 1065 64% 3458 64% 1072 69%
 Sulfamethoxazole
 Nitrofurantoin 4019 48% 3799 46%
Abbreviations: OSBF, Other sterile body fluids; PA, Pus aspirates; Sensitivity of Klebsiella spp. against colistin is not tested using broth
microdilution test method therefore results were not considered.

Figure 6. Resistance profile of Escherichia coli and Klebsiella species obtained from blood
 specimens

 10",,amr24.pdf | PDF page 11,year_repaired_from_source_manifest,retrieval_context
NCDC_resistance_None_NARS-Net_p012_c00,document_chunk,NCDC_resistance_2018_NARS-Net,amr24.pdf,resistance,2018,NARS-Net,12,,,"AMR Surveillance Annual Report, 2018

Figure 7. Resistance profile of E. coli and Klebsiella species obtained from urine specimens

Figure 8a. Resistance (%) in E. coli in different location types

 11",,amr24.pdf | PDF page 12,year_repaired_from_source_manifest,retrieval_context
NCDC_resistance_None_NARS-Net_p013_c00,document_chunk,NCDC_resistance_2018_NARS-Net,amr24.pdf,resistance,2018,NARS-Net,13,,,"AMR Surveillance Annual Report, 2018

Figure 8b. Resistance (%) in Klebsiella species in different location types

Figure 9. Resistance profile of Escherichia coli in blood specimens obtained from different location
 types in the health facilities

 12",,amr24.pdf | PDF page 13,year_repaired_from_source_manifest,retrieval_context
NCDC_resistance_None_NARS-Net_p014_c00,document_chunk,NCDC_resistance_2018_NARS-Net,amr24.pdf,resistance,2018,NARS-Net,14,,,"AMR Surveillance Annual Report, 2018

Figure 10. Resistance profile of Klebsiella spp. from blood specimens obtained from different
 location types in the health facilities

Pseudomonas and Acinetobacter species
Pseudomonas species showed lowest resistance to piperacillin-tazobactam (27%) followed by imipenem
(36%), aminoglycosides (amikacin: 43%; tobramycin: 45%), ciprofloxacin (43%) and ceftazidime
(51%) (Tables 8). However, Acinetobacter species showed high resistance to imipenem (66%) and
aminoglycosides (amikacin: 66%; gentamicin: 54%) (Table 9). Among the anti-pseudomonal agents,
piperacillin/tazobactam was found to be more active than imipenem. Not surprisingly, the isolates of
both the species from ICU showed higher resistance as compared to isolates from non-ICU settings
(Figure 11 and 12). Isolates of Acinetobacter species showed >50% resistance to almost all the
antibiotics tested except for minocycline (29%) (Table 9).

 13",,amr24.pdf | PDF page 14,year_repaired_from_source_manifest,retrieval_context
NCDC_resistance_None_NARS-Net_p015_c00,document_chunk,NCDC_resistance_2018_NARS-Net,amr24.pdf,resistance,2018,NARS-Net,15,,,"AMR Surveillance Annual Report, 2018

Table 8: Resistance (%) in Pseudomonas species

 Antimicrobials tested Blood+ Pus Aspirate + Pus Aspirate + OSBF Blood (N=777)
 OSBF (N=3197) (N=2420)

 Number %R Number %R Number %R
 Piperacillin/Tazobactam 2660 27% 2068 28% 592 24%
 Ceftazidime 2806 51% 2140 52% 666 49%
 Imipenem 2371 36% 1842 39% 529 28%
 Amikacin 2729 43% 2089 44% 640 41%
 Gentamicin 1403 39% 1017 39% 386 38%
 Tobramycin 804 45% 608 48% 196 35%
 Ciprofloxacin 2756 43% 2105 47% 651 30%
 Colistin 45 4% 28 7% 17 0
 Abbreviations: OSBF, Other sterile body fluids; PA, Pus aspirates; Sensitivity of Pseudomonas spp. against colistin is tested for only 45
isolates using broth microdilution test method.

Figure 11. Resistance profile of Pseudomonas species obtained from different location types
 in health facilities

 14",,amr24.pdf | PDF page 15,year_repaired_from_source_manifest,retrieval_context
NCDC_resistance_None_NARS-Net_p016_c00,document_chunk,NCDC_resistance_2018_NARS-Net,amr24.pdf,resistance,2018,NARS-Net,16,,,"AMR Surveillance Annual Report, 2018

Table 9: Resistance (%) in Acinetobacter species observed in year 2018

 Antimicrobials tested Blood + Pus Aspirate + Pus Aspirate + OSBF Blood (N=2036)
 OSBF (N=4039) (N=2003)

 Number %R Number %R Number %R
 Piperacillin/Tazobactam 3227 66% 1674 74% 1553 57%
 Ceftazidime 2527 83% 1322 87% 1205 79%
 Imipenem 2822 66% 1384 76% 1438 57%
 Amikacin 3272 68% 1636 74% 1636 61%
 Gentamicin 2335 56% 1183 66% 1152 46%
 Ciprofloxacin 3425 67% 1745 77% 1680 57%
 Minocycline 489 29% 225 43% 264 16%
 Tetracycline 524 50% 224 49% 300 51%
Abbreviations: OSBF, Other sterile body fluids; PA, Pus aspirates; Sensitivity of Acinetobacter spp. against colistin is not
tested using broth microdilution test method therefore results are not considered.

Figure 12. Resistance profile of Acinetobacter species obtained from different location types
 in health facilities
 15",,amr24.pdf | PDF page 16,year_repaired_from_source_manifest,retrieval_context
NCDC_resistance_None_NARS-Net_p017_c00,document_chunk,NCDC_resistance_2018_NARS-Net,amr24.pdf,resistance,2018,NARS-Net,17,,,"AMR Surveillance Annual Report, 2018

Salmonella enterica serotypes Typhi and Paratyphi

Noticeably, isolates of Salmonella enterica serotype Typhi and Paratyphi obtained from blood showed
35% resistance to ciprofloxacin which has increased from previous year resistance rate (27%).
Surprisingly, resistance to azithromycin in Salmonella Typhi isolates has almost doubled (8%) than
from previous year (4.5%) (Table 10). However the number of Salmonella Typhi isolates tested for
Azithromycin were much lower last year.

Table 10: Resistance (%) in Salmonella enterica serotypes Typhi and Paratyphi isolated from
 blood specimen

Antibiotic tested S. Typhi S. Paratyphi
 (N=279) (N=23)*
 No. tested %R No. tested %R
Ampicillin 238 10 18 0
Ceftriaxone 202 8 15 0
Imipenem 53 13 1 0
Nalidixic acid 254 97 18 100
Ciprofloxacin 263 35 21 29
Trimethoprim/Sulfamethoxazole 230 3 18 0
Azithromycin # 245 8
Chloramphenicol 237 4 16 0
 *Statistical validity of % resistance of Salmonella Paratyphi is low as the number of isolates are <30.
 # AST for Azithromycin was performed only on isolates of S. Typhi",,amr24.pdf | PDF page 17,year_repaired_from_source_manifest,retrieval_context
NCDC_resistance_None_NARS-Net_p017_c01,document_chunk,NCDC_resistance_2018_NARS-Net,amr24.pdf,resistance,2018,NARS-Net,17,,,16,,amr24.pdf | PDF page 17,year_repaired_from_source_manifest,retrieval_context
NCDC_resistance_None_NARS-Net_p018_c00,document_chunk,NCDC_resistance_2018_NARS-Net,amr24.pdf,resistance,2018,NARS-Net,18,,,"AMR Surveillance Annual Report, 2018

 Annexure I
National AMR Surveillance Network laboratories under National Programme on AMR
Containment, National Centre for Disease Control, New Delhi

 1. Lady Harding Medical College and associated hospitals, New Delhi
 2. VMMC and associated Safdarjung Hospital, New Delhi
 3. Government Medical College & Hospital, Chandigarh (UT)
 4. GSVM Medical College, Kanpur, Uttar Pradesh
 5. SMS Medical College, Jaipur, Rajasthan
 6. BJ Medical College, Ahmedabad, Gujarat
 7. BJ Medical College, Pune, Maharashtra
 8. Mysore Medical College and Research Institute, Mysore, Karnataka
 9. KAPV Govt Medical College Hospital, Thiruchirapally, Tamil Nadu
 10. Government Medical College, Thiruvananthapuram, Kerala
 11. MGM Medical College & MY Hospital, Indore, Madhya Pradesh
 12. NEIGRIHMS, Shillong, Meghalaya
 13. Indira Gandhi Medical College, Shimla, Himachal Pradesh
 14. Government Medical College, Aurangabad, Maharashtra
 15. Gauhati, Medical College Hospital, Guwahati, Assam
 16. Agartala Govt. Medical College, Agartala, Tripura
 17. Osmania Medical College, Hyderabad, Telangana
 18. Guntur Medical College, Guntur, Andhra Pradesh
 19. SCB Medical College, Cuttack, Odisha
 20. Government Medical College & Hospital, Jammu, Jammu & Kashmir

 17",,amr24.pdf | PDF page 18,year_repaired_from_source_manifest,retrieval_context
NCDC_resistance_2019_NARS-Net_p001_c00,document_chunk,NCDC_resistance_2019_NARS-Net,amr25.pdf,resistance,2019,NARS-Net,1,,,"National Antimicrobial Resistance
 Surveillance Network
 (NARS-Net India)
 AMR Annual report -2020
 Reporting Period - January to December 2019

 National Programme on AMR Containment
 National Centre for Disease Control
 0
Directorate General of Health Services, Ministry of Health and Family Welfare
 Government of India",,amr25.pdf | PDF page 1,verified,retrieval_context
NCDC_resistance_2019_NARS-Net_p002_c00,document_chunk,NCDC_resistance_2019_NARS-Net,amr25.pdf,resistance,2019,NARS-Net,2,,,"NARS-Net Annual Report, January-December 2019

 1",,amr25.pdf | PDF page 2,verified,retrieval_context
NCDC_resistance_2019_NARS-Net_p003_c00,document_chunk,NCDC_resistance_2019_NARS-Net,amr25.pdf,resistance,2019,NARS-Net,3,,,"National Antimicrobial Resistance
Surveillance Network (NARS-Net India)
 Annual report
 January to December 2019

 i",,amr25.pdf | PDF page 3,verified,retrieval_context
NCDC_resistance_2019_NARS-Net_p004_c00,document_chunk,NCDC_resistance_2019_NARS-Net,amr25.pdf,resistance,2019,NARS-Net,4,,,"NARS-Net Annual Report, January-December 2019

 ii",,amr25.pdf | PDF page 4,verified,retrieval_context
NCDC_resistance_2019_NARS-Net_p005_c00,document_chunk,NCDC_resistance_2019_NARS-Net,amr25.pdf,resistance,2019,NARS-Net,5,,,"NARS-Net Annual Report, January-December 2019

Contents
A. Acronyms ...............................................................................................................................................a

B. List of Tables : ......................................................................................................................................... b

C. List of Figures: .......................................................................................................................................... c

I. Executive Summary ................................................................................................................................1

II. National Antimicrobial Resistance Surveillance Network (NARS-Net) ....................................................2

III. Data Collection and Analysis ..................................................................................................................4

IV. Data Deduplication ..................................................................................................................................5

V. Priority Pathogens under surveillance in NARS -Net ...............................................................................5

VI. AMR profile of priority pathogens........................................................................................................ 13

 A. Gram Positive Cocci .............................................................................................................................. 13

 B. Gram Negative Bacilli ........................................................................................................................... 18

 1. Enterobacteriaceae .......................................................................................................................... 18
 2. Non-Fermenting Gram-Negative Bacilli............................................................................................ 27",,amr25.pdf | PDF page 5,verified,retrieval_context
NCDC_resistance_2019_NARS-Net_p005_c01,document_chunk,NCDC_resistance_2019_NARS-Net,amr25.pdf,resistance,2019,NARS-Net,5,,,"VII. Discussion ............................................................................................................................................. 32

VIII. Annexure: Medical College Laboratories under NARS-Net .................................................................. 33

 iii",,amr25.pdf | PDF page 5,verified,retrieval_context
NCDC_resistance_2019_NARS-Net_p006_c00,document_chunk,NCDC_resistance_2019_NARS-Net,amr25.pdf,resistance,2019,NARS-Net,6,,,"NARS-Net Annual Report, January-December 2019

 iv",,amr25.pdf | PDF page 6,verified,retrieval_context
NCDC_resistance_2019_NARS-Net_p007_c00,document_chunk,NCDC_resistance_2019_NARS-Net,amr25.pdf,resistance,2019,NARS-Net,7,,,"A. Acronyms

 AMR Antimicrobial Resistance Surveillance
 AST Antimicrobial Susceptibility Testing
 BMD Broth Microdilution
 EQAS External Quality Assessment Scheme
 GLASS Global Antimicrobial Resistance Surveillance System
 IPD In-patient
 ICU Intensive care unit
 IQC Internal Quality Control
 LIMS Laboratory Information Management System
 MRSA Methicillin Resistant S. aureus
 NARS-Net National AMR Surveillance Network
 NFGNB Non-fermenting Gram-negative bacilli
 NRL National Reference Laboratory
 OPD Outpatient
 OSBF Other Sterile Body Fluids
 PA Pus aspirate
 R Resistant
 RIS Resistant Intermediate Sensitive
 SOP Standard Operating Procedure
 WHO World Health Organization

 a",,amr25.pdf | PDF page 7,verified,retrieval_context
NCDC_resistance_2019_NARS-Net_p008_c00,document_chunk,NCDC_resistance_2019_NARS-Net,amr25.pdf,resistance,2019,NARS-Net,8,,,"NARS-Net Annual Report, January-December 2019

B. List of Tables :

 Table 1 Pathogens and specimens included under surveillance
 Table 2 Specimen wise isolation of Priority Pathogens
 Table 3 Location wise distribution of Priority Pathogens
 Table 4 Resistance profile of Staphylococcus aureus
 Table 5 Resistance profile of Enterococcus species
 Table 6 Resistance profile of E. coli
 Table 7 Resistance profile of Klebsiella species
 Table 8 Resistance profile of Salmonella enterica serotypes Typhi and
 Paratyphi isolated from blood specimens
 Table 9 Resistance profile of Pseudomonas species
 Table 10 Resistance profile of Acinetobacter species

 b",,amr25.pdf | PDF page 8,verified,retrieval_context
NCDC_resistance_2019_NARS-Net_p009_c00,document_chunk,NCDC_resistance_2019_NARS-Net,amr25.pdf,resistance,2019,NARS-Net,9,,,"NARS-Net Annual Report, January-December 2019

C. List of Figures:
 Fig. 1 National AMR Surveillance Network Laboratories that have reported AMR Surveillance
 data to NCDC in the year 2019 under NARS-Net (List at Annexure-1)
 Fig. 2 Priority bacterial pathogens before and after de-duplication

 Fig. 3 Distribution of isolates by specimen type

 Fig. 4 Distribution of isolates

 Fig. 5 Specimen wise distribution of AMR surveillance priority pathogens.

 Fig. 6 Specimen wise isolation of Priority Pathogens

 Fig. 7 Location wise distribution of isolates

 Fig. 8 Distribution of different priority pathogens by location type

 Fig. 8a Location wise distribution of different priority pathogens

 Fig. 9 Resistance profile of Staphylococcus aureus isolated from blood specimens from different
 location types in healthcare facilities
 Fig. 10 Resistance profile of Staphylococcus aureus isolated from PA and OSBF specimens from
 different location types in healthcare facilities
 Fig. 11 Resistance profile of Enterococcus spp. isolated from blood, PA and OSBF from different
 location types in healthcare facilities
 Fig. 12 Resistance profile of Enterococcus spp. isolated from urine specimens from different
 location types in healthcare facilities
 Fig. 13 Resistance profile of E. coli isolated from blood specimens from different location types in
 healthcare facilities
 Fig. 14 Resistance profile of E. coli isolated from blood, urine, PA and OSBF from different
 location types in healthcare facilities
 Fig. 15 Resistance profile of Klebsiella spp. isolated from blood, urine, PA and OSBF from
 different location types in healthcare facilities
 Fig. 16 Resistance profile of Klebsiella spp. isolated from blood specimens from different location
 types in healthcare facilities
 Fig. 17 Resistance profile of E. coli and Klebsiella spp. isolated from urine specimens

 Fig. 18 Resistance profile of E. coli and Klebsiella spp. obtained from blood specimens.",,amr25.pdf | PDF page 9,verified,retrieval_context
NCDC_resistance_2019_NARS-Net_p009_c01,document_chunk,NCDC_resistance_2019_NARS-Net,amr25.pdf,resistance,2019,NARS-Net,9,,,"Fig. 19 Resistance profile of Pseudomonas spp. isolated from blood, urine, PA and OSBF from
 different location types in healthcare facilities
 Fig. 20 Resistance profile of Acinetobacter spp. isolated from blood, urine, PA and OSBF from
 different location types in healthcare facilities

 c",,amr25.pdf | PDF page 9,verified,retrieval_context
NCDC_resistance_2019_NARS-Net_p010_c00,document_chunk,NCDC_resistance_2019_NARS-Net,amr25.pdf,resistance,2019,NARS-Net,10,,,"NARS-Net Annual Report, January-December 2019

 d",,amr25.pdf | PDF page 10,verified,retrieval_context
NCDC_resistance_2019_NARS-Net_p011_c00,document_chunk,NCDC_resistance_2019_NARS-Net,amr25.pdf,resistance,2019,NARS-Net,11,,,"I. Executive Summary
 Under the National AMR Surveillance Network, during the year 2019 National Centre for
 Disease Control received AMR Surveillance data from 21 sentinel surveillance laboratories
 located in 19 different States. A total of 78,860 priority pathogens and their antimicrobial
 sensitivity data from 74,200 unique patients have been reported. Of these 74,200 isolates,
 45% are from urine, 33% from pus aspirates & other sterile body fluids and 22% from blood.
 E. coli constitutes the highest number of isolates (33%) in the AMR surveillance data of the
 year 2019 followed by Klebsiella spp. (22%), S. aureus (18%), Pseudomonas spp. (10%),
 Enterococcus spp. (9%), Acinetobacter spp. (8%) and Salmonella Typhi and Paratyphi (<
 1%).
 Among outpatients and inpatients, E. coli is the commonest pathogen isolated while
 Klebsiella spp. is the commonest pathogen isolated in ICU patients. Higher rates of
 resistance are seen in ICU settings for most of the antibiotics.

 Sixty-six percent resistance is seen for cefoxitin, surrogate marker for methicillin resistant S.
 aureus (MRSA). In addition, 1% resistance is seen in S. aureus and 5% in Enterococcus spp.
 to linezolid and 13% resistance to vancomycin in Enterococcus spp. Resistance to these last
 resort drugs for treating Gram-positive cocci is a matter of concern.

 Among gram negative bacteria (E. coli, Klebsiella spp.) reported under NARS-Net, 80% and
 60% of the blood isolates were resistant to 3rd and 4th generation cephalosporins respectively.
 High level resistance to carbapenems is seen in Klebsiella spp. and E. coli. Five percent of
 Klebsiella spp. isolated from blood of ICU patients are colistin resistant.

 Piperacillin/tazobactam is the most effective antibiotic for Pseudomonas spp. and
 Minocycline was most effective antibiotic for Acinetobacter spp. Eight percent colistin
 resistance is seen in both the non-fermenting gram-negative bacilli (Pseudomonas spp. and
 Acinetobacter spp.).

 1",,amr25.pdf | PDF page 11,verified,retrieval_context
NCDC_resistance_2019_NARS-Net_p012_c00,document_chunk,NCDC_resistance_2019_NARS-Net,amr25.pdf,resistance,2019,NARS-Net,12,,,"NARS-Net Annual Report, January-December 2019

II. National Antimicrobial Resistance Surveillance Network (NARS-Net)
 National Centre for Disease Control (NCDC) is coordinating the “National Programme on
 Antimicrobial resistance Containment” which was initiated during the 12th five-year plan
 (2012-2017). One of the goals of this Programme is to generate quality Antimicrobial
 Resistance (AMR) surveillance data in order to understand the AMR trends in various
 geographical regions through a sentinel surveillance platform. Under this programme a
 network of state medical college laboratories has been set up which is being expanded in a
 phased manner. The National Antimicrobial Resistance Surveillance Network (NARS-Net)
 currently includes 29 state medical college labs in 24 states. The AMR surveillance under this
 network presently includes seven priority bacterial pathogens isolated from 5 clinical samples

 The seven priority pathogens included under the NARS-Net:
 1. Staphylococcus aureus
 2. Enterococcus spp.
 3. Escherichia coli
 4. Klebsiella spp.
 5. Salmonella enterica serotype Typhi and Paratyphi
 6. Pseudomonas spp.
 7. Acinetobacter spp.
 The clinical specimens currently included under NARS-Net:
  Blood
  Urine
  Aspirated pus
  Other sterile body fluids and
  Stool (only for Salmonella Typhi & Paratyphi)

 The network sites are mandated to report emerging AMR alerts and send them for
 confirmation to National Reference Laboratory (NRL) at NCDC. In addition, the sites also
 send defined number of strains on a quarterly basis under External Quality Assessment
 Scheme (EQAS) being conducted by the NRL. In July 2017, NCDC has been designated by
 Ministry of Health and Family Welfare as National coordinating center for AMR surveillance
 in the country and for submission of country data onto WHO-Global Antimicrobial Resistance",,amr25.pdf | PDF page 12,verified,retrieval_context
NCDC_resistance_2019_NARS-Net_p012_c01,document_chunk,NCDC_resistance_2019_NARS-Net,amr25.pdf,resistance,2019,NARS-Net,12,,,"Surveillance System (GLASS). The AMR surveillance data submitted under the National
 programme on AMR Containment is validated by NCDC and the AMR trends are published in
 the form of annual report. The annual report for the AMR surveillance data of 2017 and 2018
 is available on NCDC website.

 2",,amr25.pdf | PDF page 12,verified,retrieval_context
NCDC_resistance_2019_NARS-Net_p013_c00,document_chunk,NCDC_resistance_2019_NARS-Net,amr25.pdf,resistance,2019,NARS-Net,13,,,"NARS-Net Annual Report, January-December 2019
The sentinel surveillance laboratories under NARS-Net follow a standardized approach for
AMR data collection, analysis, and reporting of AMR surveillance data using WHONET data
management software. Standard operating procedures (SOPs) and guidance documents have
been developed for sentinel surveillance sites for AMR surveillance and the sites are trained to
use these effectively in their day to day work. In addition, training is also provided on AMR
data management using the WHONET software. Continuous support is provided to sites to
improve the quality of specimen collection, bacterial culture, identification of pathogens &
their antimicrobial susceptibility testing (AST) which includes provision of regular hands on
training and onsite support for streamlining AMR data management. Regular feedback is
provided using a standardized data management tool to improve the AMR data quality.
As of 31st March 2020, the NARS-Net included 29 medical college laboratories located in 24
states (Annexure-1). In the year 2019 (01 January 2019 to 31 December 2019), bacteriology
laboratories from 21 sentinel locations in 19 different States reported data to NCDC (Fig. A).

Fig. 1 National AMR Surveillance Network Laboratories that have reported AMR
 Surveillance data to NCDC in the year 2019 under NARS-Net (List at Annexure-1)
 3",,amr25.pdf | PDF page 13,verified,retrieval_context
NCDC_resistance_2019_NARS-Net_p014_c00,document_chunk,NCDC_resistance_2019_NARS-Net,amr25.pdf,resistance,2019,NARS-Net,14,,,"NARS-Net Annual Report, January-December 2019

III. Data Collection and Analysis
 Data of 78,860 priority pathogens and their antimicrobial sensitivity has been reported under
 NARS-Net during the year 2019. The laboratories having Laboratory information
 management systems (LIMS) and/ or automated AST systems are trained in back linking the
 data to WHONET. The data has been validated and analyzed at NCDC for preparation of
 National AMR Surveillance Annual Report for the year 2019.

 All sentinel sites submitted the data quarterly after validation by AMR nodal officer at the
 sites. The data is to be submitted by the network sites within 15 days after each quarter:
  Data from January 1 to March 31 of the current year sent by 15th April
  Data from April 1 to June 30 of the current year sent by 15th July
  Data from July 1 to September 30 of the current year sent by 15th October
  Data from October 1 to December 31 of the previous year sent by 15th January

 The sites are provided feedback on the data submitted and where required the sites are
 requested to re-submit the revised data. The sites also submit identified priority pathogens to
 the NRL at NCDC as a part of EQAS for confirmation of species identification and
 susceptibility testing following the standard protocols1. In addition, AMR alert strains as
 specified under the programme are also submitted by the sentinel sites to NRL for
 confirmation.

 Onsite support visits and online trainings are conducted for handholding the sites for effective
 AMR surveillance data management. The validated quarterly AMR data in WHONET files
 received from network sites is stored and managed at NCDC in password-protected folders
 and after de-duplication imported into the nationwide database. The nationwide database is
 validated, and quality checked at NCDC, followed by analysis of data to develop the annual
 report.

1
 Guidance for submission of AMR Surveillance isolates for External Quality Assessment and
Emerging AMR Alerts",,amr25.pdf | PDF page 14,verified,retrieval_context
NCDC_resistance_2019_NARS-Net_p014_c01,document_chunk,NCDC_resistance_2019_NARS-Net,amr25.pdf,resistance,2019,NARS-Net,14,,,4,,amr25.pdf | PDF page 14,verified,retrieval_context
NCDC_resistance_2019_NARS-Net_p015_c00,document_chunk,NCDC_resistance_2019_NARS-Net,amr25.pdf,resistance,2019,NARS-Net,15,,,"NARS-Net Annual Report, January-December 2019

IV. Data Deduplication
 During analysis, data de-duplication has been done for data from each site at NCDC. In
 situations where several clinical specimens of same type have been reported for a unique
 patient by the reporting facility, de-duplication has been done to achieve one isolate per
 patient. Only one AST result has been considered for data analysis even though there might be
 different AST patterns observed during repeated isolation of same species from same
 specimen type i.e. AST result of the first isolate of a priority pathogen reported from the same
 specimen type of the patient during the hospital stay has been considered.
 For example, if two blood cultures from the same patient yield growth of E. coli, only the first
 result is included in the data analysis; if growth of E. coli is detected in one culture and of K.
 pneumoniae in the other, both results are analyzed and reported. If there is growth of E. coli in
 one blood culture and in one urinary culture from the same patient, both specimen types are
 analyzed and reported.2

V. Priority Pathogens under surveillance in NARS -Net

 Under the programme, the AMR data for the year 2019 has been submitted by 21 sentinel
 laboratories from Government Medical colleges/ tertiary healthcare settings in 19 states (S.no.
 1 to 21 at Annexure 1). AMR surveillance data of a total of 78,860 isolates submitted under
 NARS-Net has been de-duplicated & analyzed and is summarized below:

 Table 1 Pathogens and specimens included under surveillance

 Specimen S. Enterococc Klebsiella E. coli Acinetobacter Pseudomo Salmonella
 aureus us spp. spp. spp. nas spp. Typhi/Para
 typhi
 Blood       ",,amr25.pdf | PDF page 15,verified,retrieval_context
NCDC_resistance_2019_NARS-Net_p015_c01,document_chunk,NCDC_resistance_2019_NARS-Net,amr25.pdf,resistance,2019,NARS-Net,15,,,"Urine     
 Pus Aspirates      
 
 Other Sterile
      
 Body fluids 
 Stool   
    

2
 WHO Global Antimicrobial Surveillance System Manual for Early Implementation (2015)].

 5",,amr25.pdf | PDF page 15,verified,retrieval_context
NCDC_resistance_2019_NARS-Net_p016_c00,document_chunk,NCDC_resistance_2019_NARS-Net,amr25.pdf,resistance,2019,NARS-Net,16,,,"NARS-Net Annual Report, January-December 2019

 26,199
 Escherichia coli
 24,456

 17,263
 Klebsiella sp.
 16,130

 13,905
 Staph. aureus
 13,290
 Priority Pathogens

 7,900
 Pseudomonas sp.
 7,318

 7,185
 Enterococcus sp.
 6,881

 5,992
 Acinetobacter sp.
 5,717 Total number of Isolates

 416 Isolates per unique patient
 Salmonella Typhi and Paratyphi
 408

 0 5000 10000 15000 20000 25000 30000

 Number of Isolates

Fig. 2 Priority bacterial pathogens before and after de-duplication

 Total number of isolates from unique patients (after de-duplication) = 74,200
  Urine - 33,642 (45%)
  Blood - 16,189 (22%)",,amr25.pdf | PDF page 16,verified,retrieval_context
NCDC_resistance_2019_NARS-Net_p016_c01,document_chunk,NCDC_resistance_2019_NARS-Net,amr25.pdf,resistance,2019,NARS-Net,16,,," Pus Aspirates (PA) and Other Sterile body fluids (OSBF) - 24,368 (33%)
  Stool - 1

In the 2019 AMR surveillance data, E. coli (33%) is the most commonly isolated pathogen
followed by Klebsiella spp. (22%), S. aureus (18%), Pseudomonas spp. (10%), Enterococcus
spp. (9%) and Acinetobacter spp. (8%) and Salmonella enterica serovar Typhi and Paratyphi
(0.5%). (Fig. 4) Highest number of isolates included in the data are from urine samples,
followed by pus & other sterile body fluids and blood. (Fig. 3)

 6",,amr25.pdf | PDF page 16,verified,retrieval_context
NCDC_resistance_2019_NARS-Net_p017_c00,document_chunk,NCDC_resistance_2019_NARS-Net,amr25.pdf,resistance,2019,NARS-Net,17,,,"NARS-Net Annual Report, January-December 2019

24,368, [33%]

 33,642, [45%]

 Urine
 16,189, [22%]

 Blood

 Pus aspirates and OSBF

 Fig. 3 Distribution of isolates by specimen type

 0.5%
 8%
 9%
 33%
 Escherichia coli
 10%
 Klebsiella spp.

 S. aureus
 18% Pseudomonas spp.
 22%
 Enterococcus spp.

 Acinetobacter spp.

 Salmonella Typhi and Paratyphi

 Fig. 4 Distribution of isolates

 7",,amr25.pdf | PDF page 17,verified,retrieval_context
NCDC_resistance_2019_NARS-Net_p018_c00,document_chunk,NCDC_resistance_2019_NARS-Net,amr25.pdf,resistance,2019,NARS-Net,18,,,"NARS-Net Annual Report, January-December 2019

S. aureus (38%) is most commonly isolated pathogen in blood specimens followed by
Acinetobacter spp. (19%) and Klebsiella spp. (18%) (Fig. 5). E. coli (55%) is the most
commonly isolated pathogen in urine specimens followed by Klebsiella spp. (21%) and
Enterococcus spp. (13%). S. aureus (34%) is the most frequently isolated pathogen from pus
and other sterile body fluids followed by Klebsiella spp. (20%), E. coli (18%) and
Pseudomonas spp. (15%). (Fig. 5 & Table 2)

 18,350
 7,056

 Urine 1,115
 4,497
 2,624
 Priority Specimen

 4,504
 4,957
 8,314
 Pus aspirates and OSBF 1,953
 1,075 Escherichia coli
 3,565 Klebsiella spp.
 S. aureus
 1,602
 Acinetobacter spp.
 4,117
 4,976 Enterococcus spp.
 Blood 2,649 Pseudomonas spp.
 1,309",,amr25.pdf | PDF page 18,verified,retrieval_context
NCDC_resistance_2019_NARS-Net_p018_c01,document_chunk,NCDC_resistance_2019_NARS-Net,amr25.pdf,resistance,2019,NARS-Net,18,,,"Salmonella Typhi and Paratyphi
 1,129
 407

 0 5000 10000 15000 20000

 Number of isolates

 Fig. 5 Specimen wise distribution of AMR surveillance priority pathogens

 8",,amr25.pdf | PDF page 18,verified,retrieval_context
NCDC_resistance_2019_NARS-Net_p019_c00,document_chunk,NCDC_resistance_2019_NARS-Net,amr25.pdf,resistance,2019,NARS-Net,19,,,"NARS-Net Annual Report, January-December 2019

 Table 2 Specimen wise isolation of Priority Pathogens
 Priority Pathogens Blood Urine Pus aspirates and OSBF
Escherichia coli 1,602 (10%) 18,350 (55%) 4,504 (18%)
Klebsiella spp. 4,117 (25%) 7,056 (21%) 4,957 (20%)
Salmonella Typhi and
 407 (3%)
Paratyphi
Pseudomonas spp. 1,129 (7%) 2,624 (8%) 3,565 (15%)
Acinetobacter spp. 2,649 (16%) 1,115 (3%) 1,953 (8%)
S. aureus 4,976 (31%) 8,314 (34%)
Enterococcus spp. 1,309 (8%) 4,497 (13%) 1,075 (4%)

Total 16,189 33,642 24,368

 18,350
 Escherichia coli 4,504
 1,602
 7,056
 Klebsiella spp. 4,957
 4,117
 Priority pathogen

 S. aureus 8,314
 4,976
 4,497",,amr25.pdf | PDF page 19,verified,retrieval_context
NCDC_resistance_2019_NARS-Net_p019_c01,document_chunk,NCDC_resistance_2019_NARS-Net,amr25.pdf,resistance,2019,NARS-Net,19,,,"Enterococcus spp. 1,075
 1,309
 2,624
 Pseudomonas spp. 3,565
 1,129
 1,115 Urine
 Acinetobacter spp. 1,953
 Pus aspirates and OSBF
 2,649
 Blood
 Salmonella Typhi and Paratyphi
 407

 0 2000 4000 6000 8000 10000 12000 14000 16000 18000 20000

 Number of isolates

 Fig. 6 Specimen wise isolation of the Priority Pathogens
 9",,amr25.pdf | PDF page 19,verified,retrieval_context
NCDC_resistance_2019_NARS-Net_p020_c00,document_chunk,NCDC_resistance_2019_NARS-Net,amr25.pdf,resistance,2019,NARS-Net,20,,,"NARS-Net Annual Report, January-December 2019

 7,202 (10%)

 Inpatients
 21,707 (29%)
 Outpatients
 45,311 (61%)
 ICU patients

 Fig. 7 Location wise distribution of isolates

Of the 74,200 isolates included in the 2019 AMR surveillance data, 10% are from ICU, 29%
from in-patient departments (IPD) and 61% from outpatient department (OPD) (Fig. 7). In the
ICU patients, Klebsiella spp. is the most commonly isolated pathogen (28%) followed by
S.aureus (18%), Acinetobacter spp. (18%), E.coli (15%), Enterococci spp. (12%) and
Pseudomonas spp. (9%) (Table 3 and Fig.8). Whereas among the in-patients E. coli (30%), is
the commonest pathogen isolated followed by Klebsiella spp. (22%), S.aureus (20%),
Pseudomonas spp. (10%), Enterococci spp. (9%) and Acinetobacter spp. (8%) (Table 3 and
Fig. 8a).

 10",,amr25.pdf | PDF page 20,verified,retrieval_context
NCDC_resistance_2019_NARS-Net_p021_c00,document_chunk,NCDC_resistance_2019_NARS-Net,amr25.pdf,resistance,2019,NARS-Net,21,,,"NARS-Net Annual Report, January-December 2019

Table 3 Location wise distribution of priority pathogens
 Priority pathogens ICU IPD OPD
 Staphylococcus aureus 1,290 (18%) 9,079 (20%) 2,964 (14%)
 Enterococci spp. 890 (12%) 4,228 (9%) 1,764 (8%)
 Escherichia coli 1,083 (15%) 13,797 (30%) 9,668 (45%)
 Klebsiella spp. 2,002 (28%) 9,948 (22%) 4,090 (19%)
 Pseudomonas spp. 633 (9%) 4,485 (10%) 2,202 (10%)
 Acinetobacter spp. 1,288 (18%) 3,530 (8%) 869 (4%)
 Salmonella Typhi and 16 (0.2%) 244 (0.5%) 150 (0.7%)
 Paratyphi A and B
 Total 7,202 45,311 21,707

 13,797
 Escherichia coli 9,668
 1,083
 9,948
 Klebsiella spp. 4,090
 2,002
 9,079
 S. aureus 2,964
 Priority Pathogen

 1,290",,amr25.pdf | PDF page 21,verified,retrieval_context
NCDC_resistance_2019_NARS-Net_p021_c01,document_chunk,NCDC_resistance_2019_NARS-Net,amr25.pdf,resistance,2019,NARS-Net,21,,,"4,485
 Pseudomonas spp. 2,202
 633
 4,228
 Enterococcus spp. 1,764
 890
 Inpatient
 3,530
 Acinetobacter spp. 869 Outpatient
 1,288
 ICU
 244
 Salmonella Typhi and
 150
 Paratyphi
 16

 0 2000 4000 6000 8000 10000 12000 14000 16000

 Number of Isolates

 Fig. 8 Distribution of different priority pathogens by location type
 11",,amr25.pdf | PDF page 21,verified,retrieval_context
NCDC_resistance_2019_NARS-Net_p022_c00,document_chunk,NCDC_resistance_2019_NARS-Net,amr25.pdf,resistance,2019,NARS-Net,22,,,"NARS-Net Annual Report, January-December 2019

 13,797
 9,948
 9,079
 IPD 4,485
 4,228
 3,530
 244

 9,668
 4,090
Location

 2,964
 OPD 2,202
 1,764
 869
 150
 Escherichia coli
 Klebsiella spp.
 1,083
 S. aureus
 2,002
 1,290 Pseudomonas spp.
 ICU 633 Enterococcus spp.
 890
 Acinetobacter spp.
 1,288
 16 Salmonella Typhi and Paratyphi

 0 2000 4000 6000 8000 10000 12000 14000 16000

 Number of isolates

Fig. 8a Location wise distribution of different priority pathogens

 12",,amr25.pdf | PDF page 22,verified,retrieval_context
NCDC_resistance_2019_NARS-Net_p023_c00,document_chunk,NCDC_resistance_2019_NARS-Net,amr25.pdf,resistance,2019,NARS-Net,23,,,"NARS-Net Annual Report, January-December 2019

VI. AMR profile of priority pathogens
 (For select antibiotics as per NCDC AMR Surveillance SOP)

 A. Gram Positive Cocci
 AMR Surveillance under NARS-Net includes 2 most commonly isolated Gram-positive
 bacterial pathogens in bacteriology laboratories in India viz.: Staphylococcus aureus and
 Enterococcus species. The AST data of 21,090 (27%) Gram-positive cocci (S. aureus and
 Enterococcus) have been submitted to NCDC, of which 20,171 isolates are from unique
 patients. The susceptibility of vancomycin against S. aureus is to be tested using broth
 microdilution test as recommended by CLSI guidelines. However, none of the sites during
 2019 reported MIC results for vancomycin against S. aureus. In February 2020, some sites
 have been trained on AST testing for vancomycin using BMD technique and training of
 remaining sites is under process.

 1. Staphylococcus aureus
 This year the network sites submitted 13,905 S. aureus isolate data to the NARS-Net at NCDC
 of which 13,290 isolates are from unique patients. (Fig.2) AST data analysis of 13,290 S.
 aureus isolates shows that overall resistance to cefoxitin (surrogate marker for mecA-mediated
 oxacillin resistance) is 59%. Of the S. aureus isolated from blood, 66% are MRSA.
 Ciprofloxacin resistance is observed in 73% of S. aureus isolates from aspirated pus and OSBF
 and in 56% of S. aureus isolates from blood (Table 4). Resistance to gentamicin is observed in
 23% of S. aureus isolates and Linezolid resistance is observed in 1% of S. aureus isolates. The
 data of vancomycin AST for Staph aureus is not included as the AST results by BMD were not
 available for the data-reporting period.

 13",,amr25.pdf | PDF page 23,verified,retrieval_context
NCDC_resistance_2019_NARS-Net_p024_c00,document_chunk,NCDC_resistance_2019_NARS-Net,amr25.pdf,resistance,2019,NARS-Net,24,,,"NARS-Net Annual Report, January-December 2019
Table 4 Resistance profile of Staphylococcus aureus

Antibiotic tested Blood + PA + OSBF (N=13,290) Blood (N=4,976) PA+OSBF (N=8,314)

 Number Number %R Number Number %R Number Number %R
 tested Resistant tested Resistant tested Resistant

 11,855 6,994 59 4,499 2,965 66 7,356 4,031 55
Cefoxitin
 11,342 2,654 23 4,390 1,163 27 6,952 1,495 22
Gentamicin
 10,638 7,042 66 4,162 2,322 56 6,476 4,715 73
Ciprofloxacin
 9,983 3,813 38 3,832 1,747 46 6,151 2,054 33
TMP/SMX
 12,068 3,017 25 4,434 1,477 33 7,634 1,542 20
Clindamycin
 12,090 7,290 60 4,644 3,153 68 7,446 4,133 56
Erythromycin
 12,314 111 0.9 4,648 42 0.9 7,666 69 0.9
Linezolid
 8,480 840 10 3,422 366 11 5,058 470 9
Doxycycline

Abbreviations: OSBF, Other sterile body fluids; PA, Pus aspirates",,amr25.pdf | PDF page 24,verified,retrieval_context
NCDC_resistance_2019_NARS-Net_p024_c01,document_chunk,NCDC_resistance_2019_NARS-Net,amr25.pdf,resistance,2019,NARS-Net,24,,,"26
 Gentamicin 17
 33
 54
 Ciprofloxacin 47
 65
 68
 Erythromycin 65
 69
 Antibiotics tested

 45
 TMP/SMX 44
 48
 65
 Cefoxitin 55
 72
 10
 Doxycycline 8
 16
 34
 Clindamycin 29 Inpatient (N=3,494)
 33
 0.9",,amr25.pdf | PDF page 24,verified,retrieval_context
NCDC_resistance_2019_NARS-Net_p024_c02,document_chunk,NCDC_resistance_2019_NARS-Net,amr25.pdf,resistance,2019,NARS-Net,24,,,"Outpatient (N=402)
 Linezolid 1.3 ICU (N=1,102)
 0.7

 0 20 40 60 80 100
 % Resistance
Fig. 9 Resistance profile of Staphylococcus aureus isolated from blood specimens from
 different location types in healthcare facilities

 14",,amr25.pdf | PDF page 24,verified,retrieval_context
NCDC_resistance_2019_NARS-Net_p025_c00,document_chunk,NCDC_resistance_2019_NARS-Net,amr25.pdf,resistance,2019,NARS-Net,25,,,"NARS-Net Annual Report, January-December 2019
As compared to non-ICU settings, higher resistance rates are observed in S. aureus isolates
from ICUs for all the antibiotics (Fig. 8). Of the S. aureus isolates from blood specimens of
ICU patients, 72% are resistant to cefoxitin (MRSA), 70% to erythromycin and 33.5% to
clindamycin. (Fig. 9)
Compared to other antibiotics, lower rates of resistance to aminoglycoside and lincosamide
class of antibiotics is observed in S. aureus isolates from pus aspirates and OSBF (Fig. 10).
Resistance to ciprofloxacin is observed to be higher in isolates of S. aureus from pus aspirates
and OSBF (inpatients, 73%; outpatients, 72%) than isolates from blood specimens (inpatients,
54%; outpatients, 47%). (Fig. 9 & 10)

 23
 Gentamicin 18
 26
 73
 Ciprofloxacin 72
 67
 57
 Erythromycin 52
 58
 Antibiotics tested

 34
 TMP/SMX 32
 33
 58
 Cefoxitin 47",,amr25.pdf | PDF page 25,verified,retrieval_context
NCDC_resistance_2019_NARS-Net_p025_c01,document_chunk,NCDC_resistance_2019_NARS-Net,amr25.pdf,resistance,2019,NARS-Net,25,,,"58
 10
 Doxycycline 7
 12
 21
 Inpatient (5,628)
 Clindamycin 17
 24 Outpatient (2,575)
 1.2
 Linezolid 0.4
 ICU (204)
 1

 0 10 20 30 40 50 60 70 80 90 100
 % Resistance

Fig. 10 Resistance profile of Staphylococcus aureus isolated from PA and OSBF specimens
 from different location types in healthcare facilities

 15",,amr25.pdf | PDF page 25,verified,retrieval_context
NCDC_resistance_2019_NARS-Net_p026_c00,document_chunk,NCDC_resistance_2019_NARS-Net,amr25.pdf,resistance,2019,NARS-Net,26,,,"NARS-Net Annual Report, January-December 2019

 2. Enterococcus species
Of the 6,881 isolates of Enterococcus spp., 48% are resistant to high-level gentamicin. Sixty one
percent of isolates of Enterococcus spp. isolated from urine are resistant to tetracycline. Thirteen
percent Enterococcus isolates are resistant to vancomycin and 5% of the isolates are resistant to
linezolid. Notably, there is an alarming level of resistance to linezolid among Enterococcus spp. (5%)
isolated from urine specimens. (Table 5)

Table 5: Resistance profile of Enterococcus species

Antibiotic Blood+Urine+PA+OSBF PA+OSBF (N=1,075) Blood (N=1,309) Urine (N=4,497)
tested (N=6,881)

 Number Number %R Number Number % Number Number %R Number Number %R
 Tested Resistant Tested Resistant R Tested Resistan Tested Resistant
 t
Ampicillin 5,572 3,416 61 769 410 53 970 674 70 3,833 2,327 61

Gentamicin- 5,028 2,408 48 796 295 37 968 497 51 3,264 1,609 49
High

Ciprofloxacin 5,349 4,140 77 3,684 2,947 80

Erythromycin 3,331 2,668 80 887 674 76 1,170 929 79

Linezolid 6,345 311 5 986 35 4 1,211 55 5 4,148 220 5

Vancomycin 5,332 688 13 812 67 8 1,000 164 16 3,520 458 13

Doxycycline 2,295 991 43 504 193 38 699 275 39

Tetracycline 3,064 1,844 60 2,504 1,530 61

 Abbreviations: OSBF, Other sterile body fluids; PA, Pus aspirates",,amr25.pdf | PDF page 26,verified,retrieval_context
NCDC_resistance_2019_NARS-Net_p026_c01,document_chunk,NCDC_resistance_2019_NARS-Net,amr25.pdf,resistance,2019,NARS-Net,26,,,"As observed in S. aureus isolates, similar trend of higher resistance is observed in ICU isolates of
Enterococcus spp. from all the specimens for most of the antibiotics (Fig. 11). Observation of 27%
VRE and 9% linezolid resistant Enterococcus spp. in urine specimens from ICU patients is
worrisome (Fig. 12). Enterococcus spp. from blood, PA and OSBF also showed higher rates of
resistance i.e. 21% VRE and 5% linezolid resistance (Fig. 11).

 16",,amr25.pdf | PDF page 26,verified,retrieval_context
NCDC_resistance_2019_NARS-Net_p027_c00,document_chunk,NCDC_resistance_2019_NARS-Net,amr25.pdf,resistance,2019,NARS-Net,27,,,"NARS-Net Annual Report, January-December 2019

 61
 Ampicillin 53
 71

 43
 Gentamicin-High 38
 57

 71
 Ciprofloxacin 63
 Antibiotics tested

 77

 78
 Erythromycin 70
 81

 38
 Doxycycline 35
 48

 11
 Vancomycin 8 Inpatient (N=1,495)
 21
 Outpatient (N=344)
 4",,amr25.pdf | PDF page 27,verified,retrieval_context
NCDC_resistance_2019_NARS-Net_p027_c01,document_chunk,NCDC_resistance_2019_NARS-Net,amr25.pdf,resistance,2019,NARS-Net,27,,,"ICU (N=541)
 Linezolid 2.6
 5.2

 0 10 20 30 40 50 60 70 80 90 100
 % Resistance

Fig. 11 Resistance profile of Enterococcus spp. isolated from blood, PA and OSBF from
 different location types in healthcare facilities

 17",,amr25.pdf | PDF page 27,verified,retrieval_context
NCDC_resistance_2019_NARS-Net_p028_c00,document_chunk,NCDC_resistance_2019_NARS-Net,amr25.pdf,resistance,2019,NARS-Net,28,,,"NARS-Net Annual Report, January-December 2019

 71
 Ampicillin 35
 87

 56
 Gentamicin-High 30
 75

 84
 Ciprofloxacin 70
 Antibiotics tested

 90

 62
 Tetracycline 59
 59

 47
 Doxycycline 47
 58

 15
 Vancomycin 6
 Inpatient (N=2,749)
 27
 Outpatient (N=1,433)
 5",,amr25.pdf | PDF page 28,verified,retrieval_context
NCDC_resistance_2019_NARS-Net_p028_c01,document_chunk,NCDC_resistance_2019_NARS-Net,amr25.pdf,resistance,2019,NARS-Net,28,,,"Linezolid 4 ICU (N=360)
 9

 0 10 20 30 40 50 60 70 80 90 100
 % Resistance

Fig. 12 Resistance profile of Enterococcus spp. isolated from urine specimens from
 different location types in healthcare facilities

 B. Gram Negative Bacilli
In the NARS-Net, five most commonly isolated gram-negative bacilli in the Indian healthcare
settings are included under AMR surveillance. This constitutes E. coli, Klebsiella species,
Pseudomonas species, Acinetobacter species and Salmonella enterica serovar Typhi and
Paratyphi. AST data of 57,770 isolates of gram-negative bacilli have been reported from
54,029 unique patients during period of January 2019 to December 2019 from 21 sentinel
sites. This accounts for 73% of total isolates included in this report.

 18",,amr25.pdf | PDF page 28,verified,retrieval_context
NCDC_resistance_2019_NARS-Net_p029_c00,document_chunk,NCDC_resistance_2019_NARS-Net,amr25.pdf,resistance,2019,NARS-Net,29,,,"NARS-Net Annual Report, January-December 2019
 1. Enterobacteriaceae

 E. coli, Klebsiella spp., and Salmonella enterica serotype Typhi and Paratyphi account for
 76% (43,878) of Gram negative bacilli included in this annual AMR Surveillance report. Of
 these 43,878 Enterobacteriaceae isolates received from 21 sentinel sites, 40,994 are from
 unique patients. All the isolates have been phenotypically characterized by the sites using
 standard bacteriological identification techniques and AST performed using Kirby Bauer disc
 diffusion method. Of the 21 sites, two sites have also provided AST data from automated
 bacterial identification and AST testing system.

 a) Escherichia coli
 E. coli isolated from blood showed 82% resistance to cefotaxime and 63% to cefepime
 whereas urine isolates show higher level of resistance to cefepime (66%) than to cefotaxime
 (77%). (Table 6) Resistance to imipenem is found to be 33% in E. coli blood isolates which is
 higher than that observed in urine isolates (32% resistance to imipenem). The colistin
 susceptibility testing has been done using broth microdilution method as per CLSI document
 M02 and M100, though for a limited number of isolates. (Table 6)

 Table 6: Resistance profile of E. coli

Antibiotic Blood + Urine + PA + OSBF PA+OSBF (N=4,504) Blood (N=1,602) Urine (N=18,350)
tested (N=24,456)

 Number Number %R Number Number %R Number Number %R Number Number %R
 tested Resistant tested Resistant tested Resistant tested Resistant

Ampicillin 14,943 12,971 87 2,563 2,327 91 1,087 934 86 11,293 9,701 86

Cefotaxime 18,183 14,219 78 3,310 2,641 80 1,030 841 82 13,843 10,701 77",,amr25.pdf | PDF page 29,verified,retrieval_context
NCDC_resistance_2019_NARS-Net_p029_c01,document_chunk,NCDC_resistance_2019_NARS-Net,amr25.pdf,resistance,2019,NARS-Net,29,,,"Cefepime 16,029 10,531 66 3,132 2,070 66 1,139 715 63 11,758 7,748 66

Ertapenem 6,475 2,545 39 1,289 505 39 485 223 46 4,701 1,805 38

Imipenem 19,124 6,120 32 3,840 1,248 33 1,420 469 33 13,864 4,395 32

Ciprofloxacin 21,162 16,718 79 3,736 2,963 79 1,385 994 72 16,041 12,720 79

TMP/SMX 18,067 11,563 64 2,613 1,714 66 1,025 592 58 14,429 9,249 64

Colistin 3,205 16 0.5 540 7 1.3 346 1 0.3 2,319 7 0.3

Nitrofurantoin 16,741 2,026 12 16,741 2,042 12

 Abbreviations: OSBF, Other sterile body fluids; PA, Pus aspirates; Sensitivity of E. coli against colistin is tested using broth microdilution
test method

 19",,amr25.pdf | PDF page 29,verified,retrieval_context
NCDC_resistance_2019_NARS-Net_p030_c00,document_chunk,NCDC_resistance_2019_NARS-Net,amr25.pdf,resistance,2019,NARS-Net,30,,,"NARS-Net Annual Report, January-December 2019

 85
 Ampicillin 79
 92
 72
 Ciprofloxacin 55
 76
 58
 TMP/SMX 45
 61
 74
 Antibiotics tested

 Ceftazidime 68
 85
 81
 Cefotaxime 68
 88
 60
 Cefepime 56
 77",,amr25.pdf | PDF page 30,verified,retrieval_context
NCDC_resistance_2019_NARS-Net_p030_c01,document_chunk,NCDC_resistance_2019_NARS-Net,amr25.pdf,resistance,2019,NARS-Net,30,,,"46
 Ertapenem 14
 55
 31 Inpatient (N=1,145)
 Imipenem 34
 39 Outpatient (N=129)
 0.5
 Colistin 0 ICU (N=334)
 0
 0 10 20 30 40 50 60 70 80 90 100

 % Resistance

Fig. 13 Resistance profile of E. coli isolated from blood specimens from different location
 types in healthcare facilities

 20",,amr25.pdf | PDF page 30,verified,retrieval_context
NCDC_resistance_2019_NARS-Net_p031_c00,document_chunk,NCDC_resistance_2019_NARS-Net,amr25.pdf,resistance,2019,NARS-Net,31,,,"NARS-Net Annual Report, January-December 2019

 90
 Ampicillin 81
 91
 81
 Ciprofloxacin 74
 84
 67
 TMP/SMX 60
 69
 84
 Cefotaxime 69
 88
 Antibiotics tested

 77
 Ceftazidime 63
 86
 70",,amr25.pdf | PDF page 31,verified,retrieval_context
NCDC_resistance_2019_NARS-Net_p031_c01,document_chunk,NCDC_resistance_2019_NARS-Net,amr25.pdf,resistance,2019,NARS-Net,31,,,"Cefepime 57
 75
 46
 Ertapenem 28
 57
 36
 Imipenem 25
 37
 13 Inpatient (N=13,797)
 Nitrofurantoin 10
 14 Outpatient (N=9,668)
 0.5 ICU (N=1,083)
 Colistin 0.6
 0

 0 10 20 30 40 50 60 70 80 90 100

 % Resistance

Fig. 14 Resistance profile of E. coli isolated from blood, urine, PA and OSBF from
 different location types in healthcare facilities

 21",,amr25.pdf | PDF page 31,verified,retrieval_context
NCDC_resistance_2019_NARS-Net_p032_c00,document_chunk,NCDC_resistance_2019_NARS-Net,amr25.pdf,resistance,2019,NARS-Net,32,,,"NARS-Net Annual Report, January-December 2019

 b) Klebsiella species
 High level of resistance is seen in Klebsiella spp. isolated from blood: 86% resistance is
 observed to cefotaxime, 74% to cefepime and alarmingly high resistance to imipenem (49%).
 (Table 7) Broth microdilution susceptibility testing to colistin has been reported for only 2,078
 Klebsiella isolates and the data shows high level resistance to colistin in blood isolates (3.5%)
 and in urine isolates (3%).

 Table 7: Resistance profile of Klebsiella species
Antibiotic Blood+Urine+PA+OSBF PA+OSBF (N=4,957) Blood (N=4,117) Urine (N=7,056)
tested (N=16,130)

 Number Number %R Number Number %R Number Number %R Number Number %R
 tested Resistant tested Resistant tested Resistant tested Resistant

Piperacillin/ 12,013 6,151 51 4,199 2,330 56 3,494 2,236 64 4,320 1,607 37
Tazobactam

Cefotaxime 12,178 9,560 79 3,859 3,076 80 2,810 2,428 86 5,509 4,032 73

Cefepime 10,973 7,495 68 3,703 2,588 70 2,785 2,072 74 4,485 2,852 64

Ertapenem 3,529 1,881 53 1,004 494 49 835 572 69 1,690 803 48

Imipenem 13,854 5,930 43 4,386 2,057 47 3,702 1,829 49 5,766 2,035 35

Meropenem 2,746 1,519 55 877 526 60 1,172 739 63 697 257 37

Amikacin 12,336 5,761 47 3,973 2,066 52 3,489 1,936 56 4,874 1,774 36

Ciprofloxacin 13,866 9,886 71 4,164 3,094 74 3,539 2,608 74 6,163 4,179 68",,amr25.pdf | PDF page 32,verified,retrieval_context
NCDC_resistance_2019_NARS-Net_p032_c01,document_chunk,NCDC_resistance_2019_NARS-Net,amr25.pdf,resistance,2019,NARS-Net,32,,,"TMP/SMX 11,614 7,224 62 3,095 2,080 67 2,930 1,849 63 5,589 3,303 59

Colistin 2,119 59 3 438 11 3 736 26 3.5 945 28 3

 Abbreviations: OSBF, Other sterile body fluids; PA, Pus aspirates; Sensitivity of Klebsiella spp. against colistin is tested using broth
 microdilution test method.

 22",,amr25.pdf | PDF page 32,verified,retrieval_context
NCDC_resistance_2019_NARS-Net_p033_c00,document_chunk,NCDC_resistance_2019_NARS-Net,amr25.pdf,resistance,2019,NARS-Net,33,,,"NARS-Net Annual Report, January-December 2019

 74
 Ciprofloxacin 59
 80
 66
 TMP/SMX 52
 66
 79
 Ceftazidime 64
 90
 Antibiotics tested

 82
 Cefotaxime 63
 90
 72
 Cefepime 54
 82
 56
 Ertapenem 34
 81",,amr25.pdf | PDF page 33,verified,retrieval_context
NCDC_resistance_2019_NARS-Net_p033_c01,document_chunk,NCDC_resistance_2019_NARS-Net,amr25.pdf,resistance,2019,NARS-Net,33,,,"46
 Imipenem 25
 60 Inpatient (N=9,948)
 2.8 Outpatient (N=4,090)
 Colistin 2
 ICU (N=2,002)
 4

 0 10 20 30 40 50 60 70 80 90 100
 % Resistance

Fig. 15 Resistance profile of Klebsiella spp. isolated from blood, urine, PA and OSBF from
 different location types in healthcare facilities

 23",,amr25.pdf | PDF page 33,verified,retrieval_context
NCDC_resistance_2019_NARS-Net_p034_c00,document_chunk,NCDC_resistance_2019_NARS-Net,amr25.pdf,resistance,2019,NARS-Net,34,,,"NARS-Net Annual Report, January-December 2019

 74
 Ciprofloxacin 56
 79
 64
 TMP/SMX 57
 63
 86
 Cefotaxime 72
 91
Antibiotics tested

 78
 Ceftazidime 69
 89
 73
 Cefepime 60
 83
 64
 Ertapenem 14
 80
 47",,amr25.pdf | PDF page 34,verified,retrieval_context
NCDC_resistance_2019_NARS-Net_p034_c01,document_chunk,NCDC_resistance_2019_NARS-Net,amr25.pdf,resistance,2019,NARS-Net,34,,,"Imipenem 36 Inpatient (N=2,474)
 57
 Outpatient (N=355)
 3
 Colistin 0 ICU (N=1,309)
 5

 0 10 20 30 40 50 60 70 80 90 100

 % Resistance

 Fig. 16 Resistance profile of Klebsiella spp. isolated from blood specimens from different
 location types in healthcare facilities

 c) Comparison of susceptibility of E. coli and Klebsiella species
 Among the gram-negative lactose fermenting isolates from blood, Klebsiella spp. shows
 higher resistance to all the antibiotics than E. coli except for ciprofloxacin (Fig. 18). While E.
 coli from urine has higher resistance to most of the antibiotics as compared to Klebsiella spp.
 except for ampicillin, carbapenems and colistin (Fig. 17). Klebsiella spp. from both urine and
 blood specimens are observed to have higher resistance to carbapenems than E. coli isolates.
 E. coli isolates from urine show higher level of resistance to 2nd and 3rd generation
 cephalosporins than Klebsiella spp. isolates from urine (Fig. 17).

 24",,amr25.pdf | PDF page 34,verified,retrieval_context
NCDC_resistance_2019_NARS-Net_p035_c00,document_chunk,NCDC_resistance_2019_NARS-Net,amr25.pdf,resistance,2019,NARS-Net,35,,,"NARS-Net Annual Report, January-December 2019

 86
 Ampicillin
 90

 64
 TMP/SMX
 59

 72
 Ciprofloxacin
 58

 77
 Antibiotics tested

 Cefotaxime
 73

 70
 Ceftazidime
 69

 66
 Cefepime
 34

 38
 Ertapenem
 47

 32
 Imipenem
 35 E.coli (N=18,350)
 0.3
 Colistin Klebsiella spp. (N=7,056)",,amr25.pdf | PDF page 35,verified,retrieval_context
NCDC_resistance_2019_NARS-Net_p035_c01,document_chunk,NCDC_resistance_2019_NARS-Net,amr25.pdf,resistance,2019,NARS-Net,35,,,"2

 0 10 20 30 40 50 60 70 80 90 100
 % Resistance

Fig. 17 Resistance profile of E. coli and Klebsiella spp. isolated from urine specimens

 25",,amr25.pdf | PDF page 35,verified,retrieval_context
NCDC_resistance_2019_NARS-Net_p036_c00,document_chunk,NCDC_resistance_2019_NARS-Net,amr25.pdf,resistance,2019,NARS-Net,36,,,"NARS-Net Annual Report, January-December 2019

 86
 Ampicillin
 91

 58
 TMP/SMX
 63

 60
 Ciprofloxacin
 56

 63
 Antibiotics tested

 Cefepime
 74

 82
 Cefotaxime
 86

 75
 Ceftazidime
 80

 46
 Ertapenem
 68

 33
 Imipenem
 49
 E.coli (N=1,602)
 0.3",,amr25.pdf | PDF page 36,verified,retrieval_context
NCDC_resistance_2019_NARS-Net_p036_c01,document_chunk,NCDC_resistance_2019_NARS-Net,amr25.pdf,resistance,2019,NARS-Net,36,,,"Colistin Klebsiella spp. (N=4,117)
 2.6

 0 10 20 30 40 50 60 70 80 90 100
 % Resistance

Fig. 18 Resistance profile of E. coli and Klebsiella spp. obtained from blood specimens

The most common pathogen in ICU setting is Klebsiella spp. whereas E. coli is most commonly
isolated in inpatients (Table 3). Except for carbapenems, more than 50% resistance to all the
tested antibiotics is observed in E. coli isolated from blood of patients from ICU and inpatients
(Fig. 13). Higher levels of resistance to all the tested antibiotics is observed in Klebsiella spp.
isolated from blood of ICU patients (Fig. 16). Klebsiella spp. isolated from blood of ICU patients
show 5% resistance to colistin which is of major concern as colistin is the last resort drug for
treatment of infections caused by gram negative bacilli (Fig. 16).

 26",,amr25.pdf | PDF page 36,verified,retrieval_context
NCDC_resistance_2019_NARS-Net_p037_c00,document_chunk,NCDC_resistance_2019_NARS-Net,amr25.pdf,resistance,2019,NARS-Net,37,,,"NARS-Net Annual Report, January-December 2019

d) Salmonella enterica serotypes Typhi and Paratyphi

Salmonella enterica serotype Typhi isolated from blood show 36% resistance to ciprofloxacin
and 0.7% resistance to ceftriaxone. Resistance to azithromycin in Salmonella Typhi isolates is
3.3%, which is lower than that from previous year (8%). (Table 8) Only one isolate of
Salmonella Typhi has been reported from stool specimen hence is not included in the
analysis.

Table 8 Resistance profile of Salmonella enterica serotypes Typhi and Paratyphi isolated from
 blood specimens

 Antibiotic tested S.Typhi (N=389) S. Paratyphi (N=18)

 Number Number %R Number Number
 tested Resistant tested Resistant
 Ampicillin 320 60 19 14 1
 Ciprofloxacin 364 131 36 17 3
 Trimethoprim/Sulfamethoxazole 340 25 7 11 0
 Chloramphenicol 253 13 5 8 0
 Ceftriaxone 301 2 0.7 12 2
 Cefepime 238 5 2 2 0

 Imipenem 282 0 0 6 0
 Azithromycin # 305 10 3

 # AST for Azithromycin was performed only on isolates of S. Typhi

2. Non-Fermenting Gram-Negative Bacilli

Among non-fermenting gram-negative bacilli (NFGNB), the two most prevalent bacteria are
included in the priority pathogen list of NARS-Net i.e. Pseudomonas spp. and Acinetobacter
spp. These account for 24% (13,892) of Gram negative bacilli included in this annual AMR",,amr25.pdf | PDF page 37,verified,retrieval_context
NCDC_resistance_2019_NARS-Net_p037_c01,document_chunk,NCDC_resistance_2019_NARS-Net,amr25.pdf,resistance,2019,NARS-Net,37,,,"Surveillance report. The data of 13,892 isolates of NFGNB is from 13,035 unique patients.
Pseudomonas spp. is most frequently isolated from PA and OSBF (49%) whereas
Acinetobacter spp. is isolated mainly from blood specimens (46%).

 a) Pseudomonas species
Pseudomonas spp. show least resistance to piperacillin-tazobactam (31%) followed by
imipenem (38%), aminoglycosides (amikacin: 45%; gentamicin: 49%), ceftazidime (53%) and
ciprofloxacin (54%). (Tables 9) Not surprisingly, the isolates from ICU show higher resistance
as compared to isolates from non-ICU settings (Fig. 19). Isolates of Pseudomonas spp. from
 27",,amr25.pdf | PDF page 37,verified,retrieval_context
NCDC_resistance_2019_NARS-Net_p038_c00,document_chunk,NCDC_resistance_2019_NARS-Net,amr25.pdf,resistance,2019,NARS-Net,38,,,"NARS-Net Annual Report, January-December 2019
 PA and OSBF show higher resistance to colistin (8%) than isolates from blood (4%) and urine
 (3%) (Table 9). Pseudomonas spp. isolated from ICU patients show high levels of resistance
 to carbapenems (imipenem: 50% and meropenem: 46%). Notably, Pseudomonas spp. isolated
 from both ICU and inpatients show >40% resistance to all the tested antibiotics except for
 piperacillin-tazobactam and Colistin. (Fig. 19)

 Table 9: Resistance profile observed in Pseudomonas species
Antibiotic Blood+Urine+PA+OSBF PA+OSBF (N=3,565) Blood (N=1,129) Urine (N=2,624)
tested (N=7,318)

 Number Number %R Number Number %R Number Number %R Number Number %R
 tested Resistant tested Resistant tested Resistant tested Resistant

Piperacillin/ 6,515 2,007 31 3,098 991 32 1,000 228 23 2,417 766 32
Tazobactam

Ceftazidime 6,306 3,336 53 3,137 1,703 54 894 426 48 2,275 1,226 54

Cefepime 3,387 1,822 54 1,835 1,017 55 565 234 41 987 576 58

Imipenem 6,551 2,502 38 3,199 1,219 38 1,033 312 30 2,319 983 42

Amikacin 6,434 2,870 45 3,052 1,398 46 997 340 34 2,385 1,126 47

Gentamicin 4,952 2,422 49 2,388 1,218 51 820 307 37 1,744 909 52

Ciprofloxacin 6,537 3,517 54 3,140 1,529 49 1,006 321 32 2,391 1,427 60",,amr25.pdf | PDF page 38,verified,retrieval_context
NCDC_resistance_2019_NARS-Net_p038_c01,document_chunk,NCDC_resistance_2019_NARS-Net,amr25.pdf,resistance,2019,NARS-Net,38,,,"Colistin 982 51 5 285 24 8 218 8 3.7 479 15 3.1

 Abbreviations: OSBF, Other sterile body fluids; PA, Pus aspirates; Sensitivity of Pseudomonas spp. against colistin is tested using broth
 microdilution test method.

 28",,amr25.pdf | PDF page 38,verified,retrieval_context
NCDC_resistance_2019_NARS-Net_p039_c00,document_chunk,NCDC_resistance_2019_NARS-Net,amr25.pdf,resistance,2019,NARS-Net,39,,,"NARS-Net Annual Report, January-December 2019

 47
 Amikacin 39
 51
 51
 Gentamicin 45
 54
 55
 Ciprofloxacin 49
 61
 35
Piperacillin/Tazobactam 22
 36
 Antibiotics tested

 57
 Ceftazidime 44
 60
 56
 Cefepime 49
 50
 44
 Meropenem 41
 46
 41 Inpatient (N=4,485)
 Imipenem 31",,amr25.pdf | PDF page 39,verified,retrieval_context
NCDC_resistance_2019_NARS-Net_p039_c01,document_chunk,NCDC_resistance_2019_NARS-Net,amr25.pdf,resistance,2019,NARS-Net,39,,,"Outpatient (N=2,202)
 49
 5.6 ICU (N=633)
 Colistin 5.4
 3.6

 0 10 20 30 40 50 60 70 80 90 100
 % Resistance

 Fig. 19 Resistance profile of Pseudomonas species isolated from blood, urine, PA and
 OSBF from different location types in healthcare facilities

 29",,amr25.pdf | PDF page 39,verified,retrieval_context
NCDC_resistance_2019_NARS-Net_p040_c00,document_chunk,NCDC_resistance_2019_NARS-Net,amr25.pdf,resistance,2019,NARS-Net,40,,,"NARS-Net Annual Report, January-December 2019

 b) Acinetobacter spp.

 Acinetobacter species reported under the NARS-Net show markedly high resistance to all the
 tested antibiotics in isolates from ICU and inpatients than isolates for the outpatients. (Fig. 20)

 Acinetobacter spp. show >50% resistance to almost all the antibiotics tested except for
 minocycline (29%). (Table 10) However, 27% resistance to minocycline in Acinetobacter spp.
 isolates from ICU patients is of concern. (Fig. 20)

 Table 10 Resistance profile observed in Acinetobacter species
 Antibiotic Blood+Urine+PA+OSBF PA+OSBF (N=1,953) Blood (N=2,649) Urine (N=1,115)
 tested (N=5,717)

 Number Number %R Number Number %R Number Number %R Number Number %R
 tested Resistant tested Resistant tested Resistant tested Resistant

Piperacillin/ 4,898 2,958 60 1,692 1,205 71 2,325 1,323 57 881 441 50
Tazobactam
Ceftazidime 4,150 3,216 78 1,576 1,295 82 1,873 1,450 77 701 470 67

Cefepime 2,541 1,733 68 1,041 813 78 1,160 733 63 340 195 57

Imipenem 4,868 2,853 59 1,718 1,141 66 2,287 1,310 57 863 409 47

Amikacin 4,862 2,922 60 1,705 1,187 70 2,273 1,337 59 884 405 46

Gentamicin 3,450 1,891 55 1,110 700 63 1,664 864 52 676 329 49

Ciprofloxacin 5,033 3,251 65 1,695 1,251 74 2,343 1,411 60 995 598 60",,amr25.pdf | PDF page 40,verified,retrieval_context
NCDC_resistance_2019_NARS-Net_p040_c01,document_chunk,NCDC_resistance_2019_NARS-Net,amr25.pdf,resistance,2019,NARS-Net,40,,,"TMP/SMX 3,377 1,884 56 1,040 669 64 1,593 849 53 744 370 50

Colistin 1,134 62 5.5 296 22 7 610 31 5 228 9 4

Minocycline 1,955 469 24 577 158 27 998 181 18 380 131 34.5

Abbreviations: OSBF, Other sterile body fluids; PA, Pus aspirates; Sensitivity of Acinetobacter spp. against colistin is tested
using broth microdilution test method.

 30",,amr25.pdf | PDF page 40,verified,retrieval_context
NCDC_resistance_2019_NARS-Net_p041_c00,document_chunk,NCDC_resistance_2019_NARS-Net,amr25.pdf,resistance,2019,NARS-Net,41,,,"NARS-Net Annual Report, January-December 2019

 61
 Amikacin 39
 72
 56
 Gentamicin 43
 63
 64
 Ciprofloxacin 50
 75
 61
 Piperacillin/Tazobact
 40
 am
 72
 Antibiotics tested

 79
 Ceftazidime 58
 86
 69
 Cefepime 53
 77",,amr25.pdf | PDF page 41,verified,retrieval_context
NCDC_resistance_2019_NARS-Net_p041_c01,document_chunk,NCDC_resistance_2019_NARS-Net,amr25.pdf,resistance,2019,NARS-Net,41,,,"59
 Imipenem 34
 73
 22
 Minocycline 27
 Inpatient (N=3,530)
 27
 7.3 Outpatient (N=869)
 Colistin 5.4
 ICU (N=1,288)
 2.8

 0 10 20 30 40 50 60 70 80 90 100

 % Resistance

Fig. 20 Resistance profile of Acinetobacter spp. isolated from blood, urine, PA and OSBF
 from different location types in healthcare facilities

 31",,amr25.pdf | PDF page 41,verified,retrieval_context
NCDC_resistance_2019_NARS-Net_p042_c00,document_chunk,NCDC_resistance_2019_NARS-Net,amr25.pdf,resistance,2019,NARS-Net,42,,,"NARS-Net Annual Report, January-December 2019

VII. Discussion
 The NARS-Net is collating National AMR surveillance data and sharing resistance profile of
 commonly used antibiotics to stakeholders at the National and state level. This data is also submitted
 at the global level to WHO-GLASS. Various efforts are being made to strengthen quality of lab
 testing so as to generate good quality data, namely external quality assessment, development of
 internal quality control and data management SOPs, provision of trainings, regular feedback on data
 quality etc. However, certain limitations which could affect this data are absence of strict SOP
 compliance by some sites regarding rigorous quality checks for antibiotic discs, e.g. imipenem discs
 deteriorate frequently and if IQC is not rigorous, may give rise to falsely high resistance rates. In the
 year 2020, a capacity-building program has been initiated to standardize bacteriology laboratory
 practices across the network.
 Gram-negative isolates have been tested for colistin resistance using BMD test only by few centers;
 hence, data included in this report is of limited number of isolates. Data for vancomycin resistant S.
 aureus could not be included in this report as no site reported BMD testing data. Emergence of last
 resort drugs namely linezolid resistance to S. aureus and Enterococcus spp. and colistin resistance to
 gram-negative bacteria is of major concern and mandates strengthening local antimicrobial
 stewardship practices in the country.

 32",,amr25.pdf | PDF page 42,verified,retrieval_context
NCDC_resistance_2019_NARS-Net_p043_c00,document_chunk,NCDC_resistance_2019_NARS-Net,amr25.pdf,resistance,2019,NARS-Net,43,,,"NARS-Net Annual Report, January-December 2019

VIII. Annexure: Medical College Laboratories under NARS-Net
National Programme on AMR Containment currently includes 29 AMR sentinel surveillance laboratories
under NARS- Net (as on August 2020) which includes nine newly inducted sentinel sites (21-29).
Laboratories 1-21 reported data during 01 January 2019 to 31 December 2019.

 1. BJ Medical College, Ahmedabad, Gujarat
 2. BJ Medical College, Pune, Maharashtra
 3. Government Medical College & Hospital, Chandigarh (UT)
 4. GSVM Medical College, Kanpur, Uttar Pradesh
 5. Lady Harding Medical College and associated hospitals, New Delhi
 6. Mysore Medical College and Research Institute, Mysore, Karnataka
 7. SMS Medical College, Jaipur, Rajasthan
 8. VMMC and associated Safdarjung Hospital, New Delhi
 9. Government Medical College, Thiruvananthapuram, Kerala
 10. KAPV Govt. Medical College Hospital, Thiruchirapally, Tamil Nadu
 11. Gauhati Medical College Hospital, Guwahati, Assam
 12. NEIGRIHMS, Shillong, Meghalaya
 13. MGM Medical College, Indore, Madhya Pradesh
 14. Indira Gandhi Medical College, Shimla, Himachal Pradesh
 15. Government Medical College, Aurangabad, Maharashtra
 16. Osmania Medical College, Hyderabad, Telangana
 17. Guntur Medical College, Guntur, Andhra Pradesh
 18. Agartala Govt. Medical College, Agartala, Tripura
 19. SCB Medical College, Cuttack, Odisha
 20. Government Medical College & Hospital, Jammu, Jammu & Kashmir
 21. Pt. BDS Post Graduate Institute of Medical Sciences, Rohtak, Haryana
 22. Rajendra Institute of Medical Sciences, Ranchi, Jharkhand
 23. Indira Gandhi Institute of Medical Science, Patna, Bihar
 24. Govt. Medical College, Haldwani, Uttarakhand
 25. Pt. Jawahar Lal Nehru Medical College, Raipur, Chhattisgarh
 26. Gandhi Medical College, Bhopal, Madhya Pradesh
 27. Calcutta School of Tropical Medicine, Kolkata, West Bengal
 28. GMERS Medical College and Hospital, Valsad, Gujarat",,amr25.pdf | PDF page 43,verified,retrieval_context
NCDC_resistance_2019_NARS-Net_p043_c01,document_chunk,NCDC_resistance_2019_NARS-Net,amr25.pdf,resistance,2019,NARS-Net,43,,,"29. Lala Lajpat Rai Memorial Medical College, Meerut, Uttar Pradesh

 33",,amr25.pdf | PDF page 43,verified,retrieval_context
NCDC_resistance_2020_NARS-Net_p001_c00,document_chunk,NCDC_resistance_2020_NARS-Net,amr26.pdf,resistance,2020,NARS-Net,1,,,"National Antimicrobial Resistance
 Surveillance Network
 (NARS-Net India)
 Annual Report-2021
 Reporting Period- January to December 2020

 National Programme on AMR Containment
 National Centre for Diseases Control
Directorate General of Health Services, Ministry of Health and Family Welfare
 Government of India",,amr26.pdf | PDF page 1,verified,retrieval_context
NCDC_resistance_2020_NARS-Net_p003_c00,document_chunk,NCDC_resistance_2020_NARS-Net,amr26.pdf,resistance,2020,NARS-Net,3,,,"National Antimicrobial Resistance
Surveillance Network (NARS-Net India)
 Annual Report
 1st January to 31st December 2020",,amr26.pdf | PDF page 3,verified,retrieval_context
NCDC_resistance_2020_NARS-Net_p005_c00,document_chunk,NCDC_resistance_2020_NARS-Net,amr26.pdf,resistance,2020,NARS-Net,5,,,"Contents

 Acronyms 3

List of Tables 4

List of Figures 5

 1. Executive Summary 7

2. National Antimicrobial Resistance Surveillance Network (NARS-Net) 8

 3. Data Collection 11

 4. Data Analysis 12

 a. Data de-duplication

 b. Priority pathogens under surveillance in NARS-Net

5. AMR profile of priority pathogens 21

 a. Gram-Positive Cocci

 b. Gram-Negative Bacilli

 i. Enterobacteriaceae

 ii. Non-fermenting gram-negative bacilli

 6. Discussion 41

 1",,amr26.pdf | PDF page 5,verified,retrieval_context
NCDC_resistance_2020_NARS-Net_p006_c00,document_chunk,NCDC_resistance_2020_NARS-Net,amr26.pdf,resistance,2020,NARS-Net,6,,,2,,amr26.pdf | PDF page 6,verified,retrieval_context
NCDC_resistance_2020_NARS-Net_p007_c00,document_chunk,NCDC_resistance_2020_NARS-Net,amr26.pdf,resistance,2020,NARS-Net,7,,,"Acronyms
AMR Antimicrobial Resistance

AST Antimicrobial Susceptibility Testing

BMD Broth Microdilution

CLSI Clinical & Laboratory Standards Institute

CSV Comma delimited

EQAS External Quality Assessment Scheme

GLASS Global Antimicrobial Resistance and use Surveillance System

IPD In-patient

ICU Intensive Care Unit

ID Identification

IQC Internal Quality Control

LIMS Laboratory Information Management System

MRSA Methicillin-Resistant S. aureus

NARS-Net National AMR Surveillance Network

NFGNB Non-fermenting Gram-negative bacilli

NCDC National Centre for Disease Control

NRL National Reference Laboratory

OPD Outpatient

OSBF Other Sterile Body Fluids

PA Pus aspirate

RIS Resistant Intermediate Sensitive

TMP/SMX Trimethoprim Sulfamethoxazole

SOP Standard Operating Procedure

VBA Virtual Basic Application
VRE Vancomycin Resistant Enterococcus species

WHO World Health Organization

 3",,amr26.pdf | PDF page 7,verified,retrieval_context
NCDC_resistance_2020_NARS-Net_p008_c00,document_chunk,NCDC_resistance_2020_NARS-Net,amr26.pdf,resistance,2020,NARS-Net,8,,,"List of Tables

Table 1 Clinical specimens and priority pathogens included under AMR surveillance
Table 2 Specimen wise isolation of Priority Pathogens
Table 3 Gender and age-wise distribution of isolates
Table 4 Location-wise distribution of priority pathogens
Table 5 Specimen wise Resistance profile of Staphylococcus aureus
Table 6 Overall resistance profile of Staphylococcus aureus isolates to different antimicrobials
Table 7 Specimen wise resistance profile of Enterococcus species
Table 8 Specimen wise resistance profile of E. coli
Table 9 Specimen wise resistance profile of Klebsiella species
Table 10 Resistance profile of Salmonella enterica serotype Typhi and Paratyphi isolated from
 blood specimens
Table 11 Specimen wise resistance profile of Pseudomonas species
Table 12 Specimen wise resistance profile observed in Acinetobacter species

 4",,amr26.pdf | PDF page 8,verified,retrieval_context
NCDC_resistance_2020_NARS-Net_p009_c00,document_chunk,NCDC_resistance_2020_NARS-Net,amr26.pdf,resistance,2020,NARS-Net,9,,,"List of Figures

 Figure 1 National AMR Surveillance Network (NARS-Net) Laboratories that have reported
 AMR Surveillance data to NCDC in the year 2020
 Figure 2 Priority bacterial pathogens before and after de-duplication
 Figure 3 Percentage distribution of isolates in AMR Surveillance data for the year 2020
 Figure 4 Distribution of isolates by specimen type
 Figure 4 Distribution of priority pathogen isolates from unique patients
 Figure 5 Specimen wise distribution of different AMR surveillance priority pathogens
 Figure 6 Overall distribution of isolates on the basis of gender
 Figure 7 Location wise distribution of isolates
 Figure 8 Location wise distribution of different priority pathogens
 Figure 9 Trends in Methicillin Resistant Staphylococcus aureus (MRSA) from 2017 to 2020
 Figure 10 Location type wise resistance profile of Staphylococcus aureus isolated from blood
 culture specimens
 Figure 11 Trend of linezolid resistance in Staphylococcus aureus reported under NARS-Net
 from the year 2017 to the year 2020
 Figure 12 Resistance profile of Enterococcus species
 Figure 13 Resistance profile of Enterococcus species isolated from blood and PA & OSBF
 from different location types in healthcare facilities
 Figure 14 Resistance profile of Enterococcus species isolated from urine specimens from
 different location types in healthcare facilities
 Figure 15 Trend of Linezolid resistance in Staphylococcus aureus from 2017 to 2020
 Figure 16 Resistance profile of E. coli
 Figure 17 Resistance profile of E. coli isolates from blood, urine, PA & OSBF from different
 location types in healthcare facilities
 Figure 18 Resistance profile of Klebsiella species
 Figure 19 Resistance profile of Klebsiella species isolated from blood, urine, PA+OSBF from
 different location types in healthcare facilities
 Figure 20a Resistance profile of E. coli and Klebsiella species isolated from urine specimens",,amr26.pdf | PDF page 9,verified,retrieval_context
NCDC_resistance_2020_NARS-Net_p009_c01,document_chunk,NCDC_resistance_2020_NARS-Net,amr26.pdf,resistance,2020,NARS-Net,9,,,"Figure 20b Resistance profile of E. coli and Klebsiella species isolated from blood specimens
 Figure 21 Resistance profile of Pseudomonas species

 5",,amr26.pdf | PDF page 9,verified,retrieval_context
NCDC_resistance_2020_NARS-Net_p010_c00,document_chunk,NCDC_resistance_2020_NARS-Net,amr26.pdf,resistance,2020,NARS-Net,10,,,"Figure 22 Resistance profile of Pseudomonas species isolated from blood, urine, PA+OSBF
 from different location types in healthcare facilities
Figure 23 Resistance profile of Acinetobacter species
Figure 24 Resistance profile of Acinetobacter spp. isolated from blood, urine, PA+OSBF from
 different location types in healthcare facilities
Figure 25 Resistance profile of Acinetobacter species to imipenem and minocycline

 6",,amr26.pdf | PDF page 10,verified,retrieval_context
NCDC_resistance_2020_NARS-Net_p011_c00,document_chunk,NCDC_resistance_2020_NARS-Net,amr26.pdf,resistance,2020,NARS-Net,11,,,"1. Executive Summary
This report of 2021 is the fourth annual report of the National AMR Surveillance Network (NARS-Net
India) published by National Centre for Disease Control (NCDC). This report includes antimicrobial
resistance (AMR) surveillance data of 7 priority pathogens viz. Escherichia coli, Klebsiella species,
Pseudomonas species, Acinetobacter species, Salmonella enterica serotype Typhi and Paratyphi,
Staphylococcus aureus and Enterococcus species received from 29 sentinel surveillance laboratories in
24 states/UTs. Antimicrobial susceptibility data of a total of 57,282 priority pathogens isolated from
clinical samples of 55,688 unique patients has been reported from 1 January 2020- 31 December 2020.
Out of 55,688 isolates, the highest number of isolates 41% are from urine specimens, followed by 34%
from pus aspirate and other sterile body fluids (PA & OSBF), and 25% are from blood specimens.
Analysis of the data revealed Escherichia coli as the most commonly isolated pathogen (31%) in the
AMR Surveillance data of the year 2020, followed by Klebsiella species (21%), Staphylococcus aureus
(17%), Pseudomonas species (11%), Enterococcus species (10%), Acinetobacter species (9%) and
Salmonella enterica serotype Typhi and Paratyphi (0.3%). Escherichia coli is the most common
pathogen isolated among outpatients and inpatients, while Klebsiella species is the commonest pathogen
isolated in ICU patients. Escherichia coli is the predominant isolate from urine samples (51%) and S.
aureus is the most common pathogen isolated from both blood (31%) and PA & OSBF (28%).
The percentage of Methicillin resistant S. aureus (MRSA) isolates is 57% and the percentage resistance
of S. aureus to linezolid is 1%. Linezolid resistance in Enterococcus spp. is observed to be 3%.
The resistance to 3rd and 4th generation cephalosporins among E. coli is 77% & 63%, respectively, similar
to that observed in Klebsiella spp. 79% to 3rd generation and 69% to 4th generation cephalosporins.
Escherichia coli and Klebsiella spp. also show higher rates of resistance to carbapenems. Four per cent",,amr26.pdf | PDF page 11,verified,retrieval_context
NCDC_resistance_2020_NARS-Net_p011_c01,document_chunk,NCDC_resistance_2020_NARS-Net,amr26.pdf,resistance,2020,NARS-Net,11,,,"resistance to colistin is observed in E. coli and Klebsiella spp. isolated and reported by the network
laboratories under NARS-Net during 2020.
Among the anti-pseudomonal drugs, 60% isolates of Pseudomonas spp. in ICU patients are resistant to
ceftazidime whereas Piperacillin/tazobactam resistance is observed in 49% of the isolates. The resistance
to colistin in Pseudomonas spp. isolated from PA+OSBF and urine is 10%. Isolates of Acinetobacter
spp. show more than 50% resistance to almost all the antibiotics tested except for minocycline to which
26% of strains are resistant.
Emergence of linezolid resistance in gram-positive pathogens and colistin resistance in the gram-
negative pathogens is a matter of concern for public health.

 7",,amr26.pdf | PDF page 11,verified,retrieval_context
NCDC_resistance_2020_NARS-Net_p012_c00,document_chunk,NCDC_resistance_2020_NARS-Net,amr26.pdf,resistance,2020,NARS-Net,12,,,"2. National Antimicrobial Resistance
Surveillance Network (NARS-Net)

The Ministry of Health and Family Welfare (MoHFW), Government of India (GoI) launched
the “National Programme on AMR Containment” during the 12th five-year plan (2012-2017), National
Centre for Disease Control, New Delhi being the coordinating agency for the programme. The primary
objective of the programme was to strengthen lab capacity for AMR surveillance in state medical
colleges in a phased manner to generate geographically well represented AMR surveillance data, which
would act as evidence to develop strategies to contain the problem of AMR in the country. Over the
years the objectives have been expanded to include AMR containment activities.

Under the National Programme on AMR Containment, National AMR Surveillance Network (NARS-
Net) has been established which is a network of state medical college laboratories from across the
country for generating AMR surveillance data through a sentinel surveillance system. NARS-Net
currently includes surveillance of AMR in seven key priority pathogens responsible for the highest
antibiotic resistance rates among bacteria that commonly cause human infections. These include
Staphylococcus aureus, Enterococcus species, Escherichia coli, Klebsiella species, Pseudomonas
species, Acinetobacter species, Salmonella enterica serotype Typhi and Paratyphi. MoHFW identified
NCDC in July 2017 as the National coordinating centre for AMR surveillance and since then NARS-
Net has been generating the National AMR Surveillance report annually and has been submitting data
to WHO’s Global Antimicrobial Resistance Surveillance System (GLASS). The annual report for the
AMR surveillance data of 2017, 2018 and 2019 is available on the NCDC website. As of March 2021,
NARS-Net included 30 Government Medical Colleges laboratories across 24 states/ UTs in India. (Fig.
1) Of these 30 sites, AMR surveillance data was received for the period of 1 January 2020 to 31
December 2020 from 29 medical college laboratories located in 24 states.

 8",,amr26.pdf | PDF page 12,verified,retrieval_context
NCDC_resistance_2020_NARS-Net_p013_c00,document_chunk,NCDC_resistance_2020_NARS-Net,amr26.pdf,resistance,2020,NARS-Net,13,,,"Fig. 1 National AMR Surveillance Network (NARS-Net) Laboratories that have reported AMR
 Surveillance data to NCDC in the year 2020 (The above list is of sites included under NARS-Net as
 of March 2021; first 29 sites submitted AMR Surveillance data for the period of January to
 December 2020)

Most of the tertiary care hospitals in India during 2020 were converted to COVID (Corona Virus
Disease) hospitals in 2020 due to the ongoing pandemic. This resulted in interruption of bacteriology
laboratory functioning during the COVID-19 surge as the hospitals were overwhelmed with COVID-19
patients and laboratories focusing on SARS-CoV-2 diagnostics. Hence a comparison of antimicrobial
resistance rates of 2020 with the previous years (2017, 2018, 2019) need to be interpreted with caution.

 9",,amr26.pdf | PDF page 13,verified,retrieval_context
NCDC_resistance_2020_NARS-Net_p014_c00,document_chunk,NCDC_resistance_2020_NARS-Net,amr26.pdf,resistance,2020,NARS-Net,14,,,"Under NARS-Net National Reference laboratory for bacterial pathogens has been established at NCDC.
All network sites are mandated to submit to the NRL defined number of strains every quarter under the
External Quality Assessment Scheme (EQAS). In addition, the sites also submit AMR alerts among
priority pathogens with the duly filled form for confirmation to the NRL at NCDC. Feedback on EQAS
and confirmation of alert strains is provided to the network labs. The sentinel surveillance laboratories
under NARS-Net follow a standardised approach for AMR data collection, analysis, and reporting of
AMR surveillance data using WHONET an open source microbiology data management software.
Trainings are provided on AMR data management using the WHONET software and wet lab trainings
on microbroth dilution (MBD) antimicrobial susceptibility testing for colistin and vancomycin. Online
capacity building sessions were also held during 2020 for standardisation of techniques for clinical
specimen collection, bacterial culture, identification of pathogens & their antimicrobial susceptibility
testing (AST), including frequent trouble shooting sessions for WHONET data management. Onsite
support visits are also conducted for streamlining AMR surveillance data management and assess the
training needs. Feedback for the data submitted every quarter is provided using a standardised feedback
tool to improve the completeness and quality of AMR data. Under NARS-Net Standard operating
procedures and guidance documents have been developed for strengthening the network sites on routine
AST techniques and improving internal quality control for AST testing in laboratories. These SoPs are
reviewed on a regular basis.

 10",,amr26.pdf | PDF page 14,verified,retrieval_context
NCDC_resistance_2020_NARS-Net_p015_c00,document_chunk,NCDC_resistance_2020_NARS-Net,amr26.pdf,resistance,2020,NARS-Net,15,,,"3. Data Collection
This report includes AMR surveillance data from 29 network laboratories from 1 January 2020 to 31
December 2020 and includes data of 57,282 culture-positive clinical samples received at the sentinel
surveillance sites during the year 2020 which were processed using conventional/automated culture and
identification techniques and AST was done using disk diffusion/ broth microdilution/automated
systems. This data was collected using the WHONET software, an open-source-offline microbiology
data entry and analysis application database. NCDC provided training to all the NARS-Net laboratories
to enter data into WHONET and backlink data from automated ID & AST systems/Laboratory
Information Management Systems.

All sentinel sites submitted data quarterly after validation by the AMR nodal officers of the respective
sites. As per programme guidelines, the data is to be submitted by the network sites within 15 days
after each quarter:

 • Data from 1 January to 31 March of the current year sent by 15 April
 • Data from 1 April to 30 June of the current year sent by 15 July
 • Data from 1 July to 30 September of the current year sent by 15 October
 • Data from 1 October to 31 December of the previous year sent by 15 January

Quarterly data was analysed at NCDC and feedback was provided. Also requested to re-submit the
revised data if required. Under examination, the completeness of demographical/clinical data and the
antibiotic susceptibility profile are checked. AST profile lists each organism and its AST result in
numbers and percentage (%) RIS (Resistance, Intermediate, susceptible) to each antibiotic.

 11",,amr26.pdf | PDF page 15,verified,retrieval_context
NCDC_resistance_2020_NARS-Net_p016_c00,document_chunk,NCDC_resistance_2020_NARS-Net,amr26.pdf,resistance,2020,NARS-Net,16,,,"4. Data Analysis
 a. Data deduplication
Data de-duplication was done using the WHONET software to exclude duplicate findings for the same
patient where several specimen cultures were collected during patient management so as to include one
isolate per specimen per patient. Before starting the de-duplication process, variables containing
information about the patient, location, specimen type, pathogen isolated for completeness of records
was reviewed. Only the first ID, and AST result of unique patient isolate has been included in this
report.

There might be occasions during the in-hospital stay that the same patient had repeated identifications
of the same pathogens from repeat sample collection on different dates with different AST profiles.
For example, if two blood cultures from the same patient yielded growth of E. coli, only the first AST
profile was included in the report; if E. coli was detected in one culture and K. pneumoniae in the other,
both results have been included. Both specimen data are included if E. coli is isolated from one blood
culture and one urinary culture from the same patient.

 b. Priority Pathogens under surveillance in NARS- Net
The AMR data collected under the NARS-Net for the year 2020 is from 29 tertiary health care
facilities (medical colleges) in 24 states; following are the seven priority pathogens and five clinical
samples included under AMR surveillance (Table 1).

Table 1. Clinical specimens and priority pathogens included under AMR surveillance

Specimen S. Enterococcus Klebsiella E. coli Acinetobacter Pseudomonas Salmonella
 aureus spp. spp. spp. spp. Typhi/
 Paratyphi
Blood • • • • • • •
Urine X • • • • • X
Pus Aspirates • • • • • • X
Other Sterile",,amr26.pdf | PDF page 16,verified,retrieval_context
NCDC_resistance_2020_NARS-Net_p016_c01,document_chunk,NCDC_resistance_2020_NARS-Net,amr26.pdf,resistance,2020,NARS-Net,16,,,"Body fluids • • • • • • X
Stool X X X X X X •
X- specimen not collected for this pathogen

AMR surveillance data of 57,282 isolates submitted under NARS-Net was de-duplicated & analysed.
After de-duplication, number of isolates from unique patients was 55,688. This is represented in
following Fig. 2.
 12",,amr26.pdf | PDF page 16,verified,retrieval_context
NCDC_resistance_2020_NARS-Net_p017_c00,document_chunk,NCDC_resistance_2020_NARS-Net,amr26.pdf,resistance,2020,NARS-Net,17,,,"170
 Salmonella Typhi and Paratyphi
 170
 After de-duplication
 4959
 Acinetobacter spp. Before de-duplication
 5051

 5832
 Enterococcus spp
 Priority Pathogens

 5913

 6220
 Pseudomonas spp.
 6515

 9639
 S. aureus
 9816

 11597
 Klebsiella spp.
 12029

 17271
 Escherichia coli
 17788

 0 5000 10000 15000 20000
 Number of isolates

Fig. 2 Priority bacterial pathogens before and after de-duplication

Total number of isolates from unique patients (after de-duplication) = 55,688

• Urine - 23,122 (41%)
• Pus Aspirates (PA) and Other Sterile body fluids (OSBF) – 19,044 (34%)
• Blood - 13,793 (25%)
• Stool – 1

Escherichia coli is the predominant isolate in the AMR Surveillance data for the year 2020 (31%)",,amr26.pdf | PDF page 17,verified,retrieval_context
NCDC_resistance_2020_NARS-Net_p017_c01,document_chunk,NCDC_resistance_2020_NARS-Net,amr26.pdf,resistance,2020,NARS-Net,17,,,"followed by Klebsiella spp. (21%), S. aureus (17%), Pseudomonas spp. and Enterococcus spp.
(11% each), Acinetobacter spp. (9%) and Salmonella Typhi & Paratyphi (170 isolates) (Fig. 3)

 13",,amr26.pdf | PDF page 17,verified,retrieval_context
NCDC_resistance_2020_NARS-Net_p018_c00,document_chunk,NCDC_resistance_2020_NARS-Net,amr26.pdf,resistance,2020,NARS-Net,18,,,"11%

 31% Escherichia coli
 17% Klebsiella spp.
 Pseudomonas spp.
 Acinetobacter spp.
 S. aureus
 9%
 Enterococcus spp

 11% 21%

 Fig. 3 Percentage distribution of isolates in AMR Surveillance data for the year 2020

Pathogens included in this report are predominantly isolated from urine specimens, followed by pus &
other sterile body fluids and blood cultures (Fig. 4).

Escherichia coli (51%) is the most commonly isolated pathogen from urine, followed by Klebsiella spp.
20%, Enterococcus spp. 16%, Pseudomonas spp. 9% and Acinetobacter spp. 4% (Fig. 5).

The most commonly isolated pathogen from blood cultures is S. aureus 31% followed by Klebsiella spp.
23%, Acinetobacter spp. 16%, Enterococcus spp. 11%, E. coli 10%, Pseudomonas spp. 8%, Salmonella
serovar Typhi and Paratyphi 0.3% (Fig. 5). All Salmonella enterica serovar Typhi and Paratyphi are
isolated from blood except one isolate reported from stool sample (Table 2).

The most frequently reported pathogen from pus & other sterile body fluids is S. aureus 28%, followed
by E. coli 22%, Klebsiella spp. 20%, Pseudomonas spp. 16%, Acinetobacter spp. 9% and Enterococcus
spp. 4% (Table 2).

 14",,amr26.pdf | PDF page 18,verified,retrieval_context
NCDC_resistance_2020_NARS-Net_p019_c00,document_chunk,NCDC_resistance_2020_NARS-Net,amr26.pdf,resistance,2020,NARS-Net,19,,,"Urine
 25%; 41%,
 13,793 PA + OSBF
 23,122
 Blood

 34%,
 19,044

 Fig. 4 Distribution of isolates by specimen type

 Table 2 Specimen wise isolation of Priority Pathogens

 Pus aspirate
Priority Pathogen Blood (%) Urine (%) and OSBF (%) Stool
Escherichia Coli 1,314 (10) 11,820 (51) 4,233 (22)
Klebsiella spp. 3,215 (23) 4,717 (20) 3,741 (20)
Salmonella Typhi and
 1
Paratyphi 169 (0.3)
Pseudomonas spp. 1,141 (8) 1,999 (9) 3,101 (16)
Acinetobacter spp. 2,228 (16) 9,73 (4) 1,774 (9)
S. aureus 4,281 (31) 5,388 (28)
Enterococcus spp 1,445 (11) 3,613 (16) 807 (4)
Total 13,793 23,122 19,044 1

 15",,amr26.pdf | PDF page 19,verified,retrieval_context
NCDC_resistance_2020_NARS-Net_p020_c00,document_chunk,NCDC_resistance_2020_NARS-Net,amr26.pdf,resistance,2020,NARS-Net,20,,,"3613
 Urine 973
 1999
 4717
 11820
 Speciment type

 169
 4281
 1445
 Salmonella Typhi and Paratyphi
 Blood 2228
 1141 S. aureus
 3215 Enterococcus spp
 1314 Acinetobacter spp.
 Pseudomonas spp.
 Klebsiella spp.
 5388 Escherichia coli
 807
 Pus apirate and OSBF 1774
 3101
 3741
 4233

 0 4000 8000 12000

 Number of isolates

Fig. 5 Specimen wise distribution of AMR surveillance Priority Pathogens

Number of isolates included in this report are more from male patients 55% (30,388) compared to
female patients 45% (25,132) (Fig. 6). Out of total 55,688 unique patients, for 168 patients’ gender",,amr26.pdf | PDF page 20,verified,retrieval_context
NCDC_resistance_2020_NARS-Net_p020_c01,document_chunk,NCDC_resistance_2020_NARS-Net,amr26.pdf,resistance,2020,NARS-Net,20,,,"and age both were not stated in the data submitted. Among males, highest number of isolates are
from patients in 0-9 years age group (6,542) however in females highest number of isolates are from
patients in 20-29 years age group (5,842) (Table 3).

 16",,amr26.pdf | PDF page 20,verified,retrieval_context
NCDC_resistance_2020_NARS-Net_p021_c00,document_chunk,NCDC_resistance_2020_NARS-Net,amr26.pdf,resistance,2020,NARS-Net,21,,,"25,132;
 45% 30,388;
 55%

 Male
 Female

 Fig. 6 Overall distribution of isolates on the basis of gender

Table 3 Gender and age-wise distribution of isolates

 Age (In years) Male Female
 0 to 9 6,435 4,536
 10 to 19 2,351 1,909
 20 to 29 3,462 5,842
 30 to 39 3,828 3,562
 40 to 49 3,850 2,494
 50 to 59 3,627 2,366
 60 & above 5,229 3,062
 Unknown 1,606 1,361
 Total 30,388 25,132

In the year 2020, the highest number of isolates are from IPD 34,125 (63%), followed by OPD
12,373 (23%), followed by ICU 7,558 (14%) (Fig. 7).

 17",,amr26.pdf | PDF page 21,verified,retrieval_context
NCDC_resistance_2020_NARS-Net_p022_c00,document_chunk,NCDC_resistance_2020_NARS-Net,amr26.pdf,resistance,2020,NARS-Net,22,,,"IN
 14%; 7558
 OUT
 ICU
 23%;
 12373

 63%; 34125

 Fig. 7 Location-wise distribution of isolates

 Table 4. Location-wise distribution of Priority Pathogens

 Priority Pathogens ICU (%) IPD (%) OPD (%)
 Escherichia Coli 1,453 (19) 9,763 (29) 5,110 (41.3)
 Klebsiella spp. 1,941 (25.8) 7,077 (21) 2,368 (19)
 Salmonella Typhi and Paratyphi 15 (0.2) 106 (0.3) 46 (0.4)
 Pseudomonas spp. 680 (9) 3,974 (11.7) 1,422 (11.5)
 Acinetobacter spp. 1,311 (17) 3,042 (9) 520 (4.2)
 S. aureus 1,233 (16) 6,596 (19) 1,678 (13.6)
 Enterococcus spp 925 (12) 3,567 (10) 1,229 (10)
 Total (55,688) 7,558 (14) 34,125 (63) 12,373 (23)

Among IPD patients, highest number of isolates are of E coli 29% followed by Klebsiella spp. 21%, S.
aureus 19%, Pseudomonas spp. 11.7%, Enterococcus spp. 10%, Acinetobacter spp. 9% and Salmonella
Typhi and Paratyphi 0.3% (Table 4)

Predominantly isolated pathogen from OPD patients is E. coli 41.3%, followed by Klebsiella spp. 19%,
S. aureus 13.6 %, Pseudomonas spp. 11.5%, Enterococcus spp. 10%, Acinetobacter spp. 4.2% and
Salmonella Typhi and Paratyphi 0.4% (Table 4; Fig. 8).

 18",,amr26.pdf | PDF page 22,verified,retrieval_context
NCDC_resistance_2020_NARS-Net_p023_c00,document_chunk,NCDC_resistance_2020_NARS-Net,amr26.pdf,resistance,2020,NARS-Net,23,,,"Highest number of isolates from ICU patients are of Klebsiella spp. 25.8%, followed by E. coli 19%,
Acinetobacter spp. 17%, S. aureus 16%, Enterococcus spp. 12%, Pseudomonas spp. 9% and
Salmonella Typhi and Paratyphi 0.2% (Table 4; Fig. 8).

 3567
 6596
 3042
 IPD 3974
 7077
 9763
 106
 Location Type

 1229
 1678
 520
 OPD 1422
 2368 Enterococcus spp
 5110
 S. aureus
 46
 Acinetobacter spp.

 925 Pseudomonas spp.
 1233 Klebsiella spp.
 1311
 Escherichia coli
 ICU 680
 1941 Salmonella Typhi and Paratyphi
 1453
 15

 0 4000 8000 12000",,amr26.pdf | PDF page 23,verified,retrieval_context
NCDC_resistance_2020_NARS-Net_p023_c01,document_chunk,NCDC_resistance_2020_NARS-Net,amr26.pdf,resistance,2020,NARS-Net,23,,,"Number of Isolates

 Fig. 8 Location wise isolation of different Priority Pathogens

 19",,amr26.pdf | PDF page 23,verified,retrieval_context
NCDC_resistance_2020_NARS-Net_p024_c00,document_chunk,NCDC_resistance_2020_NARS-Net,amr26.pdf,resistance,2020,NARS-Net,24,,,"5. AMR profile of priority pathogens
The data collected under National AMR Surveillance Network (NARS-Net) is for selected antibiotics
only as per the NCDC AMR surveillance data management Standard Operating procedure (SoP). This
AMR surveillance data is from patients visiting out-patient departments of the hospitals and from
patients admitted to the in-patient departments & intensive care units. Because of the COVID-19
pandemic all network site laboratories were primarily engaged in COVID-19 testing, hence the number
of isolates for which AST data has been submitted for the year 2020 is less than the previous years.

 a. Gram-Positive Cocci
Antimicrobial susceptibility data of a total 15,729 gram-positive isolates was reported from 15,471
unique patients during 2020.

Staphylococcus aureus

Staphylococcus aureus constituted 17% of all the isolates reported by network sites to NCDC (Fig.
3). The 9,816 S. aureus isolates have been reported from 9,639 unique patients (Fig. 2). During 2020,
S. aureus has been predominantly isolated from in-patients and most commonly from the blood
culture specimens (Table 2 and Fig. 5). It is observed that the proportion of MRSA among
Staphylococcus aureus continued to be high for the past three years: 2017 - 2,078 isolates (56%),
2018 - 6,682 isolates (63%), 2019 - 6,994 isolates (59%) and 2020 - 4,664 isolates (57%) (Fig. 9).
 64% 63%

 62%
 % Resistance

 60% 59%

 58% 57%
 56%
 56%

 54%

 52%
 2017 2018 2019 2020
 Year

 Fig 9. Trends in Methicillin Resistant Staphylococcus aureus (MRSA) from 2017 to 2020
 20",,amr26.pdf | PDF page 24,verified,retrieval_context
NCDC_resistance_2020_NARS-Net_p025_c00,document_chunk,NCDC_resistance_2020_NARS-Net,amr26.pdf,resistance,2020,NARS-Net,25,,,"MRSA rates differ based on the source of isolation. Methicillin resistance is highest among S.
aureus isolated from blood cultures that is 64%, followed by 52% in isolates from PA+OSBF
(Table 5). Ciprofloxacin resistance is seen in 62% of S. aureus isolates from blood culture
specimens and in 72% of S. aureus isolates from PA & OSBF (Table 5). Resistance to
erythromycin is 68% in blood culture isolates and 50% in isolates from PA & OSBF. Gentamicin
resistance is observed in 26% of isolates from blood culture specimens and in 22% isolates from
PA & OSBF specimens. Location type wise resistance profile of Staphylococcus aureus isolated
from blood culture specimens is shown in Fig.10. Overall resistance to linezolid in S. aureus
isolates reported during 2020 is 1%. The linezolid resistance trend from 2017 to 2020 is shown in
Fig. 11.

Table 5. Resistance profile of Staphylococcus aureus (N= 9,639)

 Antibiotic Blood + PA + OSBF Blood (N=4,281) PA + OSBF (N=5,388)
 tested (N=9,639)

 Number Number %R Number Number %R Number Number %R
 tested Resistant tested Resistant tested Resistant

 Cefoxitin 8,203 4,664 57 3,650 2,319 64 4,580 2,357 52
 Gentamicin 8,011 1,920 24 3,572 929 26 4,467 1,001 22
 Ciprofloxacin 7,110 4,798 68 3,047 1,898 62 4,087 2,922 72
 TMP/SMX 6,872 2,947 43 2,866 1,467 51 4,032 1,493 37
 Clindamycin 8,285 2,232 27 3,629 1,221 34 4,684 1,019 22
 Erythromycin 8,086 4,675 58 3,629 2,451 68 4,487 2,244 50
 Linezolid 8,083 79 1 3,519 26 1 4,592 43 1
 Doxycycline 5,489 725 13 2,638 24 12 2,867 402 14

 21",,amr26.pdf | PDF page 25,verified,retrieval_context
NCDC_resistance_2020_NARS-Net_p026_c00,document_chunk,NCDC_resistance_2020_NARS-Net,amr26.pdf,resistance,2020,NARS-Net,26,,,"23
 Gentamicin 21
 35
 60
 Ciprofloxacin 57
 69
 66
 Erythromycin 66
Antibiotics tested

 73
 49
 TMP/SMX 52
 55
 64
 Cefoxitin 53
 66
 13
 Doxycycline 9
 12 IN (N=2,923)
 31 OUT (N=312)
 Clindamycin 36
 39 ICU (N=1,055)",,amr26.pdf | PDF page 26,verified,retrieval_context
NCDC_resistance_2020_NARS-Net_p026_c01,document_chunk,NCDC_resistance_2020_NARS-Net,amr26.pdf,resistance,2020,NARS-Net,26,,,"1.2
 Linezolid 0.9
 1

 0 10 20 30 40 50 60 70 80
 % Resistance

 Fig. 10 Location type wise resistance profile of Staphylococcus aureus isolated from blood
 culture specimens

 Fig. 11 Trend of linezolid resistance in Staphylococcus aureus reported under NARS-Net
 (2017 to 2020)

 22",,amr26.pdf | PDF page 26,verified,retrieval_context
NCDC_resistance_2020_NARS-Net_p027_c00,document_chunk,NCDC_resistance_2020_NARS-Net,amr26.pdf,resistance,2020,NARS-Net,27,,,"CLSI guidelines recommend that the susceptibility of vancomycin against S. aureus be tested using
a broth microdilution test. However, similar to the previous year, none of the sites during 2020
reported MIC results for vancomycin using broth microdilution test against S. aureus. Therefore, to
troubleshoot the challenges of the sites in performing broth microdilution test, NCDC conducted
hands-on training on broth microdilution technique for susceptibility testing of vancomycin and
colistin in February 2020. The data of vancomycin AST for S. aureus is not included as the AST
results by BMD were not available for the data-reporting period.

Table 6 - Overall resistance profile of Staphylococcus aureus isolates to different antimicrobials

 Antibiotic % Resistance
 Cefoxitin 57%
 Gentamicin 24%
 Ciprofloxacin 68%
 Linezolid 1%

Enterococcus species

Enterococcus spp. constitutes 11% of all the isolates in the 2020 data (Fig. 3). Total 5,913 isolate
data is reported from 5,832 unique patients, and the resistance profile details are given in Table 7.
Similar to S. aureus, > 70 % resistance is observed in blood culture isolates of Enterococcus spp.
to ampicillin, ciprofloxacin and erythromycin (Table 7). In annual report of the year 2018, the
proportion of Vancomycin resistant Enterococcus (VRE) is 18% whereas in 2019 it reduced to
13%and in the 2020 occurrence of VRE is further reduced to 9% which may be attributed to AST
data of less number of isolates submitted by the network sites due to COVID-19 pandemic.
Of 5,832 enterococci analysed, highest rate of resistance is observed in ciprofloxacin (80%)
followed by erythromycin (77%), ampicillin (63%), tetracycline (58%), high level gentamicin
(45%), doxycycline (40%) (Fig. 12).
Nine percent of the Enterococcus spp. tested for antimicrobial susceptibility are resistant to
vancomycin and 3% of the isolates are resistant to linezolid. Compared to the previous three years
(5-6 %), resistance to linezolid in Enterococcus species is lowered to 3% this year. (Fig. 15)",,amr26.pdf | PDF page 27,verified,retrieval_context
NCDC_resistance_2020_NARS-Net_p027_c01,document_chunk,NCDC_resistance_2020_NARS-Net,amr26.pdf,resistance,2020,NARS-Net,27,,,"In urine, blood and PA & OSBF high resistance is found for erythromycin (84%, 74% & 72%
respectively) and ciprofloxacin (82%, 74% & 79% respectively). In urine, blood and PA & OSBF
lower resistance is found for vancomycin (10%, 10% & 7% respectively) (Table 7). Among ICU

 23",,amr26.pdf | PDF page 27,verified,retrieval_context
NCDC_resistance_2020_NARS-Net_p028_c00,document_chunk,NCDC_resistance_2020_NARS-Net,amr26.pdf,resistance,2020,NARS-Net,28,,,"and IPD patients, higher percentage of VREs are found in urine specimens than in blood and
OSBF specimens (Fig. 13; Fig. 14) While higher percentage of linezolid resistant Enterococci are
isolated from blood and PA+OSBF (5%) specimens of ICU patients than that from urine
specimens (2%) (Fig. 13; Fig. 14).

 Number Resistant

 2469; 63% Number tested
 Ampicillin
 3904

 1949; 45%
 Gentamicin(H)
 4356

 1734; 77%
 Erythromycin
 2258
 Antibiotics tested

 2933; 80%
 Ciprofloxacin
 3666

 1270; 58%
 Tetracycline
 2185

 834; 40%
 Doxycycline
 2069

 420; 9%
 Vancomycin
 4500

 148; 3%",,amr26.pdf | PDF page 28,verified,retrieval_context
NCDC_resistance_2020_NARS-Net_p028_c01,document_chunk,NCDC_resistance_2020_NARS-Net,amr26.pdf,resistance,2020,NARS-Net,28,,,"Linezolid
 4583

 0 1000 2000 3000 4000 5000
 Number of Enterococcus spp. isolates

 Fig. 12 Resistance profile of Enterococcus species (N=5,832)

 24",,amr26.pdf | PDF page 28,verified,retrieval_context
NCDC_resistance_2020_NARS-Net_p029_c00,document_chunk,NCDC_resistance_2020_NARS-Net,amr26.pdf,resistance,2020,NARS-Net,29,,,"Table 7. Specimen wise resistance profile of Enterococcus species

Antibiotic tested PA + OSBF Blood Urine
 (N=807) (N=1,445) (N=3,613)
 Number Number % Number Number % Number Number %
 tested Resistan R tested Resistan R tested Resistant R
 t t
Ampicillin 582 345 59 855 604 71 2,491 1,542 62
Gentamicin-High 616 198 32 981 390 40 2,785 1,380 50
Ciprofloxacin 452 358 79 657 483 74 2,573 2,107 82
Erythromycin 552 396 72 975 725 74 748 628 84
Linezolid 669 24 4 1,047 39 4 2,895 85 3
Vancomycin 656 47 7 1,004 95 10 2,867 281 10
Doxycycline 472 207 44 825 272 33 791 362 46
Tetracycline 146 96 66 378 185 49 1,680 1,001 60

 68
 Ampicillin 53
 67

 33",,amr26.pdf | PDF page 29,verified,retrieval_context
NCDC_resistance_2020_NARS-Net_p029_c01,document_chunk,NCDC_resistance_2020_NARS-Net,amr26.pdf,resistance,2020,NARS-Net,29,,,"Gentamicin-High 32
 51
 Antibiotics tested

 73
 Erythromycin 60
 80

 34
 Doxycycline 38
 45

 9
 Vancomycin 6
 8 IN (N=1,496)
 OUT (N=174)
 3 ICU (N=559)
 Linezolid 5
 5

 0 20 40 60 80 100
 % Resistance

 Fig. 13 Resistance profile of Enterococcus species isolated from blood and PA & OSBF from
 different location types in healthcare facilities

 25",,amr26.pdf | PDF page 29,verified,retrieval_context
NCDC_resistance_2020_NARS-Net_p030_c00,document_chunk,NCDC_resistance_2020_NARS-Net,amr26.pdf,resistance,2020,NARS-Net,30,,,"69
 Ampicillin 47
 82

 58
 Gentamicin-High 30
 72
Antibiotics Tested

 63
 Tetracycline 55
 58

 83
 Ciprofloxacin 80
 86

 13
 Vancomycin 4
 IN (N=2,092)
 14
 OUT (N=1,057)
 3
 ICU (N=371)
 Linezolid 2
 2",,amr26.pdf | PDF page 30,verified,retrieval_context
NCDC_resistance_2020_NARS-Net_p030_c01,document_chunk,NCDC_resistance_2020_NARS-Net,amr26.pdf,resistance,2020,NARS-Net,30,,,"0 20 40 60 80 100
 % Resistance

 Fig. 14 Resistance profile of Enterococcus species isolated from urine specimens from
 different location types in healthcare facilities

 6.5%
 6%
 6.0% 5.7%
 5.5%
 5%
 5.0%
 % Resistance

 4.5%
 4.0%
 3.5%
 3%
 3.0%
 2.5%
 2.0%
 2017 2018 2019 2020
 Year

 Fig. 15 Trend of linezolid resistance in Enterococcus species from 2017 to 2020

 26",,amr26.pdf | PDF page 30,verified,retrieval_context
NCDC_resistance_2020_NARS-Net_p031_c00,document_chunk,NCDC_resistance_2020_NARS-Net,amr26.pdf,resistance,2020,NARS-Net,31,,,"b. Gram negative bacilli
Gram-negative pathogens included for AMR surveillance under NARS-NET are among the
commonest cause of bacterial infections in patients attending the healthcare facilities. The gram-
negative priority pathogens included under the NARS-NET are E. coli, Klebsiella spp.,
Pseudomonas spp., Acinetobacter spp., Salmonella enterica serotype Typhi and Paratyphi. In
2017, 2018 & 2019, gram-negative isolates were 18,536, 34,499 & 54,029, respectively; thus, the
number of reported isolates by network sites has increased over the years. In the year 2020, total
41,553 gram-negative pathogens are isolated from 40,217 unique patients from 29 network sites.

 i. Enterobacteriaceae
Enterobacterales i.e. E. coli, Klebsiella spp. and Salmonella Typhi and Paratyphi, constitute the
majority 29,987 (52%) (Fig. 3) of the overall priority pathogens in this annual AMR surveillance
report. Similarly, in previous years reports Enterobacteriaceae accounts for the highest number of
priority pathogens. Of these 29,987 Enterobacteriaceae isolates received from 29 sentinel sites,
29,038 are from unique patients

Escherichia coli
Total 17,788 E. coli isolates were reported from 17,271 unique patients. The highest number of E
coli was reported from urine samples, followed by PA & OSBF and blood (Table 8). Similar
resistance pattern is seen in isolates from urine, blood and PA & OSBF for all antimicrobials.
(Fig. 16)
In urinary tract infection patient’s beta-lactam antibiotic resistance is high, it is 87% to ampicillin
followed by 77% to cefotaxime, 62% to cefepime, 27% to ertapenem and 22% to imipenem.
Among non-beta-lactam antibiotics, 70% resistance was observed to ciprofloxacin, 63% to
Trimethoprim-Sulfamethoxazole (TMP/SMX) and 12% to nitrofurantoin (Table 8).
Similarly, in E. coli isolates from blood, percentage resistance to beta-lactam antibiotics, i.e. 86%
to ampicillin, 80% to cefotaxime, 67% to cefepime, 40% to ertapenem, 32% to imipenem. Among
non-beta-lactam antibiotics, 63% resistance to ciprofloxacin and 59% to TMP/SMX is observed
(Table 8).
In PA & OSBF isolates of E. coli resistance reported is 89% to ampicillin followed by 79% to",,amr26.pdf | PDF page 31,verified,retrieval_context
NCDC_resistance_2020_NARS-Net_p031_c01,document_chunk,NCDC_resistance_2020_NARS-Net,amr26.pdf,resistance,2020,NARS-Net,31,,,"cefotaxime, 63% to cefepime, 31% to ertapenem, 24% to imipenem, 70% to ciprofloxacin and
64% to TMP/SMX (Table 8).

 27",,amr26.pdf | PDF page 31,verified,retrieval_context
NCDC_resistance_2020_NARS-Net_p032_c00,document_chunk,NCDC_resistance_2020_NARS-Net,amr26.pdf,resistance,2020,NARS-Net,32,,,"The colistin susceptibility testing has been done using the broth microdilution method as per CLSI
document M02 and M100, though for a limited number of isolates. Overall colistin resistance in
E. coli isolates is 3.1%, 6.3% in urinary isolates, 1.5% in isolates from PA & OSBF and 0.6% in
isolates from blood (Table 8). Resistance profile of E. coli isolates from blood, urine, PA & OSBF
from different location types is shown in Fig. 17.

 9181; 87%
 Ampicillin
 10499

 8842; 70%
 Ciprofloxacin
 12726

 7193; 63%
 TMP/SMX
 11489
 Antibiotics tested

 9088; 77%
 Cefotaxime
 11748

 5790; 63%
 Cefepime
 9205

 2919; 23%
 Imipenem
 12770

 912; 29%
 Ertapenem
 3152",,amr26.pdf | PDF page 32,verified,retrieval_context
NCDC_resistance_2020_NARS-Net_p032_c01,document_chunk,NCDC_resistance_2020_NARS-Net,amr26.pdf,resistance,2020,NARS-Net,32,,,"1144; 12%
 Nitrofurantoin
 9587
 Number Resistant
 40; 3.1%
 Colistin Number tested
 1288

 0 2000 4000 6000 8000 10000 12000 14000
 Number of E.coli isolates

Fig. 16 Resistance profile of E. coli (N=17,271)

 28",,amr26.pdf | PDF page 32,verified,retrieval_context
NCDC_resistance_2020_NARS-Net_p033_c00,document_chunk,NCDC_resistance_2020_NARS-Net,amr26.pdf,resistance,2020,NARS-Net,33,,,"Table 8. Specimen wise resistance profile of E. coli (N=17,271 )

Antibiotic PA + OSBF (N=4,233) Blood (N=1,314) Urine (N=11,820)
tested
 Number Number %R Number Number %R Number Number %R
 tested Resistant tested Resistant tested Resistant
Ampicillin 2,590 2,291 89 800 688 86 7,188 6,279 87
Cefotaxime 2,946 2,340 79 821 654 80 8,068 6,169 77
Cefepime 2,332 1,468 63 856 573 67 6,097 3,807 62
Ertapenem 900 275 31 272 109 40 1,980 528 27
Imipenem 3,400 801 24 1,049 330 32 8,412 1,815 22
Ciprofloxacin 3,063 2,156 70 948 600 63 8,796 6,156 70
TMP/SMX 2,522 1,613 64 852 505 59 8,197 5,136 63
Nitrofurantoin 154 9,376 1,113 12
Colistin 454 7 1.5 345 2 0.6 493 31 6.3

 89",,amr26.pdf | PDF page 33,verified,retrieval_context
NCDC_resistance_2020_NARS-Net_p033_c01,document_chunk,NCDC_resistance_2020_NARS-Net,amr26.pdf,resistance,2020,NARS-Net,33,,,"Ampicillin 84
 94

 82
 Cefotaxime 70
 83

 65
 Cefepime 59
 Antibiotics Tested

 73

 25
 Imipenem 16
 32

 73
 Ciprofloxacin 63
 78

 66
 TMP/SMX 57
 71

 3",,amr26.pdf | PDF page 33,verified,retrieval_context
NCDC_resistance_2020_NARS-Net_p033_c02,document_chunk,NCDC_resistance_2020_NARS-Net,amr26.pdf,resistance,2020,NARS-Net,33,,,"Colistin 1 IN (N=9,763)
 1
 OUT (N=5,110)
 14
 Nitrofurantoin 9 ICU (N=1,453)
 16

 0 20 40 60 80 100
 % Resistance

 Fig. 17 Resistance profile of E. coli isolates from blood, urine, PA & OSBF from different
 location types in healthcare facilities

 29",,amr26.pdf | PDF page 33,verified,retrieval_context
NCDC_resistance_2020_NARS-Net_p034_c00,document_chunk,NCDC_resistance_2020_NARS-Net,amr26.pdf,resistance,2020,NARS-Net,34,,,"Klebsiella species
Total 12,029 Klebsiella spp. isolates were reported from 11,597 unique patients in the year 2020.
Similar to the E. coli highest number of Klebsiella spp. are reported from urine samples followed
by PA & OSBF and blood (Fig. 5). Beta-lactam antibiotic resistance observed among blood
culture isolates is 90% to cefotaxime, 80% to cefepime, 59% to ertapenem, 55% to imipenem and
53% to meropenem. For beta lactam + beta lactam inhibitor piperacillin/tazobactam 69%
resistance is reported (Table 9)
For urinary isolates, beta lactam antibiotic resistance in urine is 73% (2,551) to cefotaxime, 62%
to cefepime, 38% to ertapenem, 30% to imipenem, 28% to meropenem. Resistance of Piperacillin-
Tazobactam is 41% (Table 9).
Beta lactam antibiotic resistance in PA & OSBF isolates is 79% to cefotaxime, 69% to cefepime,
43 % to imipenem, 43%to meropenem, 42% to ertapenem. 64% isolates are resistant to beta
lactam + beta lactam inhibitor piperacillin/tazobactam (Table 9). Amikacin resistance is observed
in 51% isolates from PA & OSBF and blood each and in 34% isolates from urine.
The colistin susceptibility testing has been done using the broth microdilution method as per CLSI
document M02 and M100, though for a limited number of isolates. Overall resistance to colistin
observed in Enterococcus isolates is 4%, in urinary isolates it is 6.3%, in isolates from PA &
OSBF it is 1.5% and in blood culture isolates it is 0.6% (Table 9).
Klebsiella spp. isolates showed more than 40% resistance to all the antibiotics tested except for
colistin to which 4% resistance is observed. (Fig. 18). Klebsiella species showed alarmingly high
resistance to 3rd and 4th generation cephalosporins (91% to cefotaxime, 83% to cefepime) and
carbapenem (59% to imipenem) in ICU patients (Fig. 19).

 30",,amr26.pdf | PDF page 34,verified,retrieval_context
NCDC_resistance_2020_NARS-Net_p035_c00,document_chunk,NCDC_resistance_2020_NARS-Net,amr26.pdf,resistance,2020,NARS-Net,35,,,"3332; 45%
 Amikacin
 7452

Piperacillin/Tazobact 4283; 58%
 um 7415

 4685; 63%
 TMP/SMX
 7441

 6623; 79%
 Cefotaxime
 8341
 Antibiotics tested

 4775; 69%
 Cefepime
 6916

 1866; 41%
 Meropenem
 4519

 3575; 41%
 Imipenem
 8722

 868; 46%
 Ertapenem Number Resistant
 1902
 Number tested
 71; 4%
 Colistin
 1629",,amr26.pdf | PDF page 35,verified,retrieval_context
NCDC_resistance_2020_NARS-Net_p035_c01,document_chunk,NCDC_resistance_2020_NARS-Net,amr26.pdf,resistance,2020,NARS-Net,35,,,"0 2000 4000 6000 8000 10000
 Number of Klebisella species isolates

Fig. 18 Resistance profile of Klebsiella species (N= 11,597)

Table 9. Specimen wise resistance profile of Klebsiella species (N= 11,597)

Antibiotic PA + OSBF (N=3,741) Blood (N=3,215) Urine (N=4,717)
tested

 Number Number %R Number Number %R Number Number %R
 tested Resistant tested Resistant tested Resistant
Cefotaxime 2,755 2,173 79 2,181 1,961 90 3,476 2,551 73
Cefepime 2,438 1,670 69 1,917 1,536 80 2,629 1,622 62
Ertapenem 706 297 42 548 323 59 650 249 38
Imipenem 3,138 1,338 43 2,312 1,265 55 3,346 1,008 30
Meropenem 1,705 731 43 1,416 754 53 1,413 394 28
Amikacin 2,606 1,326 51 2,143 1,102 51 2,760 939 34
Ciprofloxacin 2,882 1,854 64 2,257 1,425 63 3,366 2,003 60
TMP/SMX 2,475 1,632 66 1,939 1,248 64 3,097 1,861 60
Piperacillin/ 2,840 1,805 64 2,274 1,558 69 2,354 960 41
Tazobactam
Colistin 588 37 6 814 12 2 232 16 7",,amr26.pdf | PDF page 35,verified,retrieval_context
NCDC_resistance_2020_NARS-Net_p035_c02,document_chunk,NCDC_resistance_2020_NARS-Net,amr26.pdf,resistance,2020,NARS-Net,35,,,31,,amr26.pdf | PDF page 35,verified,retrieval_context
NCDC_resistance_2020_NARS-Net_p036_c00,document_chunk,NCDC_resistance_2020_NARS-Net,amr26.pdf,resistance,2020,NARS-Net,36,,,"83
 Cefotaxime 64
 91

 71
 Cefepime 53
 83
 Antibiotics Tested

 43
 Imipenem 22
 59

 65
 Ciprofloxacin 45
 75

 66
 TMP/SMX 49
 70
 IN (N=7,077)
 4 OUT (N=2,368)
 Colistin 0
 ICU (N=1,941)
 3

 0 20 40 60 80 100
 % Resistance

Fig. 19 Resistance profile of Klebsiella species (N= 11,597) from blood, urine, PA & OSBF
 from different location types in healthcare facilities",,amr26.pdf | PDF page 36,verified,retrieval_context
NCDC_resistance_2020_NARS-Net_p036_c01,document_chunk,NCDC_resistance_2020_NARS-Net,amr26.pdf,resistance,2020,NARS-Net,36,,,"Resistance to colistin in both E.coli and Klebsiella spp. is found to be higher in urine isolates
than in isolates from blood and PA+OSBF, whereas resistance to 3rd generation cephalosporins
and carbapenems is higher in blood and OSBF isolates than in urine isolates. (Fig. 20a).
Klebsiella spp. isolates from blood culture shows higher resistance to all tested antibiotics than
E.coli isolates (Fig. 20b).

 32",,amr26.pdf | PDF page 36,verified,retrieval_context
NCDC_resistance_2020_NARS-Net_p037_c00,document_chunk,NCDC_resistance_2020_NARS-Net,amr26.pdf,resistance,2020,NARS-Net,37,,,"Ampicillin 93
 87

 Cefotaxime 73
 77
Antibiotics Tested

 Cefepime 62
 62

 Imipenem 30
 22

 Ciprofloxacin 60
 70

 TMP/SMX 60
 63

 Colistin 7
 6
 Klebsiella spp. (N=4,717)
 Nitrofurantoin 41 E.coli (N=11,820)
 12

 0 20 40 60 80 100
 % Resistance",,amr26.pdf | PDF page 37,verified,retrieval_context
NCDC_resistance_2020_NARS-Net_p037_c01,document_chunk,NCDC_resistance_2020_NARS-Net,amr26.pdf,resistance,2020,NARS-Net,37,,,"Fig. 20a Resistance Profile of E. coli and Klebsiella species isolated from urine specimens

 94
 Ampicillin
 85

 90
 Cefotaxime
 80
 Antibiotics Tested

 80
 Cefepime
 68

 55
 Imipenem
 31

 63
 Ciprofloxacin
 62

 64
 TMP/SMX
 58
 Klebsiella spp. (N=3,215)
 2",,amr26.pdf | PDF page 37,verified,retrieval_context
NCDC_resistance_2020_NARS-Net_p037_c02,document_chunk,NCDC_resistance_2020_NARS-Net,amr26.pdf,resistance,2020,NARS-Net,37,,,"Colistin E.coli (N=1,314)
 1

 0 20 40 60 80 100
 % Resistance

Fig. 20b Resistance profile of E. coli and Klebsiella species isolated from blood specimens

 33",,amr26.pdf | PDF page 37,verified,retrieval_context
NCDC_resistance_2020_NARS-Net_p038_c00,document_chunk,NCDC_resistance_2020_NARS-Net,amr26.pdf,resistance,2020,NARS-Net,38,,,"Salmonella enterica serotypes Typhi and Paratyphi

During 2020, AST data of a total of 165 blood culture isolates was reported to NARS Net, while
for the previous year AST data of 389 blood culture isolates of Salmonella Typhi was included in
the annual report. 22% of Salmonella enterica serotype Typhi isolated from blood reported to
NARS-Net were resistant to ciprofloxacin and 2% isolates were resistant to ceftriaxone (Table
10). Compared to the previous year, resistance to all antimicrobial tested in Salmonella Typhi
isolates is less this year. Only one isolate of Salmonella Typhi has been reported from the stool
specimen; hence is not included in the analysis. With 53% resistance to ciprofloxacin, the
Salmonella Paratyphi AMR pattern is concerned.

 Table 10 Resistance profile of Salmonella enterica serotype Typhi and Paratyphi isolated
 from blood specimens (N= 169)

 Antibiotic tested S. Typhi (N=152) S. Paratyphi (N=17)
 Number %R Number Number
 Tested Tested Resistant
 Chloramphenicol 94 7 7 0
 Azithromycin 121 3 8 0
 TMP/SMX 136 7 15 3
 Ciprofloxacin 125 22 17 9
 Imipenem 107 2 15 0
 Ceftriaxone 123 2 12 2
 Ampicillin 117 10 12 4

 34",,amr26.pdf | PDF page 38,verified,retrieval_context
NCDC_resistance_2020_NARS-Net_p039_c00,document_chunk,NCDC_resistance_2020_NARS-Net,amr26.pdf,resistance,2020,NARS-Net,39,,,"ii. Non-Fermenting Gram-Negative Bacilli
 Two important non-fermenting gram-negative bacilli (NFGNB) included in the priority pathogen
 list for AMR surveillance under NARS-Net are Pseudomonas spp. and Acinetobacter spp. Total
 of 11,566 NFGNB are reported from 10,010 unique patients. Among the NFGNB, Pseudomonas
 spp. is the commonest isolate 6,220 (11%), followed by Acinetobacter spp. 4,959 (9%) (Fig. 3).

 Pseudomonas species

 Total 6,515 Pseudomonas spp. isolates are reported from 6,220 unique patients. Pseudomonas
 spp. has been isolated from 9% of ICU patients (Fig. 8). In previous year report, Pseudomonas
 spp. isolates showed lower resistance (31%) to piperacillin-tazobactam as compared to other
 antibiotics tested however this year resistance to piperacillin-tazobactam has increased to 42%
 which is at par with other antibiotics tested (Fig. 21). Among the isolates from ICU, highest
 resistance (60%) is observed to beta-lactam antibiotic ceftazidime while 4% resistance to colistin
 is observed (Fig. 22). Resistance to imipenem is 43% in ICU isolates, followed by 36% in in-
 patient isolates and 33% in outpatient isolates. In PA & OSBF highest resistance (56%) is
 observed to ceftazidime and lowest resistance of 8% to colistin is observed (Fig. 22). Isolates of
 Pseudomonas spp. from urine specimens showed higher resistance to colistin (10%) than those
 isolated from PA & OSBF (8%) and blood (0.5%) (Table 13).

 Table 11 Specimen wise resistance profile of Pseudomonas species (N = 6,220)

Antibiotic Blood (N=1,141) PA + OSBF (N=3,101) Urine (N=1,999)
tested

 Number Number %R Number Number %R Number Number %R
 tested Resistant tested Resistant tested Resistant

Colistin 189 1 0.5 370 28 8 84 8 10
Gentamicin 839 297 35 2,330 1,138 49 1,310 606 46",,amr26.pdf | PDF page 39,verified,retrieval_context
NCDC_resistance_2020_NARS-Net_p039_c01,document_chunk,NCDC_resistance_2020_NARS-Net,amr26.pdf,resistance,2020,NARS-Net,39,,,"Amikacin 728 244 34 2,391 1,055 44 1,683 662 39
Imipenem 836 278 33 2,693 966 36 1,591 574 36
Cefepime 425 177 42 1,326 659 50 564 295 52
Ceftazidime 887 481 54 2,627 1,462 56 1,689 872 52
Piperacillin/ 851 325 38 2,615 1,119 43 1,562 662 42
Tazobactam
Ciprofloxacin 743 307 41 2,483 1,348 54 1,615 888 55

 35",,amr26.pdf | PDF page 39,verified,retrieval_context
NCDC_resistance_2020_NARS-Net_p040_c00,document_chunk,NCDC_resistance_2020_NARS-Net,amr26.pdf,resistance,2020,NARS-Net,40,,,"Piperacillin/Tazobac 2096; 42%
 tam 5010

 1947; 41%
 Amikacin
 4782

 2029; 45%
 Gentamicin
 4461
 Antibiotics tested

 2531; 52%
 Ciprofloxacin
 4824

 2799; 54%
 Ceftazidime
 5183

 1122; 49%
 Cefepime
 2303

 1807; 35%
 Imipenem
 5102

 37; 6% Number Resistant
 Colistin",,amr26.pdf | PDF page 40,verified,retrieval_context
NCDC_resistance_2020_NARS-Net_p040_c01,document_chunk,NCDC_resistance_2020_NARS-Net,amr26.pdf,resistance,2020,NARS-Net,40,,,"643 Number tested

 0 2000 4000 6000

 Number of isolates of Pseudomonas spp.

Fig. 21 Resistance profile of Pseudomonas species (N= 6,220)

 42
 Amikacin 35
 Antibiotics Tested

 49
 45
 Gentamicin 45
 50
 53
 Ciprofloxacin 51
 54

Piperacillin/Tazobact 44
 33
 am 49
 56",,amr26.pdf | PDF page 40,verified,retrieval_context
NCDC_resistance_2020_NARS-Net_p040_c02,document_chunk,NCDC_resistance_2020_NARS-Net,amr26.pdf,resistance,2020,NARS-Net,40,,,"Ceftazidime 47
 60
 36
 Imipenem 33
 43
 IN (N=3,973)
 5 OUT (N=1,422)
 Colistin 2 ICU (N=680)
 4

 0 20 40 60 80
 % Resistance

Fig. 22 Resistance profile of Pseudomonas species isolated from blood, urine, PA+OSBF from
 different location types in healthcare facilities
 36",,amr26.pdf | PDF page 40,verified,retrieval_context
NCDC_resistance_2020_NARS-Net_p041_c00,document_chunk,NCDC_resistance_2020_NARS-Net,amr26.pdf,resistance,2020,NARS-Net,41,,,"Acinetobacter species

Total 5,051 Acinetobacter spp. isolates are reported from 4,959 unique patients. Acinetobacter
species constitutes 9% of the total isolates reported during 2020 (Fig. 3). The majority of
Acinetobacter spp. are isolated from IPD patients (3,042), followed by ICU (1,311) & OPD (520)
(Fig. 8). The Acinetobacter spp. isolates are more from blood (2,228) than from PA & OSBF
(1,774) and urine (973) (Table 12).

 524; 26% Number Resistant
 Minocycline
 2034 Number tested
 1817; 57%
 Gentamicin
 3191

 Amikacin 1863; 59%
 3175

 2255; 65%
Piperacillin/Tazobactam
 3489

 2321; 69%
 Ciprofloxacin
 Antibiotics tested

 3386

 1538; 60%
 TMP/SMX
 2565

 2787; 79%
 Ceftazidime",,amr26.pdf | PDF page 41,verified,retrieval_context
NCDC_resistance_2020_NARS-Net_p041_c01,document_chunk,NCDC_resistance_2020_NARS-Net,amr26.pdf,resistance,2020,NARS-Net,41,,,"3540

 Cefepime 1001; 70%
 1424
 2231; 62%
 Imipenem
 3591

 30; 5%
 Colistin
 638

 0 1000 2000 3000 4000

 Number of Acinetobacter spp. isolates

Fig. 23 Resistance profile of Acinetobacter species (N= 4,959)

The highest number of Acinetobacter spp. isolates in this report are from blood 2,228 followed
by PA & OSBF 1,774 and urine 973 (Table 12). Significantly higher resistance is observed in
isolates from ICU: 82% to ceftazidime, 77% to ciprofloxacin, 75% to piperacillin/tazobactam and
73% to imipenem (Fig. 24). In blood culture isolates, highest resistance is reported to ceftazidime
78%; colistin resistance reported is 5% (Table 12).

 37",,amr26.pdf | PDF page 41,verified,retrieval_context
NCDC_resistance_2020_NARS-Net_p042_c00,document_chunk,NCDC_resistance_2020_NARS-Net,amr26.pdf,resistance,2020,NARS-Net,42,,,"Table 12. Specimen wise resistance profile of Acinetobacter species (N= 4,959)

Antibiotic Blood (N=2,228) PA + OSBF (N=1,774) Urine (N=973)
tested

 Number Number %R Number Number %R Number Number %R
 tested Resistant tested Resistant tested Resistant
Piperacillin/ 1,417 890 63 1,431 1,067 75 656 310 47
Tazobactam
Ceftazidime 1,480 1,150 78 1,444 1,246 86 629 404 64
Cefepime 755 510 68 548 427 78 124 67 54
Imipenem 1,473 945 64 1,432 1,012 71 697 282 40
Amikacin 1,281 732 57 1,280 875 68 627 268 43
Gentamicin 1,383 720 52 1,228 829 68 594 281 47
Ciprofloxacin 1,399 896 64 1,299 1,047 81 700 388 55
TMP/SMX 1,146 645 56 964 665 69 462 234 51
Colistin 364 18 5 226 7 3 48 5 10
Minocycline 923 224 24 691 172 25 427 129 30

 60",,amr26.pdf | PDF page 42,verified,retrieval_context
NCDC_resistance_2020_NARS-Net_p042_c01,document_chunk,NCDC_resistance_2020_NARS-Net,amr26.pdf,resistance,2020,NARS-Net,42,,,"Amikacin 37
 68
 57
 Gentamicin 43
 66
 69
 Ciprofloxacin 52
 77
 Piperacillin/Tazoba 66
 37
 ctam 75
 Antibiotics Tested

 80
 Ceftazidime 70
 82
 64
 Imipenem 32
 73
 26 IN (N=3,042)
 Minocycline 17",,amr26.pdf | PDF page 42,verified,retrieval_context
NCDC_resistance_2020_NARS-Net_p042_c02,document_chunk,NCDC_resistance_2020_NARS-Net,amr26.pdf,resistance,2020,NARS-Net,42,,,"29 OUT (N=520)
 3 ICU (N=1,311)
 Colistin 0
 7

 0 20 40 60 80 100
 % Resistance

Fig. 24 Resistance profile of Acinetobacter spp. isolated from blood, urine, PA+OSBF from
 different location types in healthcare facilities

 38",,amr26.pdf | PDF page 42,verified,retrieval_context
NCDC_resistance_2020_NARS-Net_p043_c00,document_chunk,NCDC_resistance_2020_NARS-Net,amr26.pdf,resistance,2020,NARS-Net,43,,,"Imipenem-resistance reported in Acinetobacter spp. during 2020 is high: 73% in ICU, 64% in IPD
patients and 32% in OPD patients (Fig. 24). Minocycline is an alternate antimicrobial option to
treat Acinetobacter infections. Monitoring its resistance profile is also essential for the treatment
of such infections. Trend of imipenem and minocycline resistance in Acinetobacter spp. from
2017 to 2020 can be seen in Fig. 25.

 100% Imipenem Minocycline

 80%
 66% 66%
 62%
 59%
 % Resistance

 60% 53%

 40%
 29%
 24% 26%

 20%

 0%
 2017 2018 2019 2020
 Year

Fig. 25 Trend of imipenem and minocycline resistance in Acinetobacter species (2017-2020)

 39",,amr26.pdf | PDF page 43,verified,retrieval_context
NCDC_resistance_2020_NARS-Net_p044_c00,document_chunk,NCDC_resistance_2020_NARS-Net,amr26.pdf,resistance,2020,NARS-Net,44,,,"6. Discussion
 Antimicrobial resistance (AMR) is a global health challenge that threatens the achievement of
 Sustainable Development Goals (SDGs) related to health for all. WHO has declared AMR as one
 of the top 10 global public health threats. Under the National Programme on AMR Containment,
 NARS-Net annually generates the National AMR Surveillance report. NARS-Net activities
 include capacity building of a network of medical college laboratories to detect AMR surveillance.
 This network is being expanded in a phased manner to all states and UTs in the country. AMR
 surveillance under NARS-Net includes standardised collection, analysis and compilation of AMR
 data from the network sites. The compiled data is used to generate the annual National AMR
 surveillance report which is shared with stakeholders at the National and state level and is also
 made available in the public domain (on NCDC website). This network data is also submitted
 annually to WHO’s Global AMR Surveillance System (GLASS).
 This report for the year 2020 presents analysed data from 29 sentinel sites located in 24 states/UTs
 of India. Compared to the previous year’s National AMR Surveillance Report which included
 2019 data from 21 network sites, the number of sites submitting the AMR data during 2020 has
 increased to 29 network sites. However, during 2020 due to the COVID-19 pandemic, AST data
 submitted by the network sites is for lesser number of isolates as compared to the previous year.
 Quality of AMR surveillance data submitted by the sites has been ensured by continuous support
 in the form of trainings based on standard operating procedures for data management,
 antimicrobial susceptibility testing, internal quality control (IQC) and other technical guidelines
 developed by NCDC. The number of centres performing colistin BMD has increased compared
 to the previous year. During 2020, a virtual capacity-building program has been initiated to
 standardise bacteriology testing methods at the laboratories across the network using the ECHO
 platform. In addition, quarterly feedbacks on AMR data are provided to the network sites using a",,amr26.pdf | PDF page 44,verified,retrieval_context
NCDC_resistance_2020_NARS-Net_p044_c01,document_chunk,NCDC_resistance_2020_NARS-Net,amr26.pdf,resistance,2020,NARS-Net,44,,,"customised VBA tool (developed with support from CDC-India). Network laboratories have
 played an essential role in improving the patient demographic & AST data compliance. Most sites
 have also become stringent in conducting internal quality control of antibiotic discs as per
 recommendations under the programme. Certain limitations that could affect this data are lack of
 strict compliance to the internal quality control SoPs by some sites. Including data from greater
 number of centres and from all states and UTs would make the data more representative for the
 country.

 40",,amr26.pdf | PDF page 44,verified,retrieval_context
NCDC_resistance_2020_NARS-Net_p045_c00,document_chunk,NCDC_resistance_2020_NARS-Net,amr26.pdf,resistance,2020,NARS-Net,45,,,"E. coli is the most commonly reported pathogen (31%) in the AMR Surveillance data of 2020,
similar to the previous three years report. Notably, E. coli isolates showed increased resistance to
colistin this year (3.1%) compared to last year (0.5%), which may be attributed to greater number
of sites reporting data of broth microdilution testing for colistin. Similar to the previous year
reports, E. coli is the most frequently isolated pathogen from urine (39%) and S. aureus is the
predominant pathogen isolated from both blood (31%) and PA & OSBF (28%). Among
outpatients (41%) and inpatients (29%) E. coli is the commonest pathogen isolated, whereas
Klebsiella spp. is the predominant pathogen isolated (26%) in ICU settings.
Methicillin-resistant S. aureus (MRSA) isolates have decreased to 57% this year compared to the
previous year’s 66%. This year’s data revealed linezolid resistance in 1% S. aureus isolates. Data
of vancomycin resistance in S. aureus could not be included in this report as no sites reported
BMD testing data. Among 10% of Enterococci isolated from blood and urine vancomycin
resistance is observed.
Presently resistance to last-resort antibiotics is increasing compared to that very few newer drugs
are in the pipeline. Strengthening local infection prevention and antimicrobial stewardship
practices at healthcare facilities in the country and initiating multisectoral action as stated in the
National action plan on AMR is the need of the hour.

 41",,amr26.pdf | PDF page 45,verified,retrieval_context
NCDC_resistance_2021_NARS-Net_p001_c00,document_chunk,NCDC_resistance_2021_NARS-Net,amr27.pdf,resistance,2021,NARS-Net,1,,,"MINISTRY OF HEALTH & FAMILY WELFARE
 GOVERNMENT OF INDIA

 ANNUAL REPORT

 NATIONAL ANTIMICROBIAL RESISTANCE
 SURVEILLANCE NETWORK (NARS-NET)

 Reporting period:
 01 January 2021 to 31 December 2021

National Programme on AMR Containment
National Centre for Disease Control (NCDC)
 Directorate General of Health Services,
 Ministry of Health and Family Welfare
 Government of India July 2022",,amr27.pdf | PDF page 1,verified,retrieval_context
NCDC_resistance_2021_NARS-Net_p002_c00,document_chunk,NCDC_resistance_2021_NARS-Net,amr27.pdf,resistance,2021,NARS-Net,2,,,1,,amr27.pdf | PDF page 2,verified,retrieval_context
NCDC_resistance_2021_NARS-Net_p003_c00,document_chunk,NCDC_resistance_2021_NARS-Net,amr27.pdf,resistance,2021,NARS-Net,3,,,"National Antimicrobial Resistance
Surveillance Network (NARS-Net India)

 2",,amr27.pdf | PDF page 3,verified,retrieval_context
NCDC_resistance_2021_NARS-Net_p004_c00,document_chunk,NCDC_resistance_2021_NARS-Net,amr27.pdf,resistance,2021,NARS-Net,4,,,"Table of Contents
Acronyms i
List of Tables ii
List of Figures iii
I Executive Summary 1
II National AMR Surveillance Network (NARS-Net) 3
III Data Collection 6
IV Data Analysis 7
 a. Data deduplication 7
 b. Demography and distribution of priority pathogens 8
V AMR profile of Priority pathogens 13
 a. Gram Positive Cocci 13
 b. Gram Negative Bacilli 19
 i. Enterobacteriaceae 19
 ii. Non-Fermenting Gram-Negative Bacilli 27
VI Discussion 31
VII Annexure: List of Institutions under NARS-Net 33",,amr27.pdf | PDF page 4,verified,retrieval_context
NCDC_resistance_2021_NARS-Net_p006_c00,document_chunk,NCDC_resistance_2021_NARS-Net,amr27.pdf,resistance,2021,NARS-Net,6,,,"Acronyms

AMR Antimicrobial Resistance
AST Antimicrobial Susceptibility Testing
BMD Broth Microdilution
CLSI Clinical & Laboratory Standards Institute
CSV Comma-delimited
EQAS External Quality Assessment Scheme
GLASS Global Antimicrobial Resistance Surveillance System
IPD In-patient
ICU Intensive Care Unit
ID Identification
IQC Internal Quality Control
LIMS Laboratory Information Management System
MRSA Methicillin-Resistant S. aureus
NARS-Net National AMR Surveillance Network
NFGNB Non-fermenting Gram-negative bacilli
NCDC National Centre for Disease Control
NRL National Reference Laboratory
OPD Outpatient
OSBF Other Sterile Body Fluids
PA Pus aspirate
RIS Resistant Intermediate Sensitive
TMP-SMX Trimethoprim-Sulfamethoxazole
SOP Standard Operating Procedure
VBA Virtual Basic Application
VRE Vancomycin-Resistant Enterococcus species
WHO World Health Organization

 i",,amr27.pdf | PDF page 6,verified,retrieval_context
NCDC_resistance_2021_NARS-Net_p007_c00,document_chunk,NCDC_resistance_2021_NARS-Net,amr27.pdf,resistance,2021,NARS-Net,7,,,"List of Tables

Table 1 Pathogens and specimens included under surveillance
Table 2 Specimen-wise isolation of Priority Pathogens
Table 3 Location-wise distribution of priority pathogens
Table 4 Resistance profile observed in Staphylococcus aureus
Table 5 Resistance profile of Enterococcus species
Table 6 Resistance profile of Escherichia coli
Table 7 Resistance profile of Klebsiella species
Table 8 Resistance profile of Salmonella enterica Typhi and Paratyphi
Table 9 Resistance profile of Pseudomonas species
Table 10 Resistance profile of Acinetobacter species

 ii",,amr27.pdf | PDF page 7,verified,retrieval_context
NCDC_resistance_2021_NARS-Net_p008_c00,document_chunk,NCDC_resistance_2021_NARS-Net,amr27.pdf,resistance,2021,NARS-Net,8,,,"List of Figures

Figure 1 National AMR Surveillance Network (NARS-Net): Institutions under NARS Net from serial
 number 1-35 reported AMR Surveillance data of 2021 to NCDC
Figure 2 Priority pathogen before and after de-duplication
Figure 3 Distribution of isolates based on age
Figure 4 Distribution of AMR surveillance priority pathogens
Figure 5 Specimen-wise distribution of priority pathogens
Figure 6 Location-wise distribution of isolates
Figure 7 Trends of MRSA trend from 2017 to 2021 in blood isolates
Figure 8 Resistance profile of S. aureus isolated from blood from different location types
Figure 9 Resistance profile of Enterococcus species isolated from blood from different location types
Figure 10 Resistance profile of Escherichia coli isolated from blood from different location types
Figure 11 Trends of ESBL producing Escherichia coli isolated from blood in last 5 years
Figure 12 Resistance profile of Klebsiella species isolated from blood specimens
Figure 13 Trends of ESBL producing blood isolates of Klebsiella spp. in last 5 years
Figure 14 Resistance profile of Pseudomonas species isolated from blood from different location types
Figure 15 Resistance profile of Acinetobacter species isolated from blood specimens from different
 location types

 iii",,amr27.pdf | PDF page 8,verified,retrieval_context
NCDC_resistance_2021_NARS-Net_p010_c00,document_chunk,NCDC_resistance_2021_NARS-Net,amr27.pdf,resistance,2021,NARS-Net,10,,,"I. EXECUTIVE SUMMARY

Antimicrobial resistance has emerged as a significant public health threat that requires urgent
attention. To generate evidence of AMR Government of India initiated National Programme on
AMR Containment in 2013. One of the key objectives of this program is to strengthen the
laboratory capacity in state medical colleges for AMR surveillance. The network of labs over the
years has been expanded from 10 in 8 states to 36 labs in 26 states in a phased manner (Fig 1).
Priority pathogens under surveillance currently include seven commonly isolated pathogens from
identified specimens. The WHONET software is used for the collection and analysis of
antimicrobial susceptibility data.
This annual report covers the AMR data from 01 January 2021 to 31 December 2021. A total of
35 medical college laboratories from 25 states and UTs submitted their AMR data during this
period. Under NARS-Net during 2021, antimicrobial susceptibility (AST) data of 96,370 priority
pathogens, along with the demographic information of the patients from whom these pathogens
were isolated, was reported from 35 sites in 25 states/UTs. After data deduplication, 87,996 unique
patient isolate data were analysed; 55% (48398) of reported isolates were from male patients; 58%
were from inpatients.
Urine was the most reported specimen 39% (34509), followed by pus aspirate 35% (30366), blood
22% (19097), and Other sterile body fluids 5% (4023). The frequently reported priority pathogen
from all specimens was E. coli 29.8 %, followed by Klebsiella species 21.2 %, S. aureus 16.7%,
Pseudomonas species 12.6 %, Acinetobacter species 10% Enterococcus species 9.5% and
Salmonella enterica serovar Typhi and Paratyphi 0.2 %.
Among the reported Staphylococcus isolates 59% were Methicillin Resistant Staph aureus
(MRSA) and 1% were Linezolid resistant. Linezolid resistance in Enterococcus spp. from blood
culture was found to be 8.4%. ESBL was observed in 76% of E. coli and 81% of Klebsiella spp.
isolated from blood specimens. With respect to Carbapenem Resistant Enterobacterales (CRE) in
blood, 33% resistance was observed in E. coli and 50% in Klebsiella spp. Salmonella Typhi",,amr27.pdf | PDF page 10,verified,retrieval_context
NCDC_resistance_2021_NARS-Net_p010_c01,document_chunk,NCDC_resistance_2021_NARS-Net,amr27.pdf,resistance,2021,NARS-Net,10,,,"isolated from blood cultures showed 34% resistance to Ciprofloxacin.
56% resistance to Imipenem was observed in blood isolates of Acinetobacter spp. Carbapenem-
resistance was observed in 26% of Pseudomonas spp. from blood. Resistance to colistin was
observed to be < 1% among the gram-negative bacterial isolates.

 1",,amr27.pdf | PDF page 10,verified,retrieval_context
NCDC_resistance_2021_NARS-Net_p011_c00,document_chunk,NCDC_resistance_2021_NARS-Net,amr27.pdf,resistance,2021,NARS-Net,11,,,2,,amr27.pdf | PDF page 11,verified,retrieval_context
NCDC_resistance_2021_NARS-Net_p012_c00,document_chunk,NCDC_resistance_2021_NARS-Net,amr27.pdf,resistance,2021,NARS-Net,12,,,"II. National AMR Surveillance Network (NARS-
 Net)
Antimicrobial resistance (AMR) is a growing threat to public health which needs urgent attention.
Government of India has already taken a series of initiatives to combat this burgeoning problem.
One such initiatives is the launch “National Programme on Antimicrobial Resistance (AMR)
Containment” in 2013, during the 12th five-year plan (2012-2017). This programme is being
coordinated by National Centre for Disease Control (NCDC) Delhi. One of the objectives of the
programme is to generate quality AMR surveillance data in order to generate evidence of AMR in
the country to guide the plan of action to contain the problem. For this a network of laboratories
called the National AMR Surveillance Laboratory network (NARS-Net) has been established
under the programme. At the outset, NARS-Net included eight state medical college laboratories
which have over the years increased in a phased manner to include 36 laboratories in 26 states/UTs
as of March 2022. NCDC has been designated by MoHFW as the National Coordinating Centre
for WHO-Global Antimicrobial Resistance Surveillance System (GLASS). The data generated by
the network sites under the programme is submitted onto GLASS annually since 2018 every year.
The seven priority pathogens included under the NARS-Net are:
 1. Staphylococcus aureus
 2. Enterococcus species
 3. Escherichia coli
 4. Klebsiella species
 5. Pseudomonas species
 6. Acinetobacter species
 7. Salmonella enterica serotype Typhi and Paratyphi
The clinical specimens currently included under NARS-Net are:
 • Blood
 • Urine
 • Aspirated pus aspirate
 • Other sterile body fluids
 • Stool (only for Salmonella Typhi and Paratyphi)

 3",,amr27.pdf | PDF page 12,verified,retrieval_context
NCDC_resistance_2021_NARS-Net_p013_c00,document_chunk,NCDC_resistance_2021_NARS-Net,amr27.pdf,resistance,2021,NARS-Net,13,,,"Table 1- Pathogens and specimens included under surveillance
 Specimen S. aureus Enterococ Klebsiella E. coli Acinetob Pseudom Salmonella
 cus spp. spp. acter spp. onas Typhi/
 spp. Paratyphi
 Blood • • • • • • •
 Urine X • • • • • X

 Pus aspirate • • • • • • X

 Other Sterile
 • • • • • • X
 Body fluids
 Stool X X X X X X •

All the participating network sites quarterly report AMR data of the seven priority pathogens from
the above-mentioned specimen types to the programme unit at NCDC. The network sites are
mandated to implement internal quality control as an essential component of quality assurance in
antimicrobial susceptibility testing and also participate in the External Quality Assessment Scheme
(EQAS). On a quarterly basis, the network sites are to submit a pre-defined number of isolates for
EQA to the AMR National Reference Laboratory (NRL) at NCDC. It is also mandatory for the
sites to report and send all the emerging AMR alert isolates, as defined under the programme, for
confirmation to AMR NRL at NCDC.
Continuous support is provided to the programme sites to improve specimen collection, bacterial
culture, identification of pathogens and their antimicrobial susceptibility testing (AST) which
includes provision of continuous virtual and/ or hands-on trainings. Onsite support visits and onsite
trainings are also conducted for handholding the sites to strengthen bacteriology laboratory
capacity by improving the quality of culture and AST practices. In addition, NCDC regularly
organizes trainings and workshops on WHONET software, the software used for AMR data",,amr27.pdf | PDF page 13,verified,retrieval_context
NCDC_resistance_2021_NARS-Net_p013_c01,document_chunk,NCDC_resistance_2021_NARS-Net,amr27.pdf,resistance,2021,NARS-Net,13,,,"management, to streamline AMR surveillance data flow from network sites to NCDC. Numerous
one on one online trainings provided for the development of antibiograms for sharing the AMR
data with clinicians for local use and broth microdilution lab testing techniques have helped in
improving implementation of programme activities at the network sites.

 4",,amr27.pdf | PDF page 13,verified,retrieval_context
NCDC_resistance_2021_NARS-Net_p014_c00,document_chunk,NCDC_resistance_2021_NARS-Net,amr27.pdf,resistance,2021,NARS-Net,14,,,"Fig. 1 – National AMR Surveillance Network (NARS-Net): Institutions under NARS-Net
from serial no. 1-35 reported AMR Surveillance data of 2021 to NCDC (List of
Institutions at Annexure)

 5",,amr27.pdf | PDF page 14,verified,retrieval_context
NCDC_resistance_2021_NARS-Net_p015_c00,document_chunk,NCDC_resistance_2021_NARS-Net,amr27.pdf,resistance,2021,NARS-Net,15,,,"III. DATA COLLECTION

The WHONET software is used for the collection and analysis of the antimicrobial susceptibility
(AST) data generated by the manual testing methods and the automated systems at the programme
sites. The classification of the isolates as susceptible, intermediate or resistant is based on the
Clinical & Laboratory Standards Institute (CLSI) guidelines. During 2021 antimicrobial
susceptibility (AST) data of 96,370 priority pathogens, along with the demographic information
of the patients from whom these pathogens were isolated, was reported from 35 sites in 25
states/UTs.
All sentinel sites submitted the data quarterly after validation by the AMR nodal officer at the
sites. The data as per programme guidelines is to be submitted by the network sites within 15 days
after each quarter:
• Data from January 1 to March 31 of the current year sent by 15th April
• Data from April 1 to June 30 of the current year sent by 15th July
• Data from July 1 to September 30 of the current year sent by 15th October
• Data from October 1 to December 31 of the previous year sent by 15th January
The quarterly data submitted by the sites was screened and analyzed and the detailed feedback was
provided to them for each quarter. In addition to AMR data, as per programme requirements,
representative isolates were submitted by the sites to AMR NRL at NCDC as a part of the External
Quality Assessment (EQA). The NRL at NCDC performed identification and susceptibility testing
by strictly following the standard operating protocols (SoPs) and after confirmation results were
informed to the sites. Antibiotic-resistant alert isolates of public health concern as specified under
the programme were also submitted to NCDC, along with the duly filled form, for confirmation.

 6",,amr27.pdf | PDF page 15,verified,retrieval_context
NCDC_resistance_2021_NARS-Net_p016_c00,document_chunk,NCDC_resistance_2021_NARS-Net,amr27.pdf,resistance,2021,NARS-Net,16,,,"IV. DATA ANALYSIS

The analysis of cumulative data for the year 2021 has been performed by the programme unit at
NCDC and the National AMR surveillance Annual Report has been prepared. This annual report
covers the AMR data from 1st January 2021 to 31st December 2021. A total of 35 medical college
laboratories from 25 states and UTs submitted their AMR data during 2021. The antimicrobial
susceptibility testing data includes data of conventional disk diffusion method, Broth-micro
dilution (BMD) method and data generated through the automated antimicrobial susceptibility
testing systems.

 a. Data deduplication
As a first step for data analysis, a single file was created from all the cumulative AMR data files.
During this step, duplicate isolates for the same patients have been excluded from the database
files. Before starting the de-duplication process, variables containing information about the patient
was checked and variables were generated if required, e.g. patient ID number, age, sex, location,
department, AST in values (mm or µg/ml) etc. For analysis, only one result was considered for
each patient per specimen type and per pathogen. For example, if two blood cultures from the same
patient yielded growth of E. coli, only the first has been included in the data; if the growth of E.
coli was detected in one culture and of K. pneumoniae in the other, both results have been
considered. If there is the growth of E. coli in one blood culture and in one urinary culture from
the same patient, both specimen types have been included. From each patient, only the first isolate
of a given species recovered during the investigated time interval was included, regardless of its
susceptibility profile.

 7",,amr27.pdf | PDF page 16,verified,retrieval_context
NCDC_resistance_2021_NARS-Net_p017_c00,document_chunk,NCDC_resistance_2021_NARS-Net,amr27.pdf,resistance,2021,NARS-Net,17,,,"8382
 Enterococcus spp
 8841

 8840
 Acinetobacter spp.
 9531
 Priority Pathogens

 11052
 Pseudomonas spp.
 12332

 By Patient
 S. aureus 14695
 15608 By Isolate

 18684
 Klebsiella spp.
 20806

 26192
 Escherichia Coli
 29098

 0 5000 10000 15000 20000 25000 30000 35000
 Number of Isolates

Fig. 2- Priority pathogens before and after de-duplication

 b. Demography and distribution of priority pathogens

Among the total of 87, 996 unique patients, 55% pathogens were isolated from male patients as
compared to female patients (45%). Age data was available for 95% of unique patient isolates.
The highest proportion of unique patients contributing to the AST data belong to economically
productive age group that is 15-54 years whereas the lowest number of pathogens are reported
from age group of 85 years and above (1%).

 8",,amr27.pdf | PDF page 17,verified,retrieval_context
NCDC_resistance_2021_NARS-Net_p018_c00,document_chunk,NCDC_resistance_2021_NARS-Net,amr27.pdf,resistance,2021,NARS-Net,18,,,"85 and above 1

 75-84 3

 65-74 7

 55-64 11

 45-54 13
 Age in years

 35-44 13

 25-34 16

 15-24 13

 5-14 8

 1-4 6

 <1 9

 0 2 4 6 8 10 12 14 16 18
 % of patients

Fig. 3 - Distribution of isolates based on age

The total number of isolates from unique patients (after de-duplication) = 87,996
Urine- 34509 (39.21%)
Blood-19097 (21.70%)
Pus aspirate (PA)- 30366 (34.50%)
Other Sterile body fluids (OSBF)- 4023 (4.57%)
Stool- 1

The number of isolates reported in the year 2021 has increased over that reported annually in the
past four years. In 2021 AMR surveillance data, the most commonly isolated priority pathogen is
E. coli (29.8 %), which is similar to previous four years data, followed by Klebsiella species (21.2
%), S. aureus (16.7%), Pseudomonas species (12.6 %), Acinetobacter species (10 %)
Enterococcus species (9.5%) and Salmonella enterica serovar Typhi and Paratyphi (0.2 %).

 9",,amr27.pdf | PDF page 18,verified,retrieval_context
NCDC_resistance_2021_NARS-Net_p019_c00,document_chunk,NCDC_resistance_2021_NARS-Net,amr27.pdf,resistance,2021,NARS-Net,19,,,"35

 30
 30
 25

 20
 21
 15 17

 10 13
 10
 9
 5
 0.2
 0
 Escherichia Coli Klebsiella spp. Salmonella Pseudomonas Acinetobacter S. aureus Enterococcus
 Typhi and spp. spp. spp
 Paratyphi
 %

Fig. 4- Distribution of AMR surveillance priority pathogens

Similar to the previous four-year annual reports among all specimen types highest number of E.
coli are isolated from urine samples. Both from blood and pus aspirate specimen types the highest
number of priority pathogen isolated is S. aureus (32% & 26% respectively) followed by Klebsiella
spp. (19% & 22% respectively). While the lowest number of pathogen isolated from blood is
Salmonella enterica serovar Typhi and Paratyphi (1%). The majority of pathogens isolated from
OSBF are Pseudomonas species and Acinetobacter species (20% each respectively). Both from
pus aspirate and OSBF, lowest percentage of pathogen isolated is Enterococcus species (4% & 8%
respectively).

Table 2- Specimen-wise isolation of Priority Pathogens

 Priority Pathogen Blood (%) Pus aspirate (%) OSBF (%) Urine (%)

 S. aureus 6119 (32%) 7946 (26%) 630 (16%)
 Enterococcus spp. 1842 (10%) 1121 (4%) 332 (8%) 5087 (15%)
 Escherichia coli 1806 (9%) 6434 (21%) 675 (17%) 17277 (50%)",,amr27.pdf | PDF page 19,verified,retrieval_context
NCDC_resistance_2021_NARS-Net_p019_c01,document_chunk,NCDC_resistance_2021_NARS-Net,amr27.pdf,resistance,2021,NARS-Net,19,,,"Klebsiella spp. 3662 (19%) 6688 (22%) 792 (20%) 7542 (22%)
 Salmonella Typhi and 150 (1%)
 Paratyphi
 Pseudomonas spp. 1859 (10%) 5406 (18%) 800 (20%) 2987 (9%)
 Acinetobacter spp. 3659 (19%) 2771 (9%) 794 (20%) 1616 (5%)
 Total 19097 30366 4023 34509

 10",,amr27.pdf | PDF page 19,verified,retrieval_context
NCDC_resistance_2021_NARS-Net_p020_c00,document_chunk,NCDC_resistance_2021_NARS-Net,amr27.pdf,resistance,2021,NARS-Net,20,,,"S. aureus 630
 7946
 6119

 5087
 Enterococcus spp 332
 1121
 1842

 17277
 675
 Priority Pathogens

 Escherichia Coli
 6434
 1806

 7542
 Klebsiella spp. 792 Urine
 6688
 OSBF
 3662
 Pus
 2987 Blood
 Pseudomonas spp. 800
 5406
 1859

 1616
 Acinetobacter spp. 794
 2771
 3659

 0 5000 10000 15000 20000
 Number of Isolates

Fig. 5- Specimen wise distribution of priority pathogens

Of the 87,996 isolates included in the 2021 AMR surveillance data, 58% are from IN patients",,amr27.pdf | PDF page 20,verified,retrieval_context
NCDC_resistance_2021_NARS-Net_p020_c01,document_chunk,NCDC_resistance_2021_NARS-Net,amr27.pdf,resistance,2021,NARS-Net,20,,,"(IPD), 26% from Outpatient (OPD), 12% from ICU patients and 4% from the Emergency location
of hospital settings (Fig- 9). The most commonly isolated pathogen from all four location types is
E. coli except in ICU. In ICU facilities most Klebsiella spp. (24%) is the most commonly isolated
pathogen, followed by Acinetobacter spp. (19%) and Pseudomonas spp. (12%). In IPD patients’
maximum isolates are of E. coli (28%) followed by Klebsiella spp. (22%), S. aureus (17%),
Pseudomonas spp. (13%), Acinetobacter spp. (10%) and Enterococcus spp. (10%).
Among isolates from OPD patients, after E. coli (39%) second highest pathogen isolated is
Klebsiella spp. (19%). In Emergency highest isolation is of E. coli (30%), the second-highest
pathogen isolated is S. aureus (24%).

 11",,amr27.pdf | PDF page 20,verified,retrieval_context
NCDC_resistance_2021_NARS-Net_p021_c00,document_chunk,NCDC_resistance_2021_NARS-Net,amr27.pdf,resistance,2021,NARS-Net,21,,,"3942
 10472 (4%)
 (12%)
 In-patient
 Out patient

 22553 50904 ICU
 (26%) (58%) Emergency

Fig. 6 - Location-wise distribution of isolates

Table 3- Location-wise distribution of priority pathogens
 Priority Pathogen ICU (%) IPD (%) OPD (%) Emergency (%)
 Escherichia coli 1947 (19%) 14160 (28%) 8848 (39%) 1188 (30%)
 Klebsiella spp. 2477 (24%) 11206 (22%) 4382 (19%) 585 (15%)
 Salmonella Typhi and 14 68 35 34
 Paratyphi**
 Pseudomonas spp. 1265 (12%) 6413 (13%) 2985 (13%) 384 (10%)
 Acinetobacter spp. 1952 (19%) 5217 (10%) 1202 (5%) 454 (12%)
 S. aureus 1673 (16%) 8809 (17%) 3274 (15%) 931 (24%)
 Enterococcus spp. 1144 (11%) 5031 (10%) 1827 (8%) 366 (9%)
 Total (N) 10472 50904 22553 3942
N is the number of isolates for which location type was available in the submitted data
**Due to low numbers, percentages were not computed

 12",,amr27.pdf | PDF page 21,verified,retrieval_context
NCDC_resistance_2021_NARS-Net_p022_c00,document_chunk,NCDC_resistance_2021_NARS-Net,amr27.pdf,resistance,2021,NARS-Net,22,,,"V. AMR PROFILE OF PRIORITY PATHOGENS

The data collected under National AMR Surveillance Network (NARS-Net) is for selected
antibiotics only as per the NCDC AMR surveillance data management Standard Operating
procedure (SoP). This AMR surveillance data is from patients visiting the emergency and out-
patient departments of the hospitals and from patients admitted to the in-patient departments &
intensive care units.

 a. Gram positive cocci
The AMR Surveillance under NARS-Net covers 2 important globally prevalent gram-positive
bacterial pathogens i.e. Staphylococcus aureus and Enterococcus species. The AST data of 24,449
Gram positive cocci have been submitted to NCDC, of which 23077 isolates are from unique
patients.

Staphylococcus aureus
Staphylococcus aureus constituted 17% of all the isolates (Fig. 4). Data of a total of 15,608 S.
aureus isolates was submitted by the NARS-Net sites of which 14,695 isolates are from unique
patients. AST analysis of 14,695 isolates indicated that the S. aureus isolation rate from blood is
32%, 26% from pus aspirate and 16% from OSBF.

59% resistance to methicillin is observed in S. aureus isolates from blood, and resistance to
methicillin in isolates from aspirated pus and other sterile body fluids is found to be 49% and 48%
respectively (Table 4). The linear trend Analysis for MRSA in blood over last 4 years was done
using Chi-square for trend (Extended Mantel Haenszel) and it is found that there is significant
decrease in the proportion of MRSA in blood from the year 2018 to 2021 (Chi-square value for
Linear trend-18.9, p value - <0.0001). The last five-year MRSA trend in blood isolates is given
below.

 13",,amr27.pdf | PDF page 22,verified,retrieval_context
NCDC_resistance_2021_NARS-Net_p023_c00,document_chunk,NCDC_resistance_2021_NARS-Net,amr27.pdf,resistance,2021,NARS-Net,23,,,"100%

 90%

 80%
 69%
 70% 66% 64%
 % Resistance

 57% 59%
 60%

 50%
 MRSA
 40%

 30%

 20%

 10%
 2017 2018 2019 2020 2021
 YEARS

Fig. 7- Trends of MRSA from 2017 to 2021 in blood isolates

Erythromycin resistance is observed in 63% of S. aureus isolated from blood, 51% from pus
aspirates and 54% from OSBF (Table 4). Similar to the last four years linezolid resistance to S.
aureus is 1%.

S. aureus is the more commonly isolated gram-positive bacteria from each location type.
Distribution of S. aureus isolates reported under the programme in 2021 is from 16% of ICU
patients, 17% of IPD patients, 24% of patients in emergency units and 15% of OPD patients. (Table
3) 64% MRSA are isolated from ICU patients followed by IN and OPD patients (upto 58%).

 14",,amr27.pdf | PDF page 23,verified,retrieval_context
NCDC_resistance_2021_NARS-Net_p024_c00,document_chunk,NCDC_resistance_2021_NARS-Net,amr27.pdf,resistance,2021,NARS-Net,24,,,"Table 4: Resistance profile observed in Staphylococcus aureus

 Blood (N=6119) Pus aspirate (N=7946) Other Sterile Body Fluids
 (N=630)

 Antibiotic

 Resistance (%)

 Resistance (%)

 Resistance (%)
 tested

 Resistant

 Resistant

 Resistant
 Number

 Number

 Number

 Number

 Number

 Number
 Tested

 Tested

 Tested
 Cefoxitin 5805 3441 59 7602 3703 49 608 294 48",,amr27.pdf | PDF page 24,verified,retrieval_context
NCDC_resistance_2021_NARS-Net_p024_c01,document_chunk,NCDC_resistance_2021_NARS-Net,amr27.pdf,resistance,2021,NARS-Net,24,,,"Ciprofloxacin 5357 2695 50 6607 3884 59 524 209 40
 Clindamycin 5755 1960 34 7295 1630 22 588 160 27
 Doxycycline 5419 863 16 6215 796 13 533 50 9

 Erythromycin 5911 3730 63 7430 3807 51 626 341 54
 Gentamicin 5437 1396 26 7258 1698 23 584 121 21
 Linezolid 5761 36 1 7452 49 1 629 9 1

 TMP / SMX 4656 2015 43 6680 1803 27 514 191 37
 Teicoplanin 1206 14 1 1662 30 2 96 1 1

 15",,amr27.pdf | PDF page 24,verified,retrieval_context
NCDC_resistance_2021_NARS-Net_p025_c00,document_chunk,NCDC_resistance_2021_NARS-Net,amr27.pdf,resistance,2021,NARS-Net,25,,,"72
 Erythromycin 73
 75
 79

 63
 Ampicillin 68
 69
 70

 78
 Amoxicillin/Clavulanic acid 57
 43
 61

 48
 Gentamicin-High 44
 52
 55

 68
 Doxycycline 43
 41
 52

 10 EME
 Amikacin 27
 24
 36 IN",,amr27.pdf | PDF page 25,verified,retrieval_context
NCDC_resistance_2021_NARS-Net_p025_c01,document_chunk,NCDC_resistance_2021_NARS-Net,amr27.pdf,resistance,2021,NARS-Net,25,,,"23 OUT
 Teicoplanin 13
 16 ICU
 17

 12
 Vancomycin 9
 8
 16

 1
 Linezolid 2
 3
 3

 0 10 20 30 40 50 60 70 80 90
 % Resistance

Fig. 8- Resistance profile of S. aureus isolated from blood from different location types

Enterococcus species
Enterococcus species constitutes 9% of all isolates (Fig 4). A total of 8,841 Enterococcus species
isolate data was submitted by the NARS-Net sites during 2021 of which 8,382 isolates are from
unique patients. Enterococcus species reported in 2021 NARS-Net data represent 10% of blood
culture isolates, 8% of OSBF isolates, 15% of urine isolates and 4% of isolates from pus aspirates.
(Table 2)

Among the Enterococcus species isolated from blood, pus aspirate and OSBF specimens, the
highest resistance is observed to Erythromycin i.e., 75%, 66%, 71% respectively. Next highest
resistance is observed to ampicillin in all four specimen types i.e. blood, pus aspirate, OSBF and

 16",,amr27.pdf | PDF page 25,verified,retrieval_context
NCDC_resistance_2021_NARS-Net_p026_c00,document_chunk,NCDC_resistance_2021_NARS-Net,amr27.pdf,resistance,2021,NARS-Net,26,,,"urine which is 68%, 51%, 59% and 61% respectively (Table 5). Among urinary isolates, 77% are
resistant to ciprofloxacin, 7% to vancomycin and 2% to linezolid respectively.

Enterococcus species reported during 2021 under NARS-Net are from 11% of ICU patients, 10%
of IPD patients, 9% of patients in Emergency department and 8% of OPD patients. (Table 3)
Isolates from blood cultures of ICU patients show a high percentage of vancomycin-resistant
enterococcus (VRE) i.e. 16% and 3% are resistant to linezolid. (Fig. 9) Blood isolates from all
location types show high level resistance to Erythromycin and Ampicillin i.e. > 70 % and > 60%
respectively (Fig. 9). Linezolid-resistant VRE isolates from blood have increased from 5% in year
2019 to 8.4% in year 2021. High level resistance observed in Enterococcus species isolated from
blood is a matter of concern in ICU patients. (Fig. 9)

Table 5- Resistance profile of Enterococcus species

 Blood (N=1842) Pus aspirate (N=1121) OSBF (N=332) Urine (N=5087)
 Antibiotic
 Resistance

 Resistance

 Resistance

 Resistance
 Resistant

 Resistant

 Resistant

 Resistant
 Number

 Number

 Number

 Number

 Number",,amr27.pdf | PDF page 26,verified,retrieval_context
NCDC_resistance_2021_NARS-Net_p026_c01,document_chunk,NCDC_resistance_2021_NARS-Net,amr27.pdf,resistance,2021,NARS-Net,26,,,"Number

 Number

 Number
 Tested

 Tested

 Tested

 Tested
 Tested
 %

 %

 %

 %
 Ampicillin 1462 994 68 956 488 51 286 168 59 4604 2790 61

 Doxycycline 1185 548 46 786 399 51 258 126 49

 Erythromycin 1493 1118 75 965 640 66 312 221 71

 Gentamicin-
 1427 675 47 955 300 31 298 138 46 4495 2267 50
 High

 Linezolid 1582 40 3 1021 24 2 315 6 2 4880 118 2

 Teicoplanin 572 80 14 326 21 6 94 14 15 1574 196 12

 Vancomycin 1563 177 11 944 27 3 327 30 9 4581 332 7

 Ciprofloxacin 4233 3268 77",,amr27.pdf | PDF page 26,verified,retrieval_context
NCDC_resistance_2021_NARS-Net_p026_c02,document_chunk,NCDC_resistance_2021_NARS-Net,amr27.pdf,resistance,2021,NARS-Net,26,,,"Tetracycline 3356 1986 59

 Fosfomycin 888 122 14

 17",,amr27.pdf | PDF page 26,verified,retrieval_context
NCDC_resistance_2021_NARS-Net_p027_c00,document_chunk,NCDC_resistance_2021_NARS-Net,amr27.pdf,resistance,2021,NARS-Net,27,,,"72
 Erythromycin 73
 75
 79

 63
 Ampicillin 68
 69
 70

 78
 Amoxicillin/Clavulanic acid 57
 43
 61

 48
 Gentamicin-High 44
 52
 55

 68
 Doxycycline 43
 41
 52

 10 EME
 Amikacin 27
 24
 36 IN",,amr27.pdf | PDF page 27,verified,retrieval_context
NCDC_resistance_2021_NARS-Net_p027_c01,document_chunk,NCDC_resistance_2021_NARS-Net,amr27.pdf,resistance,2021,NARS-Net,27,,,"23 OUT
 Teicoplanin 13
 16 ICU
 17

 12
 Vancomycin 9
 8
 16

 1
 Linezolid 2
 3
 3

 0 10 20 30 40 50 60 70 80 90
 % Resistance

Fig. 9- Resistance profile of Enterococcus species isolated from blood from different
location types

 18",,amr27.pdf | PDF page 27,verified,retrieval_context
NCDC_resistance_2021_NARS-Net_p028_c00,document_chunk,NCDC_resistance_2021_NARS-Net,amr27.pdf,resistance,2021,NARS-Net,28,,,"b. Gram negative bacilli
Under NARS-Net, five commonly isolated gram-negative bacilli of public health importance are
included for AMR surveillance. These are E coli, Klebsiella species, Pseudomonas species,
Acinetobacter species and Salmonella enterica serovar Typhi and Paratyphi. AST data of 71,921
isolates of gram-negative bacilli have been reported from 64,919 unique patients during the period
of January 2021 to December 2021 from 35 sentinel sites. The colistin resistant isolates included
in the annual data for 2021 are those that have been confirmed at AMR-NRL at NCDC.

 i. Enterobacteriaceae
E. coli, Klebsiella species and Salmonella enterica serovar Typhi and Paratyphi AST data
submitted by network sites accounts for 50,058 (52%) isolates from 45,027 (51%) unique patients.
Thus, in concordance to previous annual reports this year also maximum isolates belong to the
Enterobacteriaceae family.

Escherichia coli

A total of 29,098 E. coli isolate AST data has been reported from 26,192 unique patients. E. coli
constituted 30% of data reported from unique patients for the year 2021. The highest number of E
coli has been reported from urine samples, followed by PA, blood & OSBF. (Table 2) Ampicillin
resistance in E. coli is observed to be more than 80% in all specimen types. For third generations
cephalosporin cefotaxime, resistance is observed in > 70 % E. coli isolated from all specimen
types. Among blood isolates of E. coli, 76% are ESBL positive. Carbapenem resistance observed
in E. coli isolates from blood is up to 33%. For non-beta-lactam antibiotics, 73% resistance is
observed to ciprofloxacin, 59% to Trimethoprim-Sulfamethoxazole (TMP/SMX) and 11% to
nitrofurantoin in urinary isolates. (Table 6) Similarly, in E. coli isolates from blood, percentage
resistance to non-beta-lactam antibiotics observed is 63% to ciprofloxacin, 54% to TMP/SMX.
43% isolates from blood show resistance to piperacillin tazobactam.

The colistin susceptibility testing has been done using the broth microdilution method as per CLSI
document M02 and M100, though for a limited number of isolates. The resistance profile of E.",,amr27.pdf | PDF page 28,verified,retrieval_context
NCDC_resistance_2021_NARS-Net_p028_c01,document_chunk,NCDC_resistance_2021_NARS-Net,amr27.pdf,resistance,2021,NARS-Net,28,,,"coli isolates from blood, urine, PA & OSBF from different location types is shown in Fig. 10.

 19",,amr27.pdf | PDF page 28,verified,retrieval_context
NCDC_resistance_2021_NARS-Net_p029_c00,document_chunk,NCDC_resistance_2021_NARS-Net,amr27.pdf,resistance,2021,NARS-Net,29,,,"Table 6: Resistance profile of Escherichia coli

 Pus Aspirate
 Blood (N=1806) OSBF (N=675) Urine (N=17277)
 (N=6434)
 Antibiotic

 Resistance

 Resistance

 Resistance

 Resistance
 Resistant

 Resistant

 Resistant

 Resistant
 Number

 Number

 Number

 Number

 Number

 Number

 Number

 Number
 Tested

 Tested

 Tested

 Tested
 Tested

 %",,amr27.pdf | PDF page 29,verified,retrieval_context
NCDC_resistance_2021_NARS-Net_p029_c01,document_chunk,NCDC_resistance_2021_NARS-Net,amr27.pdf,resistance,2021,NARS-Net,29,,,"%

 %

 %
Amikacin 1510 1088 29 5399 1280 24 565 121 21 12006 2323 19

Amoxicillin/ 680 390 57 2848 1660 58 262 151 58 6565 3435 52
Clavulanic acid
Ampicillin 1294 584 84 4986 4281 86 501 417 83 13371 11357 85

Cefepime 1286 1056 62 4999 3014 60 548 327 60 12699 6862 54

Cefotaxime 1380 797 77 5302 4045 76 577 447 77 14485 10377 72

Ciprofloxacin 1551 135 63 5820 4266 73 644 454 70 15064 11037 73

Colistin 914 0 0 1847 0 0 337 0 0 4293 1

Ertapenem 406 211 33 1186 283 24 186 46 25 3931 814 21

Gentamicin 1260 431 39 4775 1696 36 421 132 31 7885 2323 29

Imipenem 1593 491 29 5810 1193 21 646 161 25 15254 2350 15

Meropenem 854 981 25 3605 592 16 302 58 19 5938 895 15

Piperacillin/ 1350 701 43 5293 2268 43 547 257 47 2937 2937 29
Tazobactam",,amr27.pdf | PDF page 29,verified,retrieval_context
NCDC_resistance_2021_NARS-Net_p029_c02,document_chunk,NCDC_resistance_2021_NARS-Net,amr27.pdf,resistance,2021,NARS-Net,29,,,"Trimethoprim/ 1289 14 54 4971 2872 58 516 308 60 8918 8918 59
Sulfamethoxazole
Nitrofurantoin 16229 1725 11

Fosfomycin 855 58 7

Cefuroxime 3257 2581 79

Doxycycline 762 398 52 111 49 44

 20",,amr27.pdf | PDF page 29,verified,retrieval_context
NCDC_resistance_2021_NARS-Net_p030_c00,document_chunk,NCDC_resistance_2021_NARS-Net,amr27.pdf,resistance,2021,NARS-Net,30,,,"87
 Ampicillin 84
 72
 87
 85
 Cefotaxime 76
 69
 78
 74
 Ciprofloxacin 62
 53
 65
 59
 Cefepime 62
 52
 65
 78
 Amoxicillin/Clavulanic acid 57
 43
 61
 58
 TMP/SMX 55
 38
 56
 32
 Piperacillin/Tazobactam 39
 38
 56",,amr27.pdf | PDF page 30,verified,retrieval_context
NCDC_resistance_2021_NARS-Net_p030_c01,document_chunk,NCDC_resistance_2021_NARS-Net,amr27.pdf,resistance,2021,NARS-Net,30,,,"EME
 24
 Ertapenem 28
 27 IN
 47
 21 OUT
 Gentamicin 39
 30
 44
 ICU
 8
 Meropenem 21
 17
 39
 16
 Imipenem 27
 26
 36
 10
 Amikacin 27
 24
 36

 0 20 40 60 80 100
 % Resistance

Fig. 10: Resistance profile of Escherichia coli isolated from blood from different location
types

 21",,amr27.pdf | PDF page 30,verified,retrieval_context
NCDC_resistance_2021_NARS-Net_p031_c00,document_chunk,NCDC_resistance_2021_NARS-Net,amr27.pdf,resistance,2021,NARS-Net,31,,,"100%

 90% 86%
 81% 82% 80%
 80% 76%

 70%

 60%

 50%

 40%

 30%

 20%

 10%
 2017 2018 2019 2020 2021
 ESBL in E. coli

Fig. 11: Trends of ESBL producing Escherichia coli isolated from blood in last 5
years

The linear trend Analysis for ESBL producing E. coli (blood) was done using Chi-square
(Extended Mantel Haenszel) and it was found that there is significant decrease in the proportion
of ESBL producing E. coli isolates from the year 2018 to 2021 (Chi-square value for Linear trend-
17.56, p value - <0.0001) [Fig. 11]

Klebsiella species

High level of resistance was observed in Klebsiella spp. isolates from all specimen types and for
all antibiotics except colistin. Total of 7,542 Klebsiella species were isolated from urine
specimens. ESBL positivity was observed in 81% of blood isolates of Klebsiella species.
Cefotaxime resistance in the blood isolates is 82% followed by 79% in OSBF isolates, 77% in pus
aspirate isolates and 69% in urine isolates. Ciprofloxacin resistance in isolates from all four
specimen types ranges from 62% to 65% and the amikacin resistance ranges from 32% to 52%.
Highest resistance to ertapenem was observed in isolates of Klebsiella spp. from blood i.e. 50%
compared to the other specimen types. (Fig. 12)

 22",,amr27.pdf | PDF page 31,verified,retrieval_context
NCDC_resistance_2021_NARS-Net_p032_c00,document_chunk,NCDC_resistance_2021_NARS-Net,amr27.pdf,resistance,2021,NARS-Net,32,,,"Table 7: Resistance profile of Klebsiella species

 Pus Aspirate
 Blood (N=3662) OSBF (N=792) Urine (N=7542)
 (N=6688)
 Antibiotic

 Resistance

 Resistance

 Resistance

 Resistance
 Resistant

 Resistant

 Resistant

 Resistant
 Number

 Number

 Number

 Number

 Number

 Number

 Number

 Number
 Tested

 Tested

 Tested

 Tested
 Tested

 %",,amr27.pdf | PDF page 32,verified,retrieval_context
NCDC_resistance_2021_NARS-Net_p032_c01,document_chunk,NCDC_resistance_2021_NARS-Net,amr27.pdf,resistance,2021,NARS-Net,32,,,"%

 %

 %
 Amikacin 2859 1473 52 5688 2471 43 606 268 44 5549 1751 32

 Amoxicillin/
 1451 988 68 2815 1887 67 300 197 66 3042 1754 58
 Clavulanic acid

 Cefepime 2658 1863 70 5241 3433 66 655 421 64 5655 3115 55

 Cefotaxime 2774 2273 82 5537 4238 77 668 527 79 6392 4423 69

 Ciprofloxacin 3172 2064 65 6130 4035 66 734 462 63 6634 4091 62

 Colistin 1868 9 2026 2 381 0 2002 7

 Ertapenem 692 345 50 1040 342 33 173 79 46 1550 527 34

 Gentamicin 2625 1453 55 5352 2637 49 545 254 47 3691 1289 35

 Imipenem 3287 1290 39 6039 1982 33 753 313 42 6681 1684 25

 Meropenem 1808 696 38 3942 1052 27 409 172 42 2710 697 26

 Piperacillin/
 2809 1677 60 5646 3169 56 613 344 56 4809 1833 38
 Tazobactam
 Trimethoprim/
 Sulfamethoxazo 2633 1529 58 5229 3131 60 631 381 60 6629 3775 57
 le",,amr27.pdf | PDF page 32,verified,retrieval_context
NCDC_resistance_2021_NARS-Net_p032_c02,document_chunk,NCDC_resistance_2021_NARS-Net,amr27.pdf,resistance,2021,NARS-Net,32,,,"Cefuroxime 1661 1337 80

 Nitrofurantoin 6468 2448 38

 Doxycycline 718 353 49 111 45 41

 23",,amr27.pdf | PDF page 32,verified,retrieval_context
NCDC_resistance_2021_NARS-Net_p033_c00,document_chunk,NCDC_resistance_2021_NARS-Net,amr27.pdf,resistance,2021,NARS-Net,33,,,"80
 Cefotaxime 81
 71
 87
 70
 Cefepime 69
 57
 77

 89
 Amoxicillin/Clavulanic acid 66
 64
 74

 73
 Ciprofloxacin 63
 54
 72

 60
 Piperacillin/Tazobactam 57
 50
 68

 67
 Trimethoprim/Sulfamethoxazole 56
 46
 64 EME
 55 IN
 Gentamicin 54
 47
 61 OUT",,amr27.pdf | PDF page 33,verified,retrieval_context
NCDC_resistance_2021_NARS-Net_p033_c01,document_chunk,NCDC_resistance_2021_NARS-Net,amr27.pdf,resistance,2021,NARS-Net,33,,,"50 ICU
 Amikacin 48
 43
 60
 44
 Imipenem 34
 34
 50

 53
 Meropenem 35
 33
 47

 0 20 40 60 80 100
 % Resistance

Fig. 12: Resistance profile of Klebsiella species isolated from blood specimens

 24",,amr27.pdf | PDF page 33,verified,retrieval_context
NCDC_resistance_2021_NARS-Net_p034_c00,document_chunk,NCDC_resistance_2021_NARS-Net,amr27.pdf,resistance,2021,NARS-Net,34,,,"100%
 90% 89% 90%
 90% 86%
 81%
 80%

 70%

 60%

 50%

 40%

 30%

 20%

 10%
 2017 2018 2019 2020 2021

 ESBL in Klebsiella spp.

Fig. 13: Trends of ESBL producing blood isolates of Klebsiella spp. in the last 5
years

The linear trend Analysis for ESBL producing Klebsiella spp. (for blood isolates) was done
using Chi-square for trend (Extended Mantel Haenszel) and it was found that there is significant
decrease in the proportion of ESBL producing Klebsiella spp. isolates from the year 2018 to
2019 followed by an upward trend in 2020 (90%). Further in 2021 the proportion of ESBL
producing bacteria significantly decreased to 81% (Chi-square value for Linear trend-54.03, p
value - <0.0001) [Fig. 13]

Salmonella enterica Typhi and Paratyphi
This year network sites submitted AMR surveillance data of 154 Salmonella enterica serovar
Typhi and Paratyphi isolates of which 151 isolates are from unique patients. Only one isolate of
Salmonella has been reported from stool specimen hence is not included in the analysis. Low
resistance to first-line antibiotics (13% ampicillin, 4% chloramphenicol, 10% TMP/SMX) has
been observed compared to ciprofloxacin which is 34 %. Also, the resistance for ceftriaxone in the
year 2019, 2020 & 2021 is consistently observed as 2%.

 25",,amr27.pdf | PDF page 34,verified,retrieval_context
NCDC_resistance_2021_NARS-Net_p035_c00,document_chunk,NCDC_resistance_2021_NARS-Net,amr27.pdf,resistance,2021,NARS-Net,35,,,"Table 8: Resistance profile of Salmonella enterica Typhi and Paratyphi

 S. Typhi (N=148) S. Paratyphi (N=2)
 Antibiotic tested Numbe Number Resistance Number Number
 r tested Resistant (%) tested Resistant
 Ampicillin 123 16 13 2 0
 Azithromycin 119 3 3 2 1
 Ceftriaxone 125 2 2 0 0
 Chloramphenicol 119 5 4 2 0
 Ciprofloxacin 128 43 34 2 1
 Imipenem 114 0 0 2 0
 Trimethoprim/Sulfamethoxazole 126 13 10 2 1

 26",,amr27.pdf | PDF page 35,verified,retrieval_context
NCDC_resistance_2021_NARS-Net_p036_c00,document_chunk,NCDC_resistance_2021_NARS-Net,amr27.pdf,resistance,2021,NARS-Net,36,,,"ii. Non-Fermenting Gram-negative bacilli
Among the Non-fermenting Gram-negative bacilli (NF GNB) collected during Jan-Dec 2021
across all NARS-Net sites, Pseudomonas species (12,332) was the most commonly isolated
pathogen followed by Acinetobacter species (9,531). Similar isolation rates of NF GNB have been
observed in the last two years.

Pseudomonas species

Pseudomonas species isolated from blood showed 18% resistance to Meropenem and 19% to
Piperacillin tazobactam. Isolates from blood in ICU, IN & OUT patient facilities showed high
resistance to ceftazidime i.e., 35%, 46% & 36% respectively; in isolates from emergency
department ceftazidime resistance is observed to be 28%. Carbapenem-resistance is observed in
26% of Pseudomonas spp. isolated from blood and 27% from urine.

Table 9: Resistance profile of Pseudomonas species

 Blood (N=1859) Pus aspirate (N=5406) OSBF (N=800) Urine (N=2987)
 Antibiotic
 Resistance

 Resistance

 Resistance

 Resistance
 Resistant

 Resistant

 Resistant

 Resistant
 Number

 Number

 Number

 Number

 Number

 Number",,amr27.pdf | PDF page 36,verified,retrieval_context
NCDC_resistance_2021_NARS-Net_p036_c01,document_chunk,NCDC_resistance_2021_NARS-Net,amr27.pdf,resistance,2021,NARS-Net,36,,,"Number

 Number
 Tested

 Tested

 Tested

 Tested
 Tested
 %

 %

 %

 %
 Amikacin 1650 362 22 5028 1544 31 728 132 18 2706 848 31

 Aztreonam 683 242 35 2612 836 32 310 86 28 1215 437 36

 Ceftazidime 1580 649 41 4937 2152 44 715 245 34 2742 1222 45

 Ciprofloxacin 1467 432 29 4986 2079 42 751 191 25 2643 1230 47

 Colistin 932 2 1702 1 427 1 751 1

 Gentamicin 1345 368 27 4686 1661 35 656 147 22 2435 858 35

 Imipenem 1646 424 26 4990 1265 25 742 178 24 2776 753 27

 Meropenem 779 137 18 2859 551 19 341 80 23 1219 293 24",,amr27.pdf | PDF page 36,verified,retrieval_context
NCDC_resistance_2021_NARS-Net_p036_c02,document_chunk,NCDC_resistance_2021_NARS-Net,amr27.pdf,resistance,2021,NARS-Net,36,,,"Netilmicin 146 33 23 620 178 29 60 24 40 276 104 38

 Piperacillin/T 1574 293 19 4949 1317 27 707 142 20 2722 654 24
 azobactam

 27",,amr27.pdf | PDF page 36,verified,retrieval_context
NCDC_resistance_2021_NARS-Net_p037_c00,document_chunk,NCDC_resistance_2021_NARS-Net,amr27.pdf,resistance,2021,NARS-Net,37,,,"27
 Ceftazidime 47
 34
 33

 18
 Gentamicin 27
 29
 30

 22
 Ciprofloxacin 31
 26
 28

 19
 Imipenem 27
 24
 23

 10 EME
 Amikacin 24 IN
 22
 21 OUT

 12 ICU
 Meropenem 18
 20
 19

 17
 Piperacillin/Tazobactam 20
 14
 16

 0 10 20 30 40 50
 % Resistance

Fig. 14-Resistance profile of Pseudomonas species isolated from blood from different location
types

 28",,amr27.pdf | PDF page 37,verified,retrieval_context
NCDC_resistance_2021_NARS-Net_p038_c00,document_chunk,NCDC_resistance_2021_NARS-Net,amr27.pdf,resistance,2021,NARS-Net,38,,,"Acinetobacter

Total of 9,531 Acinetobacter species isolate data was submitted by network sites of which 8,840 are
from unique patients. Majority of Acinetobacter spp. reported under NARS-Net are from blood
cultures (3659). 56% resistance to Imipenem was observed in blood isolates. Acinetobacter spp.
isolated from all specimen types showed highest resistance to Ceftazidime. One isolate each from
blood and plural fluid and two isolates from urine are resistant to colistin.

Table 10: Resistance profile of Acinetobacter species

 Pus Aspirate
 Blood (N=3659) OSBF (N=794) Urine (N=1616)
 (N=2771)
 Antibiotic
 Resistance

 Resistance

 Resistance

 Resistance
 Resistant

 Resistant

 Resistant

 Resistant
 Number

 Number

 Number

 Number

 Number

 Number

 Number",,amr27.pdf | PDF page 38,verified,retrieval_context
NCDC_resistance_2021_NARS-Net_p038_c01,document_chunk,NCDC_resistance_2021_NARS-Net,amr27.pdf,resistance,2021,NARS-Net,38,,,"Number
 Tested

 Tested

 Tested

 Tested
 Tested
 %

 %

 %

 %
 Amikacin 3128 1587 51 2568 1505 59 731 408 56 1393 464 33

 Cefotaxime 1592 1144 72 1619 1188 73 447 322 72 860 491 57

 Ceftazidime 2867 2036 71 2339 1790 77 692 495 72 1329 753 57

 Ciprofloxacin 2999 1643 55 2483 1743 70 725 406 56 1359 603 44

 Colistin 2070 1 940 0 489 1 441 2

 Gentamicin 2737 1396 51 2268 1330 59 634 322 51 1167 431 37

 Imipenem 3172 1781 56 2538 1420 56 733 457 62 1501 467 31

 Meropenem 1228 559 46 1299 638 49 348 192 55 521 121 23

 Minocycline 2147 467 22 1379 346 25 556 117 21 736 161 22",,amr27.pdf | PDF page 38,verified,retrieval_context
NCDC_resistance_2021_NARS-Net_p038_c02,document_chunk,NCDC_resistance_2021_NARS-Net,amr27.pdf,resistance,2021,NARS-Net,38,,,"Piperacillin/ 2994 1498 50 2438 1462 60 719 393 55 1451 458 32
 Tazobactam
 Trimethopri 1942 1004 52 1840 1162 63 486 258 53 1118 493 44
 m/
 Sulfamethoxa
 zole

Minocycline and Colistin were the only antibiotics with low levels of resistance in Acinetobacter
species isolates from blood cultures.

 29",,amr27.pdf | PDF page 38,verified,retrieval_context
NCDC_resistance_2021_NARS-Net_p039_c00,document_chunk,NCDC_resistance_2021_NARS-Net,amr27.pdf,resistance,2021,NARS-Net,39,,,"70
 Cefotaxime 68
 65
 83
 71
 Ceftazidime 68
 60
 79

 Imipenem 50
 69
 70
 Ciprofloxacin 49
 47
 65
 64
 Piperacillin/Tazobactam 43
 42
 63 EME
 65 IN
 Meropenem 39
 OUT
 ICU
 62
 Gentamicin 46
 43
 61
 65
 Amikacin 45",,amr27.pdf | PDF page 39,verified,retrieval_context
NCDC_resistance_2021_NARS-Net_p039_c01,document_chunk,NCDC_resistance_2021_NARS-Net,amr27.pdf,resistance,2021,NARS-Net,39,,,"43
 61
 63
 TMP/SMX 48
 42
 59
 25
 Minocycline 20
 15
 28

 0 10 20 30 40 50 60 70 80 90
 % Resistance

Figure 15- Resistance profile of Acinetobacter species isolated from blood specimens from
different location types

 30",,amr27.pdf | PDF page 39,verified,retrieval_context
NCDC_resistance_2021_NARS-Net_p040_c00,document_chunk,NCDC_resistance_2021_NARS-Net,amr27.pdf,resistance,2021,NARS-Net,40,,,"VI. Discussion
Strengthening global, national and local AMR surveillance is critical for AMR containment as it
is the basis for putting in place evidence-based strategies, monitoring the effectiveness of public
health interventions and detecting new trends and threats.

Antimicrobial resistance (AMR) poses a significant global health challenge threatening the
attainment of Sustainable Development Goals (SDGs) related to health. WHO has declared AMR
as one of the top ten global public health threats. Under the National Programme on AMR
Containment, NARS-Net annually generates the National AMR Surveillance report. The activities
under NARS-Net include capacity building of a network of govt. medical college laboratories for
AMR Surveillance. NARS-Net is being expanded in a phased manner to all states and UTs in the
country. AMR surveillance under NARS-Net includes standardised collection, analysis and
compilation of AMR data from all the network sites. The compiled data is used to generate the
annual National AMR surveillance report which is shared with stakeholders at the National and
state level and is also made available in the public domain (on NCDC website). For vancomycin
resistant S. aureus and colistin resistant gram-negative bacteria, only the isolates for which
identification and AST has been confirmed at the AMR-NLR at NCDC have been included in this
data. This network data is also submitted annually to WHO’s Global AMR Surveillance System
(GLASS).

This report for the year 2021 presents analysed data from 35 sentinel sites located in 25 states/UTs
of India. Compared to the previous year’s National AMR Surveillance Report which included 2020
data from 29 network sites, the number of sites submitting the AMR data during 2021 has increased
to 35 network sites. Quality of AMR surveillance data submitted by the sites has been ensured by
continuous support in the form of trainings based on standard operating procedures for data
management, antimicrobial susceptibility testing, internal quality control (IQC) and other technical
guidelines developed by NCDC. The number of centres performing colistin BMD has increased",,amr27.pdf | PDF page 40,verified,retrieval_context
NCDC_resistance_2021_NARS-Net_p040_c01,document_chunk,NCDC_resistance_2021_NARS-Net,amr27.pdf,resistance,2021,NARS-Net,40,,,"compared to the previous years. The virtual capacity-building program initiated in 2020 to
standardise bacteriology testing methods at the laboratories across the network using the ECHO
platform has been continuously assisting the sites. In addition, quarterly feedbacks on AMR data
are provided to the network sites using a customised VBA tool (developed with support from
CDC-India). Network laboratories have played an essential role in improving the patient
demographic & AST data compliance. Most sites have adopted stringent internal quality control
of antibiotic discs as per recommendations under the programme. Certain limitations that could

 31",,amr27.pdf | PDF page 40,verified,retrieval_context
NCDC_resistance_2021_NARS-Net_p041_c00,document_chunk,NCDC_resistance_2021_NARS-Net,amr27.pdf,resistance,2021,NARS-Net,41,,,"affect this data are lack of strict compliance to the internal quality control SoPs by some sites.
Also, the small number of isolates from emergency settings may make that data less representative.
Inclusion of data from more number of centres and from all states and UTs would make the data
more representative for the country.

E. coli is the most commonly isolated pathogen (30%) in the AMR Surveillance data of 2021
which is found to be similar to the previous 4 years reports. Amongst urinary isolates, E. coli is
the most commonly isolated pathogen (50%) while S. aureus is the most commonly isolated
pathogen from pus aspirates and this finding corroborated with the previous year reports. In terms
of location type, E coli is predominantly isolated from OPD patients (39%) and In -patient (28%)
settings whereas Klebsiella spp. were more commonly isolated in the ICU setting (24%). Similar
pathogen burden in respective location types was also seen in the previous year report.

A significant reduction in Methicillin-resistant S. aureus (MRSA) in blood was observed this year
(59%) in comparison to the previous years since 2018. Similar to the previous years, Linezolid
resistance in S. aureus was found to be 0.7%. Enterococcus spp. isolated from blood cultures
showed 11% resistance to Vancomycin.

The linear trend analysis for ESBL producing blood isolates of E. coli showed significant decrease
in the proportion of ESBL producing E. coli isolates from the year 2018 (86%) to 2021(76%).
Significant reduction may be due to stringent internal quality control of antibiotic discs and
increase in the number of sentinel sites in NARS-Net. Upto 33% of E. coli and upto 50% of
Klebsiella spp. isolated from blood were found to be CREs.

Currently, resistance to last-resort antibiotics has been significantly increasing which poses a
serious challenge as there are no newer drugs in the pipeline. Strengthening local infection
prevention, antimicrobial stewardship practices at healthcare facilities in the country and
addressing the drivers of AMR requires an urgent multisectoral multipronged strategy to combat
AMR.",,amr27.pdf | PDF page 41,verified,retrieval_context
NCDC_resistance_2021_NARS-Net_p041_c01,document_chunk,NCDC_resistance_2021_NARS-Net,amr27.pdf,resistance,2021,NARS-Net,41,,,32,,amr27.pdf | PDF page 41,verified,retrieval_context
NCDC_resistance_2021_NARS-Net_p042_c00,document_chunk,NCDC_resistance_2021_NARS-Net,amr27.pdf,resistance,2021,NARS-Net,42,,,"Annexure

VII. List of NARS-Net sites
1. Lady Hardinge Medical College and Associated hospitals, Delhi
2. Vardhman Mahavir Medical college and S.J Hospital, Delhi
3. SMS medical College, Jaipur, Rajasthan
4. B.J Medical College, Ahmedabad, Gujarat
5. B.J Medical college, Pune, Maharashtra
6. Government Medical college, Chandigarh
7. Mysore Medical college, Mysuru, Karnataka
8. GSVM Medical College, Kanpur, Uttar Pradesh
9. Gauhati Medical College and Hospital, Guwahati, Assam
10. K.A.P V. Government Medical College, Tiruchirappalli, Tamil Nadu
11. NEIGRIHMS, Shillong, Meghalaya
12. Govt. Medical College, Thiruvananthapuram, Kerala
13. M.G.M College and Hospital, Indore, Madhya Pradesh
14. IGMC, Shimla, Himachal Pradesh
15. Govt. Medical College and Hospital, Aurangabad, Maharashtra
16. Osmania Medical College, Hyderabad, Telangana
17. Govt. Medical College & Hospital, Jammu, Jammu and Kashmir
18. Agartala Govt. Medical College, Agartala, Tripura
19. Guntur Medical College, Guntur, Andhra Pradesh
20. SCB Medical College & Hospital, Cuttack, Odisha
21. Pt. Jawaharlal Nehru Memorial Medical College, Raipur, Chattisgarh
22. Rajendra Institute of Medical Sciences, Ranchi, Jharkhand
23. Pandit Bhagwat Dayal Sharma, Post Graduate Institute of Medical Sciences (PGIMS)
 Rohtak, Haryana
24. Indira Gandhi Institute of Medical Sciences, Sheikhpura, Patna, Bihar
25. Govt. Medical College, Haldwani, Uttarakhand
26. Gandhi Medical College, Bhopal, Madhya Pradesh
27. Calcutta School of Tropical Medicine, Kolkata, West Bengal
28. Lala Lajpat Rai Memorial (LLRM) Medical College, Meerut, Uttar Pradesh
29. GMERS Medical College and Civil Hospital, Valsad, Gujarat
30. Coimbatore Medical College & Hospital, Coimbatore, Tamil Nadu
31. Karnataka Institute of Medical Sciences (KIMS), Hubli, Karnataka
32. Indira Gandhi Medical College & Research Institute (IGMC & RI) Puducherry
33. NAMO Medical Education and Research Institute (MERI), Silvassa, Dadra & Nagar Haveli
34. Maulana Azad Medical College (MAMC) and Associated Hospitals, Delhi
35. Sardar Patel Medical College (SPMC) and Hospital, Bikaner, Rajasthan
36. Goa Medical College & Hospital, Bambolim",,amr27.pdf | PDF page 42,verified,retrieval_context
NCDC_resistance_2021_NARS-Net_p042_c01,document_chunk,NCDC_resistance_2021_NARS-Net,amr27.pdf,resistance,2021,NARS-Net,42,,,33,,amr27.pdf | PDF page 42,verified,retrieval_context
NCDC_resistance_2021_NARS-Net_p043_c00,document_chunk,NCDC_resistance_2021_NARS-Net,amr27.pdf,resistance,2021,NARS-Net,43,,,34,,amr27.pdf | PDF page 43,verified,retrieval_context
NCDC_resistance_2022_NARS-Net_p001_c00,document_chunk,NCDC_resistance_2022_NARS-Net,amr28.pdf,resistance,2022,NARS-Net,1,,,"Ministry of Health
 and Family Welfare
 Government of India

 Annual Report

 National Antimicrobial Surveillance Network
 (NARS-Net)

 Reporting period:
 1 January – 31 December 2022

National Programme on AMR Containment, National Centre for Disease Control (NCDC)
 Directorate General of Health services
 Ministry of Health & Family Welfare
 Government of India
 July 2023",,amr28.pdf | PDF page 1,verified,retrieval_context
NCDC_resistance_2022_NARS-Net_p004_c00,document_chunk,NCDC_resistance_2022_NARS-Net,amr28.pdf,resistance,2022,NARS-Net,4,,,"Table of Contents
Acronyms i
List of Tables ii
List of Figures iii
I Executive Summary 1
II National AMR Surveillance Network (NARS-Net) 4
III Data Collection and Data Analysis 8
 a. Demography and distribution of priority pathogens
IV AMR profile of priority pathogens 17
 a. Gram positive Cocci
 b. Gram negative Bacilli
 i. Enterobacteriaceae 23
 ii. Non-Fermenting Gram-Negative Bacilli 33
V Discussion 39
VI Annexure: List of NARS-Net sites that contributed AMR data for the 2023
 AMR Surveillance report 43",,amr28.pdf | PDF page 4,verified,retrieval_context
NCDC_resistance_2022_NARS-Net_p007_c00,document_chunk,NCDC_resistance_2022_NARS-Net,amr28.pdf,resistance,2022,NARS-Net,7,,,"Acronyms
AMR Antimicrobial Resistance

Amox-Clav Amoxicillin/Clavulanic acid

AST Antimicrobial Susceptibility Testing

BMD Broth Microdilution

CBDDR Centre for Bacterial Diseases and Drug Resistance

CLSI Clinical & Laboratory Standards Institute

CSV Comma Separated Value
ECHO Extension for Community Healthcare Outcomes

EQAS External Quality Assessment Scheme

GLASS Global Antimicrobial Resistance and Use Surveillance System

IPD Inpatient Department

ICU Intensive Care Unit
ID Identification

IQC Internal Quality Control

LIMS Laboratory Information Management System

MRSA Methicillin-Resistant Staphylococcus aureus

NARS-Net National Antimicrobial Resistance Surveillance Network
NFGNB Non-fermenting Gram-negative bacilli

NCDC National Centre for Disease Control

NRL National Reference Laboratory

OPD Outpatient Department

OSBF Other Sterile Body Fluids
PA Pus Aspirate

RIS Resistant Intermediate Sensitive

TMP-SMX Trimethoprim-Sulfamethoxazole

S.O.P. Standard Operating Procedure

VBA Visual Basic Application
VRE Vancomycin-Resistant Enterococcus species

WHO World Health Organization
 I",,amr28.pdf | PDF page 7,verified,retrieval_context
NCDC_resistance_2022_NARS-Net_p010_c00,document_chunk,NCDC_resistance_2022_NARS-Net,amr28.pdf,resistance,2022,NARS-Net,10,,,"List of Tables
Table 1 Priority Pathogens and specimens included under NARS-Net
Table 2 Distribution of isolates based on specimen type
Table 3 Distribution of priority pathogen isolates by specimen type
Table 4 Distribution of priority pathogen isolates by location type
Table 5 Resistance profile of Staphylococcus aureus
Table 6 Resistance profile of Enterococcus species
Table 7 Resistance profile of Escherichia coli
Table 8 Resistance profile of Klebsiella species
Table 9 Resistance profile of Salmonella enterica Typhi and Paratyphi
Table 10 Resistance profile of Pseudomonas species
Table 11 Resistance profile of Acinetobacter species

 II",,amr28.pdf | PDF page 10,verified,retrieval_context
NCDC_resistance_2022_NARS-Net_p013_c00,document_chunk,NCDC_resistance_2022_NARS-Net,amr28.pdf,resistance,2022,NARS-Net,13,,,"List of Figures
Figure 1 National AMR Surveillance Network laboratories under NARS-Net as of March 2023
Figure 2 Distribution of priority pathogen isolates and unique patient isolates
Figure 3 Distribution of priority pathogen isolates by gender
Figure 4 Distribution of priority pathogen isolates by age category
Figure 5 Distribution of priority pathogen isolates by specimen type
Figure 6 Distribution of priority pathogen isolates by location type
Figure 7 Trends of Methicillin resistant S. aureus (MRSA) isolated from blood (2017-2022)
Figure 8 Trends of Linezolid resistant S. aureus isolated from blood (2018 to 2022)
Figure 9 Resistance profile of S. aureus in blood by location type
Figure 10 Trends of Vancomycin resistant Enterococcus sp. (VRE) isolated from blood (2018-2022)
Figure 11 Resistance profile of Enterococcus species in blood by location type
Figure 12 Trends of Extended spectrum beta-lactamase producing E. coli isolated from blood
 [2017-2022]
Figure 13 Resistance profile of Escherichia coli in blood by location type
Figure 14 Resistance profile of Klebsiella species in blood by location type
Figure 15 Trends of Extended spectrum beta-lactamase (ESBL) producing Klebsiella sp. in blood
 (2017-2022)
Figure 16 Carbapenem resistance among Enterobacterales isolated from blood
Figure 17 Resistance profile of Pseudomonas species in blood by location type

Figure 18 Resistance profile of Acinetobacter species in blood by location type

 III",,amr28.pdf | PDF page 13,verified,retrieval_context
NCDC_resistance_2022_NARS-Net_p017_c00,document_chunk,NCDC_resistance_2022_NARS-Net,amr28.pdf,resistance,2022,NARS-Net,17,,,"I. Executive Summary
Antimicrobial resistance (AMR) is a very important global health issue and has been
recognized as one of the top ten public health threats by the World Health Organization.
AMR poses significant challenges across sectors and necessitates strengthening global,
national, and local AMR surveillance efforts. Effective surveillance through collecting and
analyzing AMR data is crucial for monitoring antibiotic resistance trends and enabling
targeted public health interventions.
Under the National Programme on AMR Containment, the National Antimicrobial
Resistance Network (NARS-Net) coordinated by the National Centre for Disease Control
(NCDC) generates the annual National AMR surveillance report. NARS-Net is being
expanded to all states and Union Territories in a phased manner, ensuring the generation
of geographically representative data. The surveillance activities of NARS-Net involve the
standardized collection, analysis, and compilation of AMR data from all network sites
through WHONET, which is an open source software for microbiology data management.
The aggregated data is used to generate the annual National AMR surveillance report which
is shared with national and state stakeholders and is available in public domain on the NCDC
website. It is important to note that for vancomycin-resistant S. aureus and colistin-resistant
gram-negative bacteria, only isolates with confirmed identification and antimicrobial
susceptibility testing (AST) at the AMR-national reference laboratory (NRL) located at
Centre for Bacterial Disease and Drug Resistance (CBDDR), National Centre for Disease
Control (NCDC), New Delhi are included in the data. The network data is also submitted
annually to the World Health Organization's Global AMR Surveillance and Use System
(WHO-GLASS) since 2018 by the National AMR Surveillance Coordinating Centre for India at
NCDC.
Data Reporting and Quality Assurance
The current report covers the data reporting period from 01 January 2022 to 31 December
2022 and includes analyzed data from 36 sentinel sites in 27 States/ Union Territories. To",,amr28.pdf | PDF page 17,verified,retrieval_context
NCDC_resistance_2022_NARS-Net_p017_c01,document_chunk,NCDC_resistance_2022_NARS-Net,amr28.pdf,resistance,2022,NARS-Net,17,,,"ensure the quality of AMR surveillance data submitted by the sites, continuous capacity-
building trainings are conducted based on standard operating procedures for antimicrobial
susceptibility testing, internal quality control (IQC), data management, and other technical
guidelines developed by NCDC based on International Guidelines and standards including

 1",,amr28.pdf | PDF page 17,verified,retrieval_context
NCDC_resistance_2022_NARS-Net_p018_c00,document_chunk,NCDC_resistance_2022_NARS-Net,amr28.pdf,resistance,2022,NARS-Net,18,,,"Clinical Laboratory Standard Institute Guidelines (CLSI). The number of sentinel sites
performing colistin broth microdilution (BMD) and vancomycin BMD has gradually
increased under NARS-Net. The virtual capacity-building program initiated through the
ECHO platform in 2020 and the continuous hands on training on WHONET has been
instrumental in standardizing bacteriology testing methods and report generation across
the network sites. Furthermore, quarterly feedback on AMR data is provided to the network
sites which has played a crucial role in improving compliance to demographic details and
AST data standards defined under the programme. All network sites are enrolled in External
Quality Assessment Scheme (EQAS) programs and are implementing internal quality control
measures for antibiotic discs and culture media.

AMR Surveillance Findings
Over the past four years, there has been a gradual increase in the number of reported
isolates, rising from 25,833 in 2017 to 1,19,686 during the current data reporting period.
Consistent with the previous five years, Escherichia coli (E. coli) remains the most commonly
isolated pathogen, accounting for 33% of the AMR surveillance data in 2022. Majority of
the reported isolates were from urine samples (43%) and among urinary isolates E. coli was
the predominantly isolated pathogen. Among the isolates reported from pus aspirates (28%
of all specimens), S. aureus was the most common aligning with the previous year’s findings.
In terms of location, over half of the priority pathogens (56%) were isolated from in-patient
wards, where E. coli was the most frequently isolated pathogen from in-patient (31%),
outpatient (42%), and emergency settings (32%), consistent with the previous year's report.
A significant decrease in the proportion of Methicillin-resistant S. aureus (MRSA) in blood
was observed in the current data (59%) compared to previous years since 2018. Conversely,
there was an increase in the proportion of Vancomycin-resistant Enterococcus spp. (VRE)
isolated from blood cultures (13%) in the year 2022.
The trend analysis for Extended-spectrum beta-lactamase (ESBL) producing blood isolates",,amr28.pdf | PDF page 18,verified,retrieval_context
NCDC_resistance_2022_NARS-Net_p018_c01,document_chunk,NCDC_resistance_2022_NARS-Net,amr28.pdf,resistance,2022,NARS-Net,18,,,"of E. coli revealed a significant decrease in the proportion of ESBL-producing E. coli isolates
from 86% in 2018 to 76% in 2022. This reduction in resistance may be attributed to the
stringent internal quality control measures implemented for antibiotic discs and the
increased number of sentinel sites in the NARS-Net over the years. Approximately 35% of

 2",,amr28.pdf | PDF page 18,verified,retrieval_context
NCDC_resistance_2022_NARS-Net_p019_c00,document_chunk,NCDC_resistance_2022_NARS-Net,amr28.pdf,resistance,2022,NARS-Net,19,,,"E. coli and 47% of Klebsiella spp. were resistant to at least one of the carbapenems, similar
 to the previous year’s report (33% and 50%, respectively).
 The data mentioned in this report is limited to Government hospitals, mostly medical
 college hospitals which provide tertiary care as part of public healthcare system in India.
 Also, most of the data is from admitted patients due to limited utilization of the laboratory
 services for patients attending outpatient departments.
 Increasing resistance to reserve group1 of antibiotics poses a serious threat since no new
 drugs are in the pipeline. Combating AMR necessitates urgent, multisectoral, and
 multipronged strategies focused on strengthening local infection prevention, promoting
 judicious use of antibiotics through strong antimicrobial stewardship practices in healthcare
 facilities and addressing the drivers of AMR.

 Conclusion:
 The annual National AMR Surveillance Report generated by NARS-Net provides critical
 insights into India's evolving antimicrobial resistance trends. Expanding the network to all
 states and Union Territories, along with continuous capacity building and quality assurance
 efforts, has improved the coverage and reliability of the surveillance data. It is essential to
 leverage these findings to inform evidence-based interventions, policies, and programs that
 will mitigate the threat of AMR and preserve the effectiveness of antibiotics for the
 treatment of infectious diseases in the country.

1
 https://adoptaware.org/
 3",,amr28.pdf | PDF page 19,verified,retrieval_context
NCDC_resistance_2022_NARS-Net_p020_c00,document_chunk,NCDC_resistance_2022_NARS-Net,amr28.pdf,resistance,2022,NARS-Net,20,,,"II. National AMR Surveillance Network
Antimicrobial resistance (AMR) has emerged as a major public health threat requiring urgent
prevention and control measures. Government of India has taken several initiatives to combat this
major public health challenge. One of the key initiative is the launch of ""National Programme on
Antimicrobial Resistance (AMR) Containment"" in 2013, during the 12th five-year plan (2012-2017).
This programme is being coordinated by National Centre for Disease Control (NCDC), Delhi. The
objective of the programme is to build capacity of medical colleges and other large hospitals to
generate quality AMR surveillance data thereby monitor trends of AMR in the country. Under the
programme, a network of laboratories called National AMR Surveillance Laboratory network
(NARS-Net) has been established. NARS-Net started the journey with eight medical college
laboratories through a sentinel surveillance approach. The sentinel surveillance network sites have
been expanded in a phased manner to include 40 laboratories in 31 states/UTs (as of March 2023)2
and the National reference laboratory for bacterial pathogens at NCDC. India also launched its
National Action Plan on AMR (NAP-AMR) in April 2017 with 6 strategic priorities namely improve
awareness and understanding of AMR through effective communication, education and training,
strengthen knowledge and evidence through surveillance, reduce the incidence of infection
through effective infection prevention and control, Optimize the use of antimicrobial agents in
health, animals and food, Promote investments for AMR activities, research and innovations and
strengthen India’s commitment and collaborations on AMR at international, national and sub-
national levels. In 2017 NCDC was also designated by MoHFW as the National Coordinating Centre
for WHO-Global Antimicrobial Resistance Surveillance and Use System (GLASS). Antimicrobial
Resistance data of selected WHO priority pathogens generated by healthcare laboratories which
are part of the AMR surveillance programs in India is collated and submitted to WHO-GLASS since
2018.",,amr28.pdf | PDF page 20,verified,retrieval_context
NCDC_resistance_2022_NARS-Net_p020_c01,document_chunk,NCDC_resistance_2022_NARS-Net,amr28.pdf,resistance,2022,NARS-Net,20,,,"The NARS-Net sentinel sites conduct laboratory-based AMR surveillance of seven priority bacterial
pathogens namely
 1. Staphylococcus aureus
 2. Enterococcus species

2
 National Programme on AMR Containment :: National Centre for Disease Control (NCDC) (mohfw.gov.in)

 4",,amr28.pdf | PDF page 20,verified,retrieval_context
NCDC_resistance_2022_NARS-Net_p021_c00,document_chunk,NCDC_resistance_2022_NARS-Net,amr28.pdf,resistance,2022,NARS-Net,21,,,"3. Escherichia coli
 4. Klebsiella species
 5. Pseudomonas species
 6. Acinetobacter species
 7. Salmonella enterica serotype Typhi and Paratyphi
To ensure that the data is from clinically significant isolates, the clinical specimens currently
included in AMR Surveillance are-
 Clinical Laboratory case-definition
 Priority pathogens under AMR Surveillance
 Specimen
 Blood Enterococcus species
 Staphylococcus aureus
 Escherichia coli
 Klebsiella species
 Acinetobacter species
 Pseudomonas species
 Salmonella enterica serovar Typhi
 Salmonella enterica serovar Paratyphi
 Urine Clinically significant bacteriuria Enterococcus species
 Escherichia coli
 Klebsiella species
 Acinetobacter species
 Pseudomonas species
 Pus Aspirate Growth of pathogenic bacteria Enterococcus species
 from aspirated purulent Staphylococcus aureus
 material from a closed infected Escherichia coli
 site Klebsiella species
 Acinetobacter species
 Pseudomonas species
 Other sterile Growth of pathogenic bacteria Enterococcus species
 body fluids from a sterile body fluid Staphylococcus aureus
 specimen Escherichia coli
 Klebsiella species",,amr28.pdf | PDF page 21,verified,retrieval_context
NCDC_resistance_2022_NARS-Net_p021_c01,document_chunk,NCDC_resistance_2022_NARS-Net,amr28.pdf,resistance,2022,NARS-Net,21,,,"Acinetobacter species
 Pseudomonas species
 Stool Isolation of pathogen from stool Salmonella enterica serovar Typhi
 Salmonella enterica serovar Paratyphi

The scope of surveillance has been expanded to include additional bacterial pathogens starting from
April 2023 after the release of the revised AMR surveillance SOP.
All the participating network sites report AMR data of seven priority pathogens from the listed
specimen types to NCDC. The network sites are mandated to have internal quality control practices

 5",,amr28.pdf | PDF page 21,verified,retrieval_context
NCDC_resistance_2022_NARS-Net_p022_c00,document_chunk,NCDC_resistance_2022_NARS-Net,amr28.pdf,resistance,2022,NARS-Net,22,,,"in place at their laboratories and participate in External Quality Assessment Scheme (EQAS) for
bacteriology. Each quarter, the network sites send a defined number of isolates for confirmation of
identification and AST as apart of EQAS conducted by the NRL at Centre for Bacterial Diseases and
Drug Resistance (CBDDR), NCDC. Apart from reporting the AMR data the sites are also mandated to
share all emerging AMR alert isolates for confirmation to NRL at NCDC.
NCDC provides continuous technical support to each sentinel surveillance network laboratory to
ensure proper specimen collection, bacterial culture, identification and antimicrobial susceptibility
testing (AST), quality management systems and data management. This includes virtual and in
person hands-on trainings on WHONET data management software & laboratory techniques. Onsite
hand holding visits and trainings were organized for the sites to strengthen bacteriology laboratory
capacity, improving the quality of culture, ID and AST practices. WHONET is a free microbiology data
entry and analysis software used under the programme to standardize AMR surveillance data flow
from network sites to NCDC. In addition, hands-on trainings and tools were provided for developing
facility level antibiograms for guiding the development of antibiotic policies.

 6",,amr28.pdf | PDF page 22,verified,retrieval_context
NCDC_resistance_2022_NARS-Net_p023_c00,document_chunk,NCDC_resistance_2022_NARS-Net,amr28.pdf,resistance,2022,NARS-Net,23,,,"Figure 1- National AMR Surveillance Network laboratories under NARS-Net as of March 20233

3
 National Programme on AMR Containment :: National Centre for Disease Control (NCDC) (mohfw.gov.in)
 7",,amr28.pdf | PDF page 23,verified,retrieval_context
NCDC_resistance_2022_NARS-Net_p024_c00,document_chunk,NCDC_resistance_2022_NARS-Net,amr28.pdf,resistance,2022,NARS-Net,24,,,"III. Data Collection and Analysis
The WHONET 2022, an open-source offline microbiology data management desktop application,
was used to enter, collate and analyze routine antimicrobial susceptibility data generated by
manual testing methods and automated systems at the laboratories. The classification of the
isolates as susceptible, intermediate, or resistant is based on the Clinical & Laboratory Standards
Institute (CLSI) guidelines. Total 1,28,529 priority pathogen demographical information and
antimicrobial susceptibility data have been reported from 36 sites under NARS-Net (List at
Annexure-1).
The sentinel sites submitted their data quarterly after validation by the respective AMR nodal
officers at the sites.
The network sites submit the data within 15 days after each quarter:
• Data from 1st January to 31st March of the current year sent by 15th April
• Data from 1st April to 30th June of the current year sent by 15th July
• Data from 1st July to 30th September of the current year sent by 15th October
• Data from 1st October to 31st December of the previous year sent by 15th January

The site's quarterly data is validated, checked for quality, and feedback for each quarter is
submitted to the network site regarding the completeness of data fields and compliance to the
AMR Surveillance panel of antibiotics. In addition to AMR data, a defined number of isolates are
submitted as a part of the External Quality Assessment Scheme (EQAS) to NRL at NCDC. The sites
must submit EQAS isolates to National Reference Laboratory (NRL), NCDC every quarter. The NRL
at NCDC performs identification and susceptibility testing by strictly following the standard
protocols; thus, after confirmation, results are returned to the sites. Antibiotic-resistant alert
isolates of public health concerns were submitted to NCDC with a duly filled alert form for
confirmation.
The annual report covers the AMR data from January 2022 to December 2022. The participating
36 sentinel surveillance sites are distributed nationwide, representing all regional antimicrobial
susceptibility patterns. Sites perform antimicrobial susceptibility testing by disk diffusion, broth",,amr28.pdf | PDF page 24,verified,retrieval_context
NCDC_resistance_2022_NARS-Net_p024_c01,document_chunk,NCDC_resistance_2022_NARS-Net,amr28.pdf,resistance,2022,NARS-Net,24,,,"microdilution, agar dilution, and automated antimicrobial susceptibility testing systems.

While generating a single file from all the cumulative AMR data files, duplicate findings for the
same patient have been excluded from the source database files. For analysis, from each patient,
 8",,amr28.pdf | PDF page 24,verified,retrieval_context
NCDC_resistance_2022_NARS-Net_p025_c00,document_chunk,NCDC_resistance_2022_NARS-Net,amr28.pdf,resistance,2022,NARS-Net,25,,,"only the first isolate of a given species isolated during the investigated time interval was included,
regardless of its susceptibility profile4. For example, if two blood cultures from the same patient
yielded growth of E. coli, only the first has been included in the data; if the growth of E. coli is
detected in one culture and of K. pneumoniae in the other, both results are considered. If there is
growth of E. coli in one blood culture and in one urinary culture from the same patient, both
specimen types have been included.

 11.072
 Enterococcus spp
 11.457

 11.782
 Acinetobacter spp.
 12.544

 14.684
 Priority Pathogens

 Pseudomonas spp.
 15.892

 17.707 By Patient
 S. aureus
 18.694 By Isolate

 24.377
 Klebsiella spp.
 26.351

 39.62
 Escherichia Coli
 43.136

 0 20 40 60
 Thousands

 Number of Isolates

Figure 2- Distribution of priority pathogen isolates and Unique patient isolates

4",,amr28.pdf | PDF page 25,verified,retrieval_context
NCDC_resistance_2022_NARS-Net_p025_c01,document_chunk,NCDC_resistance_2022_NARS-Net,amr28.pdf,resistance,2022,NARS-Net,25,,,"National Programme on AMR Containment :: National Centre for Disease Control (NCDC) (mohfw.gov.in)

 9",,amr28.pdf | PDF page 25,verified,retrieval_context
NCDC_resistance_2022_NARS-Net_p026_c00,document_chunk,NCDC_resistance_2022_NARS-Net,amr28.pdf,resistance,2022,NARS-Net,26,,,"Priority Pathogens and Specimens under Surveillance in NARS-Net
The AMR data collected under the National Programme on AMR Containment from January
2022 to December 2022 from 36 medical colleges from 27 states/UTs includes seven priority
pathogens and five clinical specimen types [Table 1].

Table 1- Priority Pathogens and specimens included under NARS-Net
 Specimen S. Enterococcus Klebsiella Escherichia Acinetobacter Pseudomonas Salmonella
 aureus spp. spp. coli spp. spp. Typhi /
 Paratyphi
 Blood

 Urine
 Pus
 Aspirate
 Other
 Sterile
 body
 fluids*
 Stool
* OBSF- Include abdominal fluid, amniotic fluid, bile, cerebrospinal fluid, cyst, endocardium, hip
fluid, joint fluid, knee fluid, lymph node, semen, broncho-alveolar lavage, spleen, pleural fluid,
pericardial fluid, bone marrow, Bartholin’s cyst, fluid, gastric fluid, gall bladder, breast milk and
prostatic fluid

 10",,amr28.pdf | PDF page 26,verified,retrieval_context
NCDC_resistance_2022_NARS-Net_p027_c00,document_chunk,NCDC_resistance_2022_NARS-Net,amr28.pdf,resistance,2022,NARS-Net,27,,,"Age and Gender distribution of reported AMR data
The AST data was reported almost equally from male and female patients. As per the age
category, almost one third of unique patients are in age group of 36-60 years, whereas the lowest
number of isolates was reported from patients under five years of age. About 66 % of AST data
was reported from the productive age group of 15-64.

 54%
 46%

Figure 3 - Distribution of priority pathogen isolates by gender (N=1,19,553)

 35%
 30% 31%
 Proportion of isolates

 29%

 23%

 17% 14%
 10% 9%
 11%
 6%
 5%
 <1 1 to 5 6 to17 18 to 35 36 to 60 >60
 Age category

Figure 4 - Distribution of priority pathogen isolates by age category (N=1,16,100)

 11",,amr28.pdf | PDF page 27,verified,retrieval_context
NCDC_resistance_2022_NARS-Net_p028_c00,document_chunk,NCDC_resistance_2022_NARS-Net,amr28.pdf,resistance,2022,NARS-Net,28,,,"Table 2: Distribution of isolates based on specimen type (N=1,19,686)

 Specimen Type Number of isolates (%)
 Urine 51632 (43)
 Blood 23244 (19)
 Pus Aspirate 38083 (32)
 Other sterile body fluids 6717 (6)
 Stool 10 (0.01)
 Total 1,19,686 (100)

In the AMR surveillance data for the year 2022, the most commonly isolated priority pathogen was
E. coli (33%), which is similar to the previous year’s data, followed by Klebsiella species (20%), S.
aureus (15%), Pseudomonas species (12%), Acinetobacter species (10%) Enterococcus species (9%)
and Salmonella enterica serovar Typhi and Paratyphi (0.4 %).

The specimen type from where most isolates have been reported in the current data was urine
(43%). Like the previous years, E. coli remained the most commonly isolated pathogen from
urinary samples. Among the blood and pus aspirate specimens, the most common priority
pathogen isolated was S. aureus (27% & 28% respectively). Salmonella enterica serovar Typhi
and Paratyphi (2%) were the least commonly isolated pathogen from blood among all priority
pathogens reported under NARS-Net. E. coli (23%) and Klebsiella spp. (21%) were the most
commonly isolated pathogens from other sterile body fluids*

 12",,amr28.pdf | PDF page 28,verified,retrieval_context
NCDC_resistance_2022_NARS-Net_p029_c00,document_chunk,NCDC_resistance_2022_NARS-Net,amr28.pdf,resistance,2022,NARS-Net,29,,,"Table 3- Distribution of priority pathogens by specimen type (N= 1,19,686)
 Blood Pus aspirate OSBF Urine Stool Total
Priority
Pathogen N (%) N (%) N (%) N (%) N (%) N (%)

Escherichia
 2496 (11) 8297 (22) 1548 (23) 27279 (53) x 39620 (33)
Coli
Klebsiella
 4639 (20) 7592 (20) 1380 (21) 10766 (21) x 24377 (20)
spp.
Salmonella
Typhi and 434 (2) x x x 10 444 (0.4)
Paratyphi
Pseudomonas
 2457 (11) 6663 (17) 1181 (18) 4383 (8) x 14684 (12)
spp.
Acinetobacter
 4820 (21) 3586 (9) 1285 (19) 2091 (4) x 11782 (10)
spp.
S. aureus 6256 (27) 10695 (28) 756 (11) x x 17707 (15)
Enterococcus
 2142 (9) 1250 (3) 567 (8) 7113 (14) x 11072 (9)
spp.
 Total 23244 (100) 38083 (100) 6717 (100) 51632 (100) 10 119686 (100)
x - Specimen type not included under the programme

 13",,amr28.pdf | PDF page 29,verified,retrieval_context
NCDC_resistance_2022_NARS-Net_p030_c00,document_chunk,NCDC_resistance_2022_NARS-Net,amr28.pdf,resistance,2022,NARS-Net,30,,,"27279

 25500

 20500 Blood
 Pus
 OSBF
 Number of isolates

 Urine
 15500

 10766 10695
 10500

 8297
 7592
 7113
 6663
 6256

 5500 4639 4820
 4383
 3586
 2496 2457
 2091 2142
 1548 1380 1285 1250
 1181",,amr28.pdf | PDF page 30,verified,retrieval_context
NCDC_resistance_2022_NARS-Net_p030_c01,document_chunk,NCDC_resistance_2022_NARS-Net,amr28.pdf,resistance,2022,NARS-Net,30,,,"567 756
 500
 E.coli Klebsiella spp. Acinetobacter spp. Pseudomonas spp. Enterococcus spp. S.aureus

Figure 5: Distribution of priority pathogen isolates by specimen type (N=1,19,686)

 14",,amr28.pdf | PDF page 30,verified,retrieval_context
NCDC_resistance_2022_NARS-Net_p031_c00,document_chunk,NCDC_resistance_2022_NARS-Net,amr28.pdf,resistance,2022,NARS-Net,31,,,"OUT; 35411 (30%)

 EME;
 IN; 66842 (56%) ICU; 12870 (11%) 4503 (4%)

 IN – Inpatient; OUT–Outpatient; ICU –Intensive care; EME –Emergency

Figure 6- Distribution of priority pathogen isolates by location type (N=1,19,626)

In the 2022 AMR surveillance data, majority of the isolates were from patients admitted in
hospital wards (IPD- 56%) whereas the least number of isolates belonged to patients from the
Emergency department (4%). Almost a third of the isolates (30%) were from patients visiting
the outpatient clinics. About 11% of the priority pathogens were isolated from Intensive care
units.
Table 4- Distribution of priority pathogen isolates by location type (N=1,19,626)
 Priority Pathogen Inpatient Outpatient I.C.U. Emergency
 (N=66842) (N=35411) (N=12870) (N=4503)

 N (%) N (%) N (%) N (%)
 Escherichia Coli 2068 (31) 15034 (42) 2465 (19) 1422 (32)
 Klebsiella spp. 14329 (21) 6289 (18) 3010 (23) 735 (16)
 Salmonella Typhi and
 274 (0.4) 83 (0.2) 63 (0.5) 24 (0.5)
 Paratyphi
 Pseudomonas spp. 7986 (12) 4700 (13) 1583 (12) 413 (9)

 Acinetobacter spp. 7162 (11) 1729 (5) 2447 (19) 440 (10)

 S. aureus 10332 (15) 4392 (12) 1835 (14) 1136 (25)

 Enterococcus spp 6082 (9) 3184 (9) 1467 (11) 333 (7)

 15",,amr28.pdf | PDF page 31,verified,retrieval_context
NCDC_resistance_2022_NARS-Net_p032_c00,document_chunk,NCDC_resistance_2022_NARS-Net,amr28.pdf,resistance,2022,NARS-Net,32,,,"Amongst the inpatients, the most commonly isolated priority pathogen was Escherichia coli (31%)
followed by Klebsiella spp. (21%), however an reverse scenario was seen in Intensive care units
wherein Klebsiella spp. (23%) was the most commonly isolated pathogen followed by Escherichia
coli and Acinetobacter spp. (19% each). Escherichia coli was also the most commonly isolated
pathogen from Outpatient clinics (42%) and emergency departments (32%) whereas the least
commonly isolated pathogen amongst all of the location types was Salmonella Typhi and
Paratyphi.

 16",,amr28.pdf | PDF page 32,verified,retrieval_context
NCDC_resistance_2022_NARS-Net_p033_c00,document_chunk,NCDC_resistance_2022_NARS-Net,amr28.pdf,resistance,2022,NARS-Net,33,,,"IV. AMR profile of priority pathogens
 A. Gram Positive Cocci

The AMR surveillance under NARS-Net covers the two most commonly isolated gram-positive
bacterial human pathogens i.e., Staphylococcus aureus and Enterococcus species. The AST data
of 30,151 Gram positive cocci were submitted to NCDC, of which 28,779 isolates were from
unique patients.
 1. Staphylococcus aureus
Staphylococcus aureus constituted an overall 15% among the priority pathogen isolates (Table.
3). During the 2022 reporting period, a total of 18,694 S. aureus isolate AST data was submitted
to NCDC of which 17,707 isolates were from unique patients. AST data analysis of 17,707
isolates indicates a significant contribution of S. aureus in bacteremia/septicemia and other
systemic infections as the isolation rate from blood, aspirated pus, and sterile body fluids was
27%, 28%, and 11%, respectively.

Almost two-thirds (59%) of S. aureus isolates from blood were resistant to cefoxitin (a surrogate
marker for mecA-mediated oxacillin resistance or MRSA) meanwhile, the resistance to cefoxitin
in S. aureus from pus aspirates and other sterile body fluids was lower in comparison to the
blood isolates (Table 5).

 17",,amr28.pdf | PDF page 33,verified,retrieval_context
NCDC_resistance_2022_NARS-Net_p034_c00,document_chunk,NCDC_resistance_2022_NARS-Net,amr28.pdf,resistance,2022,NARS-Net,34,,,"7000 80%

 6000 5805 5711
 70%
 Number of Isolates Tested

 5000

 Proportion of MRSA
 4499
 60%
 3962
 4000 3650
 50%
 3000

 2159
 40%
 2000

 1000 30%
 2017 2018 2019 2020 2021 2022
 Number of Isolates tested MRSA

Figure 7: Trends of Methicillin-resistant S. aureus (MRSA)isolated from blood (2017-2022)

To observe significance in the trend of MRSA over the past 6 years, a linear trend analysis for
MRSA isolates in blood was done using Chi-square for trend (Extended Mantel Haenszel) and a
significant decrease in the proportion of MRSA in blood was seen from the year 2018 (69%) to
2021 (59%) and when compared to 2021 the proportion of MRSA has remained constant in the
year 2022 (59%) (Chi-square value for Linear trend-18.9, p value - <0.0001).

Linezolid resistance in S. aureus isolated from blood has been consistently found to be lower
than 1% in the last five years. However, in the year 2022, none of the S. aureus reported from
blood were found to be resistant to linezolid [Fig. 8].

 18",,amr28.pdf | PDF page 34,verified,retrieval_context
NCDC_resistance_2022_NARS-Net_p035_c00,document_chunk,NCDC_resistance_2022_NARS-Net,amr28.pdf,resistance,2022,NARS-Net,35,,,"7000 2%

 5761 5827

 Proportion of Linezolid Resistance
 6000
 Number of isolates tested

 5000 4648

 4000 3303 3519
 1%
 3000

 2000

 1000

 0 0%
 2018 2019 2020 2021 2022
 Number of isolates tested Linezolid resistance in S.aureus

*Only the Alert pathogens confirmed at NRL, NCDC included in the data

Figure 8- Trends of Linezolid resistant S. aureus isolated from blood (2018 to 2022)
Out of 11,151 isolates tested on Vancomycin screen agar, only 9 isolates showed a growth. On
further confirmation by Broth micro dilution, only one isolate showed resistance to
Vancomycin. This resistance was confirmed at the NRL in NCDC.

Among the Gram-positive cocci (GPC) isolated from the surveillance sites, S. aureus was the
most isolated GPC from all the location settings like Inpatient wards (63%), Outpatient clinics
(58%), Intensive care settings (55%) and from the emergency department (77%). Resistance to
all the surveillance panel antibiotics were found to be proportionately higher among isolates
from intensive care setting in comparison to those from outpatient clinics and the inpatient
wards as seen in (Fig. 9)

 19",,amr28.pdf | PDF page 35,verified,retrieval_context
NCDC_resistance_2022_NARS-Net_p036_c00,document_chunk,NCDC_resistance_2022_NARS-Net,amr28.pdf,resistance,2022,NARS-Net,36,,,"Table 5: Resistance profile of Staphylococcus aureus (N=17,707)

 Blood (N=6256) Pus Aspirate (N=10695) Other Sterile Body Fluids (N=756)
Antibiotic
 Number Number Number
 tested (%R) 95% CI (%R) 95% CI (%R) 95% CI
 Tested Tested Tested

Cefoxitin 5711 (59) 57.9-60.4 9530 (53) 51.5-53.5 688 (47) 43.0-50.6

Ciprofloxacin 5555 (56) 55.2-57.8 8788 (62) 61.3-63.3 619 (49) 45.3-53.3

Clindamycin 5947 (35) 33.7-36.1 10034 (20) 19.1-20.7 722 (28) 24.4-31.0

Doxycycline 5264 (15) 14.2-16.2 7842 (9) 8.8-10.1 601 (13) 10.1-15.6

Erythromycin 5880 (67) 65.8-68.2 9824 (56) 54.8-56.7 716 (64) 59.9-67.1

Gentamicin 5489 (29) 27.8-30.3 9128 (25) 24.0-25.7 671 (23) 19.9-26.4

Linezolid* 5827 (0) 0-0.1 9873 (0.01) 0-0.1 706 (0) 0-0.1

TMP/SMX 5313 (38) 36.4-39.0 8968 (20) 19.6-21.3 619 (32) 28.2-35.7

Teicoplanin 525 (2) 0.8-3.3 621 (3) 1.7-4.4 81 (2) 0.4-9.5
*Alert pathogens confirmed at NRL, NCDC only were included in the data TMP/SMX -Trimethoprim/sulfamethoxazole

 20",,amr28.pdf | PDF page 36,verified,retrieval_context
NCDC_resistance_2022_NARS-Net_p037_c00,document_chunk,NCDC_resistance_2022_NARS-Net,amr28.pdf,resistance,2022,NARS-Net,37,,,"80

 71
 Inpatient
 70 68
 Intensive care 66
 64
 Out patient
 60 59 59
 57

 50 49
 50
 Resistance %

 41 40
 40 37
 34 34
 33
 30
 29
 30
 26

 20
 16 15
 13

 10

 2 2 0.8
 0",,amr28.pdf | PDF page 37,verified,retrieval_context
NCDC_resistance_2022_NARS-Net_p037_c01,document_chunk,NCDC_resistance_2022_NARS-Net,amr28.pdf,resistance,2022,NARS-Net,37,,,"Teicoplanin Doxycycline Gentamicin Clindamycin TMP/SMX Ciprofloxacin Cefoxitin Erythromycin
*Data of the emergency department was clubbed with data from inpatient wards TMP/SMX -Trimethoprim/sulfamethoxazole
Figure 9 – Resistance profile of S. aureus in blood by location type (N=6256)

 21",,amr28.pdf | PDF page 37,verified,retrieval_context
NCDC_resistance_2022_NARS-Net_p038_c00,document_chunk,NCDC_resistance_2022_NARS-Net,amr28.pdf,resistance,2022,NARS-Net,38,,,"2. Enterococcus species
Enterococcus species contributed to a total of 9% amongst the seven priority pathogens
isolated at the surveillance sites (Fig. 5) while it contributed to 38% of the total Gram-positive
cocci isolates. A total of 11,457 Enterococcus species isolate data was submitted by the NARS
Net sites of which 11,072 isolates were from unique patients. Upon analysis of 11,702 unique
patient isolate data, it was observed that isolation rates from the specimens of blood, pus
aspirates, other sterile body fluids and urine were 9%, 3%, 8% and 14% respectively [Table 3].

Among Enterococcus species isolated from blood, Erythromycin resistance was observed to be
higher (78%, CI: 76.1- 80.0) followed by Ampicillin (65%, CI: 63.1-67.6). Similar resistance
pattern was also observed in other specimen types like pus aspirate and sterile body fluids.
(Table 6). Lowest proportion of resistance was reported to linezolid amongst enterococci
isolated from all specimen types - blood (0.2%, CI: 0.1- 0.7), pus aspirate (0.08%, CI:0.0-0.6),
other sterile body fluid (0.6%, CI: 0.1 -1.8).

Among the urinary isolates, more than half of the isolates were resistant to first line antibiotic
ampicillin. Highest resistance was reported to the antibiotic Ciprofloxacin amongst all urinary
isolates of Enterococcus species. Small proportion of the isolates from urine were resistant to
high end antibiotics namely linezolid and Vancomycin - 0.13 % (CI: 0.1-0.3) and 9% (CI: 7.9- 9.4)
respectively. [Table 6]

In comparison with the other priority pathogens under the programme, Enterococcus species
was the least commonly isolated pathogen from various location types [Table 4]. Upon AST
analysis of blood isolates from various location types in healthcare facilities, resistance to the
entire panel of antibiotics was found to be higher in isolates from intensive care units in
comparison to the inpatient wards and outpatient clinics (Fig. 11)

 22",,amr28.pdf | PDF page 38,verified,retrieval_context
NCDC_resistance_2022_NARS-Net_p039_c00,document_chunk,NCDC_resistance_2022_NARS-Net,amr28.pdf,resistance,2022,NARS-Net,39,,,"30%

 25%
 Proportion of VRE

 20%

 15%

 10%

 5%

 0%
 2018 2019 2020 2021 2022
 (N=627) (N=1000) (N=1563) (N=1809) (N=1510)
*Alert pathogens confirmed at NRL, NCDC only were included in the data

Figure 10-Trends of Vancomycin resistant Enterococcus spp. (VRE) isolated from blood
(2018-2022)

To observe the trend of VRE in the past 5 years, a linear trend Analysis for VRE for blood
isolates was done using Chi-square for trend (Extended Mantel Haenszel) and it was found
that there is significant decrease in the proportion of VRE isolated from blood since the year
2018 (25%) to 2020 (9%), followed by a peak in 2022 (13%) (p value - <0.0001)

 23",,amr28.pdf | PDF page 39,verified,retrieval_context
NCDC_resistance_2022_NARS-Net_p040_c00,document_chunk,NCDC_resistance_2022_NARS-Net,amr28.pdf,resistance,2022,NARS-Net,40,,,"Table 6- Resistance profile of Enterococcus species (N=11,072)

 Blood (N=2142) Pus Aspirate (N=1250) OSBF (N=567) Urine (N=7113)
Antibiotic
 Number Number Number Number
Tested (%R) 95% CI (%R) 95% CI (%R) 95% CI (%R) 95% CI
 Tested Tested Tested Tested

Ampicillin 1772 (65) 63.1-67.6 1086 (44) 41.4-47.4 493 (58) 53.1-62.0 6235 (59) 57.7 -60.2

Doxycycline 1658 (39) 37.1-41.8 1012 (44) 40.6-46.8 473 (46) 41.8-50.9 x

Erythromycin 1829 (78) 76.1-80.0 1137 (72) 69.7-74.9 522 (75) 70.9-78.5 x

Gentamicin-H 1733 (51) 48.6-53.3 1127 (34) 31.8-37.4 498 (50) 45.3-54.3 6301 (53) 51.9-54.3

Linezolid* 1833 (0.2) 0.1-0.7 1159 (0) 0.0-0.6 531 (0.6) 0.1-1.8 6556 (0.1) 0.1-0.3

Teicoplanin 810 (10) 8.4-12.7 415 (5) 3.2-7.8 219 (14) 10.0-19.6 2266 (16) 14.8-17.9

Vancomycin* 1809 (13) 11.6-14.8 1032 (5) 3.7-6.5 543 (12) 9.4-15.1 6033 (9) 7.9-9.4

Ciprofloxacin x x x 5775 (76) 74.5-76.7

Tetracycline x x x 4578 (65) 63.9-66.7

Fosfomycin x x x 1438 (11) 9.2-12.5",,amr28.pdf | PDF page 40,verified,retrieval_context
NCDC_resistance_2022_NARS-Net_p040_c01,document_chunk,NCDC_resistance_2022_NARS-Net,amr28.pdf,resistance,2022,NARS-Net,40,,,"*Alert pathogens confirmed at NRL, NCDC were included in the data

 24",,amr28.pdf | PDF page 40,verified,retrieval_context
NCDC_resistance_2022_NARS-Net_p041_c00,document_chunk,NCDC_resistance_2022_NARS-Net,amr28.pdf,resistance,2022,NARS-Net,41,,,"90
 Inpatient 81
 80 77 78
 Intensive care
 Out patient 70
 70
 64

 60 57
 54
 50
 Resistance %

 50 46
 41 40
 40 39

 30

 20 16 17

 11
 10
 10 8 8

 0
 Teicoplanin Vancomycin Doxycycline Gentamicin-High Ampicillin Erythromycin

*Data of the emergency department was clubbed with data from inpatient wards

Figure 11- Resistance profile of Enterococcus species in blood by location type (N=2142)

 25",,amr28.pdf | PDF page 41,verified,retrieval_context
NCDC_resistance_2022_NARS-Net_p042_c00,document_chunk,NCDC_resistance_2022_NARS-Net,amr28.pdf,resistance,2022,NARS-Net,42,,,"B. Gram Negative Bacilli

Under NARS Net, the five most commonly isolated gram-negative bacilli of public health
importance are included for AMR surveillance. These are Escherichia coli, Klebsiella species,
Pseudomonas species, Acinetobacter species and Salmonella enterica serovar Typhi and
Paratyphi. AST data of 98,378 isolates of gram-negative bacilli have been reported from 90,907
unique patients during the period of January 2022 to December 2022 from 36 sentinel sites.

 1. Enterobacteriaceae

E. coli, Klebsiella species and Salmonella enterica serovar Typhi and Paratyphi isolate data
submitted by network sites included 69,942 isolates from 64,441 unique patients. Among all
the priority pathogens in the data reporting period, Enterobacteriaceae contributed to the 54%
of total number of isolates and to 71% of all the gram-negative bacteria reported by the sentinel
sites.

 a) Escherichia coli

A total of 43,136 E. coli isolates were reported from 39,620 unique patients. E. coli isolates
have contributed to one-third of the unique patient AST data of the year 2022 (Fig. 5). E coli
was most frequently isolated from urinary sample (53%) followed by sterile body fluids (23%),
pus (22%) and blood (11%) (Table 3). Among all the antibiotics tested, highest resistance in
isolates from all specimen types - blood, pus aspirate, sterile body fluid and urine- was observed
to the antibiotic ampicillin (Table 7). Among the third generation cephalosporins, 76% (CI:74.1-
78) resistance was observed to the drug cefotaxime in blood isolates and similar high level of
resistance was seen in isolates from other specimen types.

In urinary isolates, carbapenem resistance in E. coli was observed to be 35% whereas among
non-beta-lactam antibiotics, 74% (CI: 72.9-74.1) resistance was observed to ciprofloxacin, 58%
(CI:57.3- 58.6) to Trimethoprim-Sulfamethoxazole (TMP/SMX) and 9% (CI:8.9- 9.6) to
nitrofurantoin (Table 7). About one-third of urinary isolates (75%) were found to be resistant
to the second-generation cephalosporin cefuroxime. Colistin susceptibility testing has been
done using the broth microdilution method as per CLSI document M02 and M100. In the 2022",,amr28.pdf | PDF page 42,verified,retrieval_context
NCDC_resistance_2022_NARS-Net_p042_c01,document_chunk,NCDC_resistance_2022_NARS-Net,amr28.pdf,resistance,2022,NARS-Net,42,,,26,,amr28.pdf | PDF page 42,verified,retrieval_context
NCDC_resistance_2022_NARS-Net_p043_c00,document_chunk,NCDC_resistance_2022_NARS-Net,amr28.pdf,resistance,2022,NARS-Net,43,,,"data three isolates from pus aspirate and one from urine showed resistance to colistin and
these resistant isolates were further confirmed at the NRL at NCDC.

In the location type wise resistance profile among blood isolates of E. coli, higher resistance
was observed in isolates from the intensive care units to all the antibiotics in the surveillance
panel in comparison to inpatient wards and out patient clinics (Fig. 13).

 90%

 85%
 Proportion of ESBL E.coli

 80%

 75%

 70%

 65%

 60%
 2017 2018 2019 2020 2021 2022
 (N=301) (N=509) (N=1871) (N=821) (N=1510) (N=1876)

Fig 12: Trends of Extended spectrum beta-lactamase (ESBL) producing E. coli isolated from
blood [2017-2022]

The linear trend Analysis for ESBL producing E. coli (Blood) was done using Chi-square for trend
(Extended Mantel Haenszel) and a significant decrease was observed in the proportion of ESBL
in E. coli isolates from the year 2018 (81%) to 2021 (76%) and has remained constant in the
current data reporting period of 2022 (p value - <0.0001).

 27",,amr28.pdf | PDF page 43,verified,retrieval_context
NCDC_resistance_2022_NARS-Net_p044_c00,document_chunk,NCDC_resistance_2022_NARS-Net,amr28.pdf,resistance,2022,NARS-Net,44,,,"Table 7: Resistance profile of Escherichia coli (N=39,620)

 Blood (N=2496) Pus Aspirate (N=8297) OSBF (N=1548) Urine (N=27279)
Antibiotic
 Number Number Number Number
Tested (% R) 95% CI (% R) 95% CI (%R) 95% CI (% R) 95% CI
 Tested Tested Tested Tested

Amikacin 1952 (27) 25.3-29.4 6826 (24) 22.6-24.6 1170 (24) 21.7-26.7 17259 (19) 18.8-20.0
Amox-clav 1054 (57) 53.5-59.6 4108 (59) 57.0-60.1 677 (61) 57.7-65.1 10955 (49) 47.9-49.8

Ampicillin 1725 (82) 80.4-84.1 5692 (89) 87.6-89.3 1051 (88) 85.5-89.5 19886 (86) 85.7-86.6

Cefepime 1920 (63) 60.6-65.0 6491 (64) 62.9-65.3 1257 (67) 64.5-69.8 20423 (58) 57.4-58.8

Cefotaxime 1876 (76) 74.1-78.0 6581 (80) 78.8-80.7 1234 (81) 78.6-83.1 23247 (75) 74.1-75.2

Ciprofloxacin 2069 (64) 62.1-66.2 6721 (75) 74.2-76.3 1276 (76) 73.7-78.5 23227 (74) 72.9-74.1
Colistin 1683 (0) 0.0-0.1 4286 (0.1) 0-0.2 1080 (0) 0.0-0.1 7589 (0.01) 0-0.1
Ertapenem 603 (43) 39.0-47.0 1275 (33) 30.5-35.7 335 (44) 38.2-49.1 4520 (32) 30.7-33.5",,amr28.pdf | PDF page 44,verified,retrieval_context
NCDC_resistance_2022_NARS-Net_p044_c01,document_chunk,NCDC_resistance_2022_NARS-Net,amr28.pdf,resistance,2022,NARS-Net,44,,,"Gentamicin 1788 (37) 34.8-39.4 5762 (34) 33.0-35.5 917 (34) 31.0-37.2 11518 (27) 26.1-27.7

Imipenem 1983 (31) 29.4-33.6 6633 (28) 26.5-28.7 1289 (32) 29.8-35.0 21065 (21) 20.5-21.6
Meropenem 1227 (28) 25.5-30.6 4523 (21) 19.9-22.3 652 (27) 23.8-30.8 8814 (18) 16.9-18.5
Piperacillin/
 1887 (37) 34.8-39.2 6194 (36) 34.6-37.0 1121 (41) 37.7-43.5 14039 (24) 23.1-24.5
Tazobactam
TMP/SMX 1909 (54) 51.8-56.4 6715 (59) 57.3-59.7 1260 (59) 56.4-61.9 23163 (58) 57.3-58.6
Nitrofurantoin x x x 24953 (9) 8.9-9.6
Fosfomycin x x x 4978 (3) 2.3-3.2
Cefuroxime x x x 6707 (75) 73.6-75.7

Doxycycline x 722 (35) 31.2- 38.2 139 (32) 24.2- 4.02 x

x- Drug bug combination for the specimen type not tested in NARS-Net surveillance panel TMP/SMX - Trimethoprim/sulfamethoxazole
 Amox-clav -Amoxicillin/Clavulanic acid
 amo",,amr28.pdf | PDF page 44,verified,retrieval_context
NCDC_resistance_2022_NARS-Net_p044_c02,document_chunk,NCDC_resistance_2022_NARS-Net,amr28.pdf,resistance,2022,NARS-Net,44,,,"28 amo
 A
 A
 am
 am",,amr28.pdf | PDF page 44,verified,retrieval_context
NCDC_resistance_2022_NARS-Net_p045_c00,document_chunk,NCDC_resistance_2022_NARS-Net,amr28.pdf,resistance,2022,NARS-Net,45,,,"100

 Inpatient
 90
 86
 Intensive care 83
 Out patient 79
 80 76

 70 66 67
 65 65
 62 63
 59
 60
 56
 54 54 53 54
 Resistance %

 50
 43 42 43 45
 40
 40
 35 35 36",,amr28.pdf | PDF page 45,verified,retrieval_context
NCDC_resistance_2022_NARS-Net_p045_c01,document_chunk,NCDC_resistance_2022_NARS-Net,amr28.pdf,resistance,2022,NARS-Net,45,,,"32 33 33
 31 31
 30
 30 27 27
 25
 20
 20
 15
 13
 10

 0
 Amikacin Meropenem Imipenem Gentamicin PipTaz Ertapenem TMP/SMX Amox-Clav Cefepime Ciprofloxacin Cefotaxime Ampicillin

*Data of the emergency department was clubbed with data from inpatient wards Amox-clav -Amoxicillin/Clavulanic acid
 TMP/SMX - Trimethoprim/sulfamethoxazole
Figure 13: Resistance profile of Escherichia coli in blood by location type (N=2496) amo
 PipTaz – Piperacillin-Tazobactam
 A

 29 am",,amr28.pdf | PDF page 45,verified,retrieval_context
NCDC_resistance_2022_NARS-Net_p046_c00,document_chunk,NCDC_resistance_2022_NARS-Net,amr28.pdf,resistance,2022,NARS-Net,46,,,"b) Klebsiella species

In the current data reporting period, a total of 26,351 Klebsiella spp. isolates were reported of
which 24,377 were unique patient isolates.

Among the urinary isolates of Klebsiella spp., 7 in 10 of were found to be resistant to a second
and third generation cephalosporins. Resistance to ertapenem (42%, CI:40.1- 44.7) was highest
amongst the carbapenems. One third of the isolates tested against aminoglycosides like
amikacin (34%, CI:32.4- 34.6) were found to be resistant meanwhile a 36% (CI: 35.3- 37.3)
resistance was observed to nitrofurantoin (Table 8).

Like urinary isolates, Klebsiella spp. isolated from blood samples showed higher resistance
towards the second and third generation cephalosporins. Carbapenem resistance in Klebsiella
spp. isolated from blood was found to be 47%. Similar pattern of resistance was also observed
in isolates from pus aspirate and sterile body fluids. Resistance to colistin was found to be
highest in isolates of Klebsiella spp. when compared to other gram-negative priority pathogens
isolated from all specimen types. These resistant isolates were further confirmed at the NRL in
NCDC (Table 8).

The location type wise AST of Klebsiella spp. revealed a resistance pattern like other priority
pathogens wherein higher resistance was observed in isolates from intensive care units as
compared to inpatient wards and outpatient clinics (Fig. 14).

 30",,amr28.pdf | PDF page 46,verified,retrieval_context
NCDC_resistance_2022_NARS-Net_p047_c00,document_chunk,NCDC_resistance_2022_NARS-Net,amr28.pdf,resistance,2022,NARS-Net,47,,,"Table 8: Resistance profile of Klebsiella species (N=24,377)

 Blood (N=4639) Pus aspirate (N=7592) OSBF (N=1380) Urine (N=10766)
 Antibiotic
 Number Number Number Number
 Tested (%R) 95 % CI (%R) 95 % CI (%R) 95 % CI (%R) 95 % CI
 Tested Tested Tested Tested

 Amikacin 3258 (52) 50.0-53.4 6393 (42) 40.7-43.1 998 (41) 37.8-44.0 7180 (34) 32.4-34.6

 Amox-clav 1617 (70) 67.9-72.4 3589 (68) 66.5-69.6 527 (70) 65.7-73.7 4567 (57) 56.0-58.9

 Cefepime 3645 (71) 69.1-72.1 6172 (66) 65.1-67.4 1092 (65) 62.4-68.1 8224 (57) 56.4-58.5

 Cefotaxime 3631 (83) 81.5-84.0 6280 (76) 75.4-77.5 1122 (75) 72.6-77.7 9262 (69) 67.6-69.5

 Ciprofloxacin 3935 (63) 61.3-64.3 6465 (68) 67.0-69.3 1150 (65) 61.7-67.3 9416 (60) 59.4-61.4

 Colistin* 3071 (0.4) 0.2-0.7 3941 (0.2) 0.1-0.4 913 (0.2) 0-0.9 3702 (0.3) 0.2-0.6
 Ertapenem x 890 (42) 38.9-45.5 214 (56) 48.7-62.3 1816 (42) 40.1-44.7
 Gentamicin 3076 (57) 55.4-58.9 5605 (48) 46.9-49.5 832 (49) 45.2-52.1 x",,amr28.pdf | PDF page 47,verified,retrieval_context
NCDC_resistance_2022_NARS-Net_p047_c01,document_chunk,NCDC_resistance_2022_NARS-Net,amr28.pdf,resistance,2022,NARS-Net,47,,,"Imipenem 3786 (46) 44.1-47.3 6225 (39) 37.6-40.1 1128 (43) 40.0-45.9 8614 (30) 28.9-30.9

 Meropenem 2153 (44) 41.6-45.9 4764 (34) 32.5-35.2 601 (37) 33.1-41.0 3559 (28) 26.1-29.1
 Piperacillin/
 3414 (53) 51.1-54.5 6154 (47) 45.6-48.1 1012 (46) 42.8-49.0 5952 (32) 30.5-32.9
 Tazobactam
 TMP/SMX 3691 (59) 57.0-60.2 6367 (58) 57.0-59.4 1104 (63) 59.9-65.7 9141 (55) 53.5-55.6
 Cefuroxime x x x 2984 (70) 68.8-72.1
 Nitrofurantoin x x x 8868 (36) 35.3-37.3
 Doxycycline x 640 (37) 33.3-40.9 100 (34) 25.0-44.2 x
*Alert pathogens confirmed at NRL, NCDC only were included in the data TMP/SMX - Trimethoprim/sulfamethoxazole
x- Drug bug combination for the specimen type not tested in NARS-Net surveillance panel
 Amox-clav -Amoxicillin/Clavulanic acid
 amo
 amo
 A",,amr28.pdf | PDF page 47,verified,retrieval_context
NCDC_resistance_2022_NARS-Net_p047_c02,document_chunk,NCDC_resistance_2022_NARS-Net,amr28.pdf,resistance,2022,NARS-Net,47,,,"31
 A
 am
 am",,amr28.pdf | PDF page 47,verified,retrieval_context
NCDC_resistance_2022_NARS-Net_p048_c00,document_chunk,NCDC_resistance_2022_NARS-Net,amr28.pdf,resistance,2022,NARS-Net,48,,,"100

 90 Inpatient 87
 Intensive care 83
 80 Out patient
 74
 72
 70 70 69
 70 68
 66
 64 64
 60 60 61
 60 58 57 58
 56 56
 54
 Resistance %

 53 52
 51
 50 48 49",,amr28.pdf | PDF page 48,verified,retrieval_context
NCDC_resistance_2022_NARS-Net_p048_c01,document_chunk,NCDC_resistance_2022_NARS-Net,amr28.pdf,resistance,2022,NARS-Net,48,,,"47 47

 40 40
 40

 31
 30

 20

 10

 0.4 0.6
 0
 Colistin Meropenem Imipenem Amikacin PipTaz Gentamicin TMP/SMX Ciprofloxacin Amox-clav Cefepime Cefotaxime

*Data of the emergency department was clubbed with data from inpatient wards TMP/SMX - Trimethoprim/sulfamethoxazole
 PipTaz – Piperacillin-Tazobactam
Figure 14: Resistance profile of Klebsiella species in blood by location type (N=4639) amo

 A

 am
 32",,amr28.pdf | PDF page 48,verified,retrieval_context
NCDC_resistance_2022_NARS-Net_p049_c00,document_chunk,NCDC_resistance_2022_NARS-Net,amr28.pdf,resistance,2022,NARS-Net,49,,,"95%

 90%

 85%
 Proportion of ESBL

 80%

 75%

 70%

 65%

 60%
 2017 2018 2019 2020 2021 2022
 (N=971) (N=1346 (N=2810) (N=2181) (N=3054) (N=3631)
Figure 15 - Trends of Extended-Spectrum Beta-Lactamase (ESBL) producing Klebsiella sp. in
 )
blood (2017-2022)

The linear trend Analysis for ESBL in Klebsiella spp. (Blood) was done using Chi-square for trend
(Extended Mantel Haenszel) and it was found that there is a significant decrease in the
proportion of ESBL in Klebsiella isolates from 2018 to 2019 followed by an upward trend in 2020
(90%). Further in 2022 the proportion of ESBL producing bacteria significantly decreased to 82%
(p value - <0.0001) [Fig 15]

 33",,amr28.pdf | PDF page 49,verified,retrieval_context
NCDC_resistance_2022_NARS-Net_p050_c00,document_chunk,NCDC_resistance_2022_NARS-Net,amr28.pdf,resistance,2022,NARS-Net,50,,,"60%
 Proportion of Carbapenem resistance (%)

 50%

 40%

 30%

 20%

 10%

 0%
 Ecoli Klebsiella Enterobacterales
 (N= 2144) (N= 4133) (N= 6277)
Figure 16- Carbapenem resistance among Enterobacterales isolated from blood

One third of E. coli (35%) isolates from blood showed resistance to at least one of the
carbapenems whereas nearly half of the Klebsiella spp. (47%) isolates from blood were resistant
to at least one of the carbapenems namely imipenem or ertapenem or meropenem. Among
the Enterobacterales (CRE) carbapenem resistance was observed in 43% of isolates.

Salmonella enterica Typhi and Paratyphi

In the current data reporting period 455 Salmonella enterica serovar Typhi and Paratyphi were
submitted to NCDC of which 444 isolates were from unique patients. Ten of these isolates were
reported from stool specimens. Compared to ciprofloxacin, lower resistance rates to first-line
antibiotics like ampicillin, chloramphenicol and Trimethoprim/ Sulfamethoxazole were
observed. Only two isolates of Salmonella enterica serovar Typhi were found to be resistant to
ceftriaxone and no resistance was observed against imipenem. (Table 9)

 34",,amr28.pdf | PDF page 50,verified,retrieval_context
NCDC_resistance_2022_NARS-Net_p051_c00,document_chunk,NCDC_resistance_2022_NARS-Net,amr28.pdf,resistance,2022,NARS-Net,51,,,"Table 9: Resistance profile of Salmonella enterica Typhi and Paratyphi (N=444)

 S. Typhi (N=381) S. Paratyphi (N=53)
 Antibiotic tested Number Resistance (Number
 95% CI Number tested
 tested (%) Resistant)
 Ampicillin 358 (6) 4.2-9.6 50 (7)
 Azithromycin* 323 (0) 0.0-0.1 42 (0)
 Ceftriaxone* 353 (0.6) 0.1-2.3 46 (0)
 Chloramphenicol 327 (4) 2.5-7.2 48 (4)
 Ciprofloxacin 359 (29) 24.7-34.3 48 (11)
 Imipenem* 325 (0) 0.0-0.1 46 (0)
 Trimethoprim/Sulfamethoxazole 370 (5) 3.2-8.0 50 (1)
*Alert pathogens confirmed at NRL, NCDC only were included in the data

 2. Non-Fermenting Gram-Negative Bacilli
Among the Non-fermenting Gram-negative bacilli (NF GNB) collected during Jan-Dec 2022
across all NARS-Net sentinel sites, Pseudomonas species (14,684) were the most frequently
isolated pathogen followed by Acinetobacter species (11,782). In the current data,
Pseudomonas species was predominantly isolated from inpatients (12 %), and Acinetobacter
species was predominant among isolates from ICU settings (19 %).

 i. Pseudomonas species

NARS-Net surveillance sites in the year 2022 reported 15,892 isolates of Pseudomonas spp.
from 14,684 unique patients. Among the priority pathogens isolated from various specimen
types, Pseudomonas spp. was isolated from 11% blood cultures, 17% pus aspirates, 18% sterile
body fluids and 8% urine (Table 3).

About 50% of urinary isolates were observed to be resistant to at least one of the third",,amr28.pdf | PDF page 51,verified,retrieval_context
NCDC_resistance_2022_NARS-Net_p051_c01,document_chunk,NCDC_resistance_2022_NARS-Net,amr28.pdf,resistance,2022,NARS-Net,51,,,"generation cephalosporin with a similar resistance pattern in non-beta lactams like
ciprofloxacin and gentamicin. Pseudomonas spp. isolated from blood samples showed 44%
resistance to ceftazidime whereas around 30% resistance was observed to ciprofloxacin and
gentamicin each. The carbapenem resistance in blood isolates of pseudomonas was observed
to be 27% (Table 10).

 35",,amr28.pdf | PDF page 51,verified,retrieval_context
NCDC_resistance_2022_NARS-Net_p052_c00,document_chunk,NCDC_resistance_2022_NARS-Net,amr28.pdf,resistance,2022,NARS-Net,52,,,"With regard to reserve group of antibiotics like Colistin, two isolates from blood, one from pus
aspirate, two from sterile body fluids and one from urine were found to be resistant and
confirmed at the NRL at NCDC (Table 10).

Isolates of Pseudomonas spp. from blood samples from patients in Intensive care units,
inpatient wards and outpatient clinics of healthcare facilities showed high resistance to
ceftazidime.

 36",,amr28.pdf | PDF page 52,verified,retrieval_context
NCDC_resistance_2022_NARS-Net_p053_c00,document_chunk,NCDC_resistance_2022_NARS-Net,amr28.pdf,resistance,2022,NARS-Net,53,,,"Table 10: Resistance profile of Pseudomonas species (N=14684)

 Blood (N=2457) Pus Aspirate (N=6663) OSBF (N=1181) Urine (N=4383)

Antibiotic
 Number Number Number Number
 (%R) 95 % CI (%R) 95 % CI (%R) 95 % CI (%R) 95 % CI
Tested Tested Tested Tested Tested

Amikacin 2239 (26) 24.1-27.7 6199 (33 31.6-33.9 1050 28 25.0-30.5 3844 39 37.0-40.1

Aztreonam 1277 (36) 33.5-38.9 3330 (28 26.0-29.1 571 36 32.2-40.2 2123 37 35.2-39.4

Ceftazidime 2220 (44) 42.2-46.4 6070 (44 42.9-45.5 1073 36 33.4-39.2 3927 50 47.9-51.1

Ciprofloxacin 2154 (29) 27.3-31.1 5836 (44 43.1-45.7 1051 33 29.8-35.6 3883 52 50.1-53.3

Colistin 1561 (0.1) 0-0.5 3355 (0.03) 0-0.2 740 0.3 0-1.1 1615 0.06 0-0.4

Gentamicin 2142 (28) 26.2-30.1 5733 37) 35.6-38.1 979 29 26.4-32.2 3575 41 39.1-42.4

Imipenem 2098 (26) 24.2-28.0 5532 27) 25.4-27.7 1034 33 30.4-36.2 3508 35 33.9-37.1

Meropenem 1250 (17) 15.0-19.3 4390 (22) 20.3-22.8 488 28 23.8-31.9 1513 33 30.8-35.6

Netilmicin 260 (21) 16.5-26.7 996 (30) 26.7-32.5 109 24 16.4-33.1 520 32 28.2-36.3
Piperacillin/",,amr28.pdf | PDF page 53,verified,retrieval_context
NCDC_resistance_2022_NARS-Net_p053_c01,document_chunk,NCDC_resistance_2022_NARS-Net,amr28.pdf,resistance,2022,NARS-Net,53,,,"2224 (18) 16.7-20.0 6043 (22) 21.2-23.3 1067 22 19.6-24.7 3895 24 22.6-25.3
Tazobactam
 *Alert pathogens confirmed at NRL, NCDC only were included in the data

 37",,amr28.pdf | PDF page 53,verified,retrieval_context
NCDC_resistance_2022_NARS-Net_p054_c00,document_chunk,NCDC_resistance_2022_NARS-Net,amr28.pdf,resistance,2022,NARS-Net,54,,,"60

 Inpatient
 Intensive care
 50 Out patient 48

 43
 42
 40 38

 34
 Resistance %

 30 31
 30 29 29
 27 28 27
 24 24 24
 21 21 21 21 21 21
 20
 20 19
 16
 13
 12
 10 8

 0.1 0.2
 0",,amr28.pdf | PDF page 54,verified,retrieval_context
NCDC_resistance_2022_NARS-Net_p054_c01,document_chunk,NCDC_resistance_2022_NARS-Net,amr28.pdf,resistance,2022,NARS-Net,54,,,"Colistin Meropenem PipTaz Netilmicin Amikacin Imipenem Gentamicin Aztreonam Ciprofloxacin Ceftazidime

*Data of the emergency department was clubbed with data from inpatient wards PipTaz – Piperacillin-Tazobactam

Figure 17-Resistance profile of Pseudomonas species in blood by location type (N=2457)

 38",,amr28.pdf | PDF page 54,verified,retrieval_context
NCDC_resistance_2022_NARS-Net_p055_c00,document_chunk,NCDC_resistance_2022_NARS-Net,amr28.pdf,resistance,2022,NARS-Net,55,,,"ii. Acinetobacter species

A total of 12,544 Acinetobacter species isolate data was submitted by network sites of which
11,782 were from unique patients. Among all specimen types reported under the programme,
Acinetobacter species was isolated from 21% blood cultures, 19% other sterile body fluids, 9%
pus aspirates and 4% urine samples.

Blood isolates showed a highest resistance 73% (CI: 71.8- 74.6) to Ceftazidime, similar
resistance was also observed in other specimen types namely pus aspirate (80%), sterile body
fluids (76%, CI:72.9- 78.2) and urine (66%, CI:64.1- 68.8).

Imipenem was resistant in 59% (CI: 57.1- 60.2) of blood isolates whereas the resistance rates
were as high as 65% (CI: 63.3- 66.7) in isolates from pus aspirates and 69% (CI: 66.5- 72.0) in
isolates sterile body fluids. Among blood isolates, resistance to any one of the carbapenems
was observed to be 59%. Only 0.1% resistance was observed to Colistin among blood isolates
of Acinetobacter species, however none of the isolates from pus aspirate, sterile body fluids
or urine were found to be resistant to Colistin.

As compared to non-ICU settings, resistance rates were high in Acinetobacter species isolated
from blood from ICU patients. (Figure 18). Colistin resistance was observed to be as low in
0.1% in Inpatients and imipenem resistance was as high as 70% in isolates from ICU. (Figure
18)

 39",,amr28.pdf | PDF page 55,verified,retrieval_context
NCDC_resistance_2022_NARS-Net_p056_c00,document_chunk,NCDC_resistance_2022_NARS-Net,amr28.pdf,resistance,2022,NARS-Net,56,,,"Table 11: Resistance profile of Acinetobacter species (N=11,782)

 Blood (N=4820) Pus Aspirate (N=3586) OSBF (N=1285) Urine (N=2091)

 Antibiotic
 Number Number Number Number
 (%R) 95 % CI (%R) 95 % CI (%R) 95 % CI (%R) 95 % CI
 Tested Tested Tested Tested Tested

Amikacin 4086 (58) 56.5-59.5 3132 (67) 65.2-68.5 1107 (64) 60.9-66.6 1579 (44) 41.4-46.4

Ceftazidime 3954 (73) 71.8-74.6 3050 (80) 78.1-81.0 1043 (76) 72.9-78.2 1595 (66) 64.1-68.8

Ciprofloxacin 4189 (57) 55.2-58.2 3100 (74) 72.4-75.6 1102 (65) 62.5-68.2 1833 (50) 47.9-52.6

Colistin 3624 (0.1) 0-0.3 1968 (0) 0.0-0.1 937 (0) 0.0-0.1 830 (0) 0.0-0.1

Gentamicin 4174 (59) 57.3-60.3 2731 (67) 65.3-68.9 1065 (62) 59.1-65.0 1457 (45) 42.0-47.2

Imipenem 4109 (59) 57.1-60.2 3040 (65) 63.3-66.7 1120 (69) 66.5-72.0 1706 (41) 39.1-43.8

Meropenem 1513 (56) 53.4-58.5 1632 (58) 55.5-60.4 496 (63) 58.3-66.9 609 (35) 31.7-39.4
Piperacillin/
 4235 (55) 53.6-56.7 3093 (66) 64.1-67.5 1136 (59) 56.5-62.3 1835 (37) 34.6-39.1
Tazobactam
Cefotaxime 2049 (74) 72.5-76.3 1578 (78) 76.1-80.2 636 (72) 68.8-75.9 1212 (58) 55.6-61.2

TMP/SMX 2661 (54) 52.5-56.3 2235 (68) 66.0-69.9 855 (60) 56.7-63.4 1334 (51) 48.0-53.4",,amr28.pdf | PDF page 56,verified,retrieval_context
NCDC_resistance_2022_NARS-Net_p056_c01,document_chunk,NCDC_resistance_2022_NARS-Net,amr28.pdf,resistance,2022,NARS-Net,56,,,"Amikacin 4086 (58) 56.5-59.5 3132 (67) 65.2-68.5 1107 (64) 60.9-66.6 1579 (44) 41.4-46.4
 *Alert pathogens confirmed at NRL, NCDC only were included in the data TMP/SMX - Trimethoprim/sulfamethoxazole

 amo

 A

 am
 40",,amr28.pdf | PDF page 56,verified,retrieval_context
NCDC_resistance_2022_NARS-Net_p057_c00,document_chunk,NCDC_resistance_2022_NARS-Net,amr28.pdf,resistance,2022,NARS-Net,57,,,"90 Inpatient
 Intensive care 83
 80
 80 Out patient

 69 70 70 70 70
 70 69 69
 67 67 66

 59
 60
 55 54 54
 52 53
 50 51 49
 49 49
 Resistance %

 50 48 47
 43
 40

 30
 24

 20

 10
 0.1
 0
 Colistin Meropenem PipTaz Ciprofloxacin TMP/SMX Imipenem Amikacin Gentamicin Cefotaxime Ceftazidime",,amr28.pdf | PDF page 57,verified,retrieval_context
NCDC_resistance_2022_NARS-Net_p057_c01,document_chunk,NCDC_resistance_2022_NARS-Net,amr28.pdf,resistance,2022,NARS-Net,57,,,"*Data of the emergency department was clubbed with data from inpatient wards PipTaz – Piperacillin-Tazobactam
 TMP/SMX - Trimethoprim/sulfamethoxazole
Figure 18- Resistance profile of Acinetobacter species in blood by location type (N=4820)
 amo

 A
 41
 am",,amr28.pdf | PDF page 57,verified,retrieval_context
NCDC_resistance_2022_NARS-Net_p058_c00,document_chunk,NCDC_resistance_2022_NARS-Net,amr28.pdf,resistance,2022,NARS-Net,58,,,"V. Discussion

Antimicrobial resistance (AMR), recognized as the top ten public health threat by World Health
Organisation, poses many threats across sectors, mandating the need to strengthen global,
national, and local AMR surveillance. Data generated through AMR surveillance assists in
monitoring antibiotic resistance trends and enables effective public health interventions.

Under the National Programme on AMR Containment, NCDC's National Antimicrobial
Resistance Network (NARS-Net) annually generates the Annual AMR Surveillance Report.
Currently, NARS-Net is being expanded in a phased manner to all states and UT and generates
geographically representative data. AMR surveillance under NARS-Net includes standardized
collection, analysis, and compilation of AMR data from all the network sites. The compiled data
is used to generate the annual National AMR surveillance report, shared with National and state
stakeholders, and made available in the public domain3. Considering the challenges in testing
methodology and quality and standardization issues with automated AST systems for
Vancomycin-resistant S. aureus and colistin-resistant gram-negative bacteria, only the isolates
confirmed at the AMR-NRL at CBDDR NCDC have been included in this report. Segregated
uniquely deidentified AST isolate data from the Surveillance network for six WHO priority
pathogens, namely S. aureus, E.coli, Klebsiella species, Salmonella Typhi/ ParaTyphi, and
Acinetobacter baumannii, are also submitted annually to WHO's Global AMR Surveillance
System (GLASS).

This report with the reporting period from 01 January to 31 December 2022 includes
aggregated data from 36 sentinel sites from 27 states/UTs. Compared with the previous year's
National AMR surveillance annual report, the number of sites submitting data has increased
from 35 sites to 36 sites this year. Quality of AMR surveillance data submitted by sites is ensured
via continual capacity-building trainings based on standard operating procedures for data
management, antimicrobial susceptibility testing, internal quality control (IQC), and other",,amr28.pdf | PDF page 58,verified,retrieval_context
NCDC_resistance_2022_NARS-Net_p058_c01,document_chunk,NCDC_resistance_2022_NARS-Net,amr28.pdf,resistance,2022,NARS-Net,58,,,"technical guidelines developed by NCDC. The number of sentinel sites performing colistin BMD
and vancomycin BMD has gradually increased over the past years. The virtual capacity-building
program initiated via the ECHO platform in 2020 to strengthen bacteriology testing methods at

 42",,amr28.pdf | PDF page 58,verified,retrieval_context
NCDC_resistance_2022_NARS-Net_p059_c00,document_chunk,NCDC_resistance_2022_NARS-Net,amr28.pdf,resistance,2022,NARS-Net,59,,,"the laboratories across the network sites has supported in establishing standardized testing
across the network.

A customized VBA tool provides quarterly AMR data feedback to network sites. Network
sentinel sites have improved reporting the demographic details and AST panel compliance
compared to the previous years. All network sites are enrolled in one of the EQAS programs
and have also taken measures to adopt stringent internal quality control of antibiotic discs,
biochemicals, and culture media.

Specific limitations that could affect data quality are availability of lab information system in
many of the network sites, strict adherence to internal quality control SoPs, continuous supply
of all antibiotic disks as per programme SoPs and quality management systems in place for
automated ID and AST systems as recommended by the manufacturer..

Over the past four years, number of isolates reported has gradually increased from 25,833 to
1,19,686. Similar to the previous five years, Escherichia coli (33%) remained the most commonly
isolated pathogen in the AMR Surveillance data 2022. Most isolates were isolated from urine
samples (43%) and among the urinary isolates, E. coli was the most commonly isolated priority
pathogen. S. aureus was the most commonly isolated pathogen from Pus aspirates (28%) and
blood (27%) and these findings also corroborated with the previous year's reports. Concerning
location type, more than half of the priority pathogens (56%) were isolated from inpatient
wards, wherein E. coli was the most commonly isolated pathogen from Inpatients (31%),
Outpatients (42%), and Emergency settings (32%) which also corroborated with the previous
year findings.

A significantly decreasing proportion of Methicillin-resistant S. aureus (MRSA) in blood was
observed this year (59%) compared to the previous years since 2018. Likewise, a rise in the
proportion of Vancomycin-resistant Enterococcus spp. isolated from blood culture was
observed.

Trend analysis for ESBL-producing blood isolates of E. coli showed a significant decrease in the
proportion of ESBL producing E. coli isolates from 2018 (86%) to 2022 (76%). This decrease",,amr28.pdf | PDF page 59,verified,retrieval_context
NCDC_resistance_2022_NARS-Net_p059_c01,document_chunk,NCDC_resistance_2022_NARS-Net,amr28.pdf,resistance,2022,NARS-Net,59,,,"might be due to improved internal and external quality management systems mandated at all
network sites under the programme and more representative data now coming from different
geographies of India. At the initial phase, surveillance included data majorly from Delhi and

 43",,amr28.pdf | PDF page 59,verified,retrieval_context
NCDC_resistance_2022_NARS-Net_p060_c00,document_chunk,NCDC_resistance_2022_NARS-Net,amr28.pdf,resistance,2022,NARS-Net,60,,,"other centres in big cities and referral hospitals. About 35% of E. coli and 47% of Klebsiella spp.
were resistant to carbapenem, similar to the previous year's findings (33% and 50%,
respectively).

Currently, resistance to the reserve group of antibiotics has been increasing, posing a threat as
no new newer drugs are in the pipeline. Strengthening local infection prevention and
antimicrobial stewardship practices at healthcare facilities in the country and addressing the
drivers of AMR requires an urgent multisectoral multipronged strategy to combat AMR.

To conclude, the annual National AMR Surveillance Report generated by NARS-Net 2023
provides critical insights into India's evolving antimicrobial resistance trends for selected
bacterial pathogens. Expanding the network to all states and Union Territories, along with
continuous capacity building and quality assurance efforts, has improved the coverage and
reliability of the surveillance data. It is essential to leverage these findings to inform evidence-
based interventions, policies, and programs that will mitigate the threat of AMR and preserve
the effectiveness of antibiotics in India's healthcare system.

 44",,amr28.pdf | PDF page 60,verified,retrieval_context
NCDC_resistance_2022_NARS-Net_p061_c00,document_chunk,NCDC_resistance_2022_NARS-Net,amr28.pdf,resistance,2022,NARS-Net,61,,,"VI. List of NARS-Net sites that contributed AMR data for the 2023 AMR Surveillance
 report
1. Lady Hardinge Medical College and Associated hospitals, Delhi
2. Vardhman Mahavir Medical college and SJ Hospital, Delhi
3. SMS medical College, Jaipur, Rajasthan
4. BJ Medical College, Ahmedabad, Gujarat
5. BJ Medical college, Pune, Maharashtra
6. Government Medical college, Chandigarh
7. Mysore Medical college, Mysuru, Karnataka
8. GSVM Medical College, Kanpur, Uttar Pradesh
9. Gauhati Medical College and Hospital, Guwahati, Assam
10. KAP V. Government Medical College, Tiruchirappalli, Tamil Nadu
11. NEIGRIHMS, Shillong, Meghalaya
12. Govt. Medical College, Thiruvananthapuram, Kerala
13. MGM College and Hospital, Indore, Madhya Pradesh
14. IGMC, Shimla, Himachal Pradesh
15. Govt. Medical College and Hospital, Aurangabad, Maharashtra
16. Osmania Medical College, Hyderabad, Telangana
17. Govt. Medical College & Hospital, Jammu, Jammu and Kashmir
18. Agartala Govt. Medical College, Agartala, Tripura
19. Guntur Medical College, Guntur, Andhra Pradesh
20. SCB Medical College & Hospital, Cuttack, Odisha
21. Pt. Jawaharlal Nehru Memorial Medical College, Raipur, Chhattisgarh
22. Rajendra Institute of Medical Sciences, Ranchi, Jharkhand
23. Pandit Bhagwat Dayal Sharma, Post Graduate Institute of Medical Sciences (PGIMS)
 Rohtak, Haryana
24. Indira Gandhi Institute of Medical Sciences, Sheikpura, Patna, Bihar
25. Govt. Medical College, Haldwani, Uttarakhand
26. Gandhi Medical College, Bhopal, Madhya Pradesh
27. Calcutta School of Tropical Medicine, Kolkata, West Bengal
28. Lala Lajpat Rai Memorial (LLRM) Medical College, Meerut, Uttar Pradesh
29. GMERS Medical College and Civil Hospital, Valsad, Gujarat
30. Coimbatore Medical College & Hospital, Coimbatore, Tamil Nadu
31. Karnataka Institute of Medical Sciences (KIMS), Hubli, Karnataka
32. Indira Gandhi Medical College & Research Institute (IGMC & RI) Puducherry
33. NAMO Medical Education and Research Institute (MERI), Silvassa, Dadra & Nagar
 Haveli
34. Maulana Azad Medical College (MAMC) and Associated Hospitals, Delhi
35. Sardar Patel Medical College (SPMC) and Hospital, Bikaner, Rajasthan",,amr28.pdf | PDF page 61,verified,retrieval_context
NCDC_resistance_2022_NARS-Net_p061_c01,document_chunk,NCDC_resistance_2022_NARS-Net,amr28.pdf,resistance,2022,NARS-Net,61,,,"36. Goa Medical College & Hospital, Bambolim

 45",,amr28.pdf | PDF page 61,verified,retrieval_context
NCDC_resistance_2022_NARS-Net_p062_c00,document_chunk,NCDC_resistance_2022_NARS-Net,amr28.pdf,resistance,2022,NARS-Net,62,,,46,,amr28.pdf | PDF page 62,verified,retrieval_context
NCDC_resistance_2023_NARS-Net_p001_c00,document_chunk,NCDC_resistance_2023_NARS-Net,amr29.pdf,resistance,2023,NARS-Net,1,,,"Annual Report

National Antimicrobial Surveillance Network
 (NARS-Net)

 Reporting period:
 January – December 2023

 National Programme on AMR Containment,
 National Centre for Disease Control (NCDC)
 Directorate General of Health services
 Ministry of Health & Family Welfare
 Government of India",,amr29.pdf | PDF page 1,verified,retrieval_context
NCDC_resistance_2023_NARS-Net_p004_c00,document_chunk,NCDC_resistance_2023_NARS-Net,amr29.pdf,resistance,2023,NARS-Net,4,,,"Table of Contents
Acronyms .................................................................................................................................................. 1
List of Tables ............................................................................................................................................. 2
List of Figures ............................................................................................................................................ 3
1. Executive Summary .......................................................................................................................... 4
2. National AMR Surveillance Surveillance Report .............................................................................. 7
2.1. Introduction .................................................................................................................................. 7
2.2. Findings ....................................................................................................................................... 11
2.2.1. Data Deduplication ................................................................................................................. 11
2.2.2. Age and Gender distribution of reported AMR data ............................................................. 12
2.2.3. AMR profile of priority pathogens ......................................................................................... 18
2.2.3.1. Gram-Positive Cocci ............................................................................................................ 18
 Staphylococcus aureus ........................................................................................................................ 18
 Enterococcus species ........................................................................................................................... 22
2.2.3.2. Gram-Negative Bacilli ......................................................................................................... 26",,amr29.pdf | PDF page 4,verified,retrieval_context
NCDC_resistance_2023_NARS-Net_p004_c01,document_chunk,NCDC_resistance_2023_NARS-Net,amr29.pdf,resistance,2023,NARS-Net,4,,,"2.2.3.2.1. Enterobacteriaceae ............................................................................................................. 26
 Escherichia coli .................................................................................................................................... 26
 Klebsiella species ................................................................................................................................. 30
 Salmonella enterica serovar Typhi and Paratyphi ............................................................................... 34
 Shigella species ................................................................................................................................... 34
2.2.3.2.2. Non-Fermenting Gram-Negative Bacilli ............................................................................. 35
 Pseudomonas species .......................................................................................................................... 35
 Acinetobacter spp................................................................................................................................ 39
2.2.3.2.3. Vibrionaceae ....................................................................................................................... 42
Vibrio cholerae ........................................................................................................................................ 42
2.3. Discussion ................................................................................................................................... 43
2.4. Annexure I ................................................................................................................................... 45",,amr29.pdf | PDF page 4,verified,retrieval_context
NCDC_resistance_2023_NARS-Net_p007_c00,document_chunk,NCDC_resistance_2023_NARS-Net,amr29.pdf,resistance,2023,NARS-Net,7,,,"Acronyms

AMR Antimicrobial Resistance
Amox-clav Amoxicillin/Clavulanic acid
AST Antimicrobial Susceptibility Testing
BMD Broth Microdilution
CBDDR Centre for Bacterial Diseases and Drug Resistance
CLSI Clinical & Laboratory Standards Institute
CSV Comma Separated Value
EQAS External Quality Assessment Scheme
GLASS Global Antimicrobial Resistance and Use Surveillance System
IPD Inpatient Department
ICU Intensive Care Unit
ID Identification
IQC Internal Quality Control
LIMS Laboratory Information Management System
MRSA Methicillin-Resistant Staphylococcus aureus

NARS-Net National Antimicrobial Resistance Surveillance Network
NFGNB Non-fermenting Gram-negative bacilli
NCDC National Centre for Disease Control
NRL National Reference Laboratory
OPD Outpatient Department
OSBF Other Sterile Body Fluids
PA Pus Aspirate
RIS Resistant Intermediate Sensitive
TMP-SMX Trimethoprim-Sulfamethoxazole
SOP Standard Operating Procedure
VBA Visual Basic Application
VRE Vancomycin-Resistant Enterococcus species
WHO World Health Organization

 1",,amr29.pdf | PDF page 7,verified,retrieval_context
NCDC_resistance_2023_NARS-Net_p010_c00,document_chunk,NCDC_resistance_2023_NARS-Net,amr29.pdf,resistance,2023,NARS-Net,10,,,"List of Tables

Table 1 Priority Pathogens and specimens included under AMR Surveillance
Table 2 Distribution of priority pathogen isolates based on specimen type
Table 3 Distribution of isolates by specimen type

Table 4 Specimen type wise distribution of isolates
Table 5 Distribution of priority pathogen isolates by location type
Table 6 Resistance profile of Staphylococcus aureus
Table 7 Resistance profile of Enterococcus species
Table 8 Resistance profile of Escherichia coli
Table 9 Resistance profile of Klebsiella species
Table 10 Resistance profile of Salmonella enterica Typhi and Paratyphi from blood and
 Shigella species from stool
Table 11 Resistance profile of Pseudomonas species
Table 12 Resistance profile of Acinetobacter species
Table 13 Resistance profile of Vibrio cholerae",,amr29.pdf | PDF page 10,verified,retrieval_context
NCDC_resistance_2023_NARS-Net_p011_c00,document_chunk,NCDC_resistance_2023_NARS-Net,amr29.pdf,resistance,2023,NARS-Net,11,,,"List of Figures

Figure 1 National AMR Surveillance Network laboratories under NARS-Net as of March
 2024
Figure 2 Distribution of priority pathogen isolates and unique patient isolates
Figure 3 Distribution of priority pathogen isolates by gender
Figure 4 Distribution of priority pathogen isolates by age category
Figure 5 Distribution of isolates by location type
Figure 6 Distribution of priority pathogen isolates by location type
Figure 7 Trends of Methicillin resistant S. aureus (MRSA) isolated from blood
 (2017-2023)
Figure 8 Trends of Linezolid resistant S. aureus isolated from blood (2018 to 2023)
Figure 9 Resistance profile of S. aureus in blood
Figure 10 Trends of Vancomycin-Resistant Enterococci (VRE) isolated from blood (2018-
 2023)
Figure 11 Resistance profile of Enterococcus species in blood
Figure 12 Trends of Extended-spectrum beta-lactamase producing E. coli isolated from
 blood (2017-2023)
Figure 13 Resistance profile of Escherichia coli isolated from blood
Figure 14 Resistance profile of Klebsiella species isolated from blood
Figure 15 Trends of Extended-spectrum beta-lactamase (ESBL) producing Klebsiella sp.
 isolated from blood (2017-2023)
Figure 16 Carbapenem resistance among Enterobacterales isolated from blood
Figure 17 Resistance profile of Pseudomonas species isolated from blood
Figure 18 Resistance profile of Acinetobacter species isolated from blood

 3",,amr29.pdf | PDF page 11,verified,retrieval_context
NCDC_resistance_2023_NARS-Net_p014_c00,document_chunk,NCDC_resistance_2023_NARS-Net,amr29.pdf,resistance,2023,NARS-Net,14,,,"Executive Summary

The National AMR surveillance network (NARS-Net) under the National Programme on AMR
Containment, coordinated by the National Centre for Disease Control (NCDC), has been
expanded in a phased manner to include 50 laboratories in 33 states/UTs (as of March 2024).
In 2017, NCDC was designated by the Ministry of Health and Family Welfare (MoHFW),
Government of India as the National Coordinating Centre (NCC) for AMR surveillance and for
submitting data to the WHO’s Global Antimicrobial Resistance Surveillance and Use System
(GLASS)1. Antimicrobial Resistance data of selected WHO priority pathogen isolates generated
by healthcare hospital laboratories adhering to the standard International/National procedures
and part of various AMR surveillance programs in India has been collated and submitted to
WHO-GLASS data calls since 2018.

The current report covers the data submitted by NARS-Net sites during the reporting period
from 01 January 2023 to 31 December 2023 and includes surveillance data from 41 sentinel
sites in 31 States/ Union Territories. Continuous capacity-building trainings are conducted to
ensure submission of quality of AMR surveillance data submitted by the sites. A standardized
approach is being followed for effective surveillance based on standard operating procedures
for antimicrobial susceptibility testing (AST), internal quality control (IQC), data management,
and other technical guidelines including International Guidelines such as Clinical Laboratory
Standard Institute Guidelines (CLSI) and European Committee for Antimicrobial Susceptibility
Testing (EUCAST) documents. To ensure quality of data, AMR isolates designated as Alerts
under the programme if isolated at the programme sites, such as vancomycin-resistant S.
aureus and colistin-resistant Gram-negative bacteria, are mandated to be submitted to the
AMR-national reference laboratory (NRL) located at the Centre for Bacterial Disease and Drug
Resistance (CBDDR), NCDC for confirmation of identification and antimicrobial susceptibility
testing (AST). The virtual capacity-building program “Extension for Community Healthcare",,amr29.pdf | PDF page 14,verified,retrieval_context
NCDC_resistance_2023_NARS-Net_p014_c01,document_chunk,NCDC_resistance_2023_NARS-Net,amr29.pdf,resistance,2023,NARS-Net,14,,,"Outcome (ECHO)” initiated in 2020, over and above the continuous hands-on training on
bacteriology testing methods and data management using WHONET, has also impacted the
quality of data. Trainings on colistin agar dilution and broth microdilution methods, both at the
NRL at NCDC and onsite during site visits, have contributed to an increase in the number of

1
 https://ncdc.mohfw.gov.in/wp-content/uploads/2024/03/38028959841558086575.pdf
 4",,amr29.pdf | PDF page 14,verified,retrieval_context
NCDC_resistance_2023_NARS-Net_p015_c00,document_chunk,NCDC_resistance_2023_NARS-Net,amr29.pdf,resistance,2023,NARS-Net,15,,,"sentinel sites performing colistin agar dilution, colistin broth microdilution (BMD) and
vancomycin BMD. Furthermore, shift from quarterly feedback on AMR data to monthly
feedback through data quality monitoring calls done monthly with each site by the NCDC
Officers, has resulted in close to real time correction of data and confirmation of alerts. This
has played a crucial role in improving compliance to data standards defined under the
programme. Also, as per the National AMR Surveillance SOP, all network sites are mandated to
enroll in External Quality Assessment Scheme (EQAS) and implement internal quality control
(IQC) measures to ensure quality of antibiotic discs and culture media so as to maintain
microbiology laboratory standards.
Over the past seven years, there has been a gradual increase in the number of reported isolates,
rising from 25,833 in 2017 to 1,51,652 in the current data reporting period. Since the last seven
years, Escherichia coli (E. coli) has consistently remained the most commonly isolated
pathogen, accounting for one-third (34%) of the AMR surveillance priority pathogens in 2023.
Also, E. coli (51%) was found to be the predominant pathogen among the urinary isolates.
Among the specimen types, urine (46%) was the most frequently reported specimen type
followed by pus aspirate (29%) and blood (19%). S. aureus was the most isolated pathogen from
pus aspirates (27%), aligning with the previous year’s findings. Regarding location, over half of
the priority pathogens (53%) were isolated from in-patient wards. E. coli was the most isolated
pathogen in specimens from outpatients (43%) followed by those from patients in emergency
settings (34%), in-patients (32%), and ICU patients (18%).
No significant change has been observed in the proportion Methicillin-resistant S. aureus
(MRSA) isolated from blood in the current data reporting period compared to the data reported
for 2022. While, there was an increase in the proportion of Vancomycin-resistant Enterococci
(VRE) isolated from blood cultures (19%) compared to the previous year (13%).
The trend analysis for ESBL (extended-spectrum beta-lactamase) in blood isolates of E. coli",,amr29.pdf | PDF page 15,verified,retrieval_context
NCDC_resistance_2023_NARS-Net_p015_c01,document_chunk,NCDC_resistance_2023_NARS-Net,amr29.pdf,resistance,2023,NARS-Net,15,,,"revealed a decrease in ESBL-producing E. coli isolates from 86% in 2018 to 82% in 2023. The
carbapenem-resistant Enterobacteriaceae (CRE) showed a gradual increase over the last two
years, approximately, 40% of E. coli and 54% of Klebsiella spp. isolates were resistant to at least
one of the carbapenems in the current year’s data reporting period (35% and 47%, respectively
reported in the year 2022). This increase in resistance may be attributed to the increased use
of antimicrobials during the COVID-19 pandemic and or due to the increase in the size of data
due to increase in the number of sentinel sites in the NARS-Net.",,amr29.pdf | PDF page 15,verified,retrieval_context
NCDC_resistance_2023_NARS-Net_p016_c00,document_chunk,NCDC_resistance_2023_NARS-Net,amr29.pdf,resistance,2023,NARS-Net,16,,,"The data mentioned in this report is limited to Government hospitals, majorly Medical College
Hospitals, which are part of public healthcare systems providing primary, secondary, and
tertiary care in India.

 6",,amr29.pdf | PDF page 16,verified,retrieval_context
NCDC_resistance_2023_NARS-Net_p017_c00,document_chunk,NCDC_resistance_2023_NARS-Net,amr29.pdf,resistance,2023,NARS-Net,17,,,"1. National AMR Surveillance Network (NARS-Net) Report

 1.1. Introduction

 Antimicrobial resistance (AMR) is a serious threat affecting not just humans, but also
 animals, crops and the environment. AMR is recognized as one of the top ten public health
 threats by the World Health Organization (WHO). Antimicrobial resistance (AMR) is one of
 the top global public health and development threats. It is estimated that bacterial AMR
 was directly responsible for 1.27 million global deaths in 2019 and contributed to
 4.95 million deaths2 and this number is expected to go up if appropriate containment
 measures are not undertaken. To monitor AMR, a robust surveillance system is needed. In
 India, strengthening national, state and facility-level AMR surveillance requires real time
 data collection and analysis for monitoring the trends to inform necessary policies and
 guidelines.
 The National Programme on AMR containment was initiated in 2013, during the 12th (2012-
 2017) five-year plan and is being coordinated by the National Centre for Disease Control
 (NCDC). Under the programme, the National AMR Surveillance Network (NARS-Net) has
 been established which generates annual reports on National AMR Surveillance data from
 tertiary care facilities since 2018. The current report is the seventh annual report. After the
 COVID-19 pandemic, with the return to pre-pandemic levels of health activity, there has
 been a substantial increase in the number of isolates of priority pathogens in the data
 submitted by the sites.

 NARS-Net is being expanded to all states and Union Territories in a phased manner.
 Currently, 50 medical colleges/laboratories in 27 states and 6 UTs (as of March 2024) ensure
 geographic representation. The surveillance data submitted by the NARS-Net sentinel sites
 is analyzed after validation at NCDC using WHONET, a microbiology data management
 open-source offline software. The annual National AMR surveillance report and the semi-
 annual bulletins prepared by NCDC are shared with national and state stakeholders and",,amr29.pdf | PDF page 17,verified,retrieval_context
NCDC_resistance_2023_NARS-Net_p017_c01,document_chunk,NCDC_resistance_2023_NARS-Net,amr29.pdf,resistance,2023,NARS-Net,17,,,"available in the public domain on the NCDC website. The network data is also submitted
 annually to the World Health Organization's Global AMR Surveillance and Use System
 (WHO-GLASS) since 2018 by NCDC, which has been notified by MoHFW as the National
 Coordinating Centre for AMR Surveillance in India.

2
 Antimicrobial Resistance Collaborators. (2022). Global burden of bacterial antimicrobial resistance in 2019: a
systematic analysis. The Lancet; 399(10325): P629-655.",,amr29.pdf | PDF page 17,verified,retrieval_context
NCDC_resistance_2023_NARS-Net_p018_c00,document_chunk,NCDC_resistance_2023_NARS-Net,amr29.pdf,resistance,2023,NARS-Net,18,,,"The NARS-Net sentinel sites conduct laboratory-based AMR surveillance of nine priority
 bacterial pathogens namely
 1. Staphylococcus aureus
 2. Enterococcus species
 3. Escherichia coli
 4. Klebsiella species
 5. Pseudomonas species
 6. Acinetobacter species
 7. Salmonella enterica serotype Typhi and Paratyphi
 8. Shigella species
 9. Vibrio cholerae
Table 1: Priority Pathogens and specimens included under AMR Surveillance
 Clinical Laboratory case-definition
 Priority pathogens under AMR Surveillance
 Specimen
 Blood Enterococcus species
 Staphylococcus aureus
 Escherichia coli
 Klebsiella species
 Acinetobacter species
 Pseudomonas species
 Salmonella enterica serovar Typhi
 Salmonella enterica serovar Paratyphi
 Urine Clinically significant bacteriuria Enterococcus species
 Escherichia coli
 Klebsiella species
 Acinetobacter species
 Pseudomonas species
 Pus Aspirate Growth of pathogenic bacteria Enterococcus species
 from aspirated purulent Staphylococcus aureus
 material from a closed infected Escherichia coli
 site Klebsiella species
 Acinetobacter species
 Pseudomonas species
 Other sterile Growth of pathogenic bacteria Enterococcus species",,amr29.pdf | PDF page 18,verified,retrieval_context
NCDC_resistance_2023_NARS-Net_p018_c01,document_chunk,NCDC_resistance_2023_NARS-Net,amr29.pdf,resistance,2023,NARS-Net,18,,,"body fluids* from a sterile body fluid Staphylococcus aureus
 specimen Escherichia coli
 Klebsiella species
 Acinetobacter species
 Pseudomonas species
 Stool Isolation of pathogen from stool Salmonella enterica serovar Typhi
 Salmonella enterica serovar Paratyphi
 Shigella species
 Vibrio cholerae
* Other sterile body fluids (OSBF)- Include abdominal fluid, amniotic fluid, bile, cerebrospinal
fluid, cyst, endocardium, hip fluid, joint fluid, knee fluid, lymph node, semen, broncho-alveolar
 8",,amr29.pdf | PDF page 18,verified,retrieval_context
NCDC_resistance_2023_NARS-Net_p019_c00,document_chunk,NCDC_resistance_2023_NARS-Net,amr29.pdf,resistance,2023,NARS-Net,19,,,"lavage, spleen, pleural fluid, pericardial fluid, bone marrow, Bartholin’s cyst, fluid, gastric fluid,
gallbladder, breast milk and prostatic fluid.

All the participating network sites submit AMR data of nine priority pathogens from the listed
specimen types to NCDC. NCDC provides ongoing technical support to each sentinel surveillance
network laboratory to ensure proper specimen collection, bacterial culture, identification and
antimicrobial susceptibility testing (AST), quality management systems and data management.
Sites perform antimicrobial susceptibility testing by disk diffusion, broth microdilution, agar
dilution, and automated antimicrobial susceptibility testing systems as per the programme SoPs.

Figure 1- National AMR Surveillance Network laboratories under NARS-Net as of March 2024",,amr29.pdf | PDF page 19,verified,retrieval_context
NCDC_resistance_2023_NARS-Net_p020_c00,document_chunk,NCDC_resistance_2023_NARS-Net,amr29.pdf,resistance,2023,NARS-Net,20,,,"The WHONET 2023, an open-source offline microbiology data management desktop application,
is used for entering, collating and analyzing routine antimicrobial susceptibility data generated
by manual testing methods and automated systems at the laboratories. The classification of the
isolates as susceptible, intermediate, or resistant is based on the recent Clinical & Laboratory
Standards Institute (CLSI) guidelines.
All sentinel sites submit the AMR data monthly after validating during the monthly data
monitoring virtual calls conducted by the designated AMR nodal officers for the respective site
at NCDC.
The monthly data calls include validation of data quality with respect to the completeness of data
fields and compliance with the AMR Surveillance panel of antibiotics. To ensure data quality, the
network sites are mandated to perform Internal quality control testing as per the programme SoPs
and participate in the External Quality Assessment Scheme (EQAS) for bacteriology. In addition,
defined number of isolates are submitted by the sites for confirmation every quarter to the
National Reference Laboratory (NRL) located in the Centre for Bacterial Diseases and Drug
Resistance (CBDDR) at NCDC. After confirmation at the NRL, feedback is provided to the sites.
Antibiotic-resistant alert isolates of public health concern, as defined under the programme, are
also submitted for confirmation to the NRL at NCDC with the duly filled alert form.
In addition, trainings and onsite support visits are conducted to strengthen bacteriology laboratory
capacity, identify the challenges and improve the quality of culture, identification and AST
practices. In addition, NCDC frequently organizes trainings and workshops on use of WHONET AMR
data management software to facilitate timely AMR surveillance data flow from network sites to
NCDC. Hands-on training and tools are also provided for developing facility-level antibiograms.

This annual report covers the AMR data from January 2023 to December 2023. During this period,
data has been submitted by 41 sentinel surveillance sites distributed nationwide.",,amr29.pdf | PDF page 20,verified,retrieval_context
NCDC_resistance_2023_NARS-Net_p020_c01,document_chunk,NCDC_resistance_2023_NARS-Net,amr29.pdf,resistance,2023,NARS-Net,20,,,"A single file is generated from all the cumulative AMR data files and data de-duplication is done
before carrying out the analysis. For analysis, only the first antibiotic susceptibility result is
considered for each patient per specimen type and pathogen. For example, if two blood cultures
from the same patient yield growth of E. coli, only the first has been included in the data; if the
growth of E. coli is detected in one culture and of K. pneumoniae in the other, both results are

 10",,amr29.pdf | PDF page 20,verified,retrieval_context
NCDC_resistance_2023_NARS-Net_p021_c00,document_chunk,NCDC_resistance_2023_NARS-Net,amr29.pdf,resistance,2023,NARS-Net,21,,,"considered. If there is the growth of E. coli in one blood culture and in one urine culture from the
same patient, both specimen types are included. From each patient, only the first isolate of a
given species isolated during the investigated time interval was included, regardless of its
susceptibility profile.

 1.2. Findings
 This NARS-Net report includes data of 1,51,652 priority pathogen isolates reported by 41
 sites in 2023 (List at Annexure-1). The data reported was cleaned and validated at NCDC
 before analysis and preparation of the annual report. The AMR alert bacterial isolates
 included in the report are those that have been confirmed at the NRL. All the colistin-
 resistant Gram-negative priority bacterial isolates have been confirmed using broth
 microdilution.

 1.2.1. Data Deduplication

 Deduplication of reported data of 151,652 isolates using WHONET revealed that
 142,660 isolates data is from unique patients, which has been further taken for AST
 analysis. Figure 2 depicts the distribution of AMR surveillance priority pathogen isolates
 before and after deduplication.",,amr29.pdf | PDF page 21,verified,retrieval_context
NCDC_resistance_2023_NARS-Net_p022_c00,document_chunk,NCDC_resistance_2023_NARS-Net,amr29.pdf,resistance,2023,NARS-Net,22,,,"Escherichia Coli 48.239
 51.877

 Klebsiella spp. 30.922
 32.915

 S. aureus 17.337
 18.195

 16.037
 Priority pathogen

 Pseudomonas spp.
 17.167

 Acinetobacter spp. 14.7
 15.457

 Enterococcus spp 14.705
 15.308

 S. Typhi and Paratyphi 0.63
 0.643
 By Patient (N=1,42,660)
 Vibrio cholarea 0.05
 0.05 By Isolate (N=1,51,652)
 Shigella species 0.04
 0.04

 0 10 20 30 40 50 60
 Number of Isolates Thousands

Figure 2- Distribution of priority pathogen isolates and Unique patient isolates

 1.2.2. Age and Gender distribution of reported AMR data

Among 1,42,660 unique patients, AST data in this report is from almost equal number of male
and female patients (Fig 3). As per the age category, almost a third of unique patients are 36-60,",,amr29.pdf | PDF page 22,verified,retrieval_context
NCDC_resistance_2023_NARS-Net_p022_c01,document_chunk,NCDC_resistance_2023_NARS-Net,amr29.pdf,resistance,2023,NARS-Net,22,,,"whereas the lowest was reported from under five. About 66 % of AST data was reported from the
productive age group of 15-64. Figure 4 represents the distribution of priority bacterial pathogen
isolates by age category.

 46%

 54%

 12",,amr29.pdf | PDF page 22,verified,retrieval_context
NCDC_resistance_2023_NARS-Net_p023_c00,document_chunk,NCDC_resistance_2023_NARS-Net,amr29.pdf,resistance,2023,NARS-Net,23,,,"*gender details were missing for 133 isolates

Figure 3 - Distribution of priority pathogen isolates by gender (N=1,42,660)
 40% 38%

 35%

 30% 28%
 Proportion of isolates

 25%

 20%

 15% 12%
 10%
 10% 7%
 5%
 5%

 0%
 <1 1--4 5--14 15-34 35-64 >65
 Age Category

*Age details were missing for 3,586 isolates

Figure 4- Distribution of all priority pathogen isolates by age category (N=1,42,660)

In the AMR surveillance data reported under NARS-Net during 2023, the most commonly isolated
priority bacterial pathogen was E. coli (34%), which is similar to the previous four years, followed
by Klebsiella species (22%), S. aureus (12%), Pseudomonas species (11%), Acinetobacter species
(10%) Enterococcus species (10%) and Salmonella enterica serovar Typhi and Paratyphi (0.4 %)
(Table 3). The highest number of isolates in this report are from urine specimens (46%) (Table 2) .

Table 2: Distribution of priority pathogen isolates based on specimen type (N=1,42,660)

 Specimen Type Number of isolates (%)
 Urine 65,917 (46 %)
 Blood 26,678 (19 %)
 Pus Aspirate 41,993 (29 %)
 Other sterile body fluids 7,975 (5.6 %)
 Stool 97 (0.07 %)
 Total 1,42,660

From urine specimens, E. coli (51%) was the most commonly isolated pathogen, from blood",,amr29.pdf | PDF page 23,verified,retrieval_context
NCDC_resistance_2023_NARS-Net_p023_c01,document_chunk,NCDC_resistance_2023_NARS-Net,amr29.pdf,resistance,2023,NARS-Net,23,,,specimen the most common priority pathogen isolated was Acinetobacter species (23%);,,amr29.pdf | PDF page 23,verified,retrieval_context
NCDC_resistance_2023_NARS-Net_p024_c00,document_chunk,NCDC_resistance_2023_NARS-Net,amr29.pdf,resistance,2023,NARS-Net,24,,,"among pus aspirates was S. aureus (27%). Shigella species (0.028%) and Vibrio cholerae
 (0.035%) were the least commonly isolated pathogens from stool among all reportable
 pathogens. E. coli (23%) and Acinetobacter species (23%) were the most commonly isolated
 pathogens from other sterile body fluids (Table 3).

 Table 3- Distribution of isolates by specimen type (N= 1,42,660)

 Blood Pus aspirate OSBF Urine Stool
 Priority
 Pathogen
 N (%) N (%) N (%) N (%) N (%)
 S. aureus 5278 (20%) 11340 (27%) 719 (9%) x x

 Enterococcus spp. 2803 (11%) 1508 (4%) 645 (8%) 9749 (15%) x

 Escherichia Coli 2833 (11%) 9710 (23%) 1814 (23%) 33882 (51%) x
 Klebsiella spp. 5914 (22%) 8700 (21%) 1694 (21%) 14614 (22%) x
 Salmonella Typhi
 623 (2%) x x x 7
 and Paratyphi
 Pseudomonas spp. 2989 (11%) 6870 (16%) 1290 (16%) 4888 (7%) x

 Acinetobacter spp. 6238 (23%) 3865 (9%) 1813 (23%) 2784 (4%) x

 Shigella species x x x x 40

 Vibrio cholerae x x x x 50",,amr29.pdf | PDF page 24,verified,retrieval_context
NCDC_resistance_2023_NARS-Net_p024_c01,document_chunk,NCDC_resistance_2023_NARS-Net,amr29.pdf,resistance,2023,NARS-Net,24,,,"Total 26,678 (100) 41,993 (100) 7,975 (100) 65,917 (100) 97
 x - Specimen type not included under the program; *OBSF- Include abdominal fluid, amniotic fluid, bile, cerebrospinal fluid, cyst,
 endocardium, hip fluid, joint fluid, knee fluid, lymph node, semen, broncho-alveolar lavage, spleen, pleural fluid, pericardial fluid, bone
 marrow, bartholin’s cyst, fluid, gastric fluid, gall bladder, breast milk and prostatic fluid

 Table 4 - Specimen type wise distribution of isolates (N= 1,42,660)
 Salmonella
 S. Enterococcus Escherichia Klebsiella Pseudomonas Acinetobacter Shigella Vibrio
Priority Typhi and
 aureus spp. Coli spp. spp. spp. species cholerae
 Paratyphi
Blood 5278 5914
 2803 (19%) 2833 (6%) 623 (99%) 2989 (19%) 6238 (42.4%) x x
 (30%) (19%)
Pus 11340 8700
 1508 (10%) 9710 (20%) x 6870 (43%) 3865 (26.3%) x x
aspirate (65%) (28%)
OSBF 719 1694
 645 (4%) 1814 (4%) x 1290 (8%) 1813 (12.3%) x x",,amr29.pdf | PDF page 24,verified,retrieval_context
NCDC_resistance_2023_NARS-Net_p024_c02,document_chunk,NCDC_resistance_2023_NARS-Net,amr29.pdf,resistance,2023,NARS-Net,24,,,"(4%) (5.5%)
Urine 33882 14614
 x 9749 (66%) x 4888 (30%) 2784 (19%) x x
 (70%) (47%)
Stool x x x x 7 (1%) x x 40 50
 17337 14705 48239 30922 630 16037 14700
Total 40 50
 (100%) (100%) (100%) (100%) (100%) (100%) (100%)

 14",,amr29.pdf | PDF page 24,verified,retrieval_context
NCDC_resistance_2023_NARS-Net_p025_c00,document_chunk,NCDC_resistance_2023_NARS-Net,amr29.pdf,resistance,2023,NARS-Net,25,,,"IN – Inpatient; OUT–Outpatient; ICU –Intensive care; EME –Emergency; UNK – Unknown; *Location type
 field was missing in 1639 isolates

Figure 5- Distribution of isolates by location type (N=1,42,660)

In the 2023 AMR surveillance data, the majority of isolates were from patients admitted in
hospital wards (IPD- 53%) whereas the least number of isolates belonged to patients from the
Emergency department (3%). Almost a third of the isolates (31%) were from patients visiting
 (30%)
the outpatient clinics. About 12% of the priority pathogens were isolated from Intensive care
units (Fig. 5).
Table 5 - Distribution of priority pathogen isolates by location type (N=1,42,660)
 Priority Pathogen Inpatient Outpatient I.C.U. Emergency
 (N=76,170) (N=43,836) (N=17,163) (N=3,852)

 N (%) N (%) N (%) N (%)
 Escherichia coli 24045 (32) 18995 (43) 3160 (18) 1307 (34)
 Klebsiella species 17186 (23) 8579 (20) 4246 (25) 613 (16)
 Salmonella Typhi and
 372 (0.5) 150 (0.34) 88 (0.5) 20 (0.5)
 Paratyphi
 Pseudomonas species 8771 (12) 4812 (11) 1975 (12) 310 (8)

 Acinetobacter species 8182 (11) 2392 (5) 3611 (21) 367 (10)

 S. aureus 9692 (13) 4573 (10) 1954 (11) 934 (24)

 Enterococcus species 7881 (10) 4315 (10) 2127 (12) 276 (7)

 Shigella species 22 (0.03) 15 (0.03) (0) 1 (0.03)

 Vibrio cholerae 19 (0.02) 5 (0.01) 2 (0.01) 24 (0.62)",,amr29.pdf | PDF page 25,verified,retrieval_context
NCDC_resistance_2023_NARS-Net_p026_c00,document_chunk,NCDC_resistance_2023_NARS-Net,amr29.pdf,resistance,2023,NARS-Net,26,,,"*Location type field was missing in 1639 isolates
Amongst the inpatients, the most commonly isolated priority pathogen was Escherichia coli
(32%) followed by Klebsiella spp. (23%), however an inverse scenario was seen in Intensive care
units wherein Klebsiella spp. (25%) was the most commonly isolated pathogen followed by
Acinetobacter spp. (21%) and Escherichia coli (18%) (Table 5). Escherichia coli was also the most
commonly isolated pathogen from Outpatient clinics (43%) and emergency departments (34%).
In contrast, the least commonly isolated pathogen amongst all of the location types was
Salmonella Typhi and Paratyphi, Shigella species and Vibrio cholerae (Table 5).

 16",,amr29.pdf | PDF page 26,verified,retrieval_context
NCDC_resistance_2023_NARS-Net_p027_c00,document_chunk,NCDC_resistance_2023_NARS-Net,amr29.pdf,resistance,2023,NARS-Net,27,,,"50% Escherichia Coli Klebsiella spp. Salmonella Typhi and Paratyphi

 45% Pseudomonas spp. Acinetobacter spp. S. aureus
 43%

 Enterococcus spp Shigella spp. Vibrio cholarae
 40%

 34%
 35%
 32%
 Proportion of Isolates

 30%
 25%
 24%
 25% 23%
 21%
 20%
 20% 18%",,amr29.pdf | PDF page 27,verified,retrieval_context
NCDC_resistance_2023_NARS-Net_p027_c01,document_chunk,NCDC_resistance_2023_NARS-Net,amr29.pdf,resistance,2023,NARS-Net,27,,,"16%

 15% 13%
 12% 12% 12%
 11% 11% 11%
 10% 10% 10% 10%
 10% 8%
 7%
 5%
 5%
 0.49% 0.03%0.02% 0.34% 0.03%0.01% 0.51% 0% 0.01% 0.52% 0.03%0.62%
 0%
 Inpatient Outpatient ICU Emergency
 Location type",,amr29.pdf | PDF page 27,verified,retrieval_context
NCDC_resistance_2023_NARS-Net_p027_c02,document_chunk,NCDC_resistance_2023_NARS-Net,amr29.pdf,resistance,2023,NARS-Net,27,,,Figure 6- Distribution of priority pathogen isolates by location-type,,amr29.pdf | PDF page 27,verified,retrieval_context
NCDC_resistance_2023_NARS-Net_p028_c00,document_chunk,NCDC_resistance_2023_NARS-Net,amr29.pdf,resistance,2023,NARS-Net,28,,,"1.2.3. AMR profile of priority pathogens
 1.2.3.1. Gram-Positive Cocci
The AMR surveillance under NARS-Net covers the two most prevalent gram-positive bacterial
human pathogens i.e., Staphylococcus aureus and Enterococcus species. The AST data of 33,503
Gram-positive Cocci (GPC) were submitted to NCDC, of which 32,042 isolates were from unique
patients.
 Staphylococcus aureus
Staphylococcus aureus constituted an overall 12% among the priority pathogen isolates (Table.
3). During the 2023 reporting period, a total of 18,195 S. aureus isolates data were submitted
to NCDC of which 17,337 isolates were from unique patients. AST analysis of 17,337 isolates
indicates the significant contribution of S. aureus in bacteremia as the isolation rate from blood
is 30%, whereas, 65% of Staphylococcus aureus isolated from aspirated pus and 4% from sterile
body fluids (Table 4).

 100%
 90%
 80%
 69%
Proportion of MRSA

 70% 66% 64%
 57% 59% 59%
 60% 55%
 50%
 40%
 30%
 20%
 10%
 0%
 2017 2018 2019 2020 2021 2022 2023
 (N=2,159) (N=3,962) (N=4,499) (N=3,650) (N=5,805) (N=5,711) (N=4,538)

Figure 7- Trends of Methicillin-resistant S. aureus (MRSA) isolated from blood (2017-2023)

Approximately half of Staphylococcus aureus isolated from blood (55%; 95% (confidence
interval) CI: 53.7-56.6) and from pus aspirates (54%; 95% CI: 53-55) were resistant to cefoxitin
(a surrogate for mecA-mediated oxacillin resistance) meanwhile, the resistance to cefoxitin in
pus aspirates and other sterile body fluid was lower in comparison to the blood isolates (Table
6).",,amr29.pdf | PDF page 28,verified,retrieval_context
NCDC_resistance_2023_NARS-Net_p028_c01,document_chunk,NCDC_resistance_2023_NARS-Net,amr29.pdf,resistance,2023,NARS-Net,28,,,18,,amr29.pdf | PDF page 28,verified,retrieval_context
NCDC_resistance_2023_NARS-Net_p029_c00,document_chunk,NCDC_resistance_2023_NARS-Net,amr29.pdf,resistance,2023,NARS-Net,29,,,"2%
 Proportion of Linezolid resistance
 in S.aureus

 1% 1% 1%
 1% 0.9%

 0.2%
 0%
 0%
 2018 2019 2020 2021 2022 2023

 (N=3303) (N=4648) (N=3519) (N=5761) (N=5827) (N=4892)

*Alert pathogens confirmed at NRL, NCDC only were included in the data

Figure 8 - Trends of Linezolid resistant S. aureus isolated from blood (2018 to 2023)
Trend analysis of MRSA isolated from blood over the past 6 years showed decrease in
proportion of MRSA from 69% (2018) to 55% (2023).

Linezolid resistance in S. aureus isolated from blood was consistently found to be approx. 1% in
the last five years. However, in 2022, none of the S. aureus isolated from blood were resistant
to linezolid (Fig. 8). Notably, there seems to be a 0.2% rise in resistance to linezolid in this
reporting period from Jan to Dec 2023. Out of 11,240 isolates tested on Vancomycin screen
agar, none showed growth on the vancomycin screen agar plate.

Among the GPCs isolated in the data reported, S. aureus was the most isolated GPC from all the
location settings like inpatient wards (55%), outpatient clinics (51%) and the emergency
department (77%) in contrast from intensive care settings, Enterococcus (52%) was mostly
isolated (Table 4). Resistance to all the surveillance panel antibiotics were proportionately
higher among isolates from intensive care setting than those from outpatient clinics and the
inpatient wards as seen in Fig. 9.",,amr29.pdf | PDF page 29,verified,retrieval_context
NCDC_resistance_2023_NARS-Net_p030_c00,document_chunk,NCDC_resistance_2023_NARS-Net,amr29.pdf,resistance,2023,NARS-Net,30,,,"Table 6 - Resistance profile of Staphylococcus aureus (N=17,337)

 Blood (N=5,278) Pus Aspirate (N=11,340) Other Sterile Body Fluids (N=719)
 Antibiotic
 Number Number Number
 tested (%R) 95% CI (%R) 95% CI (%R) 95% CI
 Tested Tested Tested

 Cefoxitin 4538 55 53.7-56.6 10146 54 53.0-55.0 650 45 41.1-48.8

 Ciprofloxacin 4519 54 52.2-55.1 9473 69 67.6-69.5 625 57 53.0-60.9

 Clindamycin 5074 38 37.1-39.8 10853 28 27.6-29.3 692 30 26.6-33.5

 Doxycycline 4553 10 9.5-11.3 9097 8 7.9-9.1 612 12 9.8-15.2

 Erythromycin 4878 64 62.2-64.9 10258 54 53.0-54.9 682 54 50.4-58.0

 Gentamicin 4484 20 19.2-21.5 9574 21 20.3-22.0 654 22 19.4-25.9

 Linezolid* 4896 0 0.1-0.4 10673 0.02 0-0.1 702 0 0.0-0.7

 TMP/SMX 4206 28 26.5-29.2 8839 19 18.5-20.2 589 27 23.2-30.5

 Teicoplanin 943 4 3.1-5.8 1565 6 4.8-7.3 147 3 1.3-8.2
*Alert pathogens confirmed at NRL, NCDC only were included in the data TMP/SMX -Trimethoprim/sulfamethoxazole",,amr29.pdf | PDF page 30,verified,retrieval_context
NCDC_resistance_2023_NARS-Net_p030_c01,document_chunk,NCDC_resistance_2023_NARS-Net,amr29.pdf,resistance,2023,NARS-Net,30,,,20,,amr29.pdf | PDF page 30,verified,retrieval_context
NCDC_resistance_2023_NARS-Net_p031_c00,document_chunk,NCDC_resistance_2023_NARS-Net,amr29.pdf,resistance,2023,NARS-Net,31,,,"80

 69 ICU (N=1536)
 70
 62 Inpatient (N=3219)
 59 60
 60 56 Outpatient (N=455)
 % Resistance

 54 54

 50
 46
 44 43 42
 40 36

 30
 30 27
 23 23
 20
 20
 14
 13
 9 9
 10 7
 5
 4",,amr29.pdf | PDF page 31,verified,retrieval_context
NCDC_resistance_2023_NARS-Net_p031_c01,document_chunk,NCDC_resistance_2023_NARS-Net,amr29.pdf,resistance,2023,NARS-Net,31,,,"0.27 0.24 0
 0
 Erythromycin Cefoxitin Ciprofloxacin Clindamycin TMP/SMX Gentamicin Doxycycline Teicoplanin Linezolid
 Antibiotics tested

*Data of the emergency department was clubbed with data from inpatient wards; Location type for 68 isolates data is missing TMP/SMX -Trimethoprim/sulfamethoxazole
Figure 9 – Resistance profile of S. aureus in blood (N=5,210)",,amr29.pdf | PDF page 31,verified,retrieval_context
NCDC_resistance_2023_NARS-Net_p032_c00,document_chunk,NCDC_resistance_2023_NARS-Net,amr29.pdf,resistance,2023,NARS-Net,32,,,"Enterococcus species

Enterococcus species contributed 10% amongst nine priority pathogens isolated by the
surveillance sites while contributing to 46% of the Gram-positive cocci (Table 4). A total of
15,308 Enterococcus species isolates data were submitted by the NARS Net sites of which
14,705 isolates were from unique patients (Fig. 2). Upon analysis of 14,705 unique patient
isolates, isolation rates from specimen types like urine, blood, pus aspirates and other sterile
body fluids were 66%, 19%, 10% and 4% respectively (Table 4).

Among Enterococcus species isolated from blood, erythromycin resistance was noted to be 79%
(CI: 77.7- 80.9) followed by Ampicillin (68%, CI: 65.7-69.6). A similar resistance pattern was also
seen in other specimen types like pus aspirate and sterile body fluids (Table 7). Notably,
resistance to linezolid (1.7%, CI: 1.2-2.3) amongst blood isolates is significantly higher than last
year. Resistance to linezolid among other specimen types like pus aspirate (0.4%, CI: 0.1-0.9)
and other sterile body fluid (1.5%, CI: 0.8 -3.1).

Among the urinary isolates, over half of the isolates were resistant to first-line antibiotic
ampicillin (56%, CI: 54.5 – 56.7) and Gentamicin-high (52%, CI: 50.8-52.9). Moreover, 82% of all
urine Enterococci isolates were resistant to ciprofloxacin (CI: 81.1 - 82.8). Only 0.6 % (CI: 0.4-
0.8) and 6% (CI: 5.9- 6.9) of the isolates from urine were resistant to reserve antibiotics like
linezolid and Vancomycin. (Table 7).

Compared with the other priority pathogens under the programme, Enterococcus species
isolated from various location types were sparse. One in 10 isolates were from inpatient wards
and outpatient clinics each (Table 5). Upon AST analysis of blood isolates from various location
types in healthcare facilities, resistance to the entire panel of antibiotics was found to be higher
in isolates from intensive care units in comparison to the inpatient wards and outpatient clinics
except for gentamicin-high, doxycycline and teicoplanin (Fig. 11)

 22",,amr29.pdf | PDF page 32,verified,retrieval_context
NCDC_resistance_2023_NARS-Net_p033_c00,document_chunk,NCDC_resistance_2023_NARS-Net,amr29.pdf,resistance,2023,NARS-Net,33,,,"30%
 25%
 25%
 Proportion of VRE

 20% 19%
 16%
 15% 13%
 11%
 10% 9%

 5%

 0%
 2018 2019 2020 2021 2022 2023

 (N=627) (N=1000) (N=1004) (N=1563) (N=1809) (N=2576)

 ) NCDC only were
*Alert pathogens confirmed at NRL, ) included )in the data ) )

Figure 10: Trends of Vancomycin resistant Enterococcus sp. (VRE) isolated from blood (2018-
2023)

Trend analysis of VRE isolated from blood showed increase in the proportion of VRE from
2020 (9%) to 2023 (19%).",,amr29.pdf | PDF page 33,verified,retrieval_context
NCDC_resistance_2023_NARS-Net_p034_c00,document_chunk,NCDC_resistance_2023_NARS-Net,amr29.pdf,resistance,2023,NARS-Net,34,,,"Table 7 - Resistance profile of Enterococcus species (N=11,072)

 Blood (N=2,803) Pus Aspirate (N=1,508) OSBF (N=645) Urine (N=9,749)
 Number Number Number Number
 Antibiotic Tested Tested %R 95% CI Tested %R 95% CI Tested %R 95% CI Tested %R 95% CI
 Ampicillin 2275 68 65.7-69.6 1287 47 44.6-50.1 540 59 54.2-62.7 8208 56 54.5-56.7
 Doxycycline 2069 30 28.1-32.1 1111 32 29.1-34.7 491 35 30.8-39.5 3399 48 46.5-49.9
 Erythromycin 2435 79 77.7-80.9 1258 73 70.8-75.8 593 80 76.1-82.7 x
 Gentamicin-High 2434 53 51.5-55.5 1321 38 35.2-40.5 580 47 42.6-50.9 8705 52 50.8-52.9
 Linezolid 2561 1.7 1.2-2.3 1359 0.4 0.1-0.9 613 1.5 0.8-3.1 8929 0.6 0.4-0.8
 Teicoplanin 1457 22 19.7-24.0 670 15 12.2-17.7 289 15 11.1-19.6 3418 19 17.6-20.2
 Vancomycin 2576 19 17.6-20.7 1361 5 4.3-6.8 605 14 11.3-17.0 8808 6 5.9-6.9
 Ciprofloxacin x x x 7755 82 81.1-82.8
 Fosfomycin x x x 3434 20 18.8-21.5",,amr29.pdf | PDF page 34,verified,retrieval_context
NCDC_resistance_2023_NARS-Net_p034_c01,document_chunk,NCDC_resistance_2023_NARS-Net,amr29.pdf,resistance,2023,NARS-Net,34,,,"Nitrofurantoin x x x 7357 27 25.6-27.7
 Tetracycline x x x 6067 73 71.4-73.7
*Alert pathogens confirmed at NRL, NCDC only were included in the data

 24",,amr29.pdf | PDF page 34,verified,retrieval_context
NCDC_resistance_2023_NARS-Net_p035_c00,document_chunk,NCDC_resistance_2023_NARS-Net,amr29.pdf,resistance,2023,NARS-Net,35,,,"100 ICU (N=1036)
 90 Inpatient (N=1535)
 83
 80 78 Outpatient (N=217)
 70
 68 68
 70 65
 58
 60
 % Resistance

 54
 52
 50
 40
 40
 28 30
 30
 23 23 23
 20
 20 17
 14

 10
 1.5 1.9 1
 0
 Erythromycin Ampicillin Genta-H Doxycycline Teicoplanin Vancomycin Linezolid",,amr29.pdf | PDF page 35,verified,retrieval_context
NCDC_resistance_2023_NARS-Net_p035_c01,document_chunk,NCDC_resistance_2023_NARS-Net,amr29.pdf,resistance,2023,NARS-Net,35,,,"Antibiotics tested

*Data from the emergency department was clubbed with data from inpatient wards; the Location type for 15 isolates is unknown

Figure 11- Resistance profile of Enterococcus species in blood (N=2,788)",,amr29.pdf | PDF page 35,verified,retrieval_context
NCDC_resistance_2023_NARS-Net_p036_c00,document_chunk,NCDC_resistance_2023_NARS-Net,amr29.pdf,resistance,2023,NARS-Net,36,,,"1.2.3.2. Gram-Negative Bacilli

Under NARS Net, the seven Gram-negative bacilli of public health importance are included in
AMR surveillance. These are Escherichia coli, Klebsiella species, Pseudomonas species,
Acinetobacter species, Salmonella enterica serovar Typhi and Paratyphi, Shigella species and
Vibrio cholerae. AST data of 1,18,149 isolates of gram-negative bacilli have been reported from
1,10,618 unique patients from January 2023 to December 2023 from 41 sentinel sites.

 1.2.3.2.1. Enterobacteriaceae

Data of 85,475 isolates of E. coli, Klebsiella species, Salmonella enterica serovar Typhi and
Paratyphi and Shigella species was submitted by network sites from 79,841 unique patients.
The most commonly reported isolates among all the priority pathogens (56%) and among the
Gram-negative bacteria (72%) belong to Enterobacteriaceae.

Escherichia coli

A total of 51,877 E. coli isolates were reported from 48,239 unique patients. These isolates
contributed to one-third of the unique patient AST data during the year 2023 (Fig. 2). E coli was
most commonly isolated from the urine samples (70%) followed by pus aspirate (20%), blood
(6%) and sterile body fluids (4%) (Table 4). Regarding the resistance pattern, the highest
resistance was observed to ampicillin among all the specimen types (Table 8). A high proportion
of resistance to ciprofloxacin was observed with 72% (CI: 70-73.6) resistance in blood isolates
and 80% in OSBF isolates. Fifty-seven percentage of resistance (CI: 54.6- 58.8) to trimethoprim-
sulfamethoxazole was seen among blood isolates, similar pattern was observed for other
specimen types. Resistance to nitrofurantoin in the urine isolates has increased from 9% during
2022 to 16% (CI: 15.9 – 16.7) in the current reporting period. (Table 8).

Among the third generation cephalosporins, 82% (CI: 80.3- 83.7) resistance to cefotaxime was
observed in blood isolates and 75% (CI: 74.9 - 76) in urine isolates. Imipenem resistance in E.
coli was observed to be 39% (CI: 37.1 – 41.1) in blood isolates and 21% (CI: 20.6 – 21.6) in urine
isolates (Table 8). Colistin susceptibility testing has been done using the broth microdilution",,amr29.pdf | PDF page 36,verified,retrieval_context
NCDC_resistance_2023_NARS-Net_p036_c01,document_chunk,NCDC_resistance_2023_NARS-Net,amr29.pdf,resistance,2023,NARS-Net,36,,,"method as per CLSI document M02 and M100 wherein the 2023 data showed resistance to

 26",,amr29.pdf | PDF page 36,verified,retrieval_context
NCDC_resistance_2023_NARS-Net_p037_c00,document_chunk,NCDC_resistance_2023_NARS-Net,amr29.pdf,resistance,2023,NARS-Net,37,,,"colistin in three isolates from blood, six from OSBF, one from pus aspirate and twelve from
urine and these isolates were further confirmed in the NRL at NCDC.

 90

 85
proportion of ESBL E.coli

 80

 75

 70

 65

 60
 2017 2018 2019 2020 2021 2022 2023

 (N=301) (N=509) (N=1871) (N=821) (N=1510) (N=1876) (N=1986)

Figure 12- Trends of Extended spectrum beta-lactamase (ESBL) producing E. coli isolated from
blood (2017-2023)

Trend analysis for ESBL producing E. coli from blood showed an increase (82%) compared to the
previous 2 years (76%). (Fig 12).

Among blood isolates of E. coli, resistance profile based on the location type showed higher
resistance to all the surveillance panel antibiotics in isolates from the intensive care units as
compared to isolates from inpatient and outpatient departments. (Fig 13)",,amr29.pdf | PDF page 37,verified,retrieval_context
NCDC_resistance_2023_NARS-Net_p038_c00,document_chunk,NCDC_resistance_2023_NARS-Net,amr29.pdf,resistance,2023,NARS-Net,38,,,"Table 8- Resistance profile of Escherichia coli (N=48,239)

 Blood (N=2,833) PA (N=9,710) OSBF (N=1,814) Urine (N=33,882)
 Antibiotic Number Number Number Number
 Tested Tested %R 95% CI Tested %R 95% CI Tested %R 95% CI Tested %R 95% CI
 Ampicillin 1901 87 85.9-88.9 7372 88 87.9-90.7 1484 88 86.4-89.7 24992 86 85.7-86.5
 Amox/Clav 1678 70 67.4-71.8 6048 69 66.6-71.2 1088 73 70.0-75.4 19583 56 55.0-56.4
 Pip/Taz 2317 48 46.0-50.1 7240 44 38.9-46.8 1428 45 42.6-47.9 21645 30 29.4-30.6
 Ceftriaxone 1114 80 77.4-82.2 3945 76 73.8-77.2 705 81 77.9-83.8 11107 70 68.7-70.4
 Cefotaxime 1986 82 80.3-83.7 7728 81 79.8-84.3 1495 82 79.8-83.8 27068 75 74.9-76.0
 Cefepime 2430 67 65.5-69.2 8239 64 59.7-64.6 1646 64 61.8-66.5 27750 56 55.3-56.5
 Ertapenem 1007 47 43.8-50.0 2594 38 34.5-43 617 44 40.5-48.4 11009 27 26.1-27.8
 Imipenem 2314 39 37.1-41.1 7443 28 26.2-31.6 1576 33 30.3-35.0 27319 21 20.6-21.6
 Meropenem 1907 36 34.3-38.7 6345 25 22.7-28.4 1187 29 26.2-31.4 19903 17 16.4-17.5
 Amikacin 2489 33 31.0-34.8 8041 28 24.1-28.0 1622 26 24.0-28.3 25503 22 21.9-23.0",,amr29.pdf | PDF page 38,verified,retrieval_context
NCDC_resistance_2023_NARS-Net_p038_c01,document_chunk,NCDC_resistance_2023_NARS-Net,amr29.pdf,resistance,2023,NARS-Net,38,,,"Gentamicin 2266 40 38.3-42.3 7088 36 31.1-38.7 1400 35 32.3-37.4 20430 30 28.9-30.2
 Ciprofloxacin 2427 72 70.0-73.6 7797 78 75.7-79.3 1620 80 77.5-81.5 28791 76 75.4-76.4
 TMP/SMX 2176 57 54.6-58.8 7268 58 55.2-59.5 1447 60 57.5-62.7 27596 57 56.2-57.4
 Colistin 1858 0.16 0-0.5 5333 0.0 0.0-0.1 1255 0.48 0.2-1.1 12069 0.10 0.1-0.2
 Fosfomycin x x x 12771 4 3.7-4.4
 Nitrofurantoin X x x 30769 16 15.9-16.7
 Doxycycline 2080 41 37.5-42.8 524 48 43.7-52.5 x

 TMP/SMX - Trimethoprim/sulfamethoxazole
 x- Drug bug combination for the specimen type not included in the NARS-Net surveillance panel Amox-clav -Amoxicillin/Clavulanic acid

 28",,amr29.pdf | PDF page 38,verified,retrieval_context
NCDC_resistance_2023_NARS-Net_p039_c00,document_chunk,NCDC_resistance_2023_NARS-Net,amr29.pdf,resistance,2023,NARS-Net,39,,,"Intensive Care Patient (N=846)
 100
 89 88 InPatient (N=1735)
 90 85
 82 81 80 OutPatient (N=215)
 79
 80
 73
 72 71 73 70
 70 68 67 66 66 67
 60
 60 56 58
 % Resistance

 54 53
 50
 50 45 45
 43 41 42
 39 41 41 39",,amr29.pdf | PDF page 39,verified,retrieval_context
NCDC_resistance_2023_NARS-Net_p039_c01,document_chunk,NCDC_resistance_2023_NARS-Net,amr29.pdf,resistance,2023,NARS-Net,39,,,"40 37
 35
 30 30
 28 29
 30
 19
 20

 10
 0.170.170.0
 0

 cin
 m

 tin
 m",,amr29.pdf | PDF page 39,verified,retrieval_context
NCDC_resistance_2023_NARS-Net_p039_c02,document_chunk,NCDC_resistance_2023_NARS-Net,amr29.pdf,resistance,2023,NARS-Net,39,,,"em
 v

 cin

 n
 e
 e
 lin

 X
 e

 az
 la

 m
 xim

 on

 SM

 ici
 e
 ne",,amr29.pdf | PDF page 39,verified,retrieval_context
NCDC_resistance_2023_NARS-Net_p039_c03,document_chunk,NCDC_resistance_2023_NARS-Net,amr29.pdf,resistance,2023,NARS-Net,39,,,"/T
 cil

 lis
 /C

 ika
 xa

 en
 en
 pi

 am
 iax

 p
 pe
 P/
 pi",,amr29.pdf | PDF page 39,verified,retrieval_context
NCDC_resistance_2023_NARS-Net_p039_c04,document_chunk,NCDC_resistance_2023_NARS-Net,amr29.pdf,resistance,2023,NARS-Net,39,,,"Co
 ta

 fe
 ox

 lo

 Pi

 op
 ip

 Am
 Am

 ftr

 nt
 TM
 fo

 ta
 of

 Ce
 Am",,amr29.pdf | PDF page 39,verified,retrieval_context
NCDC_resistance_2023_NARS-Net_p039_c05,document_chunk,NCDC_resistance_2023_NARS-Net,amr29.pdf,resistance,2023,NARS-Net,39,,,"Im

 er
 Ge
 Ce

 Er
 Ce

 pr

 M
 Ci

 Antibiotics tested PipTaz – Piperacillin-Tazobactam
 Amox-clav -Amoxicillin/Clavulanic acid
 TMP/SMX - Trimethoprim/sulfamethoxazole

*Data from the emergency department was clubbed with data from inpatient wards; the Location type for 37 isolates is unknown

Figure 13 - Resistance profile of Escherichia coli in blood (N=2,796)",,amr29.pdf | PDF page 39,verified,retrieval_context
NCDC_resistance_2023_NARS-Net_p040_c00,document_chunk,NCDC_resistance_2023_NARS-Net,amr29.pdf,resistance,2023,NARS-Net,40,,,"Klebsiella species

In the current data reporting period, 32,915 Klebsiella species isolates were reported of which
30,922 were from unique patients. The isolation rate of Klebsiella spp. in data reported by the
sentinel sites was highest from urine (47%) followed by pus aspirate (28%), blood (19%) and
OSBF (5.5%) (Table 4).

Among the urine isolates, one-third of the isolates tested against aminoglycosides namely
amikacin (36%, CI: 35 – 36.8) were found to be resistant; while 47% (CI: 46.6 - 48.3) resistance
was observed to nitrofurantoin (Table 9). Seven of every 10 isolates of Klebsiella spp. from urine
were found to be resistant to third generation cephalosporins. With respect to carbapenem
resistance in urine isolates, resistance to ertapenem (42%, CI: 40.2- 43.2) was highest.

Like urine isolates, Klebsiella species from blood showed high level of resistance to the third
generation cephalosporins (83% - 84%). Imipenem resistance in Klebsiella species isolated from
blood was observed to be 51% (CI: 49.7 – 52.6) whereas 30% (CI: 29.5-31.2) resistance was
observed in urine isolates. (Table 9). Resistance to reserve class of antibiotic, colistin, was found
to be highest in Klebsiella spp. compared to other Gram-negative priority pathogens isolated
from all the specimen types. These resistant isolates were further confirmed at the NRL in NCDC
(Table 9).

Klebsiella species' location type wise AST data revealed similar resistance pattern like other
priority pathogens wherein higher resistance was seen in isolates from intensive care units
compared to inpatient and outpatient departments (Fig. 14).

 30",,amr29.pdf | PDF page 40,verified,retrieval_context
NCDC_resistance_2023_NARS-Net_p041_c00,document_chunk,NCDC_resistance_2023_NARS-Net,amr29.pdf,resistance,2023,NARS-Net,41,,,"Table 9 - Resistance profile of Klebsiella species (N=24,377)

 Blood (N=5,914) PA (N=8,700) OSBF (N=1,694) Urine (N=14,614)
 Antibiotic Number Number Number Number
 Tested Tested %R 95% CI Tested %R 95% CI Tested %R 95% CI Tested %R 95% CI
 Amox/Clav 3388 81 80.1-82.8 5762 77 76.1-78.3 966 77 74.4-79.8 8737 65 64.0-66.0
 Pip/Taz 4968 58 56.8-59.6 6803 51 49.4-51.7 1398 54 51.1-56.4 9427 39 37.9-39.9
 Ceftriaxone 2416 83 81.9-84.9 3462 72 70.3-73.3 585 76 72.2-79.3 4840 63 61.4-64.2
 Cefotaxime 4060 84 82.9-85.1 6967 79 78.0-79.9 1375 80 77.4-81.7 11585 71 69.8-71.5
 Cefepime 4874 76 74.8-77.2 7551 68 66.7-68.8 1489 67 64.8-69.7 12253 59 57.7-59.4
 Ertapenem 1766 70 68.0-72.3 1826 51 48.4-53.1 525 56 51.8-60.5 4048 42 40.2-43.2
 Imipenem 4874 51 49.7-52.6 7028 40 39.1-41.5 1464 48 45.6-50.8 11954 30 29.5-31.2
 Meropenem 4163 49 47.8-50.8 6287 39 37.6-40.0 1095 45 42.1-48.0 8784 27 25.7-27.6
 Amikacin 5181 50 48.8-51.5 7454 45 44.3-46.5 1512 47 44.2-49.3 11554 36 35.0-36.8
 Gentamicin 4651 54 52.7-55.5 6538 50 48.7-51.2 1317 48 45.7-51.2 9417 37 35.8-37.7",,amr29.pdf | PDF page 41,verified,retrieval_context
NCDC_resistance_2023_NARS-Net_p041_c01,document_chunk,NCDC_resistance_2023_NARS-Net,amr29.pdf,resistance,2023,NARS-Net,41,,,"Ciprofloxacin 4911 68 66.8-69.4 7067 70 69.4-71.5 1511 69 67.0-71.7 12483 64 63.3-65.0
 TMP/SMX 4418 58 56.7-59.6 6722 58 57.1-59.4 1399 61 58.3-63.5 11855 53 52.4-54.2
 Colistin 3805 0.8 0.5-1.1 4523 0.3 0.2-0.6 1137 0.8 0.4-1.6 7021 0.4 0.3-0.6
 Doxycycline 897 27 23.8-29.7 1520 31 28.6-33.3 455 41 36.1-45.3 x
 Nitrofurantoin x x X 12629 47 46.6-48.3
*Alert pathogens confirmed at NRL, NCDC only were included in the data TMP/SMX - Trimethoprim/sulfamethoxazole
x- Drug bug combination for the specimen type not included in NARS-Net surveillance panel Amox-clav -Amoxicillin/Clavulanic acid
 Pip/Taz- Piperacillin Tazobactam",,amr29.pdf | PDF page 41,verified,retrieval_context
NCDC_resistance_2023_NARS-Net_p042_c00,document_chunk,NCDC_resistance_2023_NARS-Net,amr29.pdf,resistance,2023,NARS-Net,42,,,"100
 ICU (N=2184)
 88 89
 90 85 InPatient (N=3168)
 82 81
 79 80 80 79
 80 OutPatient (N=504)
 75 75
 73
 70
 70 67 66 67
 60 60 60
 60 56 56 57 56 58
 % Resistance

 53 55",,amr29.pdf | PDF page 42,verified,retrieval_context
NCDC_resistance_2023_NARS-Net_p042_c01,document_chunk,NCDC_resistance_2023_NARS-Net,amr29.pdf,resistance,2023,NARS-Net,42,,,"52
 49 50
 50 46 46
 44 44 43
 39 40
 40

 29
 30
 25
 21
 20

 10
 0.89
 0.75",,amr29.pdf | PDF page 42,verified,retrieval_context
NCDC_resistance_2023_NARS-Net_p042_c02,document_chunk,NCDC_resistance_2023_NARS-Net,amr29.pdf,resistance,2023,NARS-Net,42,,,"0.44
 0

 cin

 e
 m

 tin
 m

 em
 v

 n

 cin
 e
 e

 X
 az

 e
 la",,amr29.pdf | PDF page 42,verified,retrieval_context
NCDC_resistance_2023_NARS-Net_p042_c03,document_chunk,NCDC_resistance_2023_NARS-Net,amr29.pdf,resistance,2023,NARS-Net,42,,,"n
 m
 xim
 on

 SM
 ici
 e
 ne
 /T

 cli
 lis
 /C

 ika

 xa
 en
 en",,amr29.pdf | PDF page 42,verified,retrieval_context
NCDC_resistance_2023_NARS-Net_p042_c04,document_chunk,NCDC_resistance_2023_NARS-Net,amr29.pdf,resistance,2023,NARS-Net,42,,,"pi

 am
 iax
 p

 pe

 P/

 cy
 Co
 ta

 fe
 ox

 lo
 Pi

 op
 ip

 Am
 ftr

 nt",,amr29.pdf | PDF page 42,verified,retrieval_context
NCDC_resistance_2023_NARS-Net_p042_c05,document_chunk,NCDC_resistance_2023_NARS-Net,amr29.pdf,resistance,2023,NARS-Net,42,,,"TM

 xy
 fo

 ta
 Ce

 of
 Am

 Im

 er

 Ge
 Ce

 Do
 Er
 Ce

 pr
 M",,amr29.pdf | PDF page 42,verified,retrieval_context
NCDC_resistance_2023_NARS-Net_p042_c06,document_chunk,NCDC_resistance_2023_NARS-Net,amr29.pdf,resistance,2023,NARS-Net,42,,,"Ci
 Antibiotics tested Amox-Clav – Amoxicillin- Clavulanic acid
 PipTaz – Piperacillin-Tazobactam
 TMP/SMX - Trimethoprim/sulfamethoxazole

*Data from the emergency department was clubbed with data from inpatient wards; the Location type for 58 isolates is unknown

Figure 14 - Resistance profile of Klebsiella species isolated from blood (N=5,856)

 32",,amr29.pdf | PDF page 42,verified,retrieval_context
NCDC_resistance_2023_NARS-Net_p043_c00,document_chunk,NCDC_resistance_2023_NARS-Net,amr29.pdf,resistance,2023,NARS-Net,43,,,"100%
 90% 89% 90%
 90% 86% 85%
 81% 82%
 Proportion of ESBL Klebsiella sp.

 80%
 70%
 60%
 50%
 40%
 30%
 20%
 10%
 0%
 2017 2018 2019 2020 2021 2022 2023

 (N=971) (N=1346) (N=2810) (N=2181) (N=3054) (N=3631) (N=4060)

Figure 15 - Trends of Extended-Spectrum Beta-Lactamase (ESBL) producing Klebsiella sp. in
blood (2017-2023)

Trend analysis of ESBL producing Klebsiella spp. from blood showed consistently high level of
resistance over last 7 years.

 100%
 Proportion of Carbapenem Resistance (%)

 90%

 80%

 70%

 60% 54%
 49%
 50%
 40%
 40%",,amr29.pdf | PDF page 43,verified,retrieval_context
NCDC_resistance_2023_NARS-Net_p043_c01,document_chunk,NCDC_resistance_2023_NARS-Net,amr29.pdf,resistance,2023,NARS-Net,43,,,"30%

 20%

 10%

 0%
 E.coli Klebsiella species Enterobacterales

 (N= 2597) (N= 5617) (N= 8214)

Figure 16 - Carbapenem resistance among Enterobacterales isolated from blood (Jan 2023 -
Dec 2023)",,amr29.pdf | PDF page 43,verified,retrieval_context
NCDC_resistance_2023_NARS-Net_p044_c00,document_chunk,NCDC_resistance_2023_NARS-Net,amr29.pdf,resistance,2023,NARS-Net,44,,,"Forty percent of E. coli isolated from blood showed resistance to carbapenems whereas nearly
half of the Klebsiella spp. (54%) isolated from blood were resistant to at least one of the
carbapenems (imipenem/ertapenem/meropenem). Notably, carbapenem resistance in
Enterobacterales (CRE) has increased to 49% in this data reporting period from the previous
year (43%). (Fig 16)

Salmonella enterica serovar Typhi and Paratyphi
In the current reporting period, data of 643 Salmonella enterica serovar Typhi and Paratyphi
isolates was submitted to NCDC, of which 630 isolates were from unique patients. Seven of
these isolates were from stool specimens. Data of 623 unique isolates of S. enterica Typhi
(N=537) and S. Paratyphi (N=86) from blood has been analyzed. Compared to ciprofloxacin,
lower resistance rates to first-line antibiotics like ampicillin, chloramphenicol and
trimethoprim/sulfamethoxazole were observed. Two isolates of Salmonella enterica serovar
Typhi were found to be resistant to ceftriaxone, four isolates were resistant to azithromycin
and no resistance was observed against imipenem (Table 10). All the ceftriaxone and
azithromycin resistant S. Typhi isolates included in this report were also confirmed at the AMR-
NRL at NCDC.

Shigella species

In this reporting period, data of 40 isolates of Shigella species was submitted from stool
specimens. The resistance in Shigella species was found to be highest to ampicillin and
ciprofloxacin; lower level of resistance was observed to chloramphenicol (Table 10).

 34",,amr29.pdf | PDF page 44,verified,retrieval_context
NCDC_resistance_2023_NARS-Net_p045_c00,document_chunk,NCDC_resistance_2023_NARS-Net,amr29.pdf,resistance,2023,NARS-Net,45,,,"Table 10 - Resistance profile of Salmonella enterica Typhi and Paratyphi (N=623) from blood
 and Shigella species (N=40) from stool

 Shigella species
 S. Typhi (N=537) S. Paratyphi (N=86)
 Antibiotic (N=40)
 tested Number Resistance Number (Number Number (Number
 95% CI
 tested (%) tested Resistant) tested Resistant)
Ampicillin 502 (6) 4.0-8.3 79 (1) 38 31
Azithromycin 480 (0.8) 0.3-2.3 x 33 9
Ceftriaxone 492 (0.4) 0.1-1.6 80 (1) 36 10
Chloramphenicol 487 (1.4) 0.6-3.1 81 (1) 32 7
Ciprofloxacin 522 (40) 35.6-44.2 84 (12) 39 29
Imipenem 504 (0) 0.0-0.0 77 (0) x
Trimethoprim/
 518 (4.4) 2.9-6.7 82 (1) 39 21
Sulfamethoxazole
 *Alert pathogens confirmed at NRL, NCDC were included in the data for analysis

 1.2.3.2.2. Non-Fermenting Gram-Negative Bacilli

 Among the non-fermenting Gram-negative bacilli (NF GNB) included in the data submitted
 during Jan-Dec 2023 from the NARS-Net sentinel sites, Pseudomonas species was the most
 frequently isolated pathogen from 16,037 unique patients followed by Acinetobacter species
 (14,700) (Fig 2). Among the NF GNB, Pseudomonas species was the predominant isolate among
 inpatients, while Acinetobacter species was the predominant isolate among the patients in ICU",,amr29.pdf | PDF page 45,verified,retrieval_context
NCDC_resistance_2023_NARS-Net_p045_c01,document_chunk,NCDC_resistance_2023_NARS-Net,amr29.pdf,resistance,2023,NARS-Net,45,,,"settings (Table 5).

 Pseudomonas species

 Surveillance sites in 2023 submitted data of 17,167 isolates of Pseudomonas spp. from 16,037
 unique patients (Fig 2). Pseudomonas spp. isolates included in the data during current reporting
 period were most commonly isolated from pus aspirate (43%), urine (30%), blood (19%), and
 other sterile body fluids (8%) (Table 4).

 Approximately 50% of urine isolates were resistant to ciprofloxacin and to the third-generation
 cephalosporin (ceftazidime). Forty four percent of Pseudomonas spp. isolated from blood
 showed resistance to ceftazidime (CI: 42.5 – 49.3) whereas approximately one-third of isolates",,amr29.pdf | PDF page 45,verified,retrieval_context
NCDC_resistance_2023_NARS-Net_p046_c00,document_chunk,NCDC_resistance_2023_NARS-Net,amr29.pdf,resistance,2023,NARS-Net,46,,,"showed resistance to ciprofloxacin (31%) and to gentamicin (29%). The imipenem resistance in
blood isolates of Pseudomonas spp. was found to be 33% (CI: 30.8 – 34.7) (Table 11)

Concerning the reserve group of antibiotics namely colistin, two isolates from blood (0.1%), one
from pus aspirate (0.02%), two from sterile body fluids (0.2%) and one from urine (0.03%) were
found to be resistant (Table 11).

Isolates of Pseudomonas spp. from blood cultures of patients in Intensive care units, Inpatient
and outpatient departments showed highest resistance to ceftazidime and aztreonam among
the tested antibiotics. (Fig.17).

 36",,amr29.pdf | PDF page 46,verified,retrieval_context
NCDC_resistance_2023_NARS-Net_p047_c00,document_chunk,NCDC_resistance_2023_NARS-Net,amr29.pdf,resistance,2023,NARS-Net,47,,,"Table 11 - Resistance profile of Pseudomonas species (N=16,037)

 Blood (N=2,989) Pus Aspirate (N=6,870) OSBF (N=1,290) Urine (N=4,888)
Antibiotic
 Number Number Number Number
 %R 95 % CI (%R) 95 % CI (%R) 95 % CI (%R) 95 % CI
Tested Tested Tested Tested Tested

Amikacin 2704 27 25.4-28.8 5809 34 32.9-35.3 1160 26 23.5-28.6 4386 41 39.5-42.4

Aztreonam 1736 47 44.6-49.3 4427 31 29.5-32.2 819 34 30.7-37.3 2991 36 34.4-37.9

Ceftazidime 2590 44 42.5-46.4 6124 49 48.1-50.6 1176 41 38.5-44.2 4377 54 52.7-55.7

Ciprofloxacin 2579 31 29.7-33.3 5739 45 43.2-45.8 1131 34 31.4-37.0 4209 57 55.1-58.1

Colistin 1772 0.11 0.2-0.9 3493 0.02 0-0.3 740 0.2 0-0.9 2513 0.03 0.1-0.4

Gentamicin 2119 29 27.4-31.4 5014 35 33.5-36.1 943 24 21.0-26.5 3582 40 38.4-41.6

Imipenem 2337 33 30.8-34.7 5564 32 30.3-32.8 1090 36 33.0-38.8 4067 41 39.3-42.3

Meropenem 2081 26 24.4-28.2 5099 26 24.9-27.3 802 27 23.7-29.9 2772 36 34.3-37.9

Netilmicin 835 24 21.2-27.1 2035 32 30.2-34.3 404 27 22.8-31.6 1408 42 39.4-44.6
Piperacillin/",,amr29.pdf | PDF page 47,verified,retrieval_context
NCDC_resistance_2023_NARS-Net_p047_c01,document_chunk,NCDC_resistance_2023_NARS-Net,amr29.pdf,resistance,2023,NARS-Net,47,,,"2687 22 20.3-23.5 5741 25 24.4-26.6 1097 20 17.7-22.5 4214 28 26.4-29.1
Tazobactam
 *Alert pathogens confirmed at NRL, NCDC only were included in the data",,amr29.pdf | PDF page 47,verified,retrieval_context
NCDC_resistance_2023_NARS-Net_p048_c00,document_chunk,NCDC_resistance_2023_NARS-Net,amr29.pdf,resistance,2023,NARS-Net,48,,,"100 ICU (N=1031)

 InPatient (N=1717)
 90
 OutPatient (N=208)
 80

 70

 60
 % Resistance

 50 47 47
 45 45 44
 40
 40
 34 34 33
 31 30
 28 27 29 29
 30 26 27 26
 25 23
 20 20 19 20 20
 19 18
 20

 10

 0.140.420.00
 0
 Pip/Taz Ceftazidime Aztreonam Imipenem Meropenem Amikacin Gentamicin Netilmicin Ciprofloxacin Colistin",,amr29.pdf | PDF page 48,verified,retrieval_context
NCDC_resistance_2023_NARS-Net_p048_c01,document_chunk,NCDC_resistance_2023_NARS-Net,amr29.pdf,resistance,2023,NARS-Net,48,,,"Antibiotics Tested
 PipTaz – Piperacillin-Tazobactam

*Data from the emergency department was clubbed with data from inpatient wards; the Location type for 33 isolates is unknown

Figure 17-Resistance profile of Pseudomonas species in blood (N=2,956)

 38",,amr29.pdf | PDF page 48,verified,retrieval_context
NCDC_resistance_2023_NARS-Net_p049_c00,document_chunk,NCDC_resistance_2023_NARS-Net,amr29.pdf,resistance,2023,NARS-Net,49,,,"Acinetobacter spp.

Data of a total of 15,457 Acinetobacter species isolates was submitted by network sites during
this reporting period Jan 2023 – Dec 2023, of which 14,700 were from unique patients. Among
all specimen types under the programme, Acinetobacter species was most commonly isolated
from blood (42%) followed by pus aspirate (26%), urine (19%) and other sterile body fluids
(12%). (Table 4)

Blood isolates showed the highest resistance to ceftazidime (80%; CI: 78.5- 80.7). High level of
resistance to ceftazidime was also observed in other specimen types that is pus aspirate (81%),
sterile body fluids (78%, CI: 75.7 – 79.8) and urine (65%, CI: 62.4- 66.7) (Table 12).

Sixty six percent of isolates (CI: 64.9- 67.5) from blood cultures, 67% (CI: 65.2- 68.5) of isolates
from pus aspirates and 71% (CI: 69.0- 73.5) of isolates from sterile body fluids were resistant to
imipenem.

Acinetobacter species isolates from blood cultures of the ICU patients had a higher level of
resistance to all tested antibiotics compared to other location types (Fig 18).

Colistin resistance was observed to be 0.3% in the inpatient setting and 0.4% in isolates from
the ICU settings (Fig 18).",,amr29.pdf | PDF page 49,verified,retrieval_context
NCDC_resistance_2023_NARS-Net_p050_c00,document_chunk,NCDC_resistance_2023_NARS-Net,amr29.pdf,resistance,2023,NARS-Net,50,,,"Table 12 - Resistance profile of Acinetobacter species (N=14,700)

 Blood (N=6,238) OSBF (N=1,813) PA (N=3,865) Urine (N=2,784)
 Number Number Number Number
 Antibiotic Tested Tested %R 95% CI Tested %R 95% CI Tested %R 95% CI Tested %R 95% CI
 Amp/Sul x 411 70 64.8-74.0 1016 68 64.7-70.6 557 57 52.3-60.7
 Pip/Taz 5724 64 62.7-65.3 1635 63 60.4-65.1 3251 69 67.2-70.4 2350 39 36.7-40.6
 Ceftazidime 5406 80 78.5-80.7 1577 78 75.7-79.8 3127 81 79.5-82.3 2001 65 62.4-66.7
 Imipenem 5378 66 64.9-67.5 1608 71 69.0-73.5 3203 67 65.2-68.5 2285 43 41.4-45.5
 Meropenem 3315 61 59.4-62.7 1028 68 65.1-70.9 2527 64 61.8-65.6 1357 36 33.4-38.6
 Amikacin 5838 60 58.8-61.3 1664 64 61.1-65.8 3331 68 66.9-70.0 2076 44 41.8-46.1
 Gentamicin 5574 58 56.8-59.4 1621 61 58.8-63.6 3209 68 66.7-69.9 2043 46 43.4-47.8
 Ciprofloxacin 5611 64 63.0-65.5 1645 66 63.9-68.5 3203 76 74.4-77.4 2353 50 48.1-52.2
 TMP/SMX 4119 56 54.9-58.0 1446 59 56.1-61.3 2755 64 62.3-65.9 2103 45 42.6-46.9
 Colistin 4382 0.3 0.2-0.6 1347 0.4 0.2-1.0 2233 0.18 0.1-0.5 1120 0.2 0.1-0.9",,amr29.pdf | PDF page 50,verified,retrieval_context
NCDC_resistance_2023_NARS-Net_p050_c01,document_chunk,NCDC_resistance_2023_NARS-Net,amr29.pdf,resistance,2023,NARS-Net,50,,,"Minocycline 4683 29 27.7-30.4 1438 30 27.9-32.7 2513 32 29.7-33.4 1832 27 24.5-28.6
 Tetracycline x x x 681 46 42.0-49.6

 TMP/SMX - Trimethoprim/sulfamethoxazole
*Alert pathogens confirmed at NRL, NCDC only were included in the data Amp/Sul-Ampicillin Sulbactam
 Pip/Taz- Piperacillin Tazobactam

 40",,amr29.pdf | PDF page 50,verified,retrieval_context
NCDC_resistance_2023_NARS-Net_p051_c00,document_chunk,NCDC_resistance_2023_NARS-Net,amr29.pdf,resistance,2023,NARS-Net,51,,,"100 ICU (N=2372)

 Inpatient (N=3342)
 90
 84 OutPatient (N=437)

 80 77 77
 71 72 71
 67 69
 70 67
 64
 61 61 60
 60 57 56 55
 % Resistance

 54

 50 46 46
 42 42 43
 39 39
 40
 33
 29",,amr29.pdf | PDF page 51,verified,retrieval_context
NCDC_resistance_2023_NARS-Net_p051_c01,document_chunk,NCDC_resistance_2023_NARS-Net,amr29.pdf,resistance,2023,NARS-Net,51,,,"30 26

 20

 10

 0.400.330.00
 0
 Pip/Taz Ceftazidime Imipenem Meropenem Amikacin Gentamicin Ciprofloxacin TMP/SMX Colistin Minocycline
 Antibiotics tested

*Data from the emergency department was clubbed with data from inpatient wards; the Location type for 87 isolates is unknown TMP/SMX - Trimethoprim/sulfamethoxazole
 PipTaz – Piperacillin-Tazobactam

Figure 18 - Resistance profile of Acinetobacter species in blood (N=6,151)",,amr29.pdf | PDF page 51,verified,retrieval_context
NCDC_resistance_2023_NARS-Net_p052_c00,document_chunk,NCDC_resistance_2023_NARS-Net,amr29.pdf,resistance,2023,NARS-Net,52,,,"1.2.3.2.3. Vibrionaceae
Vibrio cholerae
In the current reporting period (Jan 2023 – Dec 2023), data of 50 isolates of Vibrio cholerae
confirmed at AMR-NRL has been analyzed. Resistance was observed to 5 of the 6 antibiotics
tested in the panel. The highest resistance was observed to trimethoprim/sulfamethoxazole.

Table 13 - Resistance profile of Vibrio cholerae (N=50)

 Antibiotic Tested Number Tested Number Resistant
 46 9
 Ampicillin
 Trimethoprim/ Sulfamethoxazole 47 42

 Azithromycin 29 1

 Chloramphenicol 39 7

 Doxycycline 21 0

 Tetracycline 31 1

 42",,amr29.pdf | PDF page 52,verified,retrieval_context
NCDC_resistance_2023_NARS-Net_p053_c00,document_chunk,NCDC_resistance_2023_NARS-Net,amr29.pdf,resistance,2023,NARS-Net,53,,,"1.3. Discussion

This report is the seventh annual report of the National AMR Surveillance Network. Compared
to the previous year, the number of sites submitting data has increased from 37 to 41 tertiary
care hospital laboratories. Like the previous year's findings, Escherichia coli (E. coli) accounted
for 34% of the isolated pathogens in the AMR Surveillance data for 2023. Amongst the urine
isolates, E. coli (51%) was the most commonly isolated priority pathogen, and urine was the
most common specimen type (46%). As consistent with previous reports, S. aureus was most
commonly isolated from pus aspirates (65%).

Trend analysis for ESBL-producing E. coli isolates from blood showed a decrease in their
proportion from 86% in 2018 to 82% in 2023. This decline may be attributed to improved
internal and external quality management systems mandated at all network sites under the
programme and more representative data from different regions of India compared to earlier
years.

Due to challenges in methodology/results for colistin-resistant Gram-negative bacteria and
Vancomycin-resistant S. aureus using manual/automated AST systems, only isolates confirmed
at AMR-NRL using broth microdilution at CBDDR NCDC have been included in this report. Many
sentinel sites have standardized and started performing colistin agar dilution and colistin BMD
tests. No significant changes have been observed in colistin resistance patterns over the past
five years.

The high percentage of carbapenem resistance in K. pneumoniae (54%), E. coli (40%), and
Acinetobacter spp. (approximately 66%) in blood samples are concerning. These findings
highlight serious challenges in treatment options for patients with infections caused by these
priority bacterial pathogens.

According to the surveillance data reported under NARS-Net, there has been a gradual increase
in the proportion of Vancomycin-resistant Enterococcus (VRE) in blood isolates from 11% in
2021 to 19% in 2023. No Vancomycin-intermediate Staphylococcus aureus (VISA) or
Vancomycin-resistant Staphylococcus aureus (VRSA) has been reported over these years.",,amr29.pdf | PDF page 53,verified,retrieval_context
NCDC_resistance_2023_NARS-Net_p054_c00,document_chunk,NCDC_resistance_2023_NARS-Net,amr29.pdf,resistance,2023,NARS-Net,54,,,"A decrease in the proportion of Methicillin-resistant S. aureus (MRSA) in blood has been
observed, with 55% observed this year compared to previous years since 2018.

A virtual capacity-building program was initiated via the ECHO platform in 2020 to improve
bacteriology testing methods and standardize antimicrobial susceptibility testing (AST)
practices across network sites. Additionally, the EQAS program coordinated by the NRL at
NCDC, hands-on laboratory and data management trainings, site support visits, monthly data
quality monitoring and feedback calls, and annual review meetings have continuously
supported the sites for improving the quality of surveillance.

AST data of the six WHO priority bacterial pathogens is submitted annually to WHO's Global
AMR Surveillance System (GLASS). These pathogens include S. aureus, E. coli, Klebsiella species,
Salmonella Typhi/ParaTyphi, and Acinetobacter baumanii.

The antimicrobial resistance surveillance in India over the last 6 years has shown gradually
increasing resistance to both first-line and second-line antibiotics. This issue is further
exacerbated by the limited availability of new antimicrobial agents, underscoring the urgent
need for investment for antibiotic research and development. In addition to focusing on
research, it is crucial to implement infection prevention and control (IPC) and Antimicrobial
Stewardship (AMS) programs to prevent and control AMR.

In summary, the AMR surveillance results from NARS-NET emphasize the importance of taking
concerted action to strengthen implementation of facility-level, state, and national infection
prevention and control programs and antimicrobial stewardship practices. This can be achieved
by developing and implementing IPC programs and facility-level antibiotic policies that align
with national treatment guidelines for infectious diseases while considering the local context.
It is essential to approach this issue with structured policies and guidelines to effectively
combat AMR throughout India.

 44",,amr29.pdf | PDF page 54,verified,retrieval_context
NCDC_resistance_2023_NARS-Net_p055_c00,document_chunk,NCDC_resistance_2023_NARS-Net,amr29.pdf,resistance,2023,NARS-Net,55,,,"1.4. Annexure I

List of NARS-Net sites that contributed AMR data for the period Jan 2023 to Dec 2023
 1. Lady Hardinge Medical College and Associated hospitals, Delhi
 2. Vardhman Mahavir Medical college and SJ Hospital, Delhi
 3. SMS medical College, Jaipur, Rajasthan
 4. BJ Medical College, Ahmedabad, Gujarat
 5. BJ Medical college, Pune, Maharashtra
 6. Government Medical college, Chandigarh
 7. Mysore Medical college, Mysuru, Karnataka
 8. GSVM Medical College, Kanpur, Uttar Pradesh
 9. Gauhati Medical College and Hospital, Guwahati, Assam
 10. KAP V. Government Medical College, Tiruchirappalli, Tamil Nadu
 11. NEIGRIHMS, Shillong, Meghalaya
 12. Govt. Medical College, Thiruvananthapuram, Kerala
 13. MGM College and Hospital, Indore, Madhya Pradesh
 14. Indira Gandhi Medical College, Shimla, Himachal Pradesh
 15. Govt. Medical College and Hospital, Aurangabad, Maharashtra
 16. Osmania Medical College, Hyderabad, Telangana
 17. Govt. Medical College & Hospital, Jammu, Jammu and Kashmir
 18. Agartala Govt. Medical College, Agartala, Tripura
 19. Guntur Medical College, Guntur, Andhra Pradesh
 20. SCB Medical College & Hospital, Cuttack, Odisha
 21. Pt. Jawaharlal Nehru Memorial Medical College, Raipur, Chhattisgarh
 22. Rajendra Institute of Medical Sciences, Ranchi, Jharkhand
 23. Pandit Bhagwat Dayal Sharma, Post Graduate Institute of Medical Sciences (PGIMS)
 Rohtak, Haryana
 24. Indira Gandhi Institute of Medical Sciences, Sheikpura, Patna, Bihar
 25. Govt. Medical College, Haldwani, Uttarakhand
 26. Gandhi Medical College, Bhopal, Madhya Pradesh
 27. Calcutta School of Tropical Medicine, Kolkata, West Bengal
 28. Lala Lajpat Rai Memorial (LLRM) Medical College, Meerut, Uttar Pradesh
 29. GMERS Medical College and Civil Hospital, Valsad, Gujarat
 30. Coimbatore Medical College & Hospital, Coimbatore, Tamil Nadu
 31. Karnataka Institute of Medical Sciences (KIMS), Hubli, Karnataka
 32. Indira Gandhi Medical College & Research Institute (IGMC & RI) Puducherry
 33. NAMO Medical Education and Research Institute (MERI), Silvassa, Dadra & Nagar
 Haveli",,amr29.pdf | PDF page 55,verified,retrieval_context
NCDC_resistance_2023_NARS-Net_p055_c01,document_chunk,NCDC_resistance_2023_NARS-Net,amr29.pdf,resistance,2023,NARS-Net,55,,,"34. Maulana Azad Medical College (MAMC) and Associated Hospitals, Delhi
 35. Sardar Patel Medical College (SPMC) and Hospital, Bikaner, Rajasthan
 36. Goa Medical College & Hospital, Bambolim, Goa",,amr29.pdf | PDF page 55,verified,retrieval_context
NCDC_resistance_2023_NARS-Net_p056_c00,document_chunk,NCDC_resistance_2023_NARS-Net,amr29.pdf,resistance,2023,NARS-Net,56,,,"37. STNM Medical College & Hospital, Gangtok, Sikkim
38. Government Medical College, Patiala, Punjab
39. Zoram Medical College, Falkawn, Mizoram
40. Andaman & Nicobar Islands Institute of Medical Sciences (ANIIMS), Andaman &
 Nicobar Islands
41. Rabindranath Tagore Medical College, Udaipur, Rajasthan

 46",,amr29.pdf | PDF page 56,verified,retrieval_context
NCDC_resistance_2024_NARS-Net_p001_c00,document_chunk,NCDC_resistance_2024_NARS-Net,amr30.pdf,resistance,2024,NARS-Net,1,,,"Annual Report
National Antimicrobial Resistance
 Surveillance Network
 (NARS-Net)

 Reporting period:
 January – December 2024

 National Programme on AMR Containment,
 National Centre for Disease Control (NCDC)
 Directorate General of Health services
 Ministry of Health & Family Welfare
 Government of India",,amr30.pdf | PDF page 1,verified,retrieval_context
NCDC_resistance_2024_NARS-Net_p004_c00,document_chunk,NCDC_resistance_2024_NARS-Net,amr30.pdf,resistance,2024,NARS-Net,4,,,"Table of Contents
Acronyms ................................................................................................................................................... 1
List of Tables .............................................................................................................................................. 3
List of Figures ............................................................................................................................................. 4
Executive Summary ................................................................................................................................... 6
1. Bacterial AMR Surveillance ............................................................................................................... 8
1.1. Introduction.................................................................................................................................. 8
1.2. Findings ....................................................................................................................................... 11
1.2.1. Data Deduplication ................................................................................................................ 11
1.2.2. Age and Gender distribution of reported AMR data ............................................................ 12
1.2.3. AMR Surveillance of priority pathogens ............................................................................... 17
1.2.3.1. Gram-Positive Cocci ............................................................................................................... 17
 Staphylococcus aureus ......................................................................................................................... 17
 Enterococcus species ........................................................................................................................... 21
1.2.3.2. Gram-Negative Bacilli ............................................................................................................ 25",,amr30.pdf | PDF page 4,verified,retrieval_context
NCDC_resistance_2024_NARS-Net_p004_c01,document_chunk,NCDC_resistance_2024_NARS-Net,amr30.pdf,resistance,2024,NARS-Net,4,,,"1.2.3.2.1. Enterobacteriaceae ........................................................................................................... 25
 Escherichia coli ..................................................................................................................................... 25
 Klebsiella species.................................................................................................................................. 30
 Salmonella enterica serovar Typhi and Paratyphi ............................................................................... 33
 Shigella species .................................................................................................................................... 33
1.2.3.2.2. Non-Fermenting Gram-Negative Bacilli ............................................................................ 34
 Pseudomonas species .......................................................................................................................... 34
 Acinetobacter spp. ............................................................................................................................... 38
1.2.3.2.3. Vibrionaceae ...................................................................................................................... 41
Vibrio cholerae ........................................................................................................................................ 41
1.2.4. AMR Trends ............................................................................................................................ 42
2. AMR Surveillance in Fungal pathogens .......................................................................................... 46
2.1. Background of National Reference Laboratory for AMR in fungal pathogens. ....................... 46
2.2. AMR surveillance of Candida species from bloodstream infections ........................................ 46",,amr30.pdf | PDF page 4,verified,retrieval_context
NCDC_resistance_2024_NARS-Net_p004_c02,document_chunk,NCDC_resistance_2024_NARS-Net,amr30.pdf,resistance,2024,NARS-Net,4,,,"2.3. Significant Findings..................................................................................................................... 47
2.3.1. Details of yeast isolates characterized at NRL during 2024.................................................. 47
2.3.2. Age and Gender distribution of isolates ............................................................................... 48
2.3.3. Location wise distribution of isolates ................................................................................... 49
2.3.4. Antifungal Susceptibility testing ........................................................................................... 50
Candida tropicalis:................................................................................................................................... 50
Pichia kudriavzevii: .................................................................................................................................. 51",,amr30.pdf | PDF page 4,verified,retrieval_context
NCDC_resistance_2024_NARS-Net_p005_c00,document_chunk,NCDC_resistance_2024_NARS-Net,amr30.pdf,resistance,2024,NARS-Net,5,,,"Candida albicans: .................................................................................................................................... 51
Candida parapsilosis: .............................................................................................................................. 52
Candida auris: .......................................................................................................................................... 52
Wickerhamomyces anomalus: ................................................................................................................ 53
3. Discussion ........................................................................................................................................ 55
4. Annexure I ....................................................................................................................................... 57",,amr30.pdf | PDF page 5,verified,retrieval_context
NCDC_resistance_2024_NARS-Net_p008_c00,document_chunk,NCDC_resistance_2024_NARS-Net,amr30.pdf,resistance,2024,NARS-Net,8,,,"Acronyms

AMR Antimicrobial Resistance
AFST Antifungal susceptibility testing
Amox-Clav Amoxicillin-Clavulanic acid
AST Antimicrobial Susceptibility Testing
BMD Broth Microdilution
CBDDR Centre for Bacterial Diseases and Drug Resistance
CI Confidence Interval
CLSI Clinical and Laboratory Standards Institute
CRE Carbapenem Resistant Enterobacterales
CSV Comma Separated Value
DMSO Dimethyl sulfoxide
DNA Deoxyribonucleic Acid
E. coli Escherichia coli
EME Emergency
EQAS External Quality Assessment Scheme
ESBL Extended Spectrum β-lactamase
EUCAST European Committee for Antimicrobial Susceptibility Testing
GBD Global Burden of Disease
GLASS Global Antimicrobial Resistance and Use Surveillance System
GNB Gram-Negative bacilli
GPC Gram-Positive cocci
ICU Intensive Care Unit
IPD Inpatient Department
IN Inpatient
ID Identification
IQC Internal Quality Control
ITS Internal Transcribed Spacer
LIMS Laboratory Information Management System
MALDI-TOF Matrix-Assisted Laser Desorption/Ionization Time-of-Flight Mass Spectrometry
MIC Minimum Inhibitory Concentration
MICU Medical Intensive Care Unit
MOPS 3-(N-morpholino) propane sulfonic acid
MoHFW Ministry of Health and Family Welfare
MRSA Methicillin-Resistant Staphylococcus aureus
NARS-Net National Antimicrobial Resistance Surveillance Network
NCC National Coordinating Centre
NCDC National Centre for Disease Control
NFGNB Non-fermenting Gram-negative bacilli",,amr30.pdf | PDF page 8,verified,retrieval_context
NCDC_resistance_2024_NARS-Net_p009_c00,document_chunk,NCDC_resistance_2024_NARS-Net,amr30.pdf,resistance,2024,NARS-Net,9,,,"NICU Neonatal Intensive Care Unit
NRL National Reference Laboratory
OPD Outpatient Department
OSBF Other Sterile Body Fluids
OUT Outpatient
PA Pus Aspirate
PICU Pediatric Intensive Care Unit
Pip-Tazo Piperacillin-Tazobactam
%R Percentage Resistant
RIS Resistant Intermediate Sensitive
RPMI Roswell Park Memorial Institute medium
SICU Surgical Intensive Care Unit;
SOP Standard Operating Procedure
TICU Trauma Intensive Care Unit
TMP-SMX Trimethoprim-Sulfamethoxazole
UNK Unknown
UT Union Territory
VBA Visual Basic Application
VISA Vancomycin Intermediate resistant S. aureus
VRE Vancomycin-Resistant Enterococcus species
VRSA Vancomycin Resistant S. aureus
WHO World Health Organization",,amr30.pdf | PDF page 9,verified,retrieval_context
NCDC_resistance_2024_NARS-Net_p010_c00,document_chunk,NCDC_resistance_2024_NARS-Net,amr30.pdf,resistance,2024,NARS-Net,10,,,"List of Tables

Table 1: Priority Pathogens and specimens included under Bacterial AMR Surveillance ...................................... 9
Table 2: Distribution of priority pathogen isolates based on specimen type (N=1,95,077) ................................. 13
Table 3: Distribution of isolates by specimen type (N= 1,95,077) ......................................................................... 14
Table 4: Specimen type wise distribution of isolates (N= 1,95,077) ..................................................................... 14
Table 5: Distribution of priority pathogen isolates by location type (N=1,95,077) .............................................. 15
Table 6: Resistance profile of Staphylococcus aureus (N=23,909) ........................................................................ 18
Table 7: Resistance profile of Enterococcus species (N=19,976) ........................................................................... 22
Table 8: Resistance profile of Escherichia coli (N=64,254) .................................................................................... 27
Table 9: Resistance profile of Klebsiella species (N=44,725) ................................................................................. 31
Table 10: Resistance profile of Salmonella enterica Typhi and Paratyphi (N=942) from blood ........................... 33
Table 11: Resistance profile of Shigella species (N=81) from stool specimen ...................................................... 34
Table 12: Resistance profile of Pseudomonas species (N=21,808) ........................................................................ 36
Table 13: Resistance profile of Acinetobacter species (N=19,122)........................................................................ 39
Table 14: Resistance profile of Vibrio cholerae (N=240) ....................................................................................... 41
Table 15: Distribution of other 6% yeast species characterized at NRL ................................................................ 48",,amr30.pdf | PDF page 10,verified,retrieval_context
NCDC_resistance_2024_NARS-Net_p010_c01,document_chunk,NCDC_resistance_2024_NARS-Net,amr30.pdf,resistance,2024,NARS-Net,10,,,"Table 16: Distribution of different yeast species by location type ........................................................................ 50
Table 17: Distribution of different Candida species in different types of Intensive Care Units (ICUs) ................ 50",,amr30.pdf | PDF page 10,verified,retrieval_context
NCDC_resistance_2024_NARS-Net_p011_c00,document_chunk,NCDC_resistance_2024_NARS-Net,amr30.pdf,resistance,2024,NARS-Net,11,,,"List of Figures

Figure 1:Geographical Location of National AMR Surveillance Network laboratories
submitting AMR data for January to December 2024 ..............................................................10
Figure 2: Distribution of priority pathogen isolates and Unique patient isolates ...................12
Figure 3: Distribution of priority pathogen isolates by gender (N=1,95,077) ..........................12
Figure 4: Distribution of all priority pathogen isolates by age category (N=1,95,077) ...........13
Figure 5: Distribution of isolates by location type (N=1,95,077) ..............................................15
Figure 6: Distribution of priority pathogen isolates by location-type......................................16
Figure 7: Resistance profile of S. aureus in blood (N=6,958) by location types ......................19
Figure 8: Resistance profile of Methicillin Resistant S. aureus (MRSA) in blood (N=3,342) ...20
Figure 9: Resistance profile of Enterococcus species in blood (N=3,679) by location type ....23
Figure 10: Resistance profile of Enterococcus species in urine (N=13,533) by location type .24
Figure 11: Resistance profile of Escherichia coli isolated from blood (N=3,625) by location
type .............................................................................................................................................28
Figure 12: Resistance profile of Escherichia coli isolated from urine (N=44,711) by location
type .............................................................................................................................................29
Figure 13: Resistance profile of Klebsiella species isolated from blood (N=8,012) by location
types ...........................................................................................................................................32
Figure 14: Resistance profile of Pseudomonas species isolated from blood (N=3,530) by
location type 37
Figure 15: Resistance profile of Acinetobacter species isolated from blood (N=7,487) by",,amr30.pdf | PDF page 11,verified,retrieval_context
NCDC_resistance_2024_NARS-Net_p011_c01,document_chunk,NCDC_resistance_2024_NARS-Net,amr30.pdf,resistance,2024,NARS-Net,11,,,"location type ...............................................................................................................................40
Figure 16: Trends of Methicillin-resistant S. aureus (MRSA) isolated from blood (2017-2024)
.....................................................................................................................................................42
Figure 17: Trends of Linezolid resistant Staphylococcus aureus isolated from blood (2018 to
2024) ...........................................................................................................................................43
Figure 18: Trends of Vancomycin resistant Enterococcus sp. (VRE) isolated from blood (2018-
2024) 43
Figure 19: Trends of Extended spectrum beta-lactamase (ESBL) producing E. coli isolated
from blood (2017-2024) .............................................................................................................44
Figure 20: Trends of Extended-Spectrum Beta-Lactamase (ESBL) producing Klebsiella sp. in
blood (2017-2024) ......................................................................................................................44
Figure 21: Three-year trend analysis (2022-2024) of Carbapenemase producing E. coli and
Klebsiella species isolated from blood ......................................................................................45
Figure 22: Three-year trend analysis (2022-2024) of Carbapenemase producing
Pseudomonas species and Acinetobacter species isolated from blood ..................................45
Figure 23: Data represent annual totals of clinical isolates submitted at Fungal NRL for
identification and AFST. Error bars indicate standard deviations from monthly averages ....47

 4",,amr30.pdf | PDF page 11,verified,retrieval_context
NCDC_resistance_2024_NARS-Net_p012_c00,document_chunk,NCDC_resistance_2024_NARS-Net,amr30.pdf,resistance,2024,NARS-Net,12,,,"Figure 24: The pie chart illustrating the percentage distribution of various yeast species
identified by MALDI-TOF MS and ITS sequencing at NRL, VPCI ...............................................48
Figure 25: Gender-wise distribution of patients from whom yeast isolates (n=1074) were
obtained......................................................................................................................................49
Figure 26: Age distribution of patients from whom yeast isolates were recovered ...............49
Figure 27: Bar graph represent percentage resistance of Candida tropicalis isolates against
nine antifungals, with error bars indicating standard deviation..............................................51
Figure 28: Bar graph represent % resistance of Candida albicans isolates against nine
antifungals, with error bars indicating standard deviation ......................................................52
Figure 29: Bar graph represent % resistance of Candida parapsilosis isolates against nine
antifungals, with error bars indicating standard deviation ......................................................52
Figure 30: Bar graph represent % resistance of Candida auris isolates against nine
antifungals, with error bars indicating standard deviation ......................................................53
Figure 31: Bar graph represent % resistance of Wickerhamomyces anomalus isolates against
nine antifungals, with error bars indicating standard deviation..............................................54",,amr30.pdf | PDF page 12,verified,retrieval_context
NCDC_resistance_2024_NARS-Net_p013_c00,document_chunk,NCDC_resistance_2024_NARS-Net,amr30.pdf,resistance,2024,NARS-Net,13,,,"Executive Summary

Antimicrobial Resistance (AMR) surveillance is crucial for tracking and combating the growing
threat of AMR. This is the eighth report of National AMR Surveillance Network (NARS-Net)
established under the National Programme on AMR Containment coordinated by the National
Centre for Disease Control (NCDC). This report includes bacterial AMR surveillance data from
54 sentinel surveillance sites and Fungal AMR Surveillance data from 28 sites being
strengthened under NARS-Net. NARS-Net which has been expanded in a phased manner
currently includes 60 laboratories in 33 states/UTs (as of March 2025). This report provides
insights into resistance patterns, trends and emerging resistance across the network sites.

The current report includes data of bacterial and fungal AMR Surveillance for the reporting
period from 01 January 2024 to 31 December 2024. Standard operating procedures (SOPs) on
antimicrobial susceptibility testing (AST), internal quality control (IQC), AMR data management
developed under the programme are implemented at NARS-Net sites to ensure quality data.
The panel of antimicrobials used for surveillance is standardized in alignment with the
prescription practices of clinicians in the country. Trainings and workshops are conducted
regularly for NARS-Net sites to ensure compliance to the SoPs under the programme. Wet-lab
trainings on colistin agar dilution and broth microdilution (BMD) testing, both at the NRL at
NCDC and onsite during site visits, have contributed to an increase in the number of sentinel
sites performing MIC determination and submitting quality data. Furthermore, monthly
feedbacks through data quality monitoring calls has played a crucial role in improving
compliance to data standards defined under the programme. Also, External Quality Assessment
Scheme (EQAS) conducted by AMR-NRL has played a significant role in improving data quality.
The key findings of this report are:
 ❖ Over the years, with increasing number of sites, there has been a gradual increase in
 the number of reported isolates, rising from 25,833 in 2017 to 1,95,077 in the current
 data reporting period.",,amr30.pdf | PDF page 13,verified,retrieval_context
NCDC_resistance_2024_NARS-Net_p013_c01,document_chunk,NCDC_resistance_2024_NARS-Net,amr30.pdf,resistance,2024,NARS-Net,13,,,"❖ The most commonly isolated priority bacterial pathogen was E. coli (33%), which is
 similar to the previous five years, followed by Klebsiella species (23%), S. aureus
 (12%), Pseudomonas species (11%), Acinetobacter species (10%) Enterococcus
 species (10%) and Salmonella enterica serovar Typhi and Paratyphi (0.5%).
 ❖ Among the specimen types, urine (45%) was the most frequently reported specimen
 followed by pus aspirate (31%) and blood (18%). From urine specimens, E. coli (51%)
 was the most frequently isolated pathogen, while Klebsiella species (23%) was the
 most commonly isolated pathogen from blood specimens and from pus specimens
 S. aureus (26%) was the predominant isolate.
 ❖ Most Enterococcus species were isolated from urine specimens (68%) and most S.
 aureus isolates were from pus aspirates (66%) consistent with the previous reports.

 6",,amr30.pdf | PDF page 13,verified,retrieval_context
NCDC_resistance_2024_NARS-Net_p014_c00,document_chunk,NCDC_resistance_2024_NARS-Net,amr30.pdf,resistance,2024,NARS-Net,14,,,"❖ Proportion of MRSA has declined this year in all location settings than last year’s
 report, it has reduced from 69% to 63% in intensive care units, from 62% to 55% in
 inpatient wards and from 59% to 44% in outpatients.
 ❖ Trend analysis of MRSA isolated from blood showed slight decrease in MRSA
 proportion from 59% (2021) to 56% (2024).
 ❖ Proportion of VRE among blood isolates was observed to be 21% in ICU setting and
 24% in inpatients. Trend analysis of VRE isolated from blood has shown consistent
 increase from 2021 (11%) to 2024 (22%).
 ❖ Trend analysis for ESBL producing E. coli from blood has shown an increase over the
 last 4 years from 2021 (76%) to 2024 (81%).
 ❖ Similar trend has been observed in blood isolates of ESBL producing Klebsiella spp.
 with consistently high levels of resistance with 81% in 2021 and 84% in 2024.
 ❖ Moreover, 3-year trend analysis has shown increase in carbapenem resistant E. coli
 (from 35% to 43%), Klebsiella species (47% to 59%) and Acinetobacter species (59%
 to 70%). This consistent increase in carbapenem resistance is of great concern and
 could be due to penems being the first line of antibiotics used for inpatients in many
 hospitals.
 ❖ Candida tropicalis was the most frequently isolated Candida species in invasive
 Candidemia infections, mostly occurring in ICU settings, predominantly isolated from
 NICU (41%).
 ❖ C. auris, a known multidrug-resistant species, was primarily found in ICUs (60%) and
 inpatient wards (18%). Candida albicans showed a strong presence in ICUs (45%) and
 also appeared notably in inpatients (35%).
 ❖ The antifungal susceptibility patterns revealed fluconazole resistance in several
 species, most notably C. auris (66%), C. parapsilosis (16%), W. anomalus (15%), C.
 albicans (8%), and C. tropicalis (7%). Although resistance to amphotericin B,
 itraconazole, and 5-fluorocytosine remained low, emerging resistance to",,amr30.pdf | PDF page 14,verified,retrieval_context
NCDC_resistance_2024_NARS-Net_p014_c01,document_chunk,NCDC_resistance_2024_NARS-Net,amr30.pdf,resistance,2024,NARS-Net,14,,,"echinocandins in some species is a matter of concern.
The above increase in resistance trends may be attributed to the increased use of antimicrobials
during the COVID-19 pandemic and rise in data reporting due to increase in the number of
sentinel sites in the NARS-Net. This report emphasizes on the pressing need for strengthening
surveillance system, targeted interventions, development of evidence-based policies, sustained
collaborations and investments to combat AMR. The AMR surveillance data in this report serves
as a crucial resource for policy makers, healthcare professionals, and researchers working to
address the growing threat of AMR.
The AMR surveillance data in the current report like previous years continues to have the
limitation of samples for culture and sensitivity being referred only for patients requiring
admission and often not responding to the first line of antibiotics. This limitation has the
potential to skew the AMR trends to higher side than the actual trends.",,amr30.pdf | PDF page 14,verified,retrieval_context
NCDC_resistance_2024_NARS-Net_p015_c00,document_chunk,NCDC_resistance_2024_NARS-Net,amr30.pdf,resistance,2024,NARS-Net,15,,,"1. Bacterial AMR Surveillance

 1.1. Introduction

 Antimicrobial resistance (AMR) is a rapidly escalating global health threat. As pathogens
 evolve to resist the existing antimicrobials, once-manageable diseases become increasingly
 difficult or impossible to cure. Global Burden of Disease 2021 report by Antimicrobial
 Resistance Collaborators published in The Lancet (2024) estimated that 4.71 million deaths
 were associated with bacterial AMR including 1.14 million deaths attributable to bacterial
 AMR.1 The report also states that among Gram-negative bacteria, resistance to carbapenems
 increased more than any other antibiotic class, rising from 0.619 million deaths in 1990 to
 1.03 million associated deaths in 2021. The report also forecasted that an estimated 1.91
 million deaths attributable to AMR and 8.22 million deaths associated with AMR could occur
 globally in 2050. These figures highlight the immense burden of AMR on public health,
 particularly in low- and middle-income countries where access to quality healthcare and
 diagnostics is limited. Beyond mortality, AMR also leads to prolonged illness, increased
 healthcare costs, and greater risk of complications, posing a serious threat to modern
 medicine, including surgery, cancer therapy, and intensive care. Without urgent and
 coordinated action, AMR will continue to undermine modern medicine and threaten global
 health security. To monitor AMR, a robust surveillance system is needed in the global fight
 against drug-resistant infections, providing the critical data needed to track resistance
 patterns, update treatment guidelines, and guide public health interventions.
 To address the problem of AMR, Government of India initiated the National Programme on
 AMR containment in 2013, during the 12th (2012-2017) five-year plan which is being
 coordinated by the National Centre for Disease Control (NCDC). Under the programme, the
 National AMR Surveillance Network (NARS-Net) has been established to monitor real time",,amr30.pdf | PDF page 15,verified,retrieval_context
NCDC_resistance_2024_NARS-Net_p015_c01,document_chunk,NCDC_resistance_2024_NARS-Net,amr30.pdf,resistance,2024,NARS-Net,15,,,"AMR trends and to generate annual reports on National AMR Surveillance data from tertiary
 healthcare facilities. The current report is the eighth annual report of AMR Surveillance data
 which includes data from 54 network sites. (Fig. 1)
 NARS-Net is being expanded in a phased manner to have representation from all states and
 Union Territories in the country. Currently, NARS-Net includes 60 medical college
 laboratories from 27 states and 6 UTs (as of March 2025) with adequate geographical
 representation. The NARS-Net sentinel surveillance sites conduct laboratory-based AMR
 surveillance of nine priority bacterial pathogens namely Staphylococcus aureus, Enterococcus
 species, Escherichia coli, Klebsiella species, Pseudomonas species, Acinetobacter species,
 Salmonella enterica serotype Typhi and Paratyphi, Shigella species and Vibrio cholerae.
 (Table 1) The AMR surveillance data of these priority pathogens submitted by the NARS-Net

 1
 Naghavi, Mohsen et al. Global burden of bacterial antimicrobial resistance 1990–2021: a systematic analysis
 with forecasts to 2050. The Lancet, Volume 404, Issue 10459, 1199 - 1226

 8",,amr30.pdf | PDF page 15,verified,retrieval_context
NCDC_resistance_2024_NARS-Net_p016_c00,document_chunk,NCDC_resistance_2024_NARS-Net,amr30.pdf,resistance,2024,NARS-Net,16,,,"sites to AMR programme unit at NCDC is being collated and analyzed at NCDC after validation
 using WHONET, a microbiology data management open-source offline software. After data
 validation, the annual National AMR surveillance report2 and the semi-annual bulletins3 are
 developed which are then made available on NCDC website for use by various stakeholders
 at national and state level. The network data is also submitted annually by NCDC to the World
 Health Organization's Global AMR Surveillance and Use System (WHO-GLASS) since 2018.
 MoHFW designated NCDC as the National Coordinating Centre for AMR Surveillance in India
 in the year 2017.

Table 1: Priority Pathogens and specimens included under Bacterial AMR Surveillance
Specimen S. Enterococcus Klebsiella Escherichia Acinetobacter Pseudom Salmonella Shigella Vibrio
 aureus spp. spp. coli spp. onas Typhi / species cholerae
 spp. Paratyphi

 Blood

 Urine

 Pus
Aspirate
 Other
 Sterile
 body
 fluids*

 Stool

* Other sterile body fluids (OSBF)- Include abdominal fluid, amniotic fluid, bile, cerebrospinal fluid, cyst, endocardium,
hip fluid, joint fluid, knee fluid, lymph node, semen, broncho-alveolar lavage, spleen, pleural fluid, pericardial fluid,
bone marrow, Bartholin’s cyst, fluid, gastric fluid, gallbladder, breast milk and prostatic fluid.

 All NARS-Net sites submit AMR data of nine priority pathogens from the pre-defined
 specimen types to NCDC programme unit. Sites perform antimicrobial susceptibility testing
 by disk diffusion, broth microdilution, agar dilution, and automated antimicrobial
 susceptibility testing systems as per the programme SoPs. The programme unit at NCDC
 provides technical guidance and training support to the sentinel surveillance network
 laboratories towards accurate pathogen identification and antimicrobial susceptibility",,amr30.pdf | PDF page 16,verified,retrieval_context
NCDC_resistance_2024_NARS-Net_p016_c01,document_chunk,NCDC_resistance_2024_NARS-Net,amr30.pdf,resistance,2024,NARS-Net,16,,,"testing (AST), implementing quality management systems and standardized AMR
 surveillance data management.

2
 https://ncdc.mohfw.gov.in/reports/
3
 https://ncdc.mohfw.gov.in/amr-semi-annual-bulletin/",,amr30.pdf | PDF page 16,verified,retrieval_context
NCDC_resistance_2024_NARS-Net_p017_c00,document_chunk,NCDC_resistance_2024_NARS-Net,amr30.pdf,resistance,2024,NARS-Net,17,,,"Figure 1:Geographical Location of National AMR Surveillance Network laboratories
 which have submitted AMR data from January to December 2024

 National Reference Laboratory (NRL) has been established at NCDC in 2018-19 to implement
 External Quality Assessment Scheme (EQAS) for the network labs so as to ensure quality AMR
 Surveillance data. Additionally, NRL also confirms all antibiotic-resistant alert strains, as
 defined under the programme, submitted by network sites and only the confirmed alerts are
 included in the annual report. Feedback on EQAS and Alert confirmation is shared with the
 respective sentinel sites.
 The network sites are mandated to perform Internal quality control testing as per the
 programme SoPs.4 In addition, onsite support visits and trainings on data management are
 conducted to strengthen bacteriology laboratory capacity, identify the challenges and
 improve the quality of culture, identification and AST practices. The programme unit at NCDC
 also frequently organizes workshops on use of WHONET AMR data management software to

4
 Standard Operating procedure for AMR Surveillance NARS-Net. January 2023. https://ncdc.mohfw.gov.in/wp-
content/uploads/2024/03/58495493521681880873.pdf.
 10",,amr30.pdf | PDF page 17,verified,retrieval_context
NCDC_resistance_2024_NARS-Net_p018_c00,document_chunk,NCDC_resistance_2024_NARS-Net,amr30.pdf,resistance,2024,NARS-Net,18,,,"facilitate timely AMR surveillance data flow from network sites to NCDC. Annual meetings to
 review the performance of each site under NARS-Net are also conducted to discuss and
 resolve site-specific challenges. This process plays a crucial role in strengthening and
 standardizing antimicrobial resistance surveillance across the network.
 The WHONET 2024, an open-source offline microbiology data management desktop
 application, has been used for collecting, collating and analyzing routine antimicrobial
 susceptibility data generated by manual testing methods and automated systems at the
 laboratories. In this report, M100 34th Ed. of Clinical & Laboratory Standards Institute (CLSI)
 guideline5 is used for the classification of the isolates as susceptible (S), intermediate (I), or
 resistant (R). AMR data submitted monthly is reviewed during the monthly data quality
 monitoring virtual calls conducted by the designated AMR nodal officer at NCDC for the
 designated programme sites. The monthly data calls with the sites support them in
 validation of data with respect to the completeness of data fields and compliance with the
 AMR Surveillance panel of antibiotics. The errors observed in the data during data
 monitoring calls are notified to the sites in the feedback emails. The subsequently received
 revised corrected files are cleaned by NCDC nodal officers. A single file is generated from
 all the cumulative AMR data files from each site and data de-duplication is done before
 carrying out the analysis.

 1.2. Findings
 This annual AMR surveillance report includes data of 2,06,745 priority pathogen isolates
 submitted by 54 NARS-Net sites for the reporting period from 1st January 2024 to 31st
 December 2024 (List at Annexure-1.4). The data reported was cleaned and validated at
 NCDC before analysis and annual report preparation. All the colistin-resistant Gram-
 negative priority bacterial isolates were confirmed using broth microdilutionas per the
 programme SoP .

 1.2.1. Data Deduplication",,amr30.pdf | PDF page 18,verified,retrieval_context
NCDC_resistance_2024_NARS-Net_p018_c01,document_chunk,NCDC_resistance_2024_NARS-Net,amr30.pdf,resistance,2024,NARS-Net,18,,,"For data analysis, only the first antibiotic susceptibility result has been considered for each
 patient per specimen type and pathogen. For example, if two blood cultures from the same
 patient yielded growth of E. coli, only the first has been included in the data; if the growth
 of E. coli was detected in one culture and of K. pneumoniae in the other, both results have
 been considered. If there was growth of E. coli in one blood culture and in one urine culture
 from the same patient, both specimen types have been included. From each patient, only
 the first isolate of a given species isolated during the investigated time interval was
 included, regardless of its susceptibility profile.
 Deduplication of reported data of 2,06,745 isolates using WHONET revealed 1,95,077
 unique patients isolate data. For the surveillance period, only one result has been

5
 Clinical Laboratory Standard Institute. Performance Standard for Antimicrobial Susceptibility Testing. 34th Ed.
CLSI Supplement M-100. Clinical and Laboratory Standard Institute. USA. 2024.",,amr30.pdf | PDF page 18,verified,retrieval_context
NCDC_resistance_2024_NARS-Net_p019_c00,document_chunk,NCDC_resistance_2024_NARS-Net,amr30.pdf,resistance,2024,NARS-Net,19,,,"considered for each patient per specimen type and each pathogen. The unique patient
 isolate data file has been used for AST analysis. Fig 2 depicts the distribution of AMR
 surveillance priority pathogen isolates before and after deduplication.

 E.coli

 Klebsiella species
 By Isolate
 Priority Pathogen

 S.aureus
 BY Patient
 Enterococcus species

 Pseudomonas species

 Acinetobacter species

 Salmonella Typhi and Paratyphi

 Vibrio cholerae

 Shigella species

 0 10 20 30 40 50 60 70 80
 Number of isolates Thousands
 Figure 2: Distribution of priority pathogen isolates and unique patient isolates

 1.2.2. Age and Gender distribution of reported AMR data

 Among 1,95,077 unique patients, AST data in this report is from 52% of male and 48% of female
 patients (Fig 3). Majority of patients were in the age category 35-64 (40%) and 4% patients were
 in the age category 1-4. About 67 % patients were from the productive age group of 15-64. Figure
 4 represents the distribution of priority bacterial pathogen isolates by age category.

 48%
 52%

 *Gender details were missing for 148 isolates
Figure 3: Distribution of priority pathogen isolates by gender (N=1,95,077)

 12",,amr30.pdf | PDF page 19,verified,retrieval_context
NCDC_resistance_2024_NARS-Net_p020_c00,document_chunk,NCDC_resistance_2024_NARS-Net,amr30.pdf,resistance,2024,NARS-Net,20,,,"100
 90
 80
 Proportion of isolates

 70
 60
 50
 40.0
 40
 27.5
 30
 20 12.0
 8.8 6.8
 10 4.4
 0
 <1 1--4 5--14 15-34 35-64 >65

 Age category

*Age details were missing for 940 (0.5%) isolates

Figure 4: Distribution of all priority pathogen isolates by age category (N=1,95,077)

The analysis of 2024 AMR surveillance data revealed that the highest number of isolates were from
urine specimens (45%) (Table 2). The most commonly isolated priority bacterial pathogen was E.
coli (33%), which is similar to the previous five years, followed by Klebsiella species (23%), S. aureus
(12%), Pseudomonas species (11%), Acinetobacter species (10%) Enterococcus species (10%) and
Salmonella enterica serovar Typhi and Paratyphi (0.5%) (Table 3).

Table 2: Distribution of priority pathogen isolates based on specimen type (N=1,95,077)

 Specimen Type Number of isolates (%)
 Urine 88,374 (45 %)
 Blood 34,229 (18 %)
 Pus Aspirate 61,255 (31 %)
 Other sterile body fluids 10,878 (6 %)
 Stool 341 (0.17 %)
 Total 1,95,077

Amongst urine specimens, E. coli (51%) was the most commonly isolated pathogen, from blood
specimens the most common isolated priority pathogen was Klebsiella species (23%); and
among isolates from pus specimens, S. aureus (26%) was the most common isolate. Among",,amr30.pdf | PDF page 20,verified,retrieval_context
NCDC_resistance_2024_NARS-Net_p020_c01,document_chunk,NCDC_resistance_2024_NARS-Net,amr30.pdf,resistance,2024,NARS-Net,20,,,"stool specimens, most common pathogen reported was Vibrio cholerae (70%), followed by
Shigella species (24%) and Salmonella Typhi and Paratyphi (6%). (Table 3) However, among non-
lactose fermenting Gram-negative bacilli, Pseudomonas species was most commonly isolated
from pus aspirates (48%) and Acinetobacter species from blood (39%). (Table 4) Amongst Gram-
positive organisms, Enterococcus species was most commonly isolated from urine specimens
(68%) and S. aureus from pus aspirates (66%). (Table 4)",,amr30.pdf | PDF page 20,verified,retrieval_context
NCDC_resistance_2024_NARS-Net_p021_c00,document_chunk,NCDC_resistance_2024_NARS-Net,amr30.pdf,resistance,2024,NARS-Net,21,,,"Table 3: Specimen type wise distribution of isolates (N= 1,95,077)

 Blood Pus aspirate OSBF Urine Stool Total
 Priority
 Pathogen
 N (%) N (%) N (%) N (%) N N (%)
 S. aureus 6958 (20%) 15846 (26%) 1105 (10%) x X 23,909 (12)
 Enterococcus
 3679 (11%) 1942 (3%) 822 (8%) 13533 (15%) X 19,976 (10)
 spp.
 Escherichia Coli 3621 (11%) 13577 (22%) 2345 (22%) 44711 (51%) X 64,254 (33)
 Klebsiella spp. 8012 (23%) 13576 (22%) 2540 (23%) 20597 (23%) X 44,725 (23)
 Salmonella
 Typhi and 942 (2%) x x x 20 962 (0.5)
 Paratyphi
 Pseudomonas
 3530 (10%) 10513 (17%) 1695 (16%) 6070 (7%) X 21,808 (11)
 spp.
 Acinetobacter
 7487 (22%) 5801 (9.5%) 2371 (22%) 3463 (4%) X 19,122 (10)
 spp.
 Shigella species x x x x 81 81 (0.04)

 Vibrio cholerae x x x x 240 240 (0.12)",,amr30.pdf | PDF page 21,verified,retrieval_context
NCDC_resistance_2024_NARS-Net_p021_c01,document_chunk,NCDC_resistance_2024_NARS-Net,amr30.pdf,resistance,2024,NARS-Net,21,,,"Total 34,229 (100) 61,255 (100) 10,878 (100) 88,374 (100) 341 1,95,077 (100)
 x - Specimen type not included under the program; *OBSF- Include abdominal fluid, amniotic fluid, bile, cerebrospinal fluid, cyst,
 endocardium, hip fluid, joint fluid, knee fluid, lymph node, semen, broncho-alveolar lavage, spleen, pleural fluid, pericardial fluid, bone
 marrow, bartholin’s cyst, fluid, gastric fluid, gall bladder, breast milk and prostatic fluid

 Table 4: Proportion of priority pathogens isolated from various specimen types (N= 1,95,077)
 Salmonella
 Enterococcus Escherichia Klebsiella Pseudomona Acinetobacte Shigella Vibrio
 S. aureus Typhi and
Priority spp. coli spp. s spp. r spp. species cholera
 N (%) Paratyphi
 N (%) N (%) N (%) N (%) N (%) N eN
 N (%)
 6958 3679 3621 8012 942 3530 7487
Blood x x
 (29%) (18%) (6%) (18%) (98%) (16%) (39%)
Pus 15846 1942 13577 13576 10513 5801",,amr30.pdf | PDF page 21,verified,retrieval_context
NCDC_resistance_2024_NARS-Net_p021_c02,document_chunk,NCDC_resistance_2024_NARS-Net,amr30.pdf,resistance,2024,NARS-Net,21,,,"x x x
aspirate (66%) (10%) (21%) (30%) (48%) (30%)
 1105 822 2345 2540 1695 2371
OSBF x x x
 (4.6%) (4%) (4%) (5.6%) (8%) (12%)
 13533 44711 20597 6070 3463
Urine x x x x
 (68%) (70%) (46%) (28%) (18%)
 20
Stool x x x x X x 81 240
 (2%)
 23,909 19,976 64,254 44,725 962 21,808 19,122
Total 81 240
 (100%) (100%) (100%) (100%) (100%) (100%) (100%)

 14",,amr30.pdf | PDF page 21,verified,retrieval_context
NCDC_resistance_2024_NARS-Net_p022_c00,document_chunk,NCDC_resistance_2024_NARS-Net,amr30.pdf,resistance,2024,NARS-Net,22,,,"icu, 12%

 in, 53% out, 32% eme, 3%

 IN – Inpatient; OUT–Outpatient; ICU –Intensive care; EME –Emergency; UNK – Unknown; *Location type field was
 missing in 34 isolates
Figure 5: Distribution of isolates by location type (N=1,95,077)

In the 2024 AMR surveillance data, the majority of isolates (53%) were from patients admitted
in hospital wards whereas the least number of isolates (3%) belonged to patients from the
Emergency department. Almost a third of the isolates (32%) were from patients visiting the
outpatient clinics. About 12% of the priority pathogens were isolated from Intensive care units
(ICU) (Fig. 5).
Table 5: Distribution of priority pathogen isolates by location type (N=1,95,077)

 Priority Pathogen Inpatient Outpatient I.C.U. Emergency
 (N=104,050) (N=62,809) (N=23,130) (N=5,054)

 N (%) N (%) N (%) N (%)
 Escherichia coli 32346 (31) 26244 (42) 3971 (17) 1680 (33)
 Klebsiella species 24752 (24) 12734 (20) 6305 (27) 930 (18)
 Salmonella Typhi and
 498 (0.5) 369 (0.6) 57 (0.5) 37 (0.73)
 Paratyphi
 Pseudomonas species 11699 (11) 7095 (11) 2584 (11) 426 (8.4)

 Acinetobacter species 10452 (10) 3387 (5) 4710 (20) 573 (11)

 S. aureus 12946 (12) 7513 (12) 2505 (11) 937 (18)

 Enterococcus species 11137 (11) 5411 (9) 2981 (13) 445 (9)

 Shigella species 52 (0.05) 25 (0.04) 2 (0.01) 1 (0.02)",,amr30.pdf | PDF page 22,verified,retrieval_context
NCDC_resistance_2024_NARS-Net_p022_c01,document_chunk,NCDC_resistance_2024_NARS-Net,amr30.pdf,resistance,2024,NARS-Net,22,,,"Vibrio cholerae 168 (0.16) 31 (0.05) 15 (0.06) 25 (0.5)
*Location type field was missing in 34 isolates

Amongst the inpatients, the most commonly isolated priority pathogen was Escherichia coli
(31%) followed by Klebsiella spp. (24%), whereas in Intensive care units Klebsiella spp. (27%)
was the most commonly isolated pathogen followed by Acinetobacter spp. (20%) and
Escherichia coli (17%) (Table 5). Escherichia coli was also the most commonly isolated pathogen
from outpatient clinics (42%) and emergency departments (33%). (Table 5, Fig. 6).",,amr30.pdf | PDF page 22,verified,retrieval_context
NCDC_resistance_2024_NARS-Net_p023_c00,document_chunk,NCDC_resistance_2024_NARS-Net,amr30.pdf,resistance,2024,NARS-Net,23,,,"50 E.coli
 Klebsiella species
 Staphylococcus aureus
 45
 42
 Pseudomonas species
 Enterococcus species
 40 Acinetobacter species
 Vibrio cholerae
 Salmonella Typhi and Paratyphi
 35 Shigella species
 33
 31
 Proportion of isolates

 30
 27

 25 24",,amr30.pdf | PDF page 23,verified,retrieval_context
NCDC_resistance_2024_NARS-Net_p023_c01,document_chunk,NCDC_resistance_2024_NARS-Net,amr30.pdf,resistance,2024,NARS-Net,23,,,"20
 20 19
 18
 17

 15 13
 12 12
 11 11 11 11 11 11
 10 10
 10 9 9
 8

 5.3
 5

 0.16 0.5 0.05 0.06 0.25 0.05 0.05
 0.6",,amr30.pdf | PDF page 23,verified,retrieval_context
NCDC_resistance_2024_NARS-Net_p023_c02,document_chunk,NCDC_resistance_2024_NARS-Net,amr30.pdf,resistance,2024,NARS-Net,23,,,"0.04 0.5 0.73 0.02
 0
 IN ICU OUT EME
 Location Types

Figure 6: Distribution of priority pathogen isolates by location-type

 16",,amr30.pdf | PDF page 23,verified,retrieval_context
NCDC_resistance_2024_NARS-Net_p024_c00,document_chunk,NCDC_resistance_2024_NARS-Net,amr30.pdf,resistance,2024,NARS-Net,24,,,"1.2.3. AMR Surveillance of priority pathogens
1.2.3.1. Gram-Positive Cocci
The AMR surveillance under NARS-Net covers the two most prevalent Gram-positive bacterial
human pathogens i.e., Staphylococcus aureus and Enterococcus species. The AST data of 45,789
Gram-positive cocci (GPC) were submitted to NCDC, of which 43,885 isolates were from unique
patients.

Staphylococcus aureus
During the 2024 reporting period, a total of 25,070 S. aureus isolates data was submitted to
NCDC of which 23,909 isolates were from unique patients (Fig. 2) constituting 12% of priority
pathogens included in this annual report data. AST data analysis of 23,909 isolates reveals that
majority of S. aureus were isolated from pus specimens (66%) and least from other sterile body
fluids (5%). In this report, S. aureus is observed to be a significant cause of bacteremia (29%).
(Table 4).
Approximately half of S. aureus isolated from blood (56%; 95% CI (confidence interval): 54.7-
57.3) were resistant to cefoxitin (a surrogate for mecA-mediated oxacillin resistance)
meanwhile, the resistance to cefoxitin in pus aspirates (54%; 95% CI: 53.2-54.9) and other
sterile body fluids (49%; CI: 45.5-51.9) was slightly lower in comparison to the blood isolates
(Table 6). For analysis of linezolid resistance in S. aureus, CLSI breakpoint for 2023-24 have been
considered. Linezolid resistance in S. aureus isolated from blood was found to be less than 1%
consistent with the observations over last three years. Out of 14,190 isolates tested on
Vancomycin screen agar, single isolate showed growth on the vancomycin screen agar plate
which was not confirmed as resistant by broth microdilution testing.
Among the AMR Surveillance priority pathogens isolated in the data reporting period, S. aureus
was mainly isolated from inpatient wards followed by outpatient clinics and the intensive care
settings (Table 5). Notably, proportion of MRSA has declined this year in all location settings in
comparison to last year, it has reduced from 69% to 63% in intensive care units, from 62% to
55% in inpatient wards and from 59% to 44% in outpatients (Fig. 7). Resistance to all the",,amr30.pdf | PDF page 24,verified,retrieval_context
NCDC_resistance_2024_NARS-Net_p024_c01,document_chunk,NCDC_resistance_2024_NARS-Net,amr30.pdf,resistance,2024,NARS-Net,24,,,"surveillance panel antibiotics were proportionately higher among isolates from intensive care
setting than those from outpatient clinics and the inpatient wards as seen in Fig. 7.",,amr30.pdf | PDF page 24,verified,retrieval_context
NCDC_resistance_2024_NARS-Net_p025_c00,document_chunk,NCDC_resistance_2024_NARS-Net,amr30.pdf,resistance,2024,NARS-Net,25,,,"Table 6: Resistance profile of Staphylococcus aureus (N=23,909)

 Blood (N=6,958) Pus Aspirate (N=15,846) Other Sterile Body Fluids (N=1,105)
 Antibiotic
 Number Number Number
 tested (%R) 95% CI (%R) 95% CI (%R) 95% CI
 Tested Tested Tested

 Cefoxitin 5967 (56) 54.7-57.3 13694 (54) 53.2-54.9 962 (49) 45.5-51.9

 Ciprofloxacin 5801 (54) 52.5-55.0 13269 (69) 68.0-69.6 917 (57) 54.1-60.6

 Clindamycin 6367 (40) 39.1-41.5 14596 (29) 28.2-29.6 923 (37) 34.1-40.4

 Doxycycline 4954 (11) 10.3-12.1 10650 (6) 5.7-6.7 761 (10) 7.9-12.3

 Erythromycin 6248 (64) 63.1-65.5 14354 (53) 52.6-54.3 937 (56) 53.1-59.5

 Gentamicin 5055 (18) 17.1-19.2 11675 (18) 17.8-19.2 815 (19) 16.5-22

 Linezolid* 6282 (0.06) 0.05-0.1 14109 (0.0) 0.0-0.0 990 (0.0) 0.0-0.0

 TMP/SMX 5400 (32) 31-33.5 12004 (20) 19.5-20.9 835 (28) 24.6-30.7

 Teicoplanin 1249 (9) 8.0-11.3 2250 (8) 6.7-9.0 231 (5) 2.5-8.6
*Alert pathogens confirmed at NRL have been included in the data TMP-SMX: Trimethoprim-Sulfamethoxazole",,amr30.pdf | PDF page 25,verified,retrieval_context
NCDC_resistance_2024_NARS-Net_p025_c01,document_chunk,NCDC_resistance_2024_NARS-Net,amr30.pdf,resistance,2024,NARS-Net,25,,,18,,amr30.pdf | PDF page 25,verified,retrieval_context
NCDC_resistance_2024_NARS-Net_p026_c00,document_chunk,NCDC_resistance_2024_NARS-Net,amr30.pdf,resistance,2024,NARS-Net,26,,,"100 Outpatient (N=766)
 90 Inpatient (N=4,350)

 80 ICU (N=1,841)

 70 67
 63 64
 % Resistance

 60
 60 55 57
 54
 50 48
 44 44
 39
 40
 32 33 30 32
 30 25
 22
 20 18
 11 11 12 11 11
 10 4
 1.0 0.5 1.7
 0",,amr30.pdf | PDF page 26,verified,retrieval_context
NCDC_resistance_2024_NARS-Net_p026_c01,document_chunk,NCDC_resistance_2024_NARS-Net,amr30.pdf,resistance,2024,NARS-Net,26,,,"Cefoxitin Gentamicin Ciprofloxacin TMP/SMX Clindamycin Erythromycin Linezolid Teicoplanin Doxycycline
 Antibiotics Tested
*Data of the emergency department was clubbed with data from inpatient wards; Location type for 1 isolate data is unknown TMP-SMX: Trimethoprim-Sulfamethoxazole
Figure 7: Resistance profile of S. aureus in blood (N=6,958) by location type",,amr30.pdf | PDF page 26,verified,retrieval_context
NCDC_resistance_2024_NARS-Net_p027_c00,document_chunk,NCDC_resistance_2024_NARS-Net,amr30.pdf,resistance,2024,NARS-Net,27,,,"100

 90

 80 77

 70 67
% Resistance

 60
 53
 50
 39
 40

 30 26
 21
 20 15 14
 10
 1.2
 0
 Gentamicin Ciprofloxacin TMP/SMX Clindamycin Erythromycin Linezolid Teicoplanin Doxycycline Tetracycline

 Antibiotics tested
Figure 8: Resistance profile of Methicillin Resistant S. aureus (MRSA) in blood (N=3,342)

 20",,amr30.pdf | PDF page 27,verified,retrieval_context
NCDC_resistance_2024_NARS-Net_p028_c00,document_chunk,NCDC_resistance_2024_NARS-Net,amr30.pdf,resistance,2024,NARS-Net,28,,,"Enterococcus species

Enterococcus species isolates comprised of 10% of the annual AMR data and contributed to
46% of the Gram-positive cocci data reported during 2024 (Table 3). A total of 20,719
Enterococcus species isolates data was submitted by the NARS-Net sites of which 19,976
isolates were from unique patients (Fig. 2). Upon analysis of 19,976 unique patient isolates,
isolation rates from specimen types like urine, blood, pus aspirates and other sterile body fluids
were 68%, 18%, 10% and 4% respectively (Table 4). Among Enterococcus species isolated from
blood, highest resistance was observed to erythromycin 79% (CI: 77.3- 80.2) and Ampicillin
(71%, CI: 69.4-72.7) (Table 7). Notably resistance to vancomycin (22%, CI: 20.9-23.8) and
teicoplanin (26%, CI: 24.4-27.9) is constantly increasing from last 3 years. Resistance to linezolid
(1.7%, CI: 1.3-2.2) among blood isolates is similar to last year’s report.
Among the urinary isolates, 58% were resistant to first-line antibiotic ampicillin (CI: 57.1 – 58.9)
and 53% to gentamicin-high (CI: 52.2-54.1). Highest resistance was observed to ciprofloxacin
(82%, CI: 81.1 - 82.8) and lowest was observed to linezolid 0.44 % (CI: 0.3-0.6). Resistance to
vancomycin among urinary isolates was higher than that in last year’s report (6% in 2023 to
12% in 2024) (Table 7).
Enterococcus spp. isolates from inpatient wards were almost double the outpatient patient
isolates which were in turn nearly twice the isolates from ICU patients. (Table 5). AST analysis
of blood isolates of Enterococcus spp. showed higher resistance to linezolid in isolates from
patients in intensive care units in comparison to those from inpatient wards and outpatient
clinics. (Fig. 9) Incidence of VRE among blood isolates is 24% in inpatients and 21% in ICU
settings. (Fig. 9) Higher vancomycin resistance was observed in blood isolates than in urinary
isolates (Fig. 9, 10). Among urinary isolates of Enterococcus species, 43% resistance was
observed to nitrofurantoin in ICU settings.",,amr30.pdf | PDF page 28,verified,retrieval_context
NCDC_resistance_2024_NARS-Net_p029_c00,document_chunk,NCDC_resistance_2024_NARS-Net,amr30.pdf,resistance,2024,NARS-Net,29,,,"Table 7: Resistance profile of Enterococcus species (N=19,976)
 Blood (N=3,679) Pus Aspirate (N=1,942) OSBF (N=822) Urine (N=13,533)
 Number Number Number Number
 Antibiotic Tested Tested (%R) 95% CI Tested (%R) 95% CI Tested (%R) 95% CI Tested (%R) 95% CI
 Ampicillin 3061 (71) 69.4-72.7 1633 (47) 44.6-49.5 692 (63) 59.1-66.5 11348 (58) 57.1-58.9
 Doxycycline 2349 (31) 29.6-33.3 1271 (26) 23.7-28.6 598 (34) 30.5-38.3 3919 (41) 39.6-42.7
 Erythromycin 3164 (79) 77.3-80.2 1542 (69) 66.5-71.2 686 (76) 72.1-78.6 X
 Gentamicin-High 2990 (52) 49.8-53.4 1475 (39) 36.7-41.7 704 (47) 43.0-50.5 10631 (53) 52.2-54.1
 Linezolid 3511 (1.7) 1.3-2.2 1768 (1) 0.6-1.6 778 (1.2) 0.6-2.3 12261 (0.44) 0.3-0.6
 Teicoplanin 2487 (26) 24.4-27.9 1258 (18) 16.1-20.4 542 (16) 13.1-19.5 8401 (15) 14.6-16.2
 Vancomycin 3273 (22) 20.9-23.8 1703 (6.8) 5.7-8.1 770 (17) 14.8-20.3 12296 (12) 11.2-12.3
 Ciprofloxacin x x x 7755 (82) 81.1-82.8
 Fosfomycin x x x 3434 (20) 18.8-21.5
 Nitrofurantoin x x x 7357 (27) 25.6-27.7",,amr30.pdf | PDF page 29,verified,retrieval_context
NCDC_resistance_2024_NARS-Net_p029_c01,document_chunk,NCDC_resistance_2024_NARS-Net,amr30.pdf,resistance,2024,NARS-Net,29,,,"Tetracycline x x x 6067 (73) 71.4-73.7
*Alert pathogens confirmed at NRL, NCDC only were included in the data

 22",,amr30.pdf | PDF page 29,verified,retrieval_context
NCDC_resistance_2024_NARS-Net_p030_c00,document_chunk,NCDC_resistance_2024_NARS-Net,amr30.pdf,resistance,2024,NARS-Net,30,,,"100 Outpatient (N=285)
 90 Inpatient (N=2033)
 81
 78 79
 80 ICU (N=1360)
 71 73 69
 % Resistance

 70
 60 54
 49 49
 50 46

 40 35
 33
 28
 30 24 26 24
 21
 20 16

 10
 0.4 1.6 2.3
 0
 Ampicillin Gentamicin-High Erythromycin Linezolid Vancomycin Teicoplanin Doxycycline
 Antibiotics tested

*Data from the emergency department was clubbed with data from inpatient wards; the Location type for 1 isolate was unknown",,amr30.pdf | PDF page 30,verified,retrieval_context
NCDC_resistance_2024_NARS-Net_p030_c01,document_chunk,NCDC_resistance_2024_NARS-Net,amr30.pdf,resistance,2024,NARS-Net,30,,,"Figure 9: Resistance profile of Enterococcus species in blood (N=3,679) by location type",,amr30.pdf | PDF page 30,verified,retrieval_context
NCDC_resistance_2024_NARS-Net_p031_c00,document_chunk,NCDC_resistance_2024_NARS-Net,amr30.pdf,resistance,2024,NARS-Net,31,,,"100
 Outpatient (N=4540)
 89
 90 85 Inpatient (N=7628)
 80 76 77
 74 ICU (N=1365) 74
 70
 70 65 65
 61
 60
 % Resistance

 50
 43 43
 41 41 41
 40 36 35
 31
 30 27 26
 20 21
 20 17
 15
 13",,amr30.pdf | PDF page 31,verified,retrieval_context
NCDC_resistance_2024_NARS-Net_p031_c01,document_chunk,NCDC_resistance_2024_NARS-Net,amr30.pdf,resistance,2024,NARS-Net,31,,,"11
 9
 10
 0.150.6 0.8
 0

 Antibiotics Tested

*Data from the emergency department was clubbed with data from inpatient wards
Figure 10: Resistance profile of Enterococcus species in urine (N=13,533) by location type

 24",,amr30.pdf | PDF page 31,verified,retrieval_context
NCDC_resistance_2024_NARS-Net_p032_c00,document_chunk,NCDC_resistance_2024_NARS-Net,amr30.pdf,resistance,2024,NARS-Net,32,,,"1.2.3.2. Gram-Negative Bacilli

Seven Gram-Negative bacteria of public health importance are included under AMR
surveillance being coordinated at NARS-Net sites. These are Escherichia coli, Klebsiella species,
Pseudomonas species, Acinetobacter species, Salmonella enterica serovar Typhi and Paratyphi,
Shigella species and Vibrio cholerae. In the current report, 1,60,956 isolates of Gram-negative
bacilli have been reported from 1,51,192 unique patients which account for 78% of total priority
pathogens reported from 54 sentinel surveillance sites.

 1.2.3.2.1. Enterobacteriaceae

Data of 1,17,184 isolates of E. coli, Klebsiella species, Salmonella enterica serovar Typhi and
Paratyphi and Shigella species was submitted by network sites from 1,10,022 unique patients.
Enterobacteriaceae accounted for 56% of all the priority pathogens.

Escherichia coli

A total of 68,384 E. coli isolates were reported from 64,254 unique patients. E. coli contributed
to one-third of the unique patient AST data during the year 2024 (Fig. 2). E coli was most
commonly isolated from the urine samples (70%) followed by pus aspirate (21%), blood (6%)
and sterile body fluids (4%) respectively. (Table 4).
E. coli isolates showed more than 50% resistance to all the tested antibiotics except
carbapenems, colistin and aminoglycosides. The highest resistance was observed to ampicillin
as noted in previous years (Table 8). High proportion of resistance to ciprofloxacin was observed
ranging between 73% to 78% in all specimen types. Resistance to nitrofurantoin in urinary
isolates showed an increasing trend over last 3 years (increased from 9% in 2022 to 19% in
2024). (Table 8)
Amongst third generation cephalosporins tested, resistance ranging between 79% to 83% was
observed in all specimen types. β-lactam inhibitor combination i.e. amoxicillin-clavulanate also
had high resistance of 68% in blood isolates. Among carbapenems, ertapenem (49%) had
higher resistance rate than imipenem (40%) and meropenem (36%) in E. coli blood isolates
(Table 8). For colistin susceptibility testing, isolates tested using colistin agar screen and broth",,amr30.pdf | PDF page 32,verified,retrieval_context
NCDC_resistance_2024_NARS-Net_p032_c01,document_chunk,NCDC_resistance_2024_NARS-Net,amr30.pdf,resistance,2024,NARS-Net,32,,,"microdilution method as per CLSI-M100 Ed. 34 were only considered in this report. Two isolates
from blood, one from OSBF, three from pus aspirate and seven from urine were confirmed as
colistin resistant at AMR-NRL, NCDC.
Among the blood isolates of E. coli, resistance profile based on the location type showed higher
resistance to all the antibiotics in the surveillance panel in isolates from the intensive care units
as compared to isolates from inpatient and outpatient departments (Fig. 11). Among urinary
isolates of ICU patients, 23% resistance was observed to nitrofurantoin. (Fig. 12)
Carbapenemase producing E. coli isolates were most frequently isolated from blood samples",,amr30.pdf | PDF page 32,verified,retrieval_context
NCDC_resistance_2024_NARS-Net_p033_c00,document_chunk,NCDC_resistance_2024_NARS-Net,amr30.pdf,resistance,2024,NARS-Net,33,,,"followed by pus and OSBF samples and least from urine samples of patients in all location types.
(Fig 11; 12)

 26",,amr30.pdf | PDF page 33,verified,retrieval_context
NCDC_resistance_2024_NARS-Net_p034_c00,document_chunk,NCDC_resistance_2024_NARS-Net,amr30.pdf,resistance,2024,NARS-Net,34,,,"Table 8: Resistance profile of Escherichia coli (N=64,254)

 Blood (N=3,621) PA (N=13,577) OSBF (N=2,345) Urine (N=44,711)
 Antibiotic Number Number Number Number
 Tested Tested (%R) 95% CI Tested (%R) 95% CI Tested (%R) 95% CI Tested (%R) 95% CI
 Ampicillin 2278 (86) 85.0-87.8 8491 (89) 87.2-89.9 1490 (89) 87.5-90.7 30771 (87) 84.7-89.3
 Amox-Clav 2759 (68) 66.0-69.5 9744 (63) 61.3-65.4 1638 (71) 68.4-72.9 31408 (59) 57.2-63.4
 Pip-Taz 3239 (52) 50.3-53.7 11220 (49) 48.1-50.9 2019 (55) 53.1-57.5 34001 (40) 37.3-43.8
 Ceftriaxone 2420 (80) 78.6-81.8 8687 (80) 78.4-81 1383 (83) 80.9-84.9 22108 (74) 69.8-76.7
 Cefotaxime 2078 (81) 79.0-82.5 9635 (81) 79.6-82.2 1637 (83) 80.9-84.6 34490 (76) 73.3-78
 Cefepime 2714 (69) 67.5-71.0 9944 (60) 58.9-62 1818 (64) 61.4-65.8 28581 (54) 50.8-56.7
 Ertapenem 1634 (49) 46.2-51.1 6225 (34) 31.6-36.3 1150 (45) 42.1-47.9 17191 (25) 22.2-29.9
 Imipenem 3062 (40) 37.9-41.4 10316 (28) 26.3-30.1 1853 (38) 35.6-40.0 32038 (23) 21.6-25.9
 Meropenem 2667 (36) 34.1-37.8 10297 (28) 26.1-29.2 1796 (34) 31.9-36.3 26633 (20) 16.7-22.6",,amr30.pdf | PDF page 34,verified,retrieval_context
NCDC_resistance_2024_NARS-Net_p034_c01,document_chunk,NCDC_resistance_2024_NARS-Net,amr30.pdf,resistance,2024,NARS-Net,34,,,"Amikacin 3254 (37) 35.5-38.9 11405 (29) 27.9-30.8 2064 (27) 25.1-29.0 34617 (25) 23.6-29.1
 Gentamicin 2797 (41) 39.1-42.8 9845 (34) 32.9-36.1 1737 (33) 30.7-35.1 30890 (32) 30-38.5
 Ciprofloxacin 3129 (74) 72.6-75.7 11149 (77) 75-77.2 1988 (78) 76.4-80.1 36167 (73) 70.9-78.6
 TMP-SMX 2748 (56) 54.6-58.3 10466 (58) 55.5-59.6 1920 (62) 59.8-64.2 37565 (55) 53-59.4
 Colistin 2351 (0.09) 0-0.3 7605 (0.04) 0-0.2 1381 (0.07) 0-0.5 20173 (0.035) 0-0.5
 Fosfomycin X X X 21602 (4) 3.2-5.6
 Nitrofurantoin X X X 41460 (19) 16.9-20.3
 Doxycycline X 2080 (41) 37.5-42.8 813 (49) 45.1-52.1 X

 TMP/SMX - Trimethoprim/sulfamethoxazole
 x- Drug bug combination for the specimen type not included in the NARS-Net surveillance panel Amox-clav -Amoxicillin/Clavulanic acid",,amr30.pdf | PDF page 34,verified,retrieval_context
NCDC_resistance_2024_NARS-Net_p035_c00,document_chunk,NCDC_resistance_2024_NARS-Net,amr30.pdf,resistance,2024,NARS-Net,35,,,"100 Outpatient (N=275)
 88 Inpatient (N=2,275)
 90
 84
 82
 81 80 79 80 81 81 81
 ICU (N=1,075)
 80 76 76
 74
 72 72
 69 70 70
 68 69
 70 67

 58 59
 60
 % Resistance

 53",,amr30.pdf | PDF page 35,verified,retrieval_context
NCDC_resistance_2024_NARS-Net_p035_c01,document_chunk,NCDC_resistance_2024_NARS-Net,amr30.pdf,resistance,2024,NARS-Net,35,,,"50
 49 50 49 48
 50
 43 43
 41 41 41 40 42
 39 40
 40 35 35
 33
 29
 30

 20

 10
 0.00.00.3
 0

 Antibiotics tested
 Pip-Taz: Piperacillin-Tazobactam",,amr30.pdf | PDF page 35,verified,retrieval_context
NCDC_resistance_2024_NARS-Net_p035_c02,document_chunk,NCDC_resistance_2024_NARS-Net,amr30.pdf,resistance,2024,NARS-Net,35,,,"Amox-Clav: Amoxicillin-Clavulanic acid
*Data from the emergency department was clubbed with data from inpatient wards; the Location type for 4 isolates is unknown TMP-SMX: Trimethoprim-Sulfamethoxazole

Figure 11: Resistance profile of Escherichia coli isolated from blood (N=3,625) by location type

 28",,amr30.pdf | PDF page 35,verified,retrieval_context
NCDC_resistance_2024_NARS-Net_p036_c00,document_chunk,NCDC_resistance_2024_NARS-Net,amr30.pdf,resistance,2024,NARS-Net,36,,,"Outpatient (N=22504)
 100
 91
 89 Inpatient (N=20416)
 88
 90 84
 86 84
 81 81 82 83 ICU (N=1784)
 78
 80 75
 72
 68 69 69
 70 65 66
 63
 60 61 60
 60
% Resistance

 52
 50
 50 46
 43 41 43
 40
 40 35 37
 32 33
 31",,amr30.pdf | PDF page 36,verified,retrieval_context
NCDC_resistance_2024_NARS-Net_p036_c01,document_chunk,NCDC_resistance_2024_NARS-Net,amr30.pdf,resistance,2024,NARS-Net,36,,,"29
 30 26 26
 23 23
 20 20
 17 18 17
 20 15

 10 455
 0.02 0.10
 0.04
 0

 Antibiotics tested
 Pip-Taz: Piperacillin-Tazobactam
 Amox-Clav: Amoxicillin-Clavulanic acid
 TMP-SMX: Trimethoprim-Sulfamethoxazole
*Data from the emergency department was clubbed with data from inpatient wards; the Location type for 7 isolates is unknown",,amr30.pdf | PDF page 36,verified,retrieval_context
NCDC_resistance_2024_NARS-Net_p036_c02,document_chunk,NCDC_resistance_2024_NARS-Net,amr30.pdf,resistance,2024,NARS-Net,36,,,"Figure 12: Resistance profile of Escherichia coli isolated from urine (N=44,711) by location type",,amr30.pdf | PDF page 36,verified,retrieval_context
NCDC_resistance_2024_NARS-Net_p037_c00,document_chunk,NCDC_resistance_2024_NARS-Net,amr30.pdf,resistance,2024,NARS-Net,37,,,"Klebsiella species

In the current data reporting period, 47,744 Klebsiella species isolates were reported of which
44,725 were from unique patients. The isolation rate of Klebsiella spp. in data reported by the
sentinel sites was highest from urine (46%) followed by pus aspirate (30%), blood (18%) and
OSBF (6%) (Table 4).
Blood isolates showed more than 50% resistance to all the tested antibiotics except for colistin.
Proportion of ESBL producing Klebsiella species from blood was higher (84%) than urinary
isolates (70%). Majority of carbapenemase producing Klebsiella species were isolated from
blood (55%-57%) followed by OSBF (46%-48%), pus aspirates (43%) and urine specimens (31%
- 32%). Two-third of the urinary isolates tested showed resistance to aminoglycosides (amikacin
and gentamycin,40%); whereas more than half of the blood isolates had resistance to
aminoglycosides (amikacin;60% and gentamycin; 55%) (Table 9). Approx. 50% of urinary
isolates showed resistance to nitrofurantoin.
 Resistance to the reserve antibiotic, colistin, was found to be highest in Klebsiella spp.
compared to other Gram-negative priority pathogens isolated from all the specimen types
which is similar to observations in previous year’s report. All colistin resistant isolates have been
confirmed at the AMR NRL at NCDC.
Location type wise AST data revealed higher resistance to all the tested antibiotics except
ertapenem and gentamicin in Klebsiella species isolated from blood of ICU patients compared
to the Klebsiella species isolated from inpatients and outpatients (Fig. 13). Among
carbapenems, ertapenem showed highest resistance (71%) followed by meropenem (61%) and
imipenem (57%) in blood isolates from ICU patients. Similarly, high resistance was observed to
third generation cephalosporins viz. cefotaxime (88%), cefuroxime (87%) and ceftriaxone (86%)
among blood isolates from intensive care units. Moreover, more than 60% resistance was
observed to the first line antibiotics. (Fig. 13). Fifty-five percent of Klebsiella spp. isolated from
blood showed resistance to imipenem and 57% were resistant to meropenem (Table 9).

 30",,amr30.pdf | PDF page 37,verified,retrieval_context
NCDC_resistance_2024_NARS-Net_p038_c00,document_chunk,NCDC_resistance_2024_NARS-Net,amr30.pdf,resistance,2024,NARS-Net,38,,,"Table 9: Resistance profile of Klebsiella species (N=44,725)
 Blood (N=8,012) PA (N=13,576) OSBF (N=2,540) Urine (N=20,597)
 Antibiotic Number Number Number Number
 Tested Tested (%R) 95% CI Tested (%R) 95% CI Tested (%R) 95% CI Tested (%R) 95% CI

 Amox-Clav 6020 (80) 79.0-81.0 10480 (72) 71.1-72.8 1924 (72) 69.6-73.7 15375 (64) 63.7-65.2
 Pip-Taz 6819 (67) 65.4-67.7 11450 (58) 57.0-58.9 2193 (58) 55.9-60.0 16141 (48) 47.5-49.1
 Ceftriaxone 5397 (85) 83.6-85.5 8840 (77) 77.1-78.8 1522 (77) 75.1-79.3 10801 (68) 67.6-69.4
 Cefotaxime 4170 (84) 83.3-85.6 9532 (78) 65.3-67.1 1629 (76) 74.3-78.5 15466 (70) 69.5-70.9
 Cefepime 5840 (76) 75.0-77.2 10374 (66) 47.6-50.2 1938 (67) 65.2-69.5 13777 (56) 54.7-56.3
 Ertapenem 3293 (72) 70.1-73.2 5807 (49) 42.3-44.2 1276 (58) 54.9-60.4 8119 (41) 39.5-41.7
 Imipenem 6569 (55) 54.0-56.4 10540 (43) 41.7-43.6 1942 (48) 46.1-50.6 15212 (32) 30.8-32.2
 Meropenem 5660 (57) 55.9-58.5 10517 (43) 48.5-50.4 1985 (46) 44.1-48.5 13196 (31) 30.1-31.7
 Amikacin 6931 (60) 59.1-61.4 11477 (49) 48.5-50.4 2229 (48) 46.1-50.3 16377 (40) 39.2-40.7",,amr30.pdf | PDF page 38,verified,retrieval_context
NCDC_resistance_2024_NARS-Net_p038_c01,document_chunk,NCDC_resistance_2024_NARS-Net,amr30.pdf,resistance,2024,NARS-Net,38,,,"Gentamicin 6227 (55) 53.7-56.2 9904 (49) 69.1-70.9 1891 (50) 47.4-52.0 15092 (40) 39.0-40.5
 Ciprofloxacin 6703 (69) 68.1-70.4 11002 (70) 56.4-58.3 2027 (68) 66.1-70.2 17245 (61) 60.6-62.0
 TMP-SMX 5983 (57) 55.9-58.4 10657 (57) 0.3-0.6 2020 (57) 54.7-59.1 17110 (52) 51.4-52.9
 Colistin 5150 (1.12) 0.9-1.5 7824 (0.40) 33.2-36.2 1574 (1.46) 1.0-2.2 10984 (0.30) 0.2-0.4
 Doxycycline X 3771 (35) 33.2-36.2 790 (38) 34.7-41.6 X
 Nitrofurantoin X X X 18814 (49) 48.7-50.1
*Alert pathogens confirmed at NRL, NCDC only were included in the data TMP-SMX – Trimethoprim-Sulfamethoxazole
x- Drug bug combination for the specimen type not included in NARS-Net surveillance panel Amox-Clav -Amoxicillin-Clavulanic acid
 Pip-Taz- Piperacillin-Tazobactam",,amr30.pdf | PDF page 38,verified,retrieval_context
NCDC_resistance_2024_NARS-Net_p039_c00,document_chunk,NCDC_resistance_2024_NARS-Net,amr30.pdf,resistance,2024,NARS-Net,39,,,"100 Outpatient (N=663)
 87 88 Inpatient (N=3,899)
 90 84 86
 80 81 82 84 82 81
 77
 ICU (N=3,449)
 80 74 74
 73 72 72 73 71
 70 67
 63 65 64 64
 61 59 57 58
% Resistance

 60 54 55 57 55 56 56 55
 53
 48",,amr30.pdf | PDF page 39,verified,retrieval_context
NCDC_resistance_2024_NARS-Net_p039_c01,document_chunk,NCDC_resistance_2024_NARS-Net,amr30.pdf,resistance,2024,NARS-Net,39,,,"50 44 45
 43
 40
 30
 20
 10
 0.40.71.8
 0

 Antibiotics Tested Amox-Clav – Amoxicillin- Clavulanic acid
 PipTaz – Piperacillin-Tazobactam
*Data from the emergency department was clubbed with data from inpatient wards; the Location type for 1 isolate is unknown TMP-SMX – Trimethoprim-Sulfamethoxazole
Figure 13: Resistance profile of Klebsiella species isolated from blood (N=8,012) by location type

 32",,amr30.pdf | PDF page 39,verified,retrieval_context
NCDC_resistance_2024_NARS-Net_p040_c00,document_chunk,NCDC_resistance_2024_NARS-Net,amr30.pdf,resistance,2024,NARS-Net,40,,,"Salmonella enterica serovar Typhi and Paratyphi
In the current reporting period, data of 975 Salmonella enterica serovar Typhi and Paratyphi
isolates was submitted to NCDC, of which 962 isolates were from unique patients. Twenty of
these isolates were from stool specimens. Data of 834 unique isolates of S. enterica Typhi and
108 isolates of S. enterica Paratyphi from blood has been analyzed . Among the first line
antibiotics, highest resistance was to ciprofloxacin (35%). Low resistance to other first-line
antibiotics like ampicillin (5%), chloramphenicol (2%) and trimethoprim-sulfamethoxazole
(5.3%) was observed. (Table 10) Ten isolates of S. enterica sero. Typhi were found to be resistant
to ceftriaxone, two isolates were resistant to azithromycin. Four isolates of ceftriaxone resistant
S. enterica serovar Paratyphi were observed during 2024. All the ceftriaxone resistant,
azithromycin resistant and imipenem resistant S. Typhi isolates included in this report were
confirmed at the AMR-NRL at NCDC.
Table 10: Resistance profile of Salmonella enterica Typhi and Paratyphi (N=942) from blood

 S. Typhi (N=834) S. Paratyphi (N=108)
 Antibiotic
 Number Resistance Number Resistance 95% CI
 tested 95% CI
 tested (%) tested (%)
 Ampicillin 713 (5) 4.0-7.5 86 (5) 1.5-12.1
 Azithromycin 719 (0.27) 0.1-1.1 x
 Ceftriaxone 795 (1.4) 0.8-2.7 105 (4) 1.8-10.3
 Chloramphenicol 707 (2) 1.2-3.6 85 (0) 0-5.4
 Ciprofloxacin 807 (35) 32.0-38.7 101 (23) 15.3-32.4
 Pefloxacin 539 (84) 80.8-87.1 65 (92) 82.2-97.1",,amr30.pdf | PDF page 40,verified,retrieval_context
NCDC_resistance_2024_NARS-Net_p040_c01,document_chunk,NCDC_resistance_2024_NARS-Net,amr30.pdf,resistance,2024,NARS-Net,40,,,"Imipenem 804 (0) 0.0-0.0 103 (0) 0.0-0.0
 TMP-SMX 805 (5.3) 3.9-7.2 92 (1.1) 0.1-6.8
*Alert pathogens confirmed at NRL, NCDC were included in the data for analysis; TMP-SMX: Trimethoprim-Sulfamethoxazole

Shigella species

In this reporting period, data of 81 isolates of Shigella species was submitted from stool
specimens. Resistance in Shigella species was found to be highest to ciprofloxacin (85%) and
ampicillin (74%) and lowest resistance was observed to chloramphenicol (10%) (Table 11).",,amr30.pdf | PDF page 40,verified,retrieval_context
NCDC_resistance_2024_NARS-Net_p041_c00,document_chunk,NCDC_resistance_2024_NARS-Net,amr30.pdf,resistance,2024,NARS-Net,41,,,"Table 11: Resistance profile of Shigella species (N=81) from stool specimen

 Antibiotics tested Number Resistance 95% CI
 tested (%)
 Ampicillin 73 (74) 62.2-83.2
 Azithromycin 67 (33) 22.1-45.5
 Ceftriaxone 77 (40) 29.4-52.1
 Chloramphenicol 70 (10) 4.5-20.1
 Ciprofloxacin 78 (85) 74.3-91.5
 Trimethoprim/
 78 (49) 37.3-60.2
 Sulfamethoxazole

1.2.3.2.2. Non-Fermenting Gram-Negative Bacilli

Among the non-fermenting Gram-Negative bacilli (NF GNB) included in the data submitted
during January-December 2024 from the NARS-Net sentinel surveillance sites, Pseudomonas
species was the most frequently isolated pathogen from 21,808 unique patients followed by
Acinetobacter species (19,122) (Fig 2). Among the NF GNB, Pseudomonas species was the
predominant isolate from inpatients, while Acinetobacter species was the predominant isolate
from patients in ICU settings (Table 5).

Pseudomonas species

In the current reporting year, surveillance sites submitted data of 23,255 isolates of
Pseudomonas spp. from 21,808 unique patients (Fig 2). Pseudomonas spp. isolates included in
the data during current reporting period were most commonly isolated from pus aspirate
(48%), urine (28%), blood (16%), and other sterile body fluids (8%) (Table 4).
Blood isolates of Pseudomonas species showed highest resistance (42%; CI: 39.8-43.4) to third-
generation cephalosporin (ceftazidime) followed by ciprofloxacin (29%; CI: 0.1-0.6) and
piperacillin-tazobactam (21%; CI: 20-23) among first line treatment agents for Pseudomonas
species. Similar resistance pattern was seen for pus aspirates and other sterile body fluids.
Among second line agents, resistance to imipenem was 36% (CI: 33.7-37.3) and aztreonam was
40% (CI: 37.9-42.2) (Table 12).
Among urinary isolates, 58% Pseudomonas spp. isolates were resistant to ciprofloxacin, 41% to",,amr30.pdf | PDF page 41,verified,retrieval_context
NCDC_resistance_2024_NARS-Net_p041_c01,document_chunk,NCDC_resistance_2024_NARS-Net,amr30.pdf,resistance,2024,NARS-Net,41,,,"amikacin, and 32% to piperacillin-tazobactam. Approximately 40% of urinary isolates were
resistant to aztreonam (Table 12).
Among the reserve group of antibiotics namely colistin, five blood isolates (0.26%), two from
pus aspirate (0.038%), and four from urine (0.13%) were found to be resistant (Table 12).

 34",,amr30.pdf | PDF page 41,verified,retrieval_context
NCDC_resistance_2024_NARS-Net_p042_c00,document_chunk,NCDC_resistance_2024_NARS-Net,amr30.pdf,resistance,2024,NARS-Net,42,,,"Isolates of Pseudomonas spp. from blood cultures of patients in Intensive care units, Inpatient
and outpatient departments showed highest resistance to ceftazidime and aztreonam among
the tested antibiotics (Fig.14). Among blood isolates from ICU patients, least resistance was
observed to piperacillin-tazobactam (24%) followed by amikacin (29%) and meropenem (30%)
(Fig. 14).",,amr30.pdf | PDF page 42,verified,retrieval_context
NCDC_resistance_2024_NARS-Net_p043_c00,document_chunk,NCDC_resistance_2024_NARS-Net,amr30.pdf,resistance,2024,NARS-Net,43,,,"Table 12: Resistance profile of Pseudomonas species (N=21,808)

 Blood (N=3,530) Pus Aspirate (N=10,513) OSBF (N=1,695) Urine (N=6,070)
Antibiotic
 Number Number Number Number
 (%R) 95 % CI (%R) 95 % CI (%R) 95 % CI (%R) 95 % CI
Tested Tested Tested Tested Tested

Amikacin
 2760 (25) 23.9-27.1 7980 (32) 31.4-33.5 1376 (27) 25.0-29.8 5184 (41) 40.1-42.8
Aztreonam
 2036 (40) 37.9-42.2 6795 (29) 28.0-30.1 1132 (34) 31.4-37.0 3947 (38) 36.3-39.3
Ceftazidime
 2884 (42) 39.8-43.4 9062 (47) 45.9-48.0 1577 (45) 42.1-47.1 5304 (55) 53.5-56.2
Ciprofloxacin
 2800 (29) 27.3-30.7 8604 (44) 43.0-45.1 1466 (33) 30.6-35.4 4945 (58) 56.2-59.0
Colistin
 1958 (0.26) 0.1-0.6 5284 (0.038) 0-0.2 863 (0.0) 0.0-0.6 3149 (0.13) 0-0.3
Gentamicin
 1958 (26) 24.1-28.0 5712 (35) 33.8-36.3 891 (22) 19.0-24.5 3411 (41) 39.3-42.6
Imipenem
 2707 (36) 33.7-37.3 8574 (29) 27.7-29.7 1409 (33) 30.8-35.8 4949 (41) 39.2-42.0
Meropenem
 2503 (28) 26.0-29.5 8368 (25) 24.2-26.1 1272 (28) 25.2-30.2 3939 (38) 36.8-39.9
Netilmicin
 1382 (24) 22.0-26.6 4048 (34) 32.1-35.0 728 (23) 20.2-26.5 3057 (45) 42.8-46.3
Piperacillin/",,amr30.pdf | PDF page 43,verified,retrieval_context
NCDC_resistance_2024_NARS-Net_p043_c01,document_chunk,NCDC_resistance_2024_NARS-Net,amr30.pdf,resistance,2024,NARS-Net,43,,,"Tazobactam 2985 (21) 20.0-23.0 9116 (27) 25.7-27.5 1506 (22) 20.2-24.4 5068 (32) 31.1-33.7
 *Alert pathogens confirmed at NRL, NCDC only were included in the data

 36",,amr30.pdf | PDF page 43,verified,retrieval_context
NCDC_resistance_2024_NARS-Net_p044_c00,document_chunk,NCDC_resistance_2024_NARS-Net,amr30.pdf,resistance,2024,NARS-Net,44,,,"100 Outpatient (N=288)
 Inpatient (N=1,975)
 90
 ICU (N=1,267)
 80

 70
 % Resistance

 60

 50 46 46
 44
 40 40 39 41
 40
 33 33
 30 31 30
 29
 30 26 27 27 27
 24 23 24 24 23
 22 21
 20 20 19
 20

 10
 0.0 0.0 0.8
 0
 Pip-Taz Ceftazidime Aztreonam Imipenem Meropenem Amikacin Gentamicin Netilmicin Ciprofloxacin Colistin",,amr30.pdf | PDF page 44,verified,retrieval_context
NCDC_resistance_2024_NARS-Net_p044_c01,document_chunk,NCDC_resistance_2024_NARS-Net,amr30.pdf,resistance,2024,NARS-Net,44,,,"Antibiotics Tested
 PipTaz – Piperacillin-Tazobactam
*Data from the emergency department was clubbed with data from inpatient wards

Figure 14: Resistance profile of Pseudomonas species isolated from blood (N=3,530) by location type",,amr30.pdf | PDF page 44,verified,retrieval_context
NCDC_resistance_2024_NARS-Net_p045_c00,document_chunk,NCDC_resistance_2024_NARS-Net,amr30.pdf,resistance,2024,NARS-Net,45,,,"Acinetobacter spp.

Data of a total of 20,276 Acinetobacter species isolates was submitted by network sites during
this reporting period of Jan – Dec 2024, of which 19,122 were from unique patients. Among all
specimen types under the programme, Acinetobacter species was most commonly isolated
from blood (39%) followed by pus aspirate (30%), urine (18%) and other sterile body fluids
(12%). (Table 4)
High level of resistance was observed to all the tested antibiotics including Minocycline in
isolates from blood, pus samples and other sterile body fluids. (Fig. 15) Blood isolates showed
the highest resistance to ceftazidime (82%; CI: 80.8- 82.8) followed by ampicillin-sulbactam
(71%; CI: 68.7-72.3). Alarmingly high level of resistance to second line antimicrobial agents viz.
imipenem (70%) and meropenem (66%) was observed among blood isolates. (Table 13) Sixty-
nine percent of isolates from pus samples and 68% from other sterile body fluids were resistant
to imipenem. Ten isolates from blood, one from OSBF, 4 each from pus aspirates and urine
were resistant to colistin. (Table 13)

 38",,amr30.pdf | PDF page 45,verified,retrieval_context
NCDC_resistance_2024_NARS-Net_p046_c00,document_chunk,NCDC_resistance_2024_NARS-Net,amr30.pdf,resistance,2024,NARS-Net,46,,,"Table 13: Resistance profile of Acinetobacter species (N=19,122)

 Blood (N=7,487) OSBF (N=2,371) PA (N=5,801) Urine (N=3,463)
 Number Number Number Number
 Antibiotic Tested Tested (%R) 95% CI Tested (%R) 95% CI Tested (%R) 95% CI Tested (%R) 95% CI
 Amp-Sul 2614 (71) 68.7-72.3 1086 (64) 61.0-66.8 2825 (74) 72.7-76.0 1327 (59) 56.6-62.0
 Pip-Taz 6144 (65) 63.5-65.9 1986 (61) 58.5-62.8 4730 (68) 66.7-69.4 2634 (44) 42.0-45.8
 Ceftazidime 5524 (82) 80.8-82.8 1809 (76) 73.5-77.5 4021 (82) 80.4-82.8 2367 (65) 63.1-67.0
 Imipenem 6179 (70) 69.1-71.4 1659 (68) 65.6-70.1 4446 (69) 67.8-70.6 2624 (44) 42.0-45.8
 Meropenem 4935 (66) 64.8-67.4 1678 (64) 61.3-66.0 4383 (66) 64.9-67.7 2148 (39) 36.9-41.1
 Amikacin 6258 (62) 61.2-63.6 2072 (58) 56.2-60.5 4695 (68) 67.1-69.8 2680 (46) 43.7-47.5
 Gentamicin 5750 (62) 60.5-63.0 1865 (58) 55.4-59.9 4094 (68) 66.1-69.0 2349 (44) 41.6-45.7
 Ciprofloxacin 6188 (67) 66.0-68.3 1757 (67) 64.7-69.1 4590 (77) 75.9-78.4 2748 (54) 51.9-55.6
 TMP-SMX 5137 (59) 57.2-59.9 1765 (59) 56.7-61.3 3987 (68) 66.6-69.5 2732 (48) 46.0-49.7",,amr30.pdf | PDF page 46,verified,retrieval_context
NCDC_resistance_2024_NARS-Net_p046_c01,document_chunk,NCDC_resistance_2024_NARS-Net,amr30.pdf,resistance,2024,NARS-Net,46,,,"Colistin 4386 (0.23) 0.1-0.4 1425 (0.07) 0-0.5 3004 (0.13) 0-0.4 1454 (0.28) 0.1-0.8
 Minocycline 4776 (47) 46.0-48.9 1580 (43) 40.2-45.1 2985 (47) 44.7-48.3 2044 (45) 43.0-47.3
 Tetracycline X x x 1370 (50) 47.2-52.5

 TMP-SMX: Trimethoprim-Sulfamethoxazole
*Alert pathogens confirmed at NRL, NCDC only were included in the data Amp-Sul: Ampicillin-Sulbactam
 Pip-Taz: Piperacillin-Tazobactam",,amr30.pdf | PDF page 46,verified,retrieval_context
NCDC_resistance_2024_NARS-Net_p047_c00,document_chunk,NCDC_resistance_2024_NARS-Net,amr30.pdf,resistance,2024,NARS-Net,47,,,"100 Outpatient (N=568)
 Inpatient (N=3,771)
 90 84
 81 ICU (N=3,148)
 80 76 75 73 73
 71 69 70
 67 68 68
 70 65 65
 62
 60 58 59 59
 60 57 57
 % Resistance

 52 51
 49 48 49
 50 46 47 48 47

 40

 30

 20

 10",,amr30.pdf | PDF page 47,verified,retrieval_context
NCDC_resistance_2024_NARS-Net_p047_c01,document_chunk,NCDC_resistance_2024_NARS-Net,amr30.pdf,resistance,2024,NARS-Net,47,,,"0.0 0.0 0.5
 0
 Amp-Sul Pip-Taz Ceftazidime Imipenem Meropenem Amikacin Gentamicin Ciprofloxacin TMP-SMX Colistin Minocycline
 Antibiotics Tested
*Data from the emergency department was clubbed with data from inpatient wards TMP-SMX: Trimethoprim-Sulfamethoxazole
 Pip-Taz: Piperacillin-Tazobactam
Figure 15: Resistance profile of Acinetobacter species isolated from blood (N=7,487) by location type

 40",,amr30.pdf | PDF page 47,verified,retrieval_context
NCDC_resistance_2024_NARS-Net_p048_c00,document_chunk,NCDC_resistance_2024_NARS-Net,amr30.pdf,resistance,2024,NARS-Net,48,,,"1.2.3.2.3. Vibrionaceae
Vibrio cholerae
In the current reporting period (Jan – Dec 2024), data of 240 isolates of Vibrio cholerae
confirmed at AMR-NRL has been analyzed. The highest resistance was observed to
trimethoprim/sulfamethoxazole (73%)and lowest resistance to chloramphenicol (0.95). (Table
14)

Table 14: Resistance profile of Vibrio cholerae (N=240)

 Number Resistant 95% CI

 Antibiotic Tested Tested (%)
 237 (21) 16.2-27.0
 Ampicillin
 Trimethoprim/ Sulfamethoxazole 229 (73) 66.6-78.5

 Azithromycin 221 (3) 1.4-6.7

 Chloramphenicol 229 (0.9) 0.2-3.5

 Doxycycline 210 (3) 1.5-7.0

 Tetracycline 235 (2) 0.8-5.2",,amr30.pdf | PDF page 48,verified,retrieval_context
NCDC_resistance_2024_NARS-Net_p049_c00,document_chunk,NCDC_resistance_2024_NARS-Net,amr30.pdf,resistance,2024,NARS-Net,49,,,"1.2.4. AMR Trends

AMR Surveillance Data from NARSNET sites has been analyzed over last 7 years from 2017 to
2024. During 2020 data reported was small in volume due to the COVID pandemic. Trend
analysis of MRSA isolated from blood showed slight decrease in MRSA proportion from 59%
(2021) to 56% (2024). (Fig. 16) This decrease in proportion of MRSA may be attributed to the
increase in data submitted by the network sites. Trend analysis of VRE isolated from blood
showed continuous increase from 2021 (11%) to 2024 (22%). (Fig. 18) Trend analysis for ESBL
producing E. coli from blood showed an increase over the last 4 years from 2021 (76%) to 2024
(81%). (Fig. 19) Similar trend was observed in blood isolates of ESBL producing Klebsiella spp.
which have shown consistently high level of resistance from 81% in 2021 to 84% in 2024. (Fig.
19) Moreover, 3-year trend analysis of carbapenemase producing E. coli, Klebsiella species and
Acinetobacter species has shown consistent increase. (Fig 21,22)
 7000 100%
 5805 5967 90%
 6000 5711
 80%
 5000 4499 4538 70%
 3962 60%
 4000 3650
 50%
 3000 40%
 2159
 2000 30%
 20%
 1000
 10%
 0 0%",,amr30.pdf | PDF page 49,verified,retrieval_context
NCDC_resistance_2024_NARS-Net_p049_c01,document_chunk,NCDC_resistance_2024_NARS-Net,amr30.pdf,resistance,2024,NARS-Net,49,,,"2017 2018 2019 2020 2021 2022 2023 2024

 Number tested MRSA

Figure 16: Trends of Methicillin-resistant S. aureus (MRSA) isolated from blood (2017-2024)

 42",,amr30.pdf | PDF page 49,verified,retrieval_context
NCDC_resistance_2024_NARS-Net_p050_c00,document_chunk,NCDC_resistance_2024_NARS-Net,amr30.pdf,resistance,2024,NARS-Net,50,,,"7000 6282 2%
 5761 5827
 6000
 4648 4892
 5000
 4000 3303 3519
 1%
 3000
 2000
 1000
 0 0%
 2018 2019 2020 2021 2022 2023 2024

 Number tested Linezolid Resistance

*Alert pathogens confirmed at NRL, NCDC only were included in the data; CLSI breakpoint for 2023-24 were considered for
analysis of linezolid resistance in S.aureus

Figure 17: Trends of Linezolid resistant Staphylococcus aureus isolated from blood (2018 to
2024)

 3500 3273 30%

 3000 25%
 2576
 2500
 20%
 2000 1809
 1563 15%
 1500
 1000 1004 10%
 1000
 627
 500 5%

 0 0%",,amr30.pdf | PDF page 50,verified,retrieval_context
NCDC_resistance_2024_NARS-Net_p050_c01,document_chunk,NCDC_resistance_2024_NARS-Net,amr30.pdf,resistance,2024,NARS-Net,50,,,"2018 2019 2020 2021 2022 2023 2024

 Number tested Vancomycin Resistance

*Alert pathogens confirmed at NRL, NCDC only were included in the data

Figure 18: Trends of Vancomycin resistant Enterococcus sp. (VRE) isolated from blood (2018-
2024)",,amr30.pdf | PDF page 50,verified,retrieval_context
NCDC_resistance_2024_NARS-Net_p051_c00,document_chunk,NCDC_resistance_2024_NARS-Net,amr30.pdf,resistance,2024,NARS-Net,51,,,"2500 88%

 2078 86%
 1986
 2000 84%

 82%
 1500 1428
 80%
 1155
 78%
 1000 841
 654 76%

 437 74%
 500
 243
 72%

 0 70%
 2017 2018 2019 2020 2021 2022 2023 2024

 Number Tested Proportion of E.coli ESBL

Figure 19: Trends of Extended spectrum beta-lactamase (ESBL) producing E. coli isolated from
blood (2017-2024)

 4500 4170 92%
 4060
 4000 3631 90%
 3500 88%
 3054
 3000 2810
 86%
 2500 2181",,amr30.pdf | PDF page 51,verified,retrieval_context
NCDC_resistance_2024_NARS-Net_p051_c01,document_chunk,NCDC_resistance_2024_NARS-Net,amr30.pdf,resistance,2024,NARS-Net,51,,,"84%
 2000
 1346 82%
 1500
 971 80%
 1000
 500 78%

 0 76%
 2017 2018 2019 2020 2021 2022 2023 2024

 Number Tested Proportion of Klebsiella ESBL

Figure 20: Trends of Extended-Spectrum Beta-Lactamase (ESBL) producing Klebsiella sp. in
blood (2017-2024)

 44",,amr30.pdf | PDF page 51,verified,retrieval_context
NCDC_resistance_2024_NARS-Net_p052_c00,document_chunk,NCDC_resistance_2024_NARS-Net,amr30.pdf,resistance,2024,NARS-Net,52,,,"100
 2022 2023 2024
Proportion of Carbapenem Resistance
 90
 80
 70
 60
 50
 40
 30 59
 54
 43 47
 20 40
 35
 10
 0
 E.coli Klebsiella species

Figure 21: Three-year trend analysis (2022-2024) of Carbapenemase producing E. coli and
Klebsiella species isolated from blood

 100
 2022 2023 2024
 90
Proportion of Carbapenem

 80
 70
 Resistance

 60
 50
 40
 67 70
 30 59
 20 35 35
 10 27
 0
 Pseudomonas species Acinetobacter species

Figure 22: Three-year trend analysis (2022-2024) of Carbapenemase producing Pseudomonas
species and Acinetobacter species isolated from blood",,amr30.pdf | PDF page 52,verified,retrieval_context
NCDC_resistance_2024_NARS-Net_p053_c00,document_chunk,NCDC_resistance_2024_NARS-Net,amr30.pdf,resistance,2024,NARS-Net,53,,,"2. AMR Surveillance in Fungal pathogens
 2.1. Background of National Reference Laboratory for AMR in fungal
 pathogens.
 Under the National Programme on AMR Containment, the National Reference
 Laboratory (NRL) for antimicrobial resistance (AMR) in fungal pathogens has been
 established at Vallabhbhai Patel Chest Institute (VPCI), New Delhi.

 2.2. AMR surveillance of Candida species from bloodstream infections
 The National Reference Laboratory at VPCI during January 2024-December 2024
 received a total of 1074 Candida strains from blood stream infections from 28 NARS-Net
 laboratories (Annexure-1) for phenotypic and molecular characterization and
 generating the antifungal susceptibility profile under “National Programme on AMR
 Containment”.
 2.2.1. Methodology:
 a) Phenotypic characterization of Candida isolates: All the stains received at NRL
 were first screened on differential selective media CHROMagar Candida
 Medium.
 b) Molecular characterization: All strains were identified by Matrix-Assisted Laser
 Desorption/Ionization Time-of-Flight Mass Spectrometry (MALDI-TOF) and by
 sequencing of internal transcribed spacer region (ITS) of ribosomal
 deoxyribonucleic acid (DNA) and of the D1/D2 domain of the large subunit
 ribosomal DNA in case a low or no identification was obtained by MALDI.
 c) Antifungal susceptibility testing (AFST): AFST was performed using the Clinical
 and Laboratory Standards Institute (CLSI) broth microdilution method (BMD),
 following M27-A3/S4.31,32.6 The antifungals tested were amphotericin B,
 itraconazole, voriconazole, posaconazole, 5-flucytosine, caspofungin,
 micafungin and anidulafungin. All antifungals were dissolved in Dimethyl
 sulfoxide (DMSO). Roswell Park Memorial Institute medium (RPMI) 1640
 medium with glutamine without bicarbonate buffered to pH 7 with 0.165 M 3-",,amr30.pdf | PDF page 53,verified,retrieval_context
NCDC_resistance_2024_NARS-Net_p053_c01,document_chunk,NCDC_resistance_2024_NARS-Net,amr30.pdf,resistance,2024,NARS-Net,53,,,"(N-morpholino) propane sulfonic acid (MOPS) was used. Drug- and yeast-free
 controls were included, and microtitre plates were incubated at 35 C and read
 visually after 24 h. CLSI-recommended Candida krusei ATCC 6258 and Candida
 parapsilosis ATCC 22019 were used as quality control strains. The minimum
 inhibitory concentration (MIC) endpoints for all the drugs except amphotericin
 B were defined as the lowest drug concentration that caused a prominent

 6
 Clinical Laboratory Standard Institute (CLSI). 2008. M27-A3. Reference method for broth dilution antifungal susceptibility testing of yeasts. 3rd
 ed. CLSI, Wayne, PA.

 46",,amr30.pdf | PDF page 53,verified,retrieval_context
NCDC_resistance_2024_NARS-Net_p054_c00,document_chunk,NCDC_resistance_2024_NARS-Net,amr30.pdf,resistance,2024,NARS-Net,54,,,"decrease in growth (50%) in relation to the controls and for amphotericin B, the
 MIC was defined as the lowest concentration at which there was 100% inhibition
 of growth compared with the drug-free control wells.

2.3. Significant Findings
 The NRL for AMR in fungal pathogens was operational since January 2022. Over the
 years the number of isolates received at the NRL have increased due to more number
 of NARS-Net sites submitting the isolates. Total of 1074 Candida isolates from blood
 cultures were received during 2024 (Fig 23).

 Year wise distribution of yeast strains received
 1400
 Number of Yeast Strains

 1200 1074
 Received at NRL

 1000 942

 800
 600
 400 267
 200
 0
 2022 2023 2024

 Figure 23: Data represent annual totals of clinical isolates submitted at Fungal NRL for
 identification and AFST. Error bars indicate standard deviations from monthly averages

2.3.1. Details of yeast isolates characterized at NRL during 2024:
 Most common Candida species isolated from bloodstream infection was Candida
 tropicalis (34%) followed by Pichia kudriavzevii (14%), Candida albicans (9%), Candida
 parapsilosis (8%), Candida auris (8%) and Cyberlindnera jadanii (7%) (Fig 24). Non-
 albicans Candida (NAC) species dominate the distribution, highlighting the
 epidemiological shift from C. albicans (Table 15).",,amr30.pdf | PDF page 54,verified,retrieval_context
NCDC_resistance_2024_NARS-Net_p055_c00,document_chunk,NCDC_resistance_2024_NARS-Net,amr30.pdf,resistance,2024,NARS-Net,55,,,"Figure 24: The pie chart illustrating the percentage distribution of various yeast species
 identified by MALDI-TOF MS and ITS sequencing at NRL, VPCI

 Table 15: Distribution of other 6% yeast species characterized at NRL

 Number of Isolates
 Other Yeast Species Identified
 Pichia ohmeri 12
 Clavispora lusitaniae 10
 Cyberlindnera fabianii 5
 Cryptococcus gattii 4
 Meyerozyma guilliermondii 4
 Kluyveromyces marxianus 3
 Candida viswanathii 2
 Candida haemulonii 1
 Diutina rugosa 1
 Trichosporon asahii 1
 Trichosporon mucoides 1
 Yarrowia lipolytica 1

2.3.2. Age and Gender distribution of isolates:
 Out of all the patients from whom yeast strains were isolated, 59% were male and 41% were
 female. Neonates and infants (<1 year) accounted for the majority of isolates (54%) (Fig 25).
 The remaining age groups each contribute 4–6% of total isolates.

 48",,amr30.pdf | PDF page 55,verified,retrieval_context
NCDC_resistance_2024_NARS-Net_p056_c00,document_chunk,NCDC_resistance_2024_NARS-Net,amr30.pdf,resistance,2024,NARS-Net,56,,,"Figure 25: Gender-wise distribution of patients from whom yeast isolates (n=1074) were
 obtained

 Figure 26: Age distribution of patients from whom yeast isolates were recovered

2.3.3. Location wise distribution of isolates:
 The distribution of fungal isolates across healthcare settings showed distinct patterns among
 different yeast species (Table 16). Majority of the candidemia cases were from the neonatal
 intensive care unit (NICU) (29%) and 7% were from the pediatric intensive care unit (PICU).
 Candida tropicalis and P. kudriavzevii were the most commonly isolated species, with C.
 tropicalis being particularly prevalent in intensive care unit (ICU; 55%) and inpatient
 departments (27%) settings, while P. kudriavzevii was most common in ICUs (71%),
 indicating its growing clinical importance in critical care (Table 16). C. auris, a known
 multidrug-resistant species, was primarily found in ICU (60%) and inpatient wards (18%).
 Candida albicans showed a strong presence in ICU (45%) and was also isolated notably from
 inpatients (35%). Other species like C. parapsilosis and C. glabrata were also found mainly in
 ICU. Interestingly, less common species like Cyberlindnera jadinii and Wickerhamomyces
 anomalus were predominantly isolated from patients in ICUs. Overall, the ICUs accounted
 for the highest proportion of isolates for most species, highlighting critical care units as a
 major hub for opportunistic fungal infections (Table 16).",,amr30.pdf | PDF page 56,verified,retrieval_context
NCDC_resistance_2024_NARS-Net_p057_c00,document_chunk,NCDC_resistance_2024_NARS-Net,amr30.pdf,resistance,2024,NARS-Net,57,,,"Table 16: Distribution of different yeast species by location type

 Inpatient -
 Intensive Care
 Emergency Medical & Outpatient
 Species (n=number of isolates) Unit
 n (%) Pediatrics n (%)
 n (%)
 n (%)
 Candida tropicalis (n=271) 148 (55%) 32 (12%) 75 (27%) 16 (6%)
 Pichia kudriavzevii (n=115) 81 (71%) 5 (4%) 29 (25%) –
 Candida albicans (n=71) 32 (45%) 12 (17%) 25 (35%) 2 (3%)
 Candida parapsilosis (n=66) 31 (47%) 13 (20%) 19 (28%) 3 (5%)
 Candida auris (n=60) 36 (60%) 10 (16%) 11 (18%) 3 (5%)
 Cyberlindnera jadinii (n=56) 44 (78%) 1 (2%) 10 (18%) 1 (2%)
 Wickerhamomyces anomalus (n=27) 10 (37%) 3 (11%) 13 (48%) 1 (4%)
 Candida glabrata (n=26) 15 (58%) 8 (31%) – 3 (11%)
 Others (n=382) 225 (60%) 30 (7%) 112 (29%) 15 (4%)
 Total (n=1074) 622 (58%) 114 (11%) 294 (27%) 44 (4%)

 Distribution of isolates across different ICU types:
 Analysis of distribution of yeast isolates across ICU types highlights C. tropicalis as the
 most widespread species, with notable presence in NICU (41%), MICU (29%) followed
 by PICU (22%). Pichia kudriavzevii was predominantly isolated from NICU (81%%) and
 PICU (17%), suggesting its strong association with neonatal care units. Cyberlindnera
 jadinii and W. anomalus were strikingly predominant in NICU i.e., 95% and 90%
 respectively (Table 17).",,amr30.pdf | PDF page 57,verified,retrieval_context
NCDC_resistance_2024_NARS-Net_p057_c01,document_chunk,NCDC_resistance_2024_NARS-Net,amr30.pdf,resistance,2024,NARS-Net,57,,,"Table 17: Distribution of different Candida species in different types of Intensive Care
 Units (ICUs)

 Type of ICU* NICU PICU MICU SICU TICU
 (n) (n) (n) (n) (n)
 Candida tropicalis (n=148) 61 32 43 7 5
 Pichia kudriavzevii (n=81) 66 14 1 - -
 Candida albicans (n=32) 11 4 7 7 3
 Candida parapsilosis (n=31) 10 7 11 2 1
 Candida auris (n=36) 2 2 16 14 2
 Cyberlindnera jadinii (n=44) 42 2 - - -
 Wickerhamomyces anomalus (n=10) 9 1 - - -
 Candida glabrata (n=15) 2 4 4 4 1
*NICU, Neonatal Intensive Care Unit; PICU, Pediatric Intensive Care Unit; MICU, Medical Intensive Care Unit;
SICU, Surgical Intensive Care Unit; TICU, Trauma Intensive Care Unit

2.3.4. Antifungal Susceptibility testing
 Candida tropicalis:
 The resistance pattern of 271 C. tropicalis to nine antifungal agents was assessed and is
 presented in the Figure 5. Among the antifungals tested, fluconazole exhibited the highest
 resistance (approx. 7% had MIC of ≥8 mg/L), followed by voriconazole with a resistance of

 50",,amr30.pdf | PDF page 57,verified,retrieval_context
NCDC_resistance_2024_NARS-Net_p058_c00,document_chunk,NCDC_resistance_2024_NARS-Net,amr30.pdf,resistance,2024,NARS-Net,58,,,"about 5% (MIC, ≥1 mg/L). Moreover, 2.5% of the fluconazole resistant isolates were cross-
resistant to voriconazole. A low level of resistance was observed for micafungin (0.7%; MIC,
≥1 mg/L), and anidulafungin (0.3%; MIC, ≥1 mg/L). Other antifungals like amphotericin B, 5-
flucytosine, itraconazole, and posaconazole demonstrated good activity against all C.
tropicalis isolates (Fig 27).

 50 Candida tropicalis
 40
 % Resisatnce

 30
 20
 10
 0

 Antifungal tested

Figure 27: Resistance profile of Candida tropicalis isolates against nine antifungals, with
error bars indicating standard deviation

Pichia kudriavzevii:
The antifungal susceptibility pattern of P. kudriavzevii (n=115) reveals a low resistance to
anidulafungin and micafungin, with resistance of approximately 2%. P. kudriavzevii is
intrinsically resistant to fluconazole. All other antifungal agents, including amphotericin B,
5-fluorocytosine, itraconazole, posaconazole, and voriconazole showed negligible or no
resistance.
Candida albicans:
The resistance analysis of C. albicans (n=71) shows notable resistance to fluconazole (8%;
MIC, ≥8 mg/L). A low rate of resistance (2%) was observed for micafungin (MIC, ≥1 mg/L),
while all other antifungal agents including amphotericin B, anidulafungin, 5-fluorocytosine,
itraconazole, posaconazole, and voriconazole exhibited good activity against all C. albicans
isolates (Fig 28).",,amr30.pdf | PDF page 58,verified,retrieval_context
NCDC_resistance_2024_NARS-Net_p059_c00,document_chunk,NCDC_resistance_2024_NARS-Net,amr30.pdf,resistance,2024,NARS-Net,59,,,"Candida albicans
 50
 40

 % Resisatnce
 30
 20
 10
 0

 Antifungals tested

Figure 28: Resistance profile of Candida albicans isolates against nine antifungals, with
error bars indicating standard deviation

Candida parapsilosis:
The antifungal susceptibility analysis of C. parapsilosis (n=66) revealed high resistance to
fluconazole (MIC, ≥8 mg/L), approximately 16%, highest among all antifungals tested for this
species (Figure 29). Further, resistance was also observed for anidulafungin (3%; MIC, ≥8
mg/L), and voriconazole (3%; MIC, ≥1 mg/L). Whereas, no significant resistance was
detected against amphotericin B, 5-fluorocytosine, itraconazole, micafungin, or
posaconazole.

 Candida parapsilosis
 50
 40
 % Resisatnce

 30
 20
 10
 0

 Antifungals tested

Figure 29: Resistance profile of Candida parapsilosis isolates against nine antifungals, with
error bars indicating standard deviation

Candida auris:
There are currently no established C. auris-specific susceptibility breakpoints in CLSI-
guidelines. Therefore, tentative breakpoints for C. auris were used against different
antifungals as recommended by CDC 20247. The antifungal susceptibility analysis of C. auris
7 CDC, 2024. Antifungal Susceptibility Testing for C. auris. US https://www.cdc.gov/candida-auris/hcp/laboratories/antifungal-susceptibility-testing.html.

 52",,amr30.pdf | PDF page 59,verified,retrieval_context
NCDC_resistance_2024_NARS-Net_p060_c00,document_chunk,NCDC_resistance_2024_NARS-Net,amr30.pdf,resistance,2024,NARS-Net,60,,,"(n=60) showed that 66% of the isolates were resistant to fluconazole (MIC, ≥32mg/L).
 Notably, a small ratio of the isolates (6.7%) showed high MIC value for amphotericin B (MIC,
 4 mg/L) (Fig 30).

 Candida auris
 100
 80
 % Resisatnce

 60
 40
 20
 0

 Antifungal tested

 Figure 30: Resistance profile of Candida auris isolates against nine antifungals, with error
 bars indicating standard deviation

Wickerhamomyces anomalus:
Breakpoints for antifungal susceptibility testing of W. anomalus are not available, however
epidemiological cut-off values (ECV) are given in CLSI M57SEd.48 which were used to
categorise the isolates into wild type and non-wild type. All strains (n=27) exhibited low MICs
for all the tested antifungals except fluconazole (Fig 31). Out of 27, 4 isolates (15%) were non-
wild type as they exhibited MIC value of >8 mg/L for fluconazole.

 8 CLSI . 2022. M57SEd.4. Epidemiological cutoff values for antifungal susceptibility testing. CLSI, Wayne, PA.",,amr30.pdf | PDF page 60,verified,retrieval_context
NCDC_resistance_2024_NARS-Net_p061_c00,document_chunk,NCDC_resistance_2024_NARS-Net,amr30.pdf,resistance,2024,NARS-Net,61,,,"Wickerhamomyces anomalus
 50
 40
 % Resisatnce
 30
 20
 10
 0

 Antifungals tested

Figure 31: Resistance profile of Wickerhamomyces anomalus isolates against nine
antifungals, with error bars indicating standard deviation

 54",,amr30.pdf | PDF page 61,verified,retrieval_context
NCDC_resistance_2024_NARS-Net_p062_c00,document_chunk,NCDC_resistance_2024_NARS-Net,amr30.pdf,resistance,2024,NARS-Net,62,,,"3. Discussion
This report is the eighth annual report of the National AMR Surveillance Network (NARS-Net).
This report includes 2,06,745 isolates AST data submitted by 54 sites. Like the previous year's
findings, one-third of the pathogens in the AMR Surveillance data for 2024 were Escherichia
coli (33%). Amongst the urinary isolates, E. coli (51%) was the most commonly isolated priority
pathogen, and urine was the most common specimen type (45%). As consistent with previous
reports, S. aureus was most commonly isolated from pus aspirates (66%). Klebsiella species was
most commonly isolated pathogen from urine (46%) and pus samples (30%).
Quality of AMR surveillance data submitted by the NARSNET sites has been ensured by
continuous hands-on laboratory and data management trainings, site support visits, monthly
data quality monitoring and feedback calls, and annual review meetings. EQAS program and
confirmation of Alert isolates at AMR-NRL, CBDDR, NCDC also played an essential role in
improving data quality of NARS-Net sites. Moreover, many of the sites are strictly performing
internal quality control of media, antibiotic discs as per recommendations under the
programme.
Compared to the previous year, the number of sites submitting data has increased from 41 to
54 sites situated in 33 states/UTs. Quality of colistin susceptibility testing has improved over
the years, as 44 of 54 sentinel sites have standardized and started performing colistin agar
dilution and colistin broth microdilution (BMD) tests. The wet lab trainings on broth
microdilution for the remaining 10 labs has been done by AMR-NRL at NCDC.
The AMR surveillance data in the current report like previous years continues to have the
limitation of samples for culture and sensitivity being referred only for patients requiring
admission and often not responding to the first line of antibiotics. This limitation has the
potential to skew the AMR trends to higher side than the actual trends.
Trend analysis for ESBL producing E. coli from blood showed an increase (2024; 81%) over the
last 3 years (2021; 76%) (Fig. 21). This may be attributed to higher usage of third generation",,amr30.pdf | PDF page 62,verified,retrieval_context
NCDC_resistance_2024_NARS-Net_p062_c01,document_chunk,NCDC_resistance_2024_NARS-Net,amr30.pdf,resistance,2024,NARS-Net,62,,,"cephalosporins for all the Gram-negative priority surveillance pathogens. High percentage of
resistance to third-generation cephalosporins and carbapenems in E. coli and Klebsiella species
and Acinetobacter species in India is a matter of concern. These findings highlight serious
challenges in treatment options for patients with infections caused by these priority bacterial
pathogens.
There has been a gradual increase in the proportion of Vancomycin-resistant Enterococcus
(VRE) from blood specimens (from 11% in 2021 to 21% in 2024). (Fig. 18) Linezolid resistance
(1%) in blood isolates of Enterococcus species is almost similar to that reported last year. No
Vancomycin-intermediate Staphylococcus aureus (VISA) or Vancomycin-resistant
Staphylococcus aureus (VRSA) has been reported over last 8 years. Trend analysis of MRSA
isolated from blood over the past 5 years showed a slight decrease from 59% (2021) to 56%
(2024). (Fig 16). Among MRSA from blood specimens, highest resistance was observed to
erythromycin (77%) followed by ciprofloxacin (67%) and clindamycin (53%).",,amr30.pdf | PDF page 62,verified,retrieval_context
NCDC_resistance_2024_NARS-Net_p063_c00,document_chunk,NCDC_resistance_2024_NARS-Net,amr30.pdf,resistance,2024,NARS-Net,63,,,"A major observation of AMR surveillance for fungal pathogens is the predominance of NAC
species in bloodstream infections, with C. tropicalis being the most frequently isolated (34%),
followed by P. kudriavzevii (14%). C. albicans occurrence was found to be 9% followed by C.
parapsilosis (8%). This shift from C. albicans, which historically dominated invasive candidiasis,
reflects a broader global trend likely influenced by antifungal exposure and changing host
demographics. High proportion of isolates from neonates (29%) is particularly noteworthy and
points to their increased susceptibility to Candida infections due to underdeveloped immunity,
frequent use of invasive devices, and prolonged stays in NICUs. Overall, most isolates across
species were recovered from ICUs especially from NICU settings, underlining critical care
environments as high-risk reservoirs for opportunistic yeast infections. The antifungal
susceptibility patterns revealed fluconazole resistance in several species, most notably C. auris
(66%), C. parapsilosis (16%), W. anomalus (15%), C. albicans (8%), and C. tropicalis (7%).
Although resistance to amphotericin B, itraconazole and 5-fluorocytosine remained low,
emerging resistance to echinocandins in some species is concerning. These findings underscore
the necessity for routine species-level identification and susceptibility testing to guide
appropriate therapy. The presence of rare yeasts such as C. jadanii, Clavispora lusitaniae and
Trichosporon spp. further highlights the value of advanced diagnostic techniques in uncovering
uncommon pathogens. Overall, this data emphasizes the importance of continued antifungal
resistance monitoring, improved infection control practices in neonatal and ICU settings, and
the need to update empirical treatment protocols in light of evolving resistance patterns.
The AMR surveillance data presented in this report provides critical insights into resistance
trends and highlights areas needing focused attention. Strengthening surveillance systems,
addressing site-specific challenges and fostering inter-sectoral collaboration will be essential to",,amr30.pdf | PDF page 63,verified,retrieval_context
NCDC_resistance_2024_NARS-Net_p063_c01,document_chunk,NCDC_resistance_2024_NARS-Net,amr30.pdf,resistance,2024,NARS-Net,63,,,"enhance data quality and support effective policy-making. The findings in this report reinforce
the value of strengthening surveillance system and a unified national AMR network. Continued
investment in laboratory capacity, data quality, and site-level support is essential to build a
resilient national response to antimicrobial resistance. AMR Surveillance data are critical to the
development of AMR action plans and treatment guidelines to contain AMR.

 56",,amr30.pdf | PDF page 63,verified,retrieval_context
NCDC_resistance_2024_NARS-Net_p064_c00,document_chunk,NCDC_resistance_2024_NARS-Net,amr30.pdf,resistance,2024,NARS-Net,64,,,"4. Annexure I
List of NARS-Net sites that contributed AMR surveillance data for priority bacterial pathogens
for the period Jan 2024 to Dec 2024. AMR Surveillance Data for fungal pathogens is from the
sites with star in the list below.
 1. BJ Medical College, Ahmedabad, Gujarat*
 2. BJ Medical college, Pune, Maharashtra
 3. Government Medical College and Hospital, Chandigarh*
 4. GSVM Medical College, Kanpur, Uttar Pradesh*
 5. Lady Hardinge Medical College and Associated hospitals, Delhi *
 6. Mysore Medical college, Mysuru, Karnataka
 7. SMS Medical College, Jaipur, Rajasthan*
 8. Vardhman Mahavir Medical college and SJ Hospital, Delhi
 9. Government Medical College, Thiruvananthapuram, Kerala*
 10.KAPV. Government Medical College, Tiruchirappalli, Tamil Nadu*
 11.Gauhati Medical College and Hospital, Guwahati, Assam*
 12.NEIGRIHMS, Shillong, Meghalaya*
 13. MGM College and Hospital, Indore, Madhya Pradesh
 14.Indira Gandhi Medical College, Shimla, Himachal Pradesh*
 15.Govt. Medical College and Hospital, Aurangabad, Maharashtra*
 16. Osmania Medical College, Hyderabad, Telangana*
 17. Guntur Medical College, Guntur, Andhra Pradesh
 18. Agartala Govt. Medical College, Agartala, Tripura
 19. SCB Medical College & Hospital, Cuttack, Odisha
 20.Government Medical College & Hospital, Jammu, Jammu and Kashmir*
 21. Pandit Bhagwat Dayal Sharma, Post Graduate Institute of Medical Sciences
 (PGIMS) Rohtak, Haryana*
 22. Rajendra Institute of Medical Sciences, Ranchi, Jharkhand *
 23.Indira Gandhi Institute of Medical Sciences, Sheikpura, Patna, Bihar *
 24.Government Medical College, Haldwani, Uttarakhand*
 25.Pt. Jawaharlal Nehru Memorial Medical College, Raipur, Chhattisgarh *
 26.Gandhi Medical College, Bhopal, Madhya Pradesh*
 27. Calcutta School of Tropical Medicine, Kolkata, West Bengal*
 28. GMERS Medical College and Civil Hospital, Valsad, Gujarat
 29. Lala Lajpat Rai Memorial (LLRM) Medical College, Meerut, Uttar Pradesh",,amr30.pdf | PDF page 64,verified,retrieval_context
NCDC_resistance_2024_NARS-Net_p064_c01,document_chunk,NCDC_resistance_2024_NARS-Net,amr30.pdf,resistance,2024,NARS-Net,64,,,"30. Coimbatore Medical College & Hospital, Coimbatore, Tamil Nadu
 31.Maulana Azad Medical College (MAMC) and Associated Hospitals, Delhi *
 32. Sardar Patel Medical College (SPMC) and Hospital, Bikaner, Rajasthan *
 33.Karnataka Institute of Medical Sciences (KIMS), Hubli, Karnataka*
 34. Indira Gandhi Medical College & Research Institute (IGMC & RI) Puducherry
 35.NAMO Medical Education and Research Institute (MERI), Silvassa, Dadra & Nagar
 Haveli*
 36. Goa Medical College & Hospital, Bambolim, Goa",,amr30.pdf | PDF page 64,verified,retrieval_context
NCDC_resistance_2024_NARS-Net_p065_c00,document_chunk,NCDC_resistance_2024_NARS-Net,amr30.pdf,resistance,2024,NARS-Net,65,,,"37.STNM Medical College & Hospital, Gangtok, Sikkim*
38. Government Medical College, Patiala, Punjab
39.Zoram Medical College, Falkawn, Mizoram*
40. Andaman & Nicobar Islands Institute of Medical Sciences (ANIIMS), Andaman &
 Nicobar Islands
41. Jawahar Lal Nehru Institute of Medical Sciences (JNIMS), Manipur
42. Govt. Medical College Srinagar, Jammu and Kashmir
43. Rabindranath Tagore Medical College, Udaipur, Rajasthan
44. Andhra Medical College, Vishakhapatnam, Andhra Pradesh
45. Vijayanagar Institute of Medical Sciences Ballari, Karnataka*
46.Burdwan Medical College & Hospital Burdwan, West Bengal*
47. Grant Govt Medical College & Sir JJ Group of Hospitals, Byculla, Mumbai
48. Pt. Raghunath Murmu Medical College & Hospital Baripada, Odisha
49. Government Medical College, Thrissur, Kerala
50. S.V medical College, Tirupati, Andhra Pradesh
51. Jorhat Medical College and Hospital, Jorhat, Assam
52. University College of Medical Sciences & GTB Hospital, Delhi
53. Pandit Dindayal Upadhyay Medical College, Rajkot, Gujarat
54. Netaji Subash Chandra Bose Medical College, Jabalpur, Madhya Pradesh

 58",,amr30.pdf | PDF page 65,verified,retrieval_context
NCDC_resistance_2025_NARS-Net_p001_c00,document_chunk,NCDC_resistance_2025_NARS-Net,amr31.pdf,resistance,2025,NARS-Net,1,,,"Annual Report
National Antimicrobial Resistance
 Surveillance Network
 (NARS-Net)

 Reporting period:
 January – December 2025

 National Programme on AMR Containment,
 National Centre for Disease Control (NCDC)
 Directorate General of Health services
 Ministry of Health & Family Welfare
 Government of India",,amr31.pdf | PDF page 1,verified,retrieval_context
NCDC_resistance_2025_NARS-Net_p002_c00,document_chunk,NCDC_resistance_2025_NARS-Net,amr31.pdf,resistance,2025,NARS-Net,2,,,"Table of Contents

Acronyms ....................................................................................................................................... 1
List of Tables ................................................................................................................................... 3
List of Figures .................................................................................................................................. 4
Executive Summary......................................................................................................................... 6
1. Bacterial AMR Surveillance .......................................................................................................... 8
1.1. Introduction........................................................................................................................ 8
1.2. Findings ............................................................................................................................ 11
1.2.1. Data Deduplication ....................................................................................................... 13
1.2.2. Age and Gender distribution of reported AMR data ....................................................... 13
1.2.3. AMR Surveillance of priority pathogens ......................................................................... 19
1.2.3.1. Gram-Positive Cocci ...................................................................................................... 19
1.2.3.2. Gram-Negative Bacilli.................................................................................................... 27
1.2.3.2.1. Enterobacteriaceae ................................................................................................... 27
1.2.3.2.2. Non-Fermenting Gram-Negative Bacilli ...................................................................... 36
1.2.3.2.3. Vibrionaceae............................................................................................................. 42",,amr31.pdf | PDF page 2,verified,retrieval_context
NCDC_resistance_2025_NARS-Net_p002_c01,document_chunk,NCDC_resistance_2025_NARS-Net,amr31.pdf,resistance,2025,NARS-Net,2,,,"1.2.4. AMR Trends .................................................................................................................. 42
1.2.5. Molecular Detection and Characterization of Priority Bacterial Pathogens ...................... 47
1.2.6. Discussion..................................................................................................................... 50
2. Fungal AMR Surveillance ........................................................................................................... 53
 2.1. Introduction.................................................................................................................. 53
 2.2.2 Methodology ................................................................................................................ 53
 2.2.3 Details of 997 yeasts characterized at NRL during 2025 .................................................. 54
Annexure I .................................................................................................................................... 62",,amr31.pdf | PDF page 2,verified,retrieval_context
NCDC_resistance_2025_NARS-Net_p003_c00,document_chunk,NCDC_resistance_2025_NARS-Net,amr31.pdf,resistance,2025,NARS-Net,3,,,"Acronyms

AMR Antimicrobial Resistance
AFST Antifungal susceptibility testing
Amox-Clav Amoxicillin-Clavulanic acid
AST Antimicrobial Susceptibility Testing
BMD Broth Microdilution
CBDDR Centre for Bacterial Diseases and Drug Resistance
CI Confidence Interval
CLSI Clinical and Laboratory Standards Institute
CRE Carbapenem Resistant Enterobacterales
CSV Comma Separated Value
DMSO Dimethyl sulfoxide
DNA Deoxyribonucleic Acid
E. coli Escherichia coli
EME Emergency
EQAS External Quality Assessment Scheme
ESBL Extended Spectrum β-lactamase
EUCAST European Committee for Antimicrobial Susceptibility Testing
GBD Global Burden of Disease
GLASS Global Antimicrobial Resistance and Use Surveillance System
GNB Gram-Negative bacilli
GPC Gram-Positive cocci
ICU Intensive Care Unit
IPD Inpatient Department
IN Inpatient
ID Identification
IQC Internal Quality Control
ITS Internal Transcribed Spacer
LIMS Laboratory Information Management System
MALDI-TOF Matrix-Assisted Laser Desorption/Ionization Time-of-Flight Mass Spectrometry
MIC Minimum Inhibitory Concentration",,amr31.pdf | PDF page 3,verified,retrieval_context
NCDC_resistance_2025_NARS-Net_p004_c00,document_chunk,NCDC_resistance_2025_NARS-Net,amr31.pdf,resistance,2025,NARS-Net,4,,,"MICU Medical Intensive Care Unit
MOPS 3-(N-morpholino) propane sulfonic acid
MoHFW Ministry of Health and Family Welfare
MRSA Methicillin-Resistant Staphylococcus aureus
NARS-Net National Antimicrobial Resistance Surveillance Network
NCC National Coordinating Centre
NCDC National Centre for Disease Control
NFGNB Non-fermenting Gram-negative bacilli
NICU Neonatal Intensive Care Unit
NRL National Reference Laboratory
OPD Outpatient Department
OSBF Other Sterile Body Fluids
OUT Outpatient
PA Pus Aspirate
PICU Pediatric Intensive Care Unit
Pip-Tazo Piperacillin-Tazobactam
%R Percentage Resistant
RIS Resistant Intermediate Sensitive
RPMI Roswell Park Memorial Institute medium
SICU Surgical Intensive Care Unit;
SOP Standard Operating Procedure
TICU Trauma Intensive Care Unit
TMP-SMX Trimethoprim-Sulfamethoxazole
UNK Unknown
UT Union Territory
VBA Visual Basic Application
VISA Vancomycin Intermediate resistant S. aureus
VRE Vancomycin-Resistant Enterococcus species
VRSA Vancomycin Resistant S. aureus
WHO World Health Organization

2|Pa ge",,amr31.pdf | PDF page 4,verified,retrieval_context
NCDC_resistance_2025_NARS-Net_p005_c00,document_chunk,NCDC_resistance_2025_NARS-Net,amr31.pdf,resistance,2025,NARS-Net,5,,,"List of Tables

Table 1: Priority Pathogens and specimens included under Bacterial AMR Surveillance ..................... 9

Table 2: Distribution of priority pathogen isolates based on specimen type (N=2,17,513)................ 14

Table 3: Specimen type wise distribution of isolates (N= 2,17,513) ................................................. 15

Table 4: Proportion of priority pathogens isolated from various specimen types (N= 2,17,513) ....... 16

Table 5: Distribution of priority pathogen isolates by location type (N=217513) .............................. 17

Table 6: Resistance profile of Staphylococcus aureus (N=23,507) .................................................... 20

Table 7: Resistance profile of Enterococcus species (N=22,318) ...................................................... 24

Table 8: Resistance profile of Escherichia coli (N=68,341) ............................................................... 28

Table 9: Resistance profile of Klebsiella species (N=52,597) ............................................................ 32

Table 10: Resistance profile of Salmonella enterica Typhi and Paratyphi (N=1145) from blood ........ 34

Table 11: Resistance profile of Shigella species (N=120) from stool specimens ................................ 35

Table 12: Resistance profile of Pseudomonas species (N=26,637) ................................................... 37

Table 13: Resistance profile of Acinetobacter species (N=22,711) ................................................... 40

Table 14: Resistance profile of Vibrio cholerae (N=106) .................................................................. 42

Table 15: Distribution of other (8%) yeast species characterized at NRL .......................................... 55

Table 16: Distribution of different yeast species by location type in ICU and emergency ................. 57

Table 17: Distribution of different yeast species by location type in Inpatient Wards and Outpatient

..................................................................................................................................................... 57",,amr31.pdf | PDF page 5,verified,retrieval_context
NCDC_resistance_2025_NARS-Net_p005_c01,document_chunk,NCDC_resistance_2025_NARS-Net,amr31.pdf,resistance,2025,NARS-Net,5,,,"Table 18: Distribution of different Candida species in different types of Intensive Care Units (ICUs) 58

3|Pa ge",,amr31.pdf | PDF page 5,verified,retrieval_context
NCDC_resistance_2025_NARS-Net_p006_c00,document_chunk,NCDC_resistance_2025_NARS-Net,amr31.pdf,resistance,2025,NARS-Net,6,,,"List of Figures

Figure 1: Geographical Location of National AMR Surveillance Network laboratories which have

submitted AMR data from January to December 2025 ................................................................... 10

Figure 2: Flowchart to Obtain a Cleaned WHONET Data File for Analysis ......................................... 12

Figure 3: Distribution of unique patients according to gender (N=2,02,573) .................................... 13

Figure 4: Distribution of priority pathogen isolates by age category (N=2,17,513) ........................... 14

Figure 5: Distribution of isolates by location type (N=217513) ........................................................ 16

Figure 6: Distribution of priority pathogen isolates by location-type ............................................... 18

Figure 7: Resistance profile of S. aureus in blood (N=6775) by location type ................................... 21

Figure 8: Resistance profile of Methicillin Resistant S. aureus (MRSA) in blood (N=3,251)................ 22

Figure 9: Resistance profile of Enterococcus species in blood (N=3,677) by location type ................ 25

Figure 10: Resistance profile of Enterococcus species in urine (N=15,266) by location type ............. 26

Figure 11: Resistance profile of Escherichia coli isolated from blood (N=3,795) by location type ...... 29

Figure 12: Resistance profile of Escherichia coli isolated from urine (N=47,226) by location type ..... 30

Figure 13: Resistance profile of Klebsiella species isolated from blood (N=9,478) by location type... 33

Figure 14: Resistance profile of Pseudomonas species isolated from blood (N=4,478) by location type
..................................................................................................................................................... 38
Figure 15: Resistance profile of Acinetobacter species isolated from blood (N=8,890) by location type
..................................................................................................................................................... 41",,amr31.pdf | PDF page 6,verified,retrieval_context
NCDC_resistance_2025_NARS-Net_p006_c01,document_chunk,NCDC_resistance_2025_NARS-Net,amr31.pdf,resistance,2025,NARS-Net,6,,,"Figure 16: Trends of Methicillin-resistant S. aureus (MRSA) isolated from blood (2017-2025) .......... 43

Figure 17: Trends of Linezolid resistant Staphylococcus aureus isolated from blood (2018 to 2025) . 43

Figure 18: Trends of Vancomycin resistant Enterococcus sp. (VRE) isolated from blood (2018-2025) 44

Figure 19: Trends of Extended spectrum beta-lactamase (ESBL) producing E. coli isolated from blood
(2017-2025) .................................................................................................................................. 44
Figure 20: Trends of Extended-Spectrum Beta-Lactamase (ESBL) producing Klebsiella spp. in blood
(2017-2025) .................................................................................................................................. 45
Figure 21: Four-year trend analysis (2022-2025) of Carbapenemase producing E. coli and Klebsiella
species isolated from blood ........................................................................................................... 45

4|Pa ge",,amr31.pdf | PDF page 6,verified,retrieval_context
NCDC_resistance_2025_NARS-Net_p007_c00,document_chunk,NCDC_resistance_2025_NARS-Net,amr31.pdf,resistance,2025,NARS-Net,7,,,"Figure 22: Four-year trend analysis (2022-2025) of Carbapenemase producing Pseudomonas species
and Acinetobacter species isolated from blood .............................................................................. 46
Figure 23: Distribution of NDA & OXA-48 gene in Klebsiella species ................................................ 48

Figure 24: Distribution of NDA & OXA-48 gene in E. coli ................................................................. 48

Figure 25: Distribution of NDA & OXA-48 gene in Acinetobacter species ......................................... 49

Figure 26: Distribution of NDA & OXA-48 gene in Pseudomonas species ......................................... 49

Figure 27: Distribution of vanA & vanB genes in Enterococcus species ............................................ 50

Figure 28: The pie chart illustrating the percentage distribution of various yeast species identified by
MALDI-TOF MS and ITS sequencing at NRL, VPCI ............................................................................ 54
Figure 29: Gender-wise distribution of patients from whom yeast isolates (n=997) were obtained .. 55

Figure 30: Age distribution of patients from whom yeast isolates were recovered .......................... 56

Figure 31: Bar graph representing resistance percentages of Candida spp. against to fluconazole ... 60

5|Pa ge",,amr31.pdf | PDF page 7,verified,retrieval_context
NCDC_resistance_2025_NARS-Net_p008_c00,document_chunk,NCDC_resistance_2025_NARS-Net,amr31.pdf,resistance,2025,NARS-Net,8,,,"Executive Summary

 Antimicrobial Resistance (AMR) surveillance is crucial for tracking and combating the
growing threat of AMR. This is the ninth report of National AMR Surveillance Network (NARS-
Net) established under the National Programme on AMR Containment coordinated by the
National Centre for Disease Control (NCDC), MoHFW, India. This report includes bacterial AMR
surveillance data from 62 sentinel surveillance sites. National programme on AMR containment
has been expanded in a phased manner and currently includes 70 laboratories in 34 states/UTs
(as of March 2026). This report provides insights into antimicrobial resistance patterns, trends
and emerging resistance across the network sites.

 The current report includes data of bacterial and fungal AMR Surveillance for the
reporting period from 01st January 2025 to 31st December 2025. Standard operating procedures
(SOPs) on antimicrobial susceptibility testing (AST), internal quality control (IQC), AMR data
management developed under the programme are implemented at NARS-Net sites to ensure
quality data. The panel of antimicrobials used for surveillance is standardized in alignment with
the international standards and prescription practices of clinicians in the country. Trainings and
workshops are conducted regularly for NARS-Net sites to ensure compliance to the SoPs under
the programme. Wet-lab trainings on colistin agar dilution, vancomycin screen agar and colistin
and vancomycin broth microdilution (BMD) testing, both at the NRL, NCDC and onsite during
site visits, have contributed to an increase in the number of sentinel sites performing MIC
determination and submitting quality data. Online trainings are also organized on regular basis
to reinforce the testing standards at laboratories. Monthly feedbacks through data quality
monitoring calls has played a crucial role in improving compliance to data standards defined
under the programme. Enrolment of sites under External Quality Assessment Scheme (EQAS)
and bacterial identification and AST confirmations of a defined number of isolates conducted
by AMR-NRLs, has played a significant role in improving data quality.",,amr31.pdf | PDF page 8,verified,retrieval_context
NCDC_resistance_2025_NARS-Net_p008_c01,document_chunk,NCDC_resistance_2025_NARS-Net,amr31.pdf,resistance,2025,NARS-Net,8,,,"The key findings of this report are:

➢ Over the years, with increasing number of sites, there has been a gradual increase in the
 number of reported isolates, rising from 25,833 in 2017 to 2,17,513 in the current data
 reporting period.
➢ The most commonly isolated priority bacterial pathogen was E. coli (31%), which is similar
 to the previous five years, followed by Klebsiella species (24%), Pseudomonas species (12%),

6|Pa ge",,amr31.pdf | PDF page 8,verified,retrieval_context
NCDC_resistance_2025_NARS-Net_p009_c00,document_chunk,NCDC_resistance_2025_NARS-Net,amr31.pdf,resistance,2025,NARS-Net,9,,,"S. aureus (11%), Acinetobacter species (10%) Enterococcus species (10%) and Salmonella
 enterica serovar Typhi and Paratyphi (0.5%).
➢ Among the specimen types, urine (44%) was the most frequently reported specimen
 followed by pus aspirate (31%) and blood (18%). From urine specimens, E. coli (49%) was
 the most frequently isolated pathogen, while Klebsiella species was the most commonly
 isolated pathogen from blood specimens (25%) and Other sterile body fluids (26%) while
 from pus specimens Klebsiella species (24%) and S. aureus (23%) both were the predominant
 isolates.
➢ Majority of isolates of Enterococcus species were from urine specimens (68%) and most S.
 aureus isolates were from pus aspirates (67%) consistent with the previous reports.
➢ Proportion of MRSA in blood was slightly higher from last year in all settings, from 63% to
 65% in intensive care units, from 55% to 61% among inpatients and from 44% to 51% in
 outpatients.
➢ Proportion of VRE among blood isolates was found to be similar to that during last year, it
 was 20% in ICU setting and 19% among inpatients.
➢ Among E. coli from blood, 80% of isolates were ESBL producers, and among Klebsiella spp.
 blood isolates, 83% were ESBL producers.
➢ Also, trend analysis for carbapenem resistance in gram negative bacterial isolates from
 blood cultures showed a decreasing trend from previous year in E. coli (from 43% to 41%),
 Pseudomonas species (35% to 30%) and Acinetobacter species (70% to 68%) while
 carbapenem resistant Klebsiella spp. has slightly increased from 59% to 62%.

 This report emphasizes on the need for continuous strengthening of surveillance
system, targeted interventions, development of evidence-based policies, sustained
collaborations and investments to combat AMR. The AMR surveillance data in this report serves
as a crucial resource for policy makers, healthcare professionals, and researchers working to
address the growing threat of AMR.

 The AMR surveillance data in the current report like previous years continues to have
the limitation of non-availability of results of complete panel of antibiotics for a given isolate as",,amr31.pdf | PDF page 9,verified,retrieval_context
NCDC_resistance_2025_NARS-Net_p009_c01,document_chunk,NCDC_resistance_2025_NARS-Net,amr31.pdf,resistance,2025,NARS-Net,9,,,"per the Standard Operating Procedure for Antimicrobial resistance Surveillance. Another
important limitation is that the referral of clinical specimens for culture and sensitivity testing
is mostly from patients not responding to the prescribed antibiotics. These limitations have the
potential to skew the AMR trends to higher side than the actual trends.

7|Pa ge",,amr31.pdf | PDF page 9,verified,retrieval_context
NCDC_resistance_2025_NARS-Net_p010_c00,document_chunk,NCDC_resistance_2025_NARS-Net,amr31.pdf,resistance,2025,NARS-Net,10,,,"1. Bacterial AMR Surveillance

1.1. Introduction

 Antimicrobial resistance (AMR) is a rapidly escalating global health threat. As pathogens
evolve to resist the existing antimicrobials, once-manageable diseases become increasingly
difficult or impossible to cure. Global Burden of Disease 2021 report by Antimicrobial
Resistance Collaborators published in The Lancet (2024) estimated that 4.71 million deaths
were associated with bacterial AMR including 1.14 million deaths attributable to bacterial
AMR.1 The report also states that among Gram-negative bacteria, resistance to carbapenems
increased more than any other antibiotic class, rising from 0.619 million deaths in 1990 to 1.03
million associated deaths in 2021. The report also forecasted that an estimated 1.91 million
deaths attributable to AMR and 8.22 million deaths associated with AMR could occur globally
in 2050. These figures highlight the immense burden of AMR on public health, particularly in
low- and middle-income countries where access to quality healthcare and diagnostics is limited.
Beyond mortality, AMR also leads to prolonged illness, increased healthcare costs, and greater
risk of complications, posing a serious threat to modern medicine, including surgery, cancer
therapy and intensive care. Without urgent and coordinated action, AMR will continue to
undermine modern medicine and threaten global health security. To monitor AMR, a robust
surveillance system is needed in the global fight against drug-resistant infections, providing the
critical data needed to track resistance patterns, update treatment guidelines, and guide public
health interventions.

 To address the problem of AMR, Government of India initiated the National Programme
on AMR containment in 2013, during the 12th (2012-2017) five-year plan which is being
coordinated by the National Centre for Disease Control (NCDC). Under the programme, the
National AMR Surveillance Network (NARS-Net) has been established to monitor real time AMR
trends and to generate annual reports on National AMR Surveillance data obtained from NARS-
Net sites. The current report is the ninth annual report of AMR Surveillance data which includes",,amr31.pdf | PDF page 10,verified,retrieval_context
NCDC_resistance_2025_NARS-Net_p010_c01,document_chunk,NCDC_resistance_2025_NARS-Net,amr31.pdf,resistance,2025,NARS-Net,10,,,"data from 62 network sites (Fig. 1).

 NARS-Net has been expanded in a phased manner to have representation from all
states and Union Territories in the country. Currently, NARS-Net includes 70 medical college
laboratories from 28 states and 6 UTs (as of March 2026) with adequate geographical
representation. The NARS-Net sentinel surveillance sites conduct laboratory-based AMR
surveillance of nine priority bacterial pathogens namely Staphylococcus aureus, Enterococcus
species, Escherichia coli, Klebsiella species, Pseudomonas species, Acinetobacter species,
Salmonella enterica serotype Typhi and Paratyphi, Shigella species and Vibrio cholerae (Table
1).

 1
 Naghavi, Mohsen et al. Global burden of bacterial antimicrobial resistance 1990–2021: a systematic analysis
 with forecasts to 2050. The Lancet, Volume 404, Issue 10459, 1199 - 1226
8|Pa ge",,amr31.pdf | PDF page 10,verified,retrieval_context
NCDC_resistance_2025_NARS-Net_p011_c00,document_chunk,NCDC_resistance_2025_NARS-Net,amr31.pdf,resistance,2025,NARS-Net,11,,,"The AMR surveillance data of these priority pathogens submitted by the NARS-Net sites
 to AMR programme unit at NCDC is being collated and analyzed at NCDC after validation using
 WHONET, a microbiology data management open-source offline software. After data
 validation, the semi-annual bulletins2 and the annual National AMR surveillance reports3 are
 developed which are available on NCDC website for use by various stakeholders at national and
 state level. The network data is also submitted annually to the World Health Organization's
 Global AMR Surveillance and Use System (WHO-GLASS) since 2018 by NCDC which is
 designated by MoHFW as the National Coordinating Centre for AMR Surveillance in India.

 Table 1: Priority Pathogens and specimens included under Bacterial AMR Surveillance

 Salmonell
 S. Klebsiell Pseudomona Vibrio
 Enterococcus Escherichia Acinetobacter a Shigella
Specimen aureu a s cholera
 spp. coli spp. Typhi / species
 s spp. spp. e
 Paratyphi

 Blood

 Urine

 Pus
Aspirate

 Other
 Sterile
 body
 fluids*

 Stool

 * Other sterile body fluids (OSBF)- Include abdominal fluid, amniotic fluid, bile, cerebrospinal fluid, cyst, endocardium,
 hip fluid, joint fluid, knee fluid, lymph node, semen, broncho-alveolar lavage, spleen, pleural fluid, pericardial fluid,
 bone marrow, Bartholin’s cyst, fluid, gastric fluid, gallbladder, breast milk and prostatic fluid.

 All NARS-Net sites submit AMR data of nine priority pathogens from the pre-defined",,amr31.pdf | PDF page 11,verified,retrieval_context
NCDC_resistance_2025_NARS-Net_p011_c01,document_chunk,NCDC_resistance_2025_NARS-Net,amr31.pdf,resistance,2025,NARS-Net,11,,,"specimen types to NCDC programme unit. Sites perform antimicrobial susceptibility testing by
 disk diffusion, broth microdilution, agar dilution, and automated antimicrobial susceptibility
 testing systems as per the programme SOPs. The programme unit at NCDC provides technical
 guidance and training support to the sentinel surveillance network laboratories towards
 accurate pathogen identification and antimicrobial susceptibility testing (AST), implementing
 quality management systems and standardized AMR surveillance data management.

 2
 https://ncdc.mohfw.gov.in/amr-semi-annual-bulletin/
 3
 https://ncdc.mohfw.gov.in/reports/
 9|Pa ge",,amr31.pdf | PDF page 11,verified,retrieval_context
NCDC_resistance_2025_NARS-Net_p012_c00,document_chunk,NCDC_resistance_2025_NARS-Net,amr31.pdf,resistance,2025,NARS-Net,12,,,"Figure 1: Geographical Location of National AMR Surveillance Network laboratories which
have submitted AMR data from January to December 2025

 National Reference Laboratory (NRL) has been established at NCDC in 2018-19 to
implement External Quality Assessment Scheme (EQAS) for the network labs so as to ensure
quality AMR Surveillance data. Additionally, NRL also confirms all the antibiotic-resistant alert
strains, as defined under the programme, submitted by network sites and only the confirmed
alerts are included in the annual report. Feedback on EQAS and Alert confirmation is shared
with the respective sentinel sites. The NRL for AMR in fungal pathogens was established at VPCI,

10 | P a g e",,amr31.pdf | PDF page 12,verified,retrieval_context
NCDC_resistance_2025_NARS-Net_p013_c00,document_chunk,NCDC_resistance_2025_NARS-Net,amr31.pdf,resistance,2025,NARS-Net,13,,,"Delhi University in the year 2021-22 for confirmation of all Candida spp. isolated from Blood
culture specimens and provide trainings to programme sites.

 The network sites are mandated to perform Internal quality control testing as per the
programme SOPs. 4 In addition, onsite support visits and trainings on data management are
conducted to strengthen bacteriology laboratory capacity, identify the challenges and improve
the quality of culture, identification and AST practices. The programme unit at NCDC also
frequently organizes workshops on use of WHONET AMR data management software to
facilitate timely AMR surveillance data flow from network sites to NCDC. Annual meetings to
review the performance of each site under NARS-Net are also conducted to discuss and resolve
site-specific challenges. This process plays a crucial role in strengthening and standardizing
antimicrobial resistance surveillance across the network.

 The WHONET 2024, an open-source offline microbiology data management desktop
application, has been used for collecting, collating and analyzing routine antimicrobial
susceptibility data generated by manual testing methods and automated systems at the
laboratories. In this report, M100 34th Ed. of Clinical & Laboratory Standards Institute (CLSI)
guideline5 is used for the classification of the isolates as susceptible (S), intermediate (I), or
resistant (R). AMR data submitted monthly is reviewed during the monthly data quality
monitoring virtual calls conducted by the designated AMR nodal officer at NCDC for the
designated programme sites. The monthly data calls with the sites support them in validation
of data with respect to the completeness of data fields and compliance with the AMR
Surveillance panel of antibiotics. The errors observed in the data during data monitoring calls
are notified to the sites in the feedback emails. The subsequently received revised corrected
files are cleaned by NCDC nodal officers. A single file is generated from all the cumulative AMR
data files from each site and data de-duplication is done before carrying out the analysis.

1.2. Findings",,amr31.pdf | PDF page 13,verified,retrieval_context
NCDC_resistance_2025_NARS-Net_p013_c01,document_chunk,NCDC_resistance_2025_NARS-Net,amr31.pdf,resistance,2025,NARS-Net,13,,,"This annual AMR surveillance report includes data of 2,17,513 priority pathogen isolates
submitted by 62 NARS-Net sites for the reporting period from 1st January 2025 to 31st December
2025 (List at Annexure-1.4).

 All alert bacterial isolates (as per the SOP for Antimicrobial Resistance surveillance)
included in the report have been confirmed at the NRL, NCDC. All the colistin-resistant Gram-
negative priority bacterial isolates included in the report have been confirmed using broth
microdilution method as per the SOP.

4
 Standard Operating procedure for AMR Surveillance NARS-Net. January 2023. https://ncdc.mohfw.gov.in/wp-
content/uploads/2024/03/58495493521681880873.pdf.
5
 Clinical Laboratory Standard Institute. Performance Standard for Antimicrobial Susceptibility Testing. 34 th Ed.
CLSI Supplement M-100. Clinical and Laboratory Standard Institute. USA. 2024.
11 | P a g e",,amr31.pdf | PDF page 13,verified,retrieval_context
NCDC_resistance_2025_NARS-Net_p014_c00,document_chunk,NCDC_resistance_2025_NARS-Net,amr31.pdf,resistance,2025,NARS-Net,14,,,"The revised WHONET data files received on monthly basis from 62 NARS-Net sites were
combined to make a single file. The single file was then run through NCDC reporting MACROS
in order to filter data of the priority pathogens and priority specimen types as per the
programme data management SOP. Subsequently, the WHONET file was subjected to data
deduplication (explained under section 1.2.1). Thereafter, the deduplicated WHONET data file
was exported to excel format with the help of WHONET software for final data cleaning (Fig.
2). The cleaned data file in excel format was backlinked to obtain WHONET (.sqlite) file for
initiating the data analysis and annual surveillance report preparation.
The flow chart of data cleaning and data analysis is mentioned below:-

 Figure 2: Flowchart to Obtain a Cleaned WHONET Data File for Analysis

12 | P a g e",,amr31.pdf | PDF page 14,verified,retrieval_context
NCDC_resistance_2025_NARS-Net_p015_c00,document_chunk,NCDC_resistance_2025_NARS-Net,amr31.pdf,resistance,2025,NARS-Net,15,,,"1.2.1. Data Deduplication

 For data analysis, only the first antibiotic susceptibility result has been considered for each
patient per specimen type and pathogen. For example, if two blood cultures from the same
patient yielded growth of E. coli, only the first has been included in the data; if the growth of E.
coli was detected in one culture and of K. pneumoniae in the other, both results have been
considered. If there was growth of E. coli in one blood culture and in one urine culture from the
same patient, both specimen types have been included. If for the same patient, multiple isolates
of same organism are included in the analysis, then there is a possibility that the data might get
skewed towards resistance especially for isolates like P.aeruginosa and A.baumanii. Therefore,
from each patient, only the first isolate of a given species from a particular specimen type isolated
during the surveillance period was included, regardless of its susceptibility profile.

 Deduplication of reported data of 2,17,513 isolates using WHONET revealed 2,02,573
unique patients. For the surveillance period, only one result has been considered for each patient
per specimen type and each pathogen. The deduplicated data file has been used for AST analysis.

1.2.2. Age and Gender distribution of reported AMR data

 Among 2,17,513 unique patients, AST data in this report is from 52.4% of male and
47.5% of female patients which is similar to the findings of last year (Fig 3). Majority of patients
were in the age category 35-64 years (39.8%) and 4.3% patients were in the age category 1-4
years. About 65.7 % patients were in the productive age group of 15-64 years. Figure 4
represents the distribution of priority bacterial pathogen isolates by age category.

 *Gender details were missing for 244 (0.1%) isolates

 Figure 3: Distribution of unique patients according to gender (N=2,02,573)

13 | P a g e",,amr31.pdf | PDF page 15,verified,retrieval_context
NCDC_resistance_2025_NARS-Net_p016_c00,document_chunk,NCDC_resistance_2025_NARS-Net,amr31.pdf,resistance,2025,NARS-Net,16,,,"100

 90

 80
 Proportion of isolates

 70

 60

 50
 39.8
 40

 30 25.9

 20
 13.1
 8.5 6.4
 10 4.3
 2
 0
 <1 1--4 5--14 15-34 35-64 >65 Unknown
 Age category

 *Age details were missing for 4055 (2%) isolates

 Figure 4: Distribution of priority pathogen isolates by age category (N=2,17,513)

 The analysis of 2025 AMR surveillance data revealed that the highest number of isolates
were from urine specimens (44.5%) (Table 2). The most commonly isolated priority bacterial
pathogen was E. coli (31%), which is similar to the previous five years, followed by Klebsiella
species (24%), Pseudomonas species (12%), S. aureus (11%), Acinetobacter species (10%)
Enterococcus species (10%) and Salmonella enterica serovar Typhi and Paratyphi (0.54%) (Table
3).

Table 2: Distribution of priority pathogen isolates based on specimen type (N=2,17,513)

 Specimen Type Number of Isolates %

 Urine 96742 44.5

 Blood 38238 17.6",,amr31.pdf | PDF page 16,verified,retrieval_context
NCDC_resistance_2025_NARS-Net_p016_c01,document_chunk,NCDC_resistance_2025_NARS-Net,amr31.pdf,resistance,2025,NARS-Net,16,,,"Pus Aspirate 68281 31.4

 Other sterile body fluids 13995 6.4

 Stool 257 0.1

 Total 2,17,513 100

14 | P a g e",,amr31.pdf | PDF page 16,verified,retrieval_context
NCDC_resistance_2025_NARS-Net_p017_c00,document_chunk,NCDC_resistance_2025_NARS-Net,amr31.pdf,resistance,2025,NARS-Net,17,,,"E. coli (49%) was the most commonly isolated pathogen from urine specimens;
 Klebsiella species (25%) was the predominant isolate from blood specimens and from pus
 specimens Klebsiella spp (24%) and S. aureus (23%) were the predominant isolates. Among
 stool specimens, most common pathogen reported was Shigella species (46.6%), followed by
 Vibrio cholerae (41.3%), and Salmonella Typhi & Paratyphi (12.1%) (Table 3). Among the non-
 fermenting Gram-negative bacilli, Pseudomonas species was the most commonly isolated
 pathogen from pus aspirates (19%) and Acinetobacter species from blood culture specimens
 (23%) (Table 4). Amongst Gram-positive organisms, Enterococcus species was most the
 commonly isolated pathogen from urine specimens (68%) and S. aureus from pus aspirates
 (67%) (Table 4).

 Table 3: Specimen type wise distribution of isolates (N= 2,17,513)

 Priority Blood Pus aspirate OSBF Urine Stool Total
 Pathogen
 N (%) N (%) N (%) N (%) N N (%)
 S. aureus 6775 (18) 15677 (23) 1055 (8) x X 23507 (11)
 Enterococcus
 3677 (10) 2320 (3) 1055 (8) 15266 (16) X 22318 (10)
 spp.
Escherichia Coli 3795 (10) 14362 (21) 2958 (21) 47226 (49) X 68341 (31)

Klebsiella spp. 9478 (25) 16379 (24) 3586 (26) 23154 (24) X 52597 (24)
 Salmonella
 31
 Typhi and 1145 (3) x x x 1176 (0.54)",,amr31.pdf | PDF page 17,verified,retrieval_context
NCDC_resistance_2025_NARS-Net_p017_c01,document_chunk,NCDC_resistance_2025_NARS-Net,amr31.pdf,resistance,2025,NARS-Net,17,,,"(12.1)
 Paratyphi
 Pseudomonas
 4478 (12) 12739 (19) 2369 (17) 7051 (7) X 26637 (12)
 spp.
Acinetobacter
 8890 (23) 6804 (10) 2972 (21) 4045 (4) X 22711 (10)
 spp.
 120
Shigella species x x x x 120 (0.05)
 (46.6)
 106
Vibrio cholerae x x x x 106 (0.04)
 (41.3)
 257
 Total 38238 (100) 68281 (100) 13995 (100) 96742 (100) 217513 (100)
 (100)
 x - Specimen type not included under the program; *OBSF- Include abdominal fluid, amniotic fluid, bile, cerebrospinal fluid, cyst,
 endocardium, hip fluid, joint fluid, knee fluid, lymph node, semen, broncho-alveolar lavage, spleen, pleural fluid, pericardial fluid, bone
 marrow, bartholin’s cyst, fluid, gastric fluid, gall bladder, breast milk and prostatic fluid

 15 | P a g e",,amr31.pdf | PDF page 17,verified,retrieval_context
NCDC_resistance_2025_NARS-Net_p018_c00,document_chunk,NCDC_resistance_2025_NARS-Net,amr31.pdf,resistance,2025,NARS-Net,18,,,"Table 4: Proportion of priority pathogens isolated from various specimen types (N= 2,17,513)

 S. Typhi
 S. Enterococcus Klebsiella Pseudomonas Acinetobacter Shigella Vibrio
 E. coli and
Priority aureus spp. spp. spp. spp. spp. cholerae
 Paratyphi
 N (%) N (%) N (%) N (%) N (%) N (%) N (%) N N
 6775 3795 9478
 Blood 3677 (17) 1145 (98) 4478 (16) 8890 (39) x x
 (29) (6) (18)
 Pus
 15677 1436 16379
aspirat 2320 (10) x 12739 (48) 6804 (30) x x
 (67) 2 (21) (31)
 e
 1055 2958
 OSBF 1055 (5) 3586 (7) x 2369 (8) 2972 (12) x x
 (4) (4)
 4722 23154
 Urine x 15266 (68) x 7051 (28) 4045 (18) x x
 6 (69) (44)
 Stool x x x x 31 (2) x x 120 106
 6834
 23507 52597 1176
 Total 22318 (100) 1 26637 (100) 22711 (100)
 (100) (100) (100)
 (100)",,amr31.pdf | PDF page 18,verified,retrieval_context
NCDC_resistance_2025_NARS-Net_p018_c01,document_chunk,NCDC_resistance_2025_NARS-Net,amr31.pdf,resistance,2025,NARS-Net,18,,,"IN – Inpatient; OUT–Outpatient; ICU –Intensive care; EME –Emergency; UNK – Unknown; *Location type field was
 missing in 17 isolates

 Figure 5: Distribution of isolates by location type (N=217513)

 In the 2025 AMR surveillance data, the majority of isolates (54%) were from patients
 admitted in hospital wards whereas the least number of isolates (2%) belonged to patients from
 the Emergency department. Almost a third of the isolates (31%) were from patients visiting the
 outpatient clinics and 13% of the priority pathogens were isolated from Intensive care units
 (ICUs) (Fig. 5).

 16 | P a g e",,amr31.pdf | PDF page 18,verified,retrieval_context
NCDC_resistance_2025_NARS-Net_p019_c00,document_chunk,NCDC_resistance_2025_NARS-Net,amr31.pdf,resistance,2025,NARS-Net,19,,,"Table 5: Distribution of priority pathogen isolates by location type (N=217513)

 Inpatient Outpatient I.C.U. Emergency
 Priority Pathogen (N=118086) (N=67277) (N=27454) (N=4676)
 N (%) N (%) N (%) N (%)
 Escherichia coli 34787 (29) 27623 (41) 4388 (16) 1538 (33)
 Klebsiella species 29678 (25) 14212 (21) 7772 (28) 934 (20)
 Salmonella Typhi and
 598 (0.5) 462 (0.7) 79 (0.3) 34 (0.7)
 Paratyphi
 Pseudomonas species 14791 (13) 8095 (12) 3344 (1) 406 (9)

 Acinetobacter species 12741 (11) 3825 (6) 5593 (20) 551 (12)

 S. aureus 12546 (11) 7481 (11) 2684 (10) 793 (17)

 Enterococcus species 12805 (11) 5526 (8) 3577 (13) 409 (9)

 Shigella species 75 (0.06) 43 (0.06) 02 (0.01) 00 (0)

 Vibrio cholerae 65 (0.06) 10 (0.01) 15 (0.1) 11 (0.24)
*Location type field was missing in 20 isolates

 Among the inpatients, the most commonly isolated priority pathogen was Escherichia
coli (29%) followed by Klebsiella spp. (25%), whereas in Intensive care units Klebsiella spp. (28%)
was the most commonly isolated pathogen followed by Acinetobacter spp. (20%) and
Escherichia coli (16%) (Table 5). Escherichia coli was also the most commonly isolated pathogen
from outpatient clinics (41%) and emergency departments (33%) (Table 5, Fig. 6).

17 | P a g e",,amr31.pdf | PDF page 19,verified,retrieval_context
NCDC_resistance_2025_NARS-Net_p020_c00,document_chunk,NCDC_resistance_2025_NARS-Net,amr31.pdf,resistance,2025,NARS-Net,20,,,"Location type field was missing in 20 isolates

Figure 6: Distribution of priority pathogen isolates by location-type

18 | P a g e",,amr31.pdf | PDF page 20,verified,retrieval_context
NCDC_resistance_2025_NARS-Net_p021_c00,document_chunk,NCDC_resistance_2025_NARS-Net,amr31.pdf,resistance,2025,NARS-Net,21,,,"1.2.3. AMR Surveillance of priority pathogens
1.2.3.1. Gram-Positive Cocci
 The AMR surveillance under NARS-Net covers the two most prevalent Gram-positive
bacterial human pathogens i.e., Staphylococcus aureus and Enterococcus species.

 Staphylococcus aureus

 During the 2025 reporting period, a total of 23,507 S. aureus isolates data was submitted
to NCDC (Table-3) constituting 11% of priority pathogens included in this annual report. AST
data analysis of 23,507 isolates revealed that majority of S. aureus were isolated from pus
specimens (67%). In this report, S. aureus was observed to be a significant cause of bacteremia
(29%) (Table 4).
 Approximately more than half of S. aureus isolated from blood (61%; 95% CI: 60.1-62.7)
were resistant to cefoxitin (a surrogate for mecA-mediated oxacillin resistance), while the
resistance to cefoxitin in pus aspirates (55%; 95% CI: 54.0-55.7) and other sterile body fluids
(55%; CI: 51.7-58.3) was lower in comparison to the blood isolates (Table 6). For analysis of
linezolid resistance in S. aureus, CLSI breakpoint for 2025 have been considered. Resistance to
Linezolid in S. aureus isolated from blood was found to be less than 1%, consistent with the
observations over last three years. Out of 14,833 isolates tested on Vancomycin screen agar,
no isolates showed growth on the vancomycin screen agar plate, hence no resistance was
observed to vancomycin.

Among the AMR Surveillance priority pathogens isolated in the data reporting period, S. aureus
was mainly isolated from inpatient wards followed by outpatient clinics and intensive care
settings (Table 5).

Among 11,090 isolates of MRSA all were sensitive to vancomycin and 7 isolates from blood
cultures were resistant to linezolid. All linezolid resistant isolates were confirmed at AMR-NRL
NCDC. Proportion of MRSA in blood has slightly increased from last year in all location settings,
from 63% to 65% in intensive care units, from 55% to 61% amongst inpatients and from 44% to
51% in outpatients (Fig. 7).

 Resistance to all the surveillance panel antibiotics was observed to be higher among",,amr31.pdf | PDF page 21,verified,retrieval_context
NCDC_resistance_2025_NARS-Net_p021_c01,document_chunk,NCDC_resistance_2025_NARS-Net,amr31.pdf,resistance,2025,NARS-Net,21,,,"isolates from intensive care settings than those from outpatient departments and the inpatient
wards (Fig. 7).

19 | P a g e",,amr31.pdf | PDF page 21,verified,retrieval_context
NCDC_resistance_2025_NARS-Net_p022_c00,document_chunk,NCDC_resistance_2025_NARS-Net,amr31.pdf,resistance,2025,NARS-Net,22,,,"Table 6: Resistance profile of Staphylococcus aureus (N=23,507)

 Blood (N=6,775) Pus Aspirate (N=15,677) Other Sterile Body Fluids (N=1,055)
 Antibiotic
 Number Number Number
 tested (%R) 95% CI (%R) 95% CI (%R) 95% CI
 Tested Tested Tested
 Cefoxitin 5538 61 60.1-62.7 13135 55 54.0-55.7 876 55 51.7-58.3

 Ciprofloxacin 5407 58 56.6-59.2 12119 75 73.9-75.5 860 58 55.0-61.7

 Clindamycin 6038 37 36.2-38.7 14471 22 20.9-22.2 961 31 27.9-33.8

 Doxycycline 5205 8 7.8-9.3 10445 4 3.8-4.6 746 6 4.5-8.1

 Erythromycin 6354 63 61.9-64.3 14816 53 52.2-53.8 965 55 51.7-58.1

 Gentamicin 5604 22 20.9-23.1 12763 22 21.0-22.5 899 19 16.1-21.3

 Linezolid 6375 0.2 0.1-0.3 14324 0.2 0.1-0.3 985 0.3 0.1-1.0

 TMP/SMX 5311 30 28.9-31.4 12522 21 20.3-21.7 862 25 22.3-28.2

 Teicoplanin 1178 9 7.7-11.1 2505 6 5.3-7.2 243 6 3.6-10.2
Alert pathogens confirmed at NRL have been included in the data TMP-SMX: Trimethoprim-Sulfamethoxazole

20 | P a g e",,amr31.pdf | PDF page 22,verified,retrieval_context
NCDC_resistance_2025_NARS-Net_p023_c00,document_chunk,NCDC_resistance_2025_NARS-Net,amr31.pdf,resistance,2025,NARS-Net,23,,,"100

 90
 Outpatient (N=514) Inpatient (N=4133) ICU (N=2125)
 80

 70 65 67
 61 61 61
 59
 % Resistance

 60 56
 51 50
 50 47

 40
 32 34
 28 29 30
 30 28
 20
 20 15 15
 12
 10 8 9 8
 5
 0.0 0.2 0.2
 0
 Cefoxitin Gentamicin Ciprofloxacin TMP/SMX Clindamycin Erythromycin Linezolid Teicoplanin Doxycycline
 Antibiotics Tested",,amr31.pdf | PDF page 23,verified,retrieval_context
NCDC_resistance_2025_NARS-Net_p023_c01,document_chunk,NCDC_resistance_2025_NARS-Net,amr31.pdf,resistance,2025,NARS-Net,23,,,"*Data of the emergency department was clubbed with data from inpatient wards; Location type for 3 isolate data is unknown TMP-SMX: Trimethoprim-Sulfamethoxazole

Figure 7: Resistance profile of S. aureus in blood (N=6775) by location type

21 | P a g e",,amr31.pdf | PDF page 23,verified,retrieval_context
NCDC_resistance_2025_NARS-Net_p024_c00,document_chunk,NCDC_resistance_2025_NARS-Net,amr31.pdf,resistance,2025,NARS-Net,24,,,"100

 90

 80 75
 73
 70

 60
% Resistance

 48
 50

 40 36
 29
 30 24

 20
 12
 10 6
 0.2
 0
 Gentamicin Ciprofloxacin TMP/SMX Clindamycin Erythromycin Linezolid Teicoplanin Doxycycline Tetracycline

 Antibiotics tested

Figure 8: Resistance profile of Methicillin Resistant S. aureus (MRSA) in blood (N=3,251)

22 | P a g e",,amr31.pdf | PDF page 24,verified,retrieval_context
NCDC_resistance_2025_NARS-Net_p025_c00,document_chunk,NCDC_resistance_2025_NARS-Net,amr31.pdf,resistance,2025,NARS-Net,25,,,"Enterococcus species

 Enterococcus species isolates comprised of 10% of the annual AMR data and
contributed to 49% of the Gram-positive cocci data reported during 2025 (Table 3). A total of
22,318 Enterococcus species isolates data was submitted by the NARS-Net sites (Fig. 2). Upon
analysis, isolation rates from specimen types, namely urine, blood, pus aspirates and other
sterile body fluids were 68%, 17%, 10% and 5% respectively (Table 4). Among Enterococcus
species isolated from blood, highest resistance was observed to erythromycin 79% (CI: 77.8-
80.6) followed by Ampicillin (69%, CI: 67.0-70.3) (Table 7). Notably resistance to vancomycin
(30%, CI: 28.1-31.8) has increased from previous three years while the resistance to teicoplanin
(24%, CI: 22.0-25.2) has slightly decreased from last year (26%). Resistance to linezolid (2.6%,
CI: 2.0-3.2) has slightly increased among blood isolates from last year’s report (1.7%).

 Among the urinary isolates, 58% were resistant to first-line antibiotic ampicillin (CI: 56.7-
58.4) and 50% to gentamicin-high (CI: 48.7-58.4). Highest resistance was observed to
ciprofloxacin (81%, CI: 80.62-82.0) and lowest was observed to linezolid 0.7 % (CI: 0.6-0.8).
Resistance to vancomycin among urinary isolates has decreased to 9% in 2025 from 12% in
2024 (Table 7).

 Majority of Enterococcus spp. isolates were from patients in IPD followed by OPD and
ICU (Table 5). AST analysis of blood isolates of Enterococcus spp. showed low level resistance
to linezolid in isolates from patients from IPD, ICUs and OPD (Fig. 9). The incidence of VRE
among blood isolates was 20% in both inpatients and ICU settings which has slightly decreased
from the previous year (22%) (Fig. 9). Higher vancomycin resistance was observed in blood
isolates (30%) followed by other sterile body fluids, urine and pus aspirates (Fig. 9, 10). Among
urinary isolates of Enterococcus species, 45% resistance was observed to nitrofurantoin in ICU
settings.

23 | P a g e",,amr31.pdf | PDF page 25,verified,retrieval_context
NCDC_resistance_2025_NARS-Net_p026_c00,document_chunk,NCDC_resistance_2025_NARS-Net,amr31.pdf,resistance,2025,NARS-Net,26,,,"Table 7: Resistance profile of Enterococcus species (N=22,318)

 Blood (N=3677) Pus Aspirate (N=2320) OSBF (N=1055) Urine (N=15,266)
 Antibiotic Tested Number Number Number Number
 (%R) 95% CI (%R) 95% CI (%R) 95% CI (%R) 95% CI
 Tested Tested Tested Tested
 Ampicillin 2969 69 67.0-70.3 1745 47 44.2-48.9 724 62 58.2-65.4 12111 58 56.7-58.4
 Doxycycline 3130 50 48.2-51.7 1478 29 26.7-31.4 668 31 27.4-34.5 4676 37 36.0-38.8
 Erythromycin 3218 79 77.8-80.6 1970 73 71.4-75.3 895 73 69.7-75.6 x
 Gentamicin-High 3433 3 2.2-3.3 1926 32 30.1-34.3 922 35 32.3-38.6 12948 50 48.7-50.4
 Linezolid 2999 2.6 2.0-3.2 2111 1 0.8-1.8 978 2 1.0-2.7 14511 0.7 0.6-0.8
 Teicoplanin 2648 24 22.0-25.2 1565 17 15.0-18.8 768 19 16.1-21.7 9842 15 14.3-15.7
 Vancomycin 2437 30 28.1-31.8 2069 8 7.0-9.4 970 14 12.2-16.7 14448 9 8.2-9.1
 Ciprofloxacin x x x 11980 81 80.6-82.0
 Fosfomycin x x x 7350 51 49.7-52.0
 Nitrofurantoin x x x 13273 36 35.1-36.8",,amr31.pdf | PDF page 26,verified,retrieval_context
NCDC_resistance_2025_NARS-Net_p026_c01,document_chunk,NCDC_resistance_2025_NARS-Net,amr31.pdf,resistance,2025,NARS-Net,26,,,"Tetracycline x x x 8420 73 72.1-74.0
*Alert pathogens confirmed at NRL, NCDC only were included in the data

24 | P a g e",,amr31.pdf | PDF page 26,verified,retrieval_context
NCDC_resistance_2025_NARS-Net_p027_c00,document_chunk,NCDC_resistance_2025_NARS-Net,amr31.pdf,resistance,2025,NARS-Net,27,,,"100
 90 Outpatient (N=198) Inpatient (N=1962) ICU (N=1516)
 80 79 80
 80 76
 68 69
 70
% Resistance

 60
 52
 49
 50 46

 40
 29 31 29
 30 26
 23 24
 18 20 20
 20
 10 3 2
 2
 0
 Ampicillin Gentamicin-High Erythromycin Linezolid Vancomycin Teicoplanin Doxycycline

 Antibiotics tested

*Data from the emergency department was clubbed with data from inpatient wards; the Location type for 1 isolate was unknown.

Figure 9: Resistance profile of Enterococcus species in blood (N=3,677) by location type

25 | P a g e",,amr31.pdf | PDF page 27,verified,retrieval_context
NCDC_resistance_2025_NARS-Net_p028_c00,document_chunk,NCDC_resistance_2025_NARS-Net,amr31.pdf,resistance,2025,NARS-Net,28,,,"100
 Outpatient (N=4603) Inpatient (N=8946) ICU (N=1715)
 90
 90
 84

 80 78
 76
 72 72
 69
 70 66
 64

 60
% Resistance

 55
 51 50 53
 50 45
 41 42
 39
 40 37
 34
 31
 30
 24",,amr31.pdf | PDF page 28,verified,retrieval_context
NCDC_resistance_2025_NARS-Net_p028_c01,document_chunk,NCDC_resistance_2025_NARS-Net,amr31.pdf,resistance,2025,NARS-Net,28,,,"21
 20 16
 15
 10 10
 10
 4
 0 0.9 1
 0
 Ampicillin Gentamicin-High Ciprofloxacin Fosfomycin Nitrofurantoin Linezolid Vancomycin Teicoplanin Doxycycline Tetracycline

 Antibiotics Tested

 *Data from the emergency department was clubbed with data from inpatient wards ; the Location type for 2 isolates is unknown.

 Figure 10: Resistance profile of Enterococcus species in urine (N=15,266) by location type

 26 | P a g e",,amr31.pdf | PDF page 28,verified,retrieval_context
NCDC_resistance_2025_NARS-Net_p029_c00,document_chunk,NCDC_resistance_2025_NARS-Net,amr31.pdf,resistance,2025,NARS-Net,29,,,"1.2.3.2. Gram-Negative Bacilli
 Seven Gram-Negative bacteria of public health importance are included under AMR
surveillance being coordinated at NARS-Net sites. These are Escherichia coli, Klebsiella species,
Pseudomonas species, Acinetobacter species, Salmonella enterica serovar Typhi and Paratyphi,
Shigella species and Vibrio cholerae.

1.2.3.2.1. Enterobacteriaceae
 Enterobacteriaceae accounted for 56% of all the priority pathogens.

 Escherichia coli

 E. coli (68,341) contributed to one-third of the total isolates data during the year 2025.
E coli was predominantly isolated from the urine specimens (69%) followed by pus aspirates
(21%), blood (6%) and other sterile body fluids (4%) respectively (Table 4).

E. coli isolates showed more than 50% resistance to all the tested antibiotics except
carbapenems, colistin and aminoglycosides. The highest resistance was observed to ampicillin
as noted in previous years (Table 8). High resistance to ciprofloxacin was observed ranging 73%
to 80% in all specimen types. Resistance to nitrofurantoin in urinary isolates showed an
increasing trend over last 4 years (increased from 9% in 2022 to 22% in 2025) (Table 8).

 Among third generation cephalosporins tested, resistance ranging between 79% to 85%
was observed in isolates from all specimen types. β-lactam-β-lactamase inhibitor combination
i.e. amoxicillin-clavulanate also had high resistance of 67% in blood isolates. Among
carbapenems, ertapenem (46%) had higher resistance than imipenem (39%) and meropenem
(38%) in E. coli blood isolates (Table 8). For colistin susceptibility testing, isolates were tested
using colistin agar dilution (ref: CLSI-M100 Ed. 35) and broth microdilution method, breakpoints
as per EUCAST guidelines were used. Among all the colistin resistant isolates submitted by the
NARS-Net sites, two isolates from blood (0.08%), one from OSBF (0.06%), two from pus
aspirates (0.02%) and thirteen from urine (0.05%) were confirmed as colistin resistant at AMR-
NRL, NCDC.

 Among the blood isolates of E. coli, resistance profile based on the location type showed",,amr31.pdf | PDF page 29,verified,retrieval_context
NCDC_resistance_2025_NARS-Net_p029_c01,document_chunk,NCDC_resistance_2025_NARS-Net,amr31.pdf,resistance,2025,NARS-Net,29,,,"higher resistance to all the antibiotics in the surveillance panel in isolates from the intensive
care units as compared to isolates from inpatient and outpatient departments (Fig. 11). Among
urinary isolates of ICU patients, 23% resistance was observed to nitrofurantoin. (Fig. 12)
Carbapenemase producing E. coli isolates were most frequently isolated from blood, followed
by pus and OSBF and least from urine specimens of patients in all location types (Fig 11; 12).
27 | P a g e",,amr31.pdf | PDF page 29,verified,retrieval_context
NCDC_resistance_2025_NARS-Net_p030_c00,document_chunk,NCDC_resistance_2025_NARS-Net,amr31.pdf,resistance,2025,NARS-Net,30,,,"Table 8: Resistance profile of Escherichia coli (N=68,341)

 Blood (N=3,795) PA (N=14,362) OSBF (N=2,958) Urine (N=47,226)
 Antibiotic Number Number Number Number
 Tested Tested (%R) 95% CI Tested (%R) 95% CI Tested (%R) 95% CI Tested (%R) 95% CI
Ampicillin 2313 89 87.8-90.4 8640 89 88.8-90.1 1759 91 89.0-91.8 33473 88 87.5-88.2
Amox-Clav 3003 67 65.0-68.4 11212 67 65.6-67.4 2218 68 66.3-70.2 34903 62 61.1-62.1
Pip-Taz 3436 53 51.0-54.3 12502 49 48.0-49.7 2536 56 54.0-57.9 39468 42 41.9-42.8
Cefuroxime 2030 80 78.3-81.8 7685 80 78.7-80.5 1375 86 84.0-87.7 23400 74 73.6-74.7
Ceftriaxone 2696 80 78.7-81.7 9057 78 77.2-78.9 1887 83 81.3-84.7 26628 72 71.3-72.4
Cefotaxime 1902 77 75.4-79.2 9293 79 77.8-79.4 1662 81 79.0-82.8 35029 74 73.7-74.6
Cefepime 3197 63 61.6-64.9 11176 60 59.1-60.9 2413 61 59.0-62.9 32263 53 52.3-53.4
Ertapenem 2000 46 43.5-47.9 7506 36 34.9-37.1 1481 45 42.4-47.5 20851 25 24.6-25.8
Imipenem 3192 39 37.5-40.9 11823 31 30.0-31.7 2349 36 34.1-38.0 34533 24 23.9-24.8",,amr31.pdf | PDF page 30,verified,retrieval_context
NCDC_resistance_2025_NARS-Net_p030_c01,document_chunk,NCDC_resistance_2025_NARS-Net,amr31.pdf,resistance,2025,NARS-Net,30,,,"Meropenem 2954 38 36.3-39.8 11585 29 28.3-30.0 2212 37 34.6-38.6 30262 22 21.4-22.3
Amikacin 3512 36 34.7-37.9 12587 28 27.4-29.0 2567 29 27.0-30.5 38720 29 28.5-29.4
Gentamicin 3258 40 38.3-41.7 11409 34 33.2-35.0 2371 34 32.0-35.9 37833 33 32.2-33.2
Ciprofloxacin 3230 74 72.6-75.6 11789 76 75.3-76.8 2377 78 76.3-79.7 37295 73 73.0-73.9
TMP-SMX 3085 58 56.0-59.5 11332 57 56.3-58.1 2334 57 55.5-59.5 39173 54 53.5-54.5
Colistin 2531 0.08 0-0.3 8304 0.02 0-0.1 1776 0.06 0-0.4 26119 0.05 0-0.1
Fosfomycin X X X 28059 5 4.8-5.3
Nitrofurantoin X X X 43497 22 21.6-22.4
Doxycycline X 3882 42 40.7-43.9 1006 48 44.6-50.9 X
 TMP/SMX - Trimethoprim/sulfamethoxazole
 x- Drug bug combination for the specimen type not included in the NARS-Net surveillance panel Amox-clav -Amoxicillin/Clavulanic acid

 28 | P a g e",,amr31.pdf | PDF page 30,verified,retrieval_context
NCDC_resistance_2025_NARS-Net_p031_c00,document_chunk,NCDC_resistance_2025_NARS-Net,amr31.pdf,resistance,2025,NARS-Net,31,,,"*Data from the emergency department was clubbed with data from inpatient wards. Pip-Taz: Piperacillin-Tazobactam
 Amox-Clav: Amoxicillin-Clavulanic acid
 TMP-SMX: Trimethoprim-Sulfamethoxazole

Figure 11: Resistance profile of Escherichia coli isolated from blood (N=3,795) by location type

29 | P a g e",,amr31.pdf | PDF page 31,verified,retrieval_context
NCDC_resistance_2025_NARS-Net_p032_c00,document_chunk,NCDC_resistance_2025_NARS-Net,amr31.pdf,resistance,2025,NARS-Net,32,,,"100
 90.99 Outpatient (23674) Inpatient (N=21550) ICU (N=1997)
 88 89
 90 84 86 84
 80.69 82.02 83
 79.36 78.52
 80 75
 72
 68.30 68 69 69
 70 66
 62.52 63
 60 59.53
% Resistance

 60
 52 51.01 50
 50 43 41 43
 40 39.35",,amr31.pdf | PDF page 32,verified,retrieval_context
NCDC_resistance_2025_NARS-Net_p032_c01,document_chunk,NCDC_resistance_2025_NARS-Net,amr31.pdf,resistance,2025,NARS-Net,32,,,"40 33.25 35 33 34.49
 32 31.18
 27.85 26
 30 25.49
 23
 18 20
 20 17 15 17

 10 4 5.20 5
 0.020.060.10
 0
 Ampicillin Amox-Clav Pip-Taz Cefuroxime Ceftriaxone Cefotaxime Cefepime Ertapenem Imipenem Meropenem Amikacin Gentamicin Ciprofloxacin TMP-SMX Fosfomycin Colistin Nitrofurantoin",,amr31.pdf | PDF page 32,verified,retrieval_context
NCDC_resistance_2025_NARS-Net_p032_c02,document_chunk,NCDC_resistance_2025_NARS-Net,amr31.pdf,resistance,2025,NARS-Net,32,,,"Antibiotics tested

 Pip-Taz: Piperacillin-Tazobactam, Amox-Clav: Amoxicillin-Clavulanic acid, and TMP-SMX: Trimethoprim-Sulfamethoxazole

 *Data from the emergency department was clubbed with data from inpatient wards; the Location type for 5 isolates was unknown.

 Figure 12: Resistance profile of Escherichia coli isolated from urine (N=47,226) by location type

 30 | P a g e",,amr31.pdf | PDF page 32,verified,retrieval_context
NCDC_resistance_2025_NARS-Net_p033_c00,document_chunk,NCDC_resistance_2025_NARS-Net,amr31.pdf,resistance,2025,NARS-Net,33,,,"Klebsiella species

 In the current data reporting period 52,597 isolates of Klebsiella species were reported.
The isolation of Klebsiella spp. in data reported by the sentinel sites was highest from urine
specimens (44%) followed by pus aspirate (31%), blood (18%) and OSBF (7%) (Table 4).

 Blood isolates showed more than 50% resistance to all tested antibiotics except for
colistin. ESBL producing Klebsiella species isolated from blood were higher (84%) in number
than from urine specimens (69%). Majority of carbapenemase producing Klebsiella species
were isolated from blood (58%-69%) followed by pus aspirates (46-53%), OSBF (46%-54%), and
urine specimens (36% - 42%). Forty five percent of the urinary isolates showed resistance to
aminoglycosides (amikacin and gentamycin); whereas more than half of the blood isolates were
resistant to aminoglycosides (amikacin; 63% and gentamicin; 56%) (Table 9). Approx. 58% of
urinary isolates showed resistance to nitrofurantoin.

 Resistance to the reserve antibiotic, colistin, was found to be highest in Klebsiella spp.
compared to other Gram-negative priority pathogens isolated from all the specimen types
which is similar to observations in previous year’s report. All colistin resistant isolates included
in this report have been confirmed at the AMR NRL at NCDC.

 Location type wise AST data revealed higher resistance to all the tested antibiotics in
Klebsiella species isolated from blood of ICU patients compared to the Klebsiella species
isolated from inpatients and outpatients (Fig. 13). Among carbapenems, ertapenem showed
highest resistance (72%) followed by meropenem (64%) and imipenem (64%) in blood isolates
from ICU patients. Similarly, high resistance was observed to third generation cephalosporins
viz. cefotaxime (86%), cefuroxime (87%) and ceftriaxone (87%) among blood isolates from
intensive care units.

31 | P a g e",,amr31.pdf | PDF page 33,verified,retrieval_context
NCDC_resistance_2025_NARS-Net_p034_c00,document_chunk,NCDC_resistance_2025_NARS-Net,amr31.pdf,resistance,2025,NARS-Net,34,,,"Table 9: Resistance profile of Klebsiella species (N=52,597)
 Blood (N=9,478) PA (N=16,379) OSBF (N=3,586) Urine (N=23,154)
 Antibiotic Number Number Number Number
 (%R) 95% CI (%R) 95% CI (%R) 95% CI (%R) 95% CI
 Tested Tested Tested Tested Tested
 Amox-Clav 7545 81 80.2-82.0 12600 73 72.0-73.6 2646 71 69.6-73.1 17569 67 66.3-67.7
 Pip-Taz 8289 68 67.4-69.4 14085 60 59.2-60.8 3064 58 56.0-59.5 19785 52 51.0-52.4
 Cefuroxime 4737 85 84.3-86.4 8761 77 76.0-77.7 1665 81 78.7-82.6 11559 70 69.1-70.8
 Ceftriaxone 6385 84 82.6-84.4 9988 75 73.9-75.6 2241 77 75.4-78.9 13243 66 65.5-67.1
 Cefotaxime 5073 82 80.6-82.8 10884 75 74.6-76.3 1914 75 72.8-76.7 16478 69 68.5-69.9
 Cefepime 7620 72 71.4-73.5 12626 65 64.5-66.1 2814 63 60.7-64.3 15348 58 57.1-58.7
 Ertapenem 4399 69 2.068652 7873 53 51.8-54.0 1698 54 51.2-56.0 9925 42 41.3-43.2
 Imipenem 7682 58 4.425931 13063 46 44.9-46.7 2729 46 44.2-48.0 16804 37 36.1-37.6",,amr31.pdf | PDF page 34,verified,retrieval_context
NCDC_resistance_2025_NARS-Net_p034_c01,document_chunk,NCDC_resistance_2025_NARS-Net,amr31.pdf,resistance,2025,NARS-Net,34,,,"Meropenem 6913 58 2.777376 13097 47 45.9-47.6 2595 48 45.6-49.5 15612 36 35.4-37.0
 Amikacin 8563 63 61.7-63.7 14132 52 50.9-52.6 3113 47 45.2-48.8 19241 45 44.0-45.4
 Gentamicin 7673 56 3.375473 12502 51 50.0-51.8 2830 47 45.0-48.7 18584 43 42.6-44.0
Ciprofloxacin 7739 69 68.4-70.5 13091 70 68.8-70.4 2781 65 62.9-66.5 17394 64 63.6-65.1
 TMP-SMX 7533 53 52.1-54.4 12647 58 56.7-58.4 2845 52.5 50.6-54.3 18925 52 51.4-52.8
 Colistin 6132 1.0 0.8-1.3 9203 0.3 0.2-0.4 2101 0.7 0.4-1.1 12818 0.4 0.3-0.5
 Doxycycline X 3864 37 35.8-38.9 1159 37 34.7-40.3 X

Nitrofurantoin X X X 20870 58 57.1-58.4
*Alert pathogens confirmed at NRL, NCDC only were included in the data
x- Drug bug combination for the specimen type not included in NARS-Net surveillance panel TMP-SMX – Trimethoprim-Sulfamethoxazole
 Amox-Clav -Amoxicillin-Clavulanic acid
 Pip-Taz- Piperacillin-Tazobactam

32 | P a g e",,amr31.pdf | PDF page 34,verified,retrieval_context
NCDC_resistance_2025_NARS-Net_p035_c00,document_chunk,NCDC_resistance_2025_NARS-Net,amr31.pdf,resistance,2025,NARS-Net,35,,,"100
 Outpatient (N=621) Inpatient (N=4599) ICU (N=4253)
 90 86 87 87 86
 85
 83
 77 78 79
 80 76 76 76
 72 72 70
 69 67
 70 67
 63 63 64 64 65
 61
 58
 60 56 55
% Resistance

 52 53 54 54 53 54",,amr31.pdf | PDF page 35,verified,retrieval_context
NCDC_resistance_2025_NARS-Net_p035_c01,document_chunk,NCDC_resistance_2025_NARS-Net,amr31.pdf,resistance,2025,NARS-Net,35,,,"50 49 50
 50 44
 42 43
 40

 30

 20

 10
 1 1 1
 0
 Amox-Clav Pip-Tazo Cefuroxime Ceftriaxone Cefotaxime Cefepime Ertapenem Imipenem Meropenem Amikacin Gentamicin Ciprofloxacin TMP-SMX Colistin

 Antibiotics Tested

 *Data from the emergency department was clubbed with data from inpatient wards; the Location type for 5 isolate is unknown Amox-Clav – Amoxicillin- Clavulanic acid
 PipTaz – Piperacillin-Tazobactam
 TMP-SMX – Trimethoprim-Sulfamethoxazole
 Figure 13: Resistance profile of Klebsiella species isolated from blood (N=9,478) by location type

 33 | P a g e",,amr31.pdf | PDF page 35,verified,retrieval_context
NCDC_resistance_2025_NARS-Net_p036_c00,document_chunk,NCDC_resistance_2025_NARS-Net,amr31.pdf,resistance,2025,NARS-Net,36,,,"Salmonella enterica serovar Typhi and Paratyphi

 In the current reporting period, data of 1176 Salmonella enterica serovar Typhi and
Paratyphi isolates was submitted to NCDC. Thirty-one of these isolates were from stool
specimens and 1145 isolates were from blood. Among the first line antibiotics, highest
resistance was observed to ciprofloxacin (42%). Low resistance to other first-line antibiotics like
ampicillin (10%), chloramphenicol (6%) and trimethoprim-sulfamethoxazole (6%) was observed
(Table 10). Thirty-eight isolates of S. enterica serovar Typhi were found to be resistant to
ceftriaxone and sixteen isolates were resistant to azithromycin. Three isolates of ceftriaxone
resistant S. enterica serovar Paratyphi were observed during 2025. One isolate each of
Salmonella Typhi and Paratyphi A were found to be resistant to imipenem. All the ceftriaxone
resistant, azithromycin resistant and imipenem resistant S. Typhi isolates included in this report
were confirmed at the AMR-NRL at NCDC.

Table 10: Resistance profile of Salmonella enterica Typhi and Paratyphi (N=1145) from
blood

 S. Typhi (N=1002) S. Paratyphi A (N=143)
 Antibiotic tested
 Number R Number R
 95% CI 95% CI
 tested (%) tested (%)

 Ampicillin 821 10 8.3-12.6 120 8 3.7-14.2

 Azithromycin 827 2 1.2-3.3 x

 Ceftriaxone 957 4 2.7-5.2 130 2 0.3-6.0

 Chloramphenicol 799 6 4.3-7.7 112 1 0-5.6

 Ciprofloxacin 958 42 39.0-45.4 131 27 19.5-35.3",,amr31.pdf | PDF page 36,verified,retrieval_context
NCDC_resistance_2025_NARS-Net_p036_c01,document_chunk,NCDC_resistance_2025_NARS-Net,amr31.pdf,resistance,2025,NARS-Net,36,,,"Imipenem 941 0.9 0.4-1.7 136 1 0-4.6

 Pefloxacin 640 91 88.0-92.7 87 86 76.8-92.4

 TMP-SMX 936 6 4.7-7.9 118 2 0.3-6.6
 Alert pathogens were confirmed at NRL, NCDC were included in the data for analysis; TMP-SMX: Trimethoprim
Sulfamethoxazole
*R stands for Resistance

34 | P a g e",,amr31.pdf | PDF page 36,verified,retrieval_context
NCDC_resistance_2025_NARS-Net_p037_c00,document_chunk,NCDC_resistance_2025_NARS-Net,amr31.pdf,resistance,2025,NARS-Net,37,,,"Table 11: Resistance profile of Salmonella enterica Typhi and Paratyphi (N=31) from stool
specimens
 S. Paratyphi A (N=17)
 S. Typhi (N=14)
 Antibiotic tested
 Number tested Number Number tested Number
 Resistant Resistant
 13 3 15 3
 Ampicillin

 11 1
 Azithromycin

 13 1 15 2
 Ceftriaxone

 12 8 13 0
 Chloramphenicol

 14 1 17 6
 Ciprofloxacin

 13 0 16 1
 Imipenem

 11 11 12 9
 Pefloxacin

 13 2 15 1
 TMP-SMX

 Shigella species

In the current reporting period, data of 120 Shigella species isolates from stool specimens was
submitted. In these Shigella species isolates, resistance was found to be highest to ciprofloxacin
(81%) followed by ampicillin (77%) and Trimethoprim/ Sulfamethoxazole (55%). Least resistance
was observed to chloramphenicol (3%) (Table 11).

Table 11: Resistance profile of Shigella species (N=120) from stool specimens

 Resistance
 Antibiotics tested Number tested 95% CI
 (%)
 Ampicillin 110 77 68.1-84.5",,amr31.pdf | PDF page 37,verified,retrieval_context
NCDC_resistance_2025_NARS-Net_p037_c01,document_chunk,NCDC_resistance_2025_NARS-Net,amr31.pdf,resistance,2025,NARS-Net,37,,,"Azithromycin 105 31 22.9-41.3

 Ceftriaxone 113 45 35.8-54.8

 Chloramphenicol 96 3 0.8-9.5

 Ciprofloxacin 105 81 71.9-87.7

 106 55 44.8-64.3
 Trimethoprim/ Sulfamethoxazole

35 | P a g e",,amr31.pdf | PDF page 37,verified,retrieval_context
NCDC_resistance_2025_NARS-Net_p038_c00,document_chunk,NCDC_resistance_2025_NARS-Net,amr31.pdf,resistance,2025,NARS-Net,38,,,"1.2.3.2.2. Non-Fermenting Gram-Negative Bacilli

 Among the non-fermenting Gram-Negative bacilli (NF GNB) included in the data
submitted during January-December 2025 from the NARS-Net sentinel surveillance sites,
Pseudomonas species was the most frequently isolated pathogen from 26,637 isolates followed
by Acinetobacter species (22,711). Among the NF GNB, Pseudomonas species was the
predominant isolate from inpatients, while Acinetobacter species was the predominant isolate
from patients in ICU settings (Table 5).

 Pseudomonas species

 Pseudomonas spp. isolates included in the data during current reporting period were
most commonly isolated from pus aspirates (48%), urine (28%), blood (16%), and other sterile
body fluid (8%) specimens (Table 4).

 Blood culture isolates of Pseudomonas species showed highest resistance (37%; CI: 35.9-
38.9) to third-generation cephalosporin (ceftazidime) followed by amikacin (29%) 27.6-30.6,
ciprofloxacin (27%; CI: 26.0-28.9) and gentamicin (27%; CI: 25.0-28.3) amongst first line agents
for treating Pseudomonas species infections. Among pus aspirates, ceftazidime and
ciprofloxacin showed similar resistance i.e. 42% & 43% respectively. The resistance to
ceftazidime and ciprofloxacin in isolates from other sterile body fluids was 36% & 35%
respectively. Among the second line antibiotics, resistance to imipenem and aztreonam was
less than 40% (Table 12).

 Among urinary isolates, 54% Pseudomonas spp. isolates were resistant to ciprofloxacin,
53% to ceftazidime, 45% to gentamicin, 40% to aztreonam and 33% to piperacillin-tazobactam.
(Table 12). For the reserve group of antibiotic, namely colistin, twenty isolates from blood
cultures (0.7%), four from pus aspirate (0.1%) and four from urine (0.1%) were found to be
resistant (Table 12).

 Isolates of Pseudomonas spp. from blood cultures of patients in Intensive care units,
Inpatient and outpatient departments showed highest resistance to ceftazidime and aztreonam
among the tested antibiotics (Fig. 14). Among blood isolates from ICU patients, low resistance",,amr31.pdf | PDF page 38,verified,retrieval_context
NCDC_resistance_2025_NARS-Net_p038_c01,document_chunk,NCDC_resistance_2025_NARS-Net,amr31.pdf,resistance,2025,NARS-Net,38,,,"was observed to netilmicin (18%), piperacillin-tazobactam (22%) and meropenem (23%) (Fig.
14).

36 | P a g e",,amr31.pdf | PDF page 38,verified,retrieval_context
NCDC_resistance_2025_NARS-Net_p039_c00,document_chunk,NCDC_resistance_2025_NARS-Net,amr31.pdf,resistance,2025,NARS-Net,39,,,"Table 12: Resistance profile of Pseudomonas species (N=26,637)

 Blood (N=4,478) Pus Aspirate (N=12,739) OSBF (N=2,369) Urine (N=7,051)
 Antibiotic Number Number Number Number
 Tested (%R) 95 % CI (%R) 95 % CI (%R) 95 % CI (%R) 95 % CI
 Tested Tested Tested Tested
 Amikacin 3572 29 27.6-30.6 9584 33 31.9-33.8 1805 24 21.8-25.8 6091 42 40.4-42.9

Aztreonam 2960 36 34.4-37.9 8322 27 25.9-27.8 1584 29 26.5-31.0 4862 39 37.2-39.9

Ceftazidime 3906 37 35.9-38.9 11146 42 40.9-42.7 2098 36 34.1-38.2 6216 53 51.8-54.3

Ciprofloxacin 3757 27 26.0-28.9 10328 43 41.7-43.6 1947 35 32.4-36.7 5628 54 53.0-55.6

 Colistin 2886 0.7 0.5-1.1 7200 0.1 0.1-0.3 1537 0.5 0.2-1.1 4246 0.1 0-0.2

Gentamicin 2866 27 25.0-28.3 7406 36 34.7-36.9 1457 24 22.3-26.7 4488 45 43.5-46.4

 Imipenem 3850 33 32.0-35.0 10743 28 27.4-29.2 1996 31 28.8-32.8 5787 43 41.3-43.9

Meropenem 3588 27 25.7-28.6 10455 27 25.7-27.4 1582 30 28.0-32.6 4776 40 38.8-41.6

 Netilmicin 2224 19 17.9-21.2 6217 30 28.9-31.2 1151 22 19.6-24.4 3686 41 39.4-42.6
Piperacillin/",,amr31.pdf | PDF page 39,verified,retrieval_context
NCDC_resistance_2025_NARS-Net_p039_c01,document_chunk,NCDC_resistance_2025_NARS-Net,amr31.pdf,resistance,2025,NARS-Net,39,,,"4017 24 23.0-25.6 11310 27 26.0-27.6 2082 23 21.5-25.1 6355 33 31.6-33.9
Tazobactam
 Alert pathogens confirmed at NRL, NCDC only were included in the data

 37 | P a g e",,amr31.pdf | PDF page 39,verified,retrieval_context
NCDC_resistance_2025_NARS-Net_p040_c00,document_chunk,NCDC_resistance_2025_NARS-Net,amr31.pdf,resistance,2025,NARS-Net,40,,,"45
 41 41 Outpatient (N=411) Inpatient (N=2271) ICU (N=1796)
 39
 40
 36
 35 33 33 33
 32 33 32
 31 31
 29 29 29
 30 28 28 29
 27
 26
 25
% Resistance

 25 23 24
 22 21
 20 19
 18

 15

 10

 5",,amr31.pdf | PDF page 40,verified,retrieval_context
NCDC_resistance_2025_NARS-Net_p040_c01,document_chunk,NCDC_resistance_2025_NARS-Net,amr31.pdf,resistance,2025,NARS-Net,40,,,"2
 0.4 1
 0
 Pip-Taz Ceftazidime Aztreonam Imipenem Meropenem Amikacin Gentamicin Netilmicin Ciprofloxacin Colistin

 Antibiotics Tested

 *Data from the emergency department was clubbed with data from inpatient wards PipTaz – Piperacillin-Tazobactam

 Figure 14: Resistance profile of Pseudomonas species isolated from blood (N=4,478) by location type

 38 | P a g e",,amr31.pdf | PDF page 40,verified,retrieval_context
NCDC_resistance_2025_NARS-Net_p041_c00,document_chunk,NCDC_resistance_2025_NARS-Net,amr31.pdf,resistance,2025,NARS-Net,41,,,"Acinetobacter spp.

 Data of a total of 22,711 Acinetobacter species isolates were submitted by network sites
during this reporting period of Jan – Dec 2025. Among all specimen types included under the
programme, Acinetobacter species was most commonly isolated from blood (39%) followed by
pus aspirates (30%), urine (18%) and other sterile body fluid specimens (12%) (Table 4).

 High resistance was observed to all the tested antibiotics including Minocycline in
isolates from blood, pus specimens and other sterile body fluids in ICU patients (Fig. 15). Blood
isolates showed the highest resistance to ceftazidime (75%; CI: 74.2-76.2) followed by Imipenem
(70%; CI: 69.0-71.1). Alarmingly high level of resistance to second line antimicrobial agents viz.
imipenem (70%) and meropenem (67%) was observed among the blood isolates (Table 13).
Sixty-nine percent of isolates from pus specimens and 62% from other sterile body fluids were
resistant to imipenem. Twenty-five isolates from blood, two from OSBF, 7 from pus aspirates
and 4 isolates of urine were resistant to colistin (Table 13).

39 | P a g e",,amr31.pdf | PDF page 41,verified,retrieval_context
NCDC_resistance_2025_NARS-Net_p042_c00,document_chunk,NCDC_resistance_2025_NARS-Net,amr31.pdf,resistance,2025,NARS-Net,42,,,"Table 13: Resistance profile of Acinetobacter species (N=22,711)

 Blood (N=8,890) OSBF (N=2,972) PA (N=6,804) Urine (N=4,045)
 Number Number Number Number
 Antibiotic Tested (%R) 95% CI (%R) 95% CI (%R) 95% CI (%R) 95% CI
 Tested Tested Tested Tested
 Amp-Sul 4144 54 52.2-55.2 1532 45 42.6-47.6 3713 60 58.7-61.9 1742 38 36.1-40.7
 Pip-Taz 7664 65 63.6-65.7 2610 58 56.2-60.1 5874 69 67.8-70.2 3265 43 41.3-44.7
 Ceftazidime 7044 75 74.2-76.2 2335 69 66.8-70.6 5037 77 76.1-78.5 2983 62 60.4-63.9
 Imipenem 7240 70 69.0-71.1 2076 62 59.9-64.1 5392 69 67.8-70.3 2873 43 41.6-45.2
 Meropenem 6159 67 65.4-67.8 2264 59 56.8-60.9 5407 66 64.9-67.5 2223 41 38.5-42.7
 Amikacin 7885 61 60.3-62.5 2648 53 50.8-54.6 5745 67 66.2-68.7 2987 42 40.7-44.2
 Gentamicin 7061 62 61.3-63.5 2548 53 51.2-55.1 5463 66 64.8-67.4 3096 42 40.2-43.7
 Ciprofloxacin 7029 64 63.1-65.3 2097 59 57.2-61.4 5331 73 71.4-73.8 2983 52 50.5-54.1",,amr31.pdf | PDF page 42,verified,retrieval_context
NCDC_resistance_2025_NARS-Net_p042_c01,document_chunk,NCDC_resistance_2025_NARS-Net,amr31.pdf,resistance,2025,NARS-Net,42,,,"TMP-SMX 6621 54 53.1-55.6 2215 55 52.8-56.9 4802 70 68.6-71.2 2949 45 43.5-47.1
 Colistin 5071 0.5 0.3-0.8 1855 0.1 0-0.4 3647 0.2 0.1-0.4 1764 0.2 0-0.5
 Minocycline 5346 28 26.5-29.0 1879 23 20.9-24.7 3842 32 30.4-33.3 1896 24 22.2-26.1
 Tetracycline X x x 1549 42 39.3-44.3
*Alert pathogens confirmed at NRL, NCDC only were included in the data
 TMP-SMX: Trimethoprim-Sulfamethoxazole
 Amp-Sul: Ampicillin-Sulbactam
 Pip-Taz: Piperacillin-Tazobactam

40 | P a g e",,amr31.pdf | PDF page 42,verified,retrieval_context
NCDC_resistance_2025_NARS-Net_p043_c00,document_chunk,NCDC_resistance_2025_NARS-Net,amr31.pdf,resistance,2025,NARS-Net,43,,,"100 TMP-SMX: Trimethoprim-Sulfamethoxazole
 Pip-Taz: Piperacillin-Tazobactam
 90 Outpatient (N=671) Inpatient (N=4454) ICU (N=3764)
 81
 80 77
 72 72 72 71 72 72
 70 66
 63 63
 59 59 59 59
 % Resistance

 60 55 54 56 55
 53
 49 50 48 50 51
 50 47 46

 40
 29
 30 26 27

 20

 10",,amr31.pdf | PDF page 43,verified,retrieval_context
NCDC_resistance_2025_NARS-Net_p043_c01,document_chunk,NCDC_resistance_2025_NARS-Net,amr31.pdf,resistance,2025,NARS-Net,43,,,"1 0.4 1
 0
 Amp-Sul Pip-Taz Ceftazidime Imipenem Meropenem Amikacin Gentamicin Ciprofloxacin TMP-SMX Colistin Minocycline

 Antibiotics Tested

* Data from the emergency department was clubbed with data from inpatient wards; the Location type for 1 isolate is unknown.

Figure 15: Resistance profile of Acinetobacter species isolated from blood (N=8,890) by location type

41 | P a g e",,amr31.pdf | PDF page 43,verified,retrieval_context
NCDC_resistance_2025_NARS-Net_p044_c00,document_chunk,NCDC_resistance_2025_NARS-Net,amr31.pdf,resistance,2025,NARS-Net,44,,,"1.2.3.2.3. Vibrionaceae

 Vibrio cholerae

In the current reporting period (Jan – Dec 2025), data of 106 isolates of Vibrio cholerae
confirmed at AMR-NRL has been analyzed. The highest resistance was observed to
trimethoprim/sulfamethoxazole and ampicillin i.e. 18% for both while no resistance to
chloramphenicol. All isolates were not tested to all surveillance panel antibiotics. (Table 14)

Table 14: Resistance profile of Vibrio cholerae (N=106)

 Antibiotic Tested Number Tested Resistant (%) 95% CI

 Ampicillin 95 18 11.1-27.4
 Trimethoprim/ Sulfamethoxazole 103 18 11.7-27.6
 Azithromycin 86 5 1.5-12.1
 Chloramphenicol 91 0 0.0-5.0
 Doxycycline 88 1 0.1-7.1
 Tetracycline 96 2 0.4-8.0

1.2.4. AMR Trends

 AMR Surveillance Data from NARSNET sites has been analyzed over last 8 years from 2017
to 2025. During 2020, data reported was small in volume due to the COVID pandemic. Trend
analysis of MRSA isolated from blood showed slight increase in MRSA proportion from 59%
(2021) to 61% (2025) (Fig. 16). This increase in proportion of MRSA may be attributed to the
increase in data volume as submitted by the network sites. Trend analysis of VRE isolated from
blood showed continuous increase from 2021 (11%) to 2025 (30%) (Fig. 18). Trend analysis for
ESBL producing E. coli isolated from blood showed an increase over the last 4 years from 2021
(76%) to 2024 (81%), in 2025 the trend is similar to the previous year (80%) (Fig. 19). The trends
observed for ESBL producing Klebsiella spp. from blood specimens showed consistently high
level of resistance ranging from 81% (2021) to 84% (2024) and in 2025 similar resistance level",,amr31.pdf | PDF page 44,verified,retrieval_context
NCDC_resistance_2025_NARS-Net_p044_c01,document_chunk,NCDC_resistance_2025_NARS-Net,amr31.pdf,resistance,2025,NARS-Net,44,,,"was observed (83%) (Fig. 19). Four-year trend analysis of carbapenemase producing Klebsiella
species has shown consistent increase (Fig 21, 22). While for other organisms like E. coli,

42 | P a g e",,amr31.pdf | PDF page 44,verified,retrieval_context
NCDC_resistance_2025_NARS-Net_p045_c00,document_chunk,NCDC_resistance_2025_NARS-Net,amr31.pdf,resistance,2025,NARS-Net,45,,,"Pseudomonas spp., and Acinetobacter spp., the resistance to carbapenems has slightly
decreased which may be due to increase in the volume of data received over the years.

Figure 16: Trends of Methicillin-resistant S. aureus (MRSA) isolated from blood (2017-2025)

 7000 2%
 6282 6375
 5761 5827
 6000

 4892
 5000 4648

 4000 3519
 3303 1%
 1%
 1% 0.90% 1%
 3000

 2000

 1000
 0.20% 0.20%
 0.08%
 0 0% 0%
 2018 2019 2020 2021 2022 2023 2024 2025

 Number tested Linezolid Resistance

*Alert pathogens confirmed at NRL, NCDC only were included in the data; CLSI breakpoint for 2023-25 were considered for
analysis of linezolid resistance in S.aureus

Figure 17: Trends of Linezolid resistant Staphylococcus aureus isolated from blood (2018 to
2025)

43 | P a g e",,amr31.pdf | PDF page 45,verified,retrieval_context
NCDC_resistance_2025_NARS-Net_p046_c00,document_chunk,NCDC_resistance_2025_NARS-Net,amr31.pdf,resistance,2025,NARS-Net,46,,,"3500 3273 35%

 3000 30% 30%
 2576
 2437
 2500 25% 25%
 22%
 2000 1809 20%
 1563 19%
 1500 16% 15%
 1000 1004 13%
 1000 11% 10%
 627 9%
 500 5%

 0 0%
 2018 2019 2020 2021 2022 2023 2024 2025

 Number tested Vancomycin Resistance

*Alert pathogens confirmed at NRL, NCDC only were included in the data

Figure 18: Trends of Vancomycin resistant Enterococcus sp. (VRE) isolated from blood (2018-
2025)

 3000 88%
 2696",,amr31.pdf | PDF page 46,verified,retrieval_context
NCDC_resistance_2025_NARS-Net_p046_c01,document_chunk,NCDC_resistance_2025_NARS-Net,amr31.pdf,resistance,2025,NARS-Net,46,,,"86% 86%
 2500
 84%
 2078
 1986
 2000 82% 82% 82%
 81%
 80% 81% 80% 80%
 1428
 1500
 1155 78%

 1000 841 76% 76%
 76%
 654
 74%
 437
 500
 243 72%

 0 70%
 2017 2018 2019 2020 2021 2022 2023 2024 2025

 Number Tested Proportion of E.coli ESBL

Figure 19: Trends of Extended spectrum beta-lactamase (ESBL) producing E. coli isolated from
blood (2017-2025)

44 | P a g e",,amr31.pdf | PDF page 46,verified,retrieval_context
NCDC_resistance_2025_NARS-Net_p047_c00,document_chunk,NCDC_resistance_2025_NARS-Net,amr31.pdf,resistance,2025,NARS-Net,47,,,"7000 92%

 6000 90% 90% 5729 90%
 89%
 88%
 5000

 86% 4060 4170 86%
 4000 3631
 84%
 3054 84%
 2810 84% 83%
 3000
 2181 82% 82%
 81%
 2000
 1346 80%
 971
 1000 78%

 0 76%",,amr31.pdf | PDF page 47,verified,retrieval_context
NCDC_resistance_2025_NARS-Net_p047_c01,document_chunk,NCDC_resistance_2025_NARS-Net,amr31.pdf,resistance,2025,NARS-Net,47,,,"2017 2018 2019 2020 2021 2022 2023 2024 2025

 Number Tested Proportion of Klebsiella ESBL

Figure 20: Trends of Extended-Spectrum Beta-Lactamase (ESBL) producing Klebsiella spp. in
blood (2017-2025)

 100
 2022 2023 2024 2025
 90
 Proportion of Carbapenem Resistance

 80

 70

 60

 50

 40

 30 59 62
 54
 43 47
 20 40 41
 35
 10

 0
 E.coli Klebsiella species

Figure 21: Four-year trend analysis (2022-2025) of Carbapenemase producing E. coli and
Klebsiella species isolated from blood

45 | P a g e",,amr31.pdf | PDF page 47,verified,retrieval_context
NCDC_resistance_2025_NARS-Net_p048_c00,document_chunk,NCDC_resistance_2025_NARS-Net,amr31.pdf,resistance,2025,NARS-Net,48,,,"100
 Proportion of Carbapenem Resistance 2022 2023 2024 2025
 90
 80
 70
 60
 50
 40
 67 70 68
 30 59
 20 35 35
 27 30
 10
 0
 Pseudomonas species Acinetobacter species

Figure 22: Four-year trend analysis (2022-2025) of Carbapenemase producing Pseudomonas
species and Acinetobacter species isolated from blood

46 | P a g e",,amr31.pdf | PDF page 48,verified,retrieval_context
NCDC_resistance_2025_NARS-Net_p049_c00,document_chunk,NCDC_resistance_2025_NARS-Net,amr31.pdf,resistance,2025,NARS-Net,49,,,"1.2.5. Molecular Detection and Characterization of Priority Bacterial Pathogens

 Under the National Programme on Antimicrobial Resistance (AMR) Containment, the
Antimicrobial Resistance National Reference Laboratory (AMR-NRL) for bacterial pathogens
established at the Centre for Bacterial Diseases and Drug Resistance Research (CBDDR),
National Centre for Disease Control (NCDC), Delhi, received a total of 2,197 carbapenem-
resistant Gram-negative bacterial isolates and 170 vancomycin-resistant Enterococcus spp.
NARS-Net network sites for confirmation as a part of the External Quality Assurance Scheme
(EQAS) and as emerging AMR alerts.

 Among the 2,197 carbapenem-resistant Gram-negative isolates, 509 (23%) were
Escherichia coli, 744 (34%) were Klebsiella spp., 527 (24%) were Acinetobacter spp., and 417
(19%) were Pseudomonas spp. All isolates were confirmed at the AMR-NRL, CBDDR, NCDC using
standard biochemical identification methods and phenotypic antimicrobial susceptibility
testing in accordance with established laboratory protocols.

 For molecular characterization of carbapenem resistance, 522 representative isolates
were randomly selected from different geographical regions of India, including North, South,
East, West, Central, and North-East India, to ensure regional representation. Conventional
polymerase chain reaction (PCR) was performed to detect the New Delhi metallo-β-lactamase
(NDM) and Oxacillinase-48 (OXA-48) carbapenemase genes. The selected isolates comprised
136 Escherichia coli, 152 Klebsiella spp., 136 Acinetobacter spp., and 98 Pseudomonas spp.

 For molecular characterization of vancomycin resistance, all 170 vancomycin-resistant
Enterococcus spp. received at the AMR-NRL, CBDDR, NCDC were analysed by conventional PCR
for the detection of the Vancomycin Resistance Gene Cluster A (vanA) and Vancomycin
Resistance Gene Cluster B (vanB) genes.

1.2.5.1 Molecular characterization of Carbapenemase-Encoding Genes (blaNDM
and blaOXA-48) in Gram-Negative Bacterial Isolates

 Among the 152 carbapenem-resistant Klebsiella spp. (CRK) isolates tested for NDM and",,amr31.pdf | PDF page 49,verified,retrieval_context
NCDC_resistance_2025_NARS-Net_p049_c01,document_chunk,NCDC_resistance_2025_NARS-Net,amr31.pdf,resistance,2025,NARS-Net,49,,,"OXA-48 carbapenemase genes by PCR, 75 (49.34%) were positive for the NDM gene, 8 (5.26%)
carried the OXA-48 gene, and 64 (42.10%) harboured both NDM and OXA-48 genes. These
findings indicate a high prevalence of NDM-mediated carbapenem resistance among the
Klebsiella spp. isolates and a substantial proportion of isolates carrying both NDM and OXA-48
genes.

47 | P a g e",,amr31.pdf | PDF page 49,verified,retrieval_context
NCDC_resistance_2025_NARS-Net_p050_c00,document_chunk,NCDC_resistance_2025_NARS-Net,amr31.pdf,resistance,2025,NARS-Net,50,,,"80

 70

 60

 50
 No. of Isolates

 40

 30

 20

 10

 0
 NDM OXA-48 NDM & OXA-48

 AMR Determinants in CRK

Figure 23: Distribution of NDA & OXA-48 gene in Klebsiella species

Out of 136 carbapenem-resistant Escherichia coli (CRE) isolates tested for presence of NDM and
OXA-48 carbapenemase genes by PCR, 88 (64.70%) were positive for the NDM gene, 3 (2.20%)
carried the OXA-48 gene, and 39 (28.67%) harboured both NDM and OXA-48 genes. These
findings indicate that NDM is the predominant carbapenem resistance gene among the E. coli
isolates, either alone or in combination with OXA-48.

 100
 90
 80
 70
 No of Isolates

 60
 50
 40
 30
 20
 10
 0
 NDM OXA-48 NDM & OXA-48

 AMR Determinants in CRE

Figure 24: Distribution of NDA & OXA-48 gene in E. coli

 PCR to detect the presence of NDM and OXA-48 carbapenemase genes performed on
136 carbapenem-resistant Acinetobacter spp. (CRA) isolates, showed 92 isolates (67.64%)
having the NDM gene, 5 (3.67%) carried the OXA-48 gene, and 14 (10.29%) harboured both
NDM and OXA-48 genes. These findings indicate that NDM is the predominant carbapenem
resistance gene in the Acinetobacter spp. isolates.

48 | P a g e",,amr31.pdf | PDF page 50,verified,retrieval_context
NCDC_resistance_2025_NARS-Net_p051_c00,document_chunk,NCDC_resistance_2025_NARS-Net,amr31.pdf,resistance,2025,NARS-Net,51,,,"100
 90
 80
 70
 No of Isolates

 60
 50
 40
 30
 20
 10
 0
 NDM OXA-48 NDM & OXA-48
 AMR Determinants in CRA

Figure 25: Distribution of NDA & OXA-48 gene in Acinetobacter species

 PCR was also performed on 98 carbapenem-resistant Pseudomonas species (CRP)
isolates to detect the presence of NDM and OXA-48 carbapenemase genes. Among the 98
isolates tested, 67 (68.36%) were positive for the NDM gene, 3 (3.06%) carried the OXA-48
gene, and 8 (8.16%) harboured both NDM and OXA-48 genes. These findings indicate that NDM
is the predominant carbapenem resistance gene among the Pseudomonas species isolates.

 80

 70

 60
 No of Isolates

 50

 40

 30

 20

 10

 0
 NDM OXA-48 NDM & OXA-48
 AMR Determinants in CRP

Figure 26: Distribution of NDA & OXA-48 gene in Pseudomonas species

1.2.5.2 Molecular Characterization of Vancomycin Resistant Genes (vanA and
vanB) in Enterococcus species
 A total of 157 vancomycin-resistant Enterococcus spp. isolates were screened for the
presence of vanA and vanB genes by PCR. Among these, 119 isolates (75.79%) were positive for
49 | P a g e",,amr31.pdf | PDF page 51,verified,retrieval_context
NCDC_resistance_2025_NARS-Net_p052_c00,document_chunk,NCDC_resistance_2025_NARS-Net,amr31.pdf,resistance,2025,NARS-Net,52,,,"the vanA gene, while none of the isolates carried the vanB gene. The results indicate that the
vanA gene is the predominant mechanism of vancomycin resistance among the Enterococcus
species isolates.

 140

 120

 100
 No of Isolates

 80

 60

 40

 20

 0
 vanA vanB vanA & van B

 vancomycin Resistant genes in Enterococcus

Figure 27: Distribution of vanA & vanB genes in Enterococcus species

1.2.6. Discussion

 This report is the ninth annual report of the National AMR Surveillance Network (NARS-
Net). This report includes 2,17,513 isolates AST data submitted by 62 sites. Like the previous
year's findings, one-third of the pathogens in the AMR Surveillance data for 2025 were
Escherichia coli (31%). Among the urinary isolates, E. coli (44.5%) was the most commonly
isolated priority pathogen, and urine was the most common specimen type (45%). As
consistent with previous reports, S. aureus was most commonly isolated from pus aspirates
(67%). Klebsiella species was most commonly isolated pathogen from urine (44%) and pus
specimens (31%).

 Quality of AMR surveillance data submitted by the NARSNET sites has been ensured by
continuous hands-on laboratory and data management trainings, site support visits, monthly
data quality monitoring and feedback calls, and annual review meetings. EQAS program and
confirmation of AMR Alert isolates at AMR-NRL, CBDDR, NCDC also played an essential role in
improving data quality of NARS-Net sites. Moreover, many of the sites are strictly performing
internal quality control of media and antibiotic discs as per recommendations under the
programme.

 Compared to the previous year, the number of sites submitting data has increased from
54 to 62 sites situated in 34 states/UTs. Quality of colistin susceptibility testing has improved
over the years, as more than 50 sentinel sites have standardized and are performing colistin
50 | P a g e",,amr31.pdf | PDF page 52,verified,retrieval_context
NCDC_resistance_2025_NARS-Net_p053_c00,document_chunk,NCDC_resistance_2025_NARS-Net,amr31.pdf,resistance,2025,NARS-Net,53,,,"agar dilution and colistin broth microdilution (BMD) tests. The wet lab trainings on agar dilution
and broth microdilution are conducted on an annual basis as per need for NARS-Net sites.

 The AMR surveillance data in the current report like previous years continues to have
the limitation of samples for culture and sensitivity being referred only for patients requiring
admission and often not responding to the first line of antibiotics. This limitation has the
potential to skew the AMR trends to higher side than the actual trends.
Trend analysis over last 5 years for ESBL producing E. coli from blood has shown high prevalence
over the years (Fig. 19). This may be attributed to higher usage of third generation
cephalosporins for all the Gram-negative priority surveillance pathogens. High percentage of
resistance to third-generation cephalosporins and carbapenems in E. coli and Klebsiella species
and Acinetobacter species in India is a matter of concern. These findings highlight serious
challenges in treatment options for patients with infections caused by these priority bacterial
pathogens.

 There has been a gradual increase in the proportion of Vancomycin-resistant
Enterococcus (VRE) from blood specimens (from 11% in 2021 to 30% in 2025). (Fig. 18) Linezolid
resistance (2.6%) in blood isolates of Enterococcus species is slightly higher than that reported
last year. No Vancomycin-intermediate Staphylococcus aureus (VISA) or Vancomycin-resistant
Staphylococcus aureus (VRSA) has been reported over last 9 years. Trend analysis of MRSA
isolated from blood over the past 5 years shows a gradual increase to 61% in 2025. (Fig 16).
Among MRSA from blood specimens, highest resistance was observed to erythromycin (75%)
followed by ciprofloxacin (73%) and Clindamycin (48%) (Fig 8). The data of S. aureus continues
to be affected by the challenge of accurate identification of S. aureus using phenotypic methods
like hemolysis on sheep blood agar, slide coagulase and Mannitol Salt Agar.

 An increase in Salmonella Typhi isolates has been observed over the years with",,amr31.pdf | PDF page 53,verified,retrieval_context
NCDC_resistance_2025_NARS-Net_p053_c01,document_chunk,NCDC_resistance_2025_NARS-Net,amr31.pdf,resistance,2025,NARS-Net,53,,,"increasing resistance to the first line antibiotics namely ceftriaxone - 1.4% in 2024 to 4% in 2025.
Resistance to azithromycin has increased from 0.3 % in 2024 to 2% in 2025 and resistance ti
Imipenem has increased from 0 (2024) to 0.9 % in 2025. Regarding sensitivity of Salmonella
Typhi to fluoro-quinolones, the discrepant rates of resistance against Ciprofloxacin and
Pefloxacin in Salmonella Typhi isolates maybe explained by the differing baseline affinities of
ciprofloxacin and pefloxacin to the targeted enzymes DNA Gyrase (gyr A and gyr B subunits).
Ser 83 and Asp 87 mutations in gyr A are most commonly seen, which leads to retained binding
in Ciprofloxacin while binding fails in Pefloxacin. Moreover, in comparison to Pefloxacin,
ciprofloxacin remains partially active against single mutation strains producing large zones of

51 | P a g e",,amr31.pdf | PDF page 53,verified,retrieval_context
NCDC_resistance_2025_NARS-Net_p054_c00,document_chunk,NCDC_resistance_2025_NARS-Net,amr31.pdf,resistance,2025,NARS-Net,54,,,"inhibition on disk diffusion and the strains are observed to be susceptible. Pefloxacin captures
both chromosomal and plasmid mediated resistance.6

 The AMR surveillance data presented in this report provides critical insights into
resistance trends and highlights areas needing focused attention. Strengthening surveillance
systems to generate quality AMR surveillance data, local use of data for generating
antibiograms to guide judicious use of antibiotics, strengthening infection prevention and
control in the health care facilities and the community to reduce infections and improving
awareness to promote behavior change towards judicious use of antibiotics are essential pillars
for AMR containment in the country. The findings in this report reinforce the value of
strengthening surveillance system and a unified national AMR network. Continued investment
in laboratory capacity, data quality, and site-level support is essential to build and maintain a
resilient national response to antimicrobial resistance.

6
 Sharma P, Dahiya S, Kumari B, Balaji V, Sood S, Das BK, Kapil A. Pefloxacin as a surrogate marker for quinolone
susceptibility in Salmonella enterica serovars Typhi & Paratyphi A in India. Indian J Med Res. 2017
May;145(5):687-692. doi: 10.4103/ijmr.IJMR_494_16. PMID: 28948961; PMCID: PMC5644305.
52 | P a g e",,amr31.pdf | PDF page 54,verified,retrieval_context
NCDC_resistance_2025_NARS-Net_p055_c00,document_chunk,NCDC_resistance_2025_NARS-Net,amr31.pdf,resistance,2025,NARS-Net,55,,,"2. Fungal AMR Surveillance

2.1 Introduction

 The National Reference Laboratory (NRL) for Antimicrobial resistance (AMR) in fungal
pathogens is established at Vallabhbhai Patel Chest Institute, New Delhi under the National
Programme on AMR Containment since September, 2021. As per the Global AMR Surveillance
System (GLASS) requirements, for surveillance of AMR in fungal pathogens, currently one fungal
pathogen genus that is Candida spp. from blood specimens is included. The National AMR
Surveillance network (NARSNet) sites under National Programme on AMR Containment
participating in the antifungal surveillance have been given wet-lab trainings on fungal
isolation, identification and antifungal sensitivity testing to build their capacity.

2.2 National Reference Laboratory for AMR in Fungal Pathogens

2.2.1 Participating laboratories and Candida strains processed at NRL for AMR
 surveillance
 The NRL at VPCI confirmed a total of 997 Candida spp. isolates from blood cultures from
39 NARSNet sites for phenotypic and molecular characterization and generation of antifungal
susceptibility profile under “National Programme on AMR Containment” from January 2025-
December 2025. List of NARS-Net sites participating for AMR surveillance in fungal pathogens
is at Annexure 1.

2.2.2 Methodology
 Phenotypic characterization of Candida isolates: All the stains received at NRL were
screened on differential selective media CHROMagarTM Candida Medium.
Molecular characterization: All strains were identified by Matrix-Assisted Laser
Desorption/Ionization Time-of-Flight Mass Spectrometry (MALDI-TOF, Bruker Daltonics,
Bremen, Germany) and by sequencing of internal transcribed spacer region (ITS) of ribosomal
deoxyribonucleic acid (DNA) and of the D1/D2 domain of the large subunit ribosomal DNA in
case low or no identification was obtained by MALDI.
Antifungal susceptibility testing (AFST)
 Broth Microdilution Method: AFST was performed on 997 isolates using the Clinical and
Laboratory Standards Institute (CLSI) broth microdilution method (BMD) M27-A4, for
antifungals amphotericin B, itraconazole, voriconazole, posaconazole, 5-flucytosine,",,amr31.pdf | PDF page 55,verified,retrieval_context
NCDC_resistance_2025_NARS-Net_p055_c01,document_chunk,NCDC_resistance_2025_NARS-Net,amr31.pdf,resistance,2025,NARS-Net,55,,,"caspofungin, micafungin and anidulafungin. All antifungals were dissolved in dimethyl sulfoxide
(DMSO). Roswell Park Memorial Institute medium (RPMI) 1640 medium with glutamine without

53 | P a g e",,amr31.pdf | PDF page 55,verified,retrieval_context
NCDC_resistance_2025_NARS-Net_p056_c00,document_chunk,NCDC_resistance_2025_NARS-Net,amr31.pdf,resistance,2025,NARS-Net,56,,,"bicarbonate (Sigma) buffered to pH 7 with 0.165 M 3-(N-morpholino) propane sulfonic acid
(MOPS; Sigma) was used. Drug- and yeast-free controls were included, and microtiter plates
were incubated at 35C and read visually after 24 h. The minimum inhibitory concentration
(MIC) endpoints for all the drugs except amphotericin B were defined as the lowest drug
concentration that caused a prominent decrease in growth (50%) in relation to the controls and
for amphotericin B, the MIC was defined as the lowest concentration at which there was 100%
inhibition of growth compared with the drug-free control wells.
Candida krusei ATCC 6258 and Candida parapsilosis ATCC 22019 were included as quality
control strains in accordance with CLSI recommendations.

2.2.3 Details of 997 yeasts characterized at NRL during 2025

Most common Candida species isolated from bloodstream infection were Candida tropicalis
(n=443, 45%) followed by Candida albicans (n=128, 13%), Candida parapsilosis (n=94, 10%),
Pichia kudriavzevii (n=81, 8%), Candida auris (n=43, 4%), Wickerhamomyces anomalus (n=43,
4%) and Cyberlindnera jadanii (n=32, 3%). Non-albicans Candida (NAC) species dominate the
distribution, highlighting the epidemiological shift from C. albicans.

 Yeast Species Distribution
 Candida tropicalis

 Candida albicans

 Candida parapsilosis
 8%
 2%
 3% Pichia kudriavzevii or Candida
 3% krusei
 4% Candida auris
 4% 45%
 Wickerohamomyeces
 8% anomalus
 Cyberlindnera jadinii or",,amr31.pdf | PDF page 56,verified,retrieval_context
NCDC_resistance_2025_NARS-Net_p056_c01,document_chunk,NCDC_resistance_2025_NARS-Net,amr31.pdf,resistance,2025,NARS-Net,56,,,"10% Candida utilis
 13% Candida orthopsilosis

 Candida glabrata or
 Nakaseomyces glabrataa
 others

Figure 28: Pie chart illustrating the percentage distribution of various yeast species
identified by MALDI-TOF MS and ITS sequencing at NRL, VPCI

54 | P a g e",,amr31.pdf | PDF page 56,verified,retrieval_context
NCDC_resistance_2025_NARS-Net_p057_c00,document_chunk,NCDC_resistance_2025_NARS-Net,amr31.pdf,resistance,2025,NARS-Net,57,,,"Table 15: Distribution of other (8%) yeast species identified at the NRL

 S. No. Other Yeast Species Identified Number of Isolates
 1 Diutina rugosa 16
 2 Cyberlindnera fabianii 15
 3 Kodamaea ohmeri 14
 4 Candida viswanathii 8
 5 Meyerozyma guilliermondii 8
 6 Candida metapsilosis 7
 7 Clavispora lusitaniae 6
 8 Candida duobushaemulonii 3
 9 Trichosporon asahii 3
 10 Candida blankii 1

2.2.3.1 Age and Gender distribution of isolates

 Overall, out of all the patients from whose blood culture specimens yeast strains were
isolated, 53% were male and 47% were female. Strikingly, neonates and infants (<1 year)
account for the majority of the isolates (50%), (Figure 3). Further, young adults (18-34 years)
accounted for 9% isolates and 11% were from middle aged (35-54 years) adults. The elderly
group (65 years and above) represented 5% of isolates. (Fig 30)

Figure 29: Gender-wise distribution of patients from whom yeast isolates (n=997) were
obtained
55 | P a g e",,amr31.pdf | PDF page 57,verified,retrieval_context
NCDC_resistance_2025_NARS-Net_p058_c00,document_chunk,NCDC_resistance_2025_NARS-Net,amr31.pdf,resistance,2025,NARS-Net,58,,,"Figure 30: Age distribution of patients from whom yeast isolates were recovered

2.2.3.2 Location wise distribution of isolates

 The distribution of fungal isolates across healthcare settings show distinct patterns
among different yeast species (Table 16 17,18). Majority of the candidemia cases were from
the neonatal intensive care units (NICU) (23%), 5% were from the pediatric intensive care units
(PICU) (Table 18). Candida tropicalis and Candida albicans were the most commonly isolated
species. C. tropicalis being particularly prevalent in adult intensive care units (ICUs) (53%) and
inpatient departments (33%). Majority of isolates from inpatients departments were grown
from the blood specimens from pediatric and medicine wards. Candida albicans was most
commonly isolated from ICUs (47%), indicating its continued clinical significance in critical care.
(Table 16,17). Also, C. parapsilosis showed a strong presence in ICUs (54%). C. auris is a
multidrug-resistant species and was primarily found in ICUs (70%) followed by inpatient wards
(21%). Overall, ICUs accounted for the highest proportion of isolates for most species,
highlighting the critical care unit as a major reservoir for opportunistic fungal infections (Table
16).

56 | P a g e",,amr31.pdf | PDF page 58,verified,retrieval_context
NCDC_resistance_2025_NARS-Net_p059_c00,document_chunk,NCDC_resistance_2025_NARS-Net,amr31.pdf,resistance,2025,NARS-Net,59,,,"Table 16: Distribution of different yeast species by location type in ICU and emergency

 Intensive Care Unit (n= 513, 51% ) Emergency (n=110, 11%)
 Species (n=number of isolates)
 n (% ) n (%)
 Candida tropicalis (n=443) 235 (53%) 51 (12%)
 Candida albicans (n=128) 60 (47%) 13 (10%)
 Candida parapsilosis (n=94) 50 (54%) 19 (20%)
 Pichia kudriavzevii (n=81) 46 (57%) 6
 Wickerhamomyces anomalus (n=43) 23 (53%) 4
 Candida auris (n=43) 30 (70%) 4
 Cyberlindnera jadinii (n=32) 17 (53%) 2

 Candida orthopsilosis (n=30) 13 (43%) 4
 Candida glabrata (n=22) 12 3
 Cyberlindnera fabianii (n=15) 4

 Diutina rugosa (n=16) 6 1

 Kodemea ohmeri (n=14) 7 1

 Candida viswanathii (n=8) 4 1

 Meyerozyma guilliermondii (n=8) 2

 Candida metapsilosis (n=7) 2 1

 Clavispora lusitaniae(n=6) 2 1

Table 17: Distribution of different yeast species by location type in Inpatient Wards and
Outpatient

 Inpatient ward (n= 342,, 34%) Outpati",,amr31.pdf | PDF page 59,verified,retrieval_context
NCDC_resistance_2025_NARS-Net_p059_c01,document_chunk,NCDC_resistance_2025_NARS-Net,amr31.pdf,resistance,2025,NARS-Net,59,,,"Species OBG/ ent (n=
 PED MED NEPH SUR OPH NEU TRAUMA 29, 3%)
 GYN
 Candida tropicalis 55 24 6 20 2 29 8 1 11
 Candida albicans 25 21 1 3 1 2 2
 Candida
 8 6 2 1 1 7
 parapsilosis
 Pichia kudriavzevii 23 4 2

 Wickerhamomyces
 13 2 1
 anomalus

 Candida auris 4 3 1 1 -

 Cyberlindnera
 12 1
 jadinii
 Candida
 5 6 1 1
 orthopsilosis

 Candida glabrata 1 3 2 1 -

57 | P a g e",,amr31.pdf | PDF page 59,verified,retrieval_context
NCDC_resistance_2025_NARS-Net_p060_c00,document_chunk,NCDC_resistance_2025_NARS-Net,amr31.pdf,resistance,2025,NARS-Net,60,,,"Cyberlindnera
 7 2 1 1
 fabianii
 Diutina rugosa 4 2 1 2

 Kodemea ohmeri 4 2

 Candida 2 1
 viswanathii
 Meyerozyma 1 2 2 1
 guilliermondii
 Candida
 1 1 1 1
 metapsilosis
 Clavispora 1 1
 lusitaniae
 Candida 1 2
 duobushaemulonii
 Trichosporon 1 1 1
 asahii
 Candida blankii 1

 Total 168 81 7 36 2 33 12 3 29

 2.2.3.3 Distribution of isolates across different ICU types

 Analysis of yeast isolates distribution across ICU types highlights C. tropicalis as the most
 widespread species, with notable presence in NICU (65%) and PICU (12%). P. kudriavzevii and
 W. anomalus were predominantly isolated from NICU with 88% and 68% respectively
 suggesting strong association with neonatal care. (Table 5).

 Table 18: Distribution of different Candida species in different types of Intensive Care Units
 (ICUs)

 Neonatal and pediatric ICU's Adult ICU's
 Type of ICU* NICU PICU SNCU MICU SICU TICU GICU BURN ICU EICU
Candida tropicalis
 121 22 8 12 3 11 3 1 4
 (n= 185)
Pichia kudriavzevii
 43 1 3 1 1
 (n=49)
Candida albicans
 19 2 1 10 1 1
 (n=34)
 Candida",,amr31.pdf | PDF page 60,verified,retrieval_context
NCDC_resistance_2025_NARS-Net_p060_c01,document_chunk,NCDC_resistance_2025_NARS-Net,amr31.pdf,resistance,2025,NARS-Net,60,,,"parapsilosis 13 13 3 2 4 1 2 1
 (n=39)
 Candida auris
 3 1 6
 (n=10)
 Cyberlindnera
 3 3 5
jadinii (n=11)

 58 | P a g e",,amr31.pdf | PDF page 60,verified,retrieval_context
NCDC_resistance_2025_NARS-Net_p061_c00,document_chunk,NCDC_resistance_2025_NARS-Net,amr31.pdf,resistance,2025,NARS-Net,61,,,"Candida
 1
orthopsilosis(n=1)
Wickerhamomyces
 anomalus 15 3 3 1
 (n=22)
Candida glabrata
 2 2 1 2 1 1
 (n=9)
 Cyberlindnera
 fabianii 3 4 1
 (n=8)
 Diutina rugosa
 1 1
 (n=2)
Kodemea ohmeri
 4 1 1
 (n=6)
 Candida
 3 1
viswanathii (n=4)
 Meyerozyma
 guilliermondii 1
 (n=1)
 Clavispora
 2
 lusitania (n=2)
 Total 232 46 27 31 10 22 4 5 6
 *NICU, Neonatal Intensive Care Unit; PICU, Pediatric Intensive Care Unit; MICU, Medical Intensive Care Unit; SICU,
 Surgical Intensive Care Unit; TICU, Trauma Intensive Care Unit, SNCU Special Newborn Care Unit, GICU General
 Intensive Care Unit, BURNICU, Burn Intensive Care Unit, EICU, Emergency Intensive Care Unit

 2.2.3.4 Antifungal Susceptibility testing

 Candida tropicalis: The azole susceptibility pattern of 443 C. tropicalis was assessed,
 fluconazole exhibited the highest resistance rate at approximately 6% (MIC, ≥8 mg/L), followed
 by voriconazole with a resistance of about 2.3% (MIC, ≥1 mg/L). Other antifungals like,
 itraconazole, posaconazole and amphotericin B, 5-fluorocytosine, micafungin, caspofungin,
 anidulafungin demonstrated good activity against all C. tropicalis isolates.

 Candida albicans: The resistance analysis of C. albicans (n=128) shows notable resistance to
 fluconazole (5.5%; MIC, ≥8 mg/L). Other azoles, echinocandins, 5-fluorocytosine and
 amphotericin B exhibited good activity against C. albicans isolates.",,amr31.pdf | PDF page 61,verified,retrieval_context
NCDC_resistance_2025_NARS-Net_p061_c01,document_chunk,NCDC_resistance_2025_NARS-Net,amr31.pdf,resistance,2025,NARS-Net,61,,,"Candida parapsilosis: The antifungal susceptibility analysis of C. parapsilosis (n=94) reveals a
 pronounced resistance to fluconazole (MIC, ≥8 mg/L), with a resistance rate of approximately
 19.3%, the highest among all antifungals tested for this species. Whereas, no significant
 resistance was detected against itraconazole, posaconazole, voriconazole, 5-fluorocytosine,
 micafungin, caspofungin, anidulafungin.
 59 | P a g e",,amr31.pdf | PDF page 61,verified,retrieval_context
NCDC_resistance_2025_NARS-Net_p062_c00,document_chunk,NCDC_resistance_2025_NARS-Net,amr31.pdf,resistance,2025,NARS-Net,62,,,"Pichia kudriavzevii: The antifungal susceptibility pattern of P. kudriavzevii (n=81) reveals
intrinsic resistance to fluconazole (MIC >32mg/L).

Wickerhamomyces anomalus: As no breakpoints are available for W. anomalus, however
epidemiological cut-off values (ECV) are given in CLSI M57SEd.4, so we used ECV to categorise
the isolates into wild type and non-wild type. All strains (n=43) exhibited low MICs for all the
tested antifungals except fluconazole and amphotericin B. Out of 43, 4 isolates (9.3%) were
non-wild type as they exhibited MIC value >8 mg/L for fluconazole.

Candida auris: There are currently no established C. auris-specific susceptibility breakpoints in
CLSI-guidelines. Therefore, we use tentative breakpoints for C. auris against different
antifungals as recommended by CDC 2024. The antifungal susceptibility analysis of C. auris
(n=43) showed that 70% of the isolates were resistant to fluconazole (MIC, ≥32mg/L). Notably,
a small proportion of isolates (9.7%) shows high MIC value for amphotericin B (MIC, 4 mg/L).

 Figure 31: Bar graph representing resistance percentages of Candida spp. to fluconazole

2.3 Discussion

 A key finding of this surveillance report was the continued predominance of non-
albicans Candida (NAC) species, which together accounted for the majority of bloodstream
isolates. Candida tropicalis remained the leading pathogen (45%), followed by Candida albicans
(13%), Candida parapsilosis (10%), Pichia kudriavzevii (8%), and Candida auris (4%). Age-wise
analysis revealed that neonates and infants (<1 year) accounted for nearly 50% of all

60 | P a g e",,amr31.pdf | PDF page 62,verified,retrieval_context
NCDC_resistance_2025_NARS-Net_p063_c00,document_chunk,NCDC_resistance_2025_NARS-Net,amr31.pdf,resistance,2025,NARS-Net,63,,,"bloodstream isolates, emphasizing the disproportionate burden of invasive fungal infections in
this vulnerable population. Consistent with this observation, almost 23% of all candidemia
cases originated from neonatal intensive care units (NICUs). The recovery of several uncommon
yeasts, including Cyberlindnera jadinii, Candida orthopsilosis, Clavispora lusitaniae, Candida
blankii, Diutina rugosa, and Trichosporon asahii, further demonstrates the diversity of invasive
yeast pathogens and highlights the importance of advanced identification methods such as
MALDI-TOF MS and ITS sequencing in routine surveillance. Antifungal susceptibility testing
demonstrated that azole resistance, particularly against fluconazole, remains the most
important resistance concern. The highest fluconazole resistance was observed in C. auris
(70%), Candida parapsilosis (19%) and Pichia kudriavzevii which is intrinsically resistant.
Resistance to amphotericin B, echinocandins, and other antifungal agents remained relatively
uncommon across most species, although reduced susceptibility was detected in a small
proportion of isolates, particularly among C. auris. These findings highlight the need for
continuous nationwide surveillance, accurate species-level identification, and routine
antifungal susceptibility testing to guide effective clinical management and antifungal
stewardship.

61 | P a g e",,amr31.pdf | PDF page 63,verified,retrieval_context
NCDC_resistance_2025_NARS-Net_p064_c00,document_chunk,NCDC_resistance_2025_NARS-Net,amr31.pdf,resistance,2025,NARS-Net,64,,,"Annexure I

List of NARS-Net sites that contributed AMR surveillance data for priority bacterial pathogens
for the period Jan 2025 to Dec 2025. AMR Surveillance Data for fungal pathogens is from the
sites with star (39 sites) in the list below.

 1. BJ Medical College, Ahmedabad, Gujarat*
 2. BJ Medical college, Pune, Maharashtra
 3. Government Medical College and Hospital, Chandigarh*
 4. GSVM Medical College, Kanpur, Uttar Pradesh*
 5. Lady Hardinge Medical College and Associated hospitals, Delhi*
 6. Mysore Medical college, Mysuru, Karnataka*
 7. SMS Medical College, Jaipur, Rajasthan*
 8. Vardhman Mahavir Medical college and SJ Hospital, Delhi
 9. Government Medical College, Thiruvananthapuram, Kerala*
 10. KAPV. Government Medical College, Tiruchirappalli, Tamil Nadu*
 11. Gauhati Medical College and Hospital, Guwahati, Assam*
 12. NEIGRIHMS, Shillong, Meghalaya*
 13. MGM College and Hospital, Indore, Madhya Pradesh
 14. Indira Gandhi Medical College, Shimla, Himachal Pradesh*
 15. Govt. Medical College and Hospital, Aurangabad, Maharashtra*
 16. Osmania Medical College, Hyderabad, Telangana
 17. Guntur Medical College, Guntur, Andhra Pradesh
 18. Agartala Govt. Medical College, Agartala, Tripura
 19. SCB Medical College & Hospital, Cuttack, Odisha
 20. Government Medical College & Hospital, Jammu, Jammu and Kashmir*
 21. Pandit Bhagwat Dayal Sharma, Post Graduate Institute of Medical Sciences (PGIMS)
 Rohtak, Haryana*
 22. Rajendra Institute of Medical Sciences, Ranchi, Jharkhand*
 23. Indira Gandhi Institute of Medical Sciences, Sheikpura, Patna, Bihar*
 24. Government Medical College, Haldwani, Uttarakhand*
 25. Pt. Jawaharlal Nehru Memorial Medical College, Raipur, Chhattisgarh*
 26. Gandhi Medical College, Bhopal, Madhya Pradesh*
 27. Calcutta School of Tropical Medicine, Kolkata, West Bengal*
 28. GMERS Medical College and Civil Hospital, Valsad, Gujarat*

62 | P a g e",,amr31.pdf | PDF page 64,verified,retrieval_context
NCDC_resistance_2025_NARS-Net_p065_c00,document_chunk,NCDC_resistance_2025_NARS-Net,amr31.pdf,resistance,2025,NARS-Net,65,,,"29. Lala Lajpat Rai Memorial (LLRM) Medical College, Meerut, Uttar Pradesh*
 30. Coimbatore Medical College & Hospital, Coimbatore, Tamil Nadu
 31. Maulana Azad Medical College (MAMC) and Associated Hospitals, Delhi*
 32. Sardar Patel Medical College (SPMC) and Hospital, Bikaner, Rajasthan*
 33. Karnataka Institute of Medical Sciences (KIMS), Hubli, Karnataka*
 34. Indira Gandhi Medical College & Research Institute (IGMC & RI) Puducherry*
 35. NAMO Medical Education and Research Institute (MERI), Silvassa, Dadra & Nagar
 Haveli*
 36. Goa Medical College & Hospital, Bambolim, Goa
 37. STNM Medical College & Hospital, Gangtok, Sikkim*
 38. Government Medical College, Patiala, Punjab
 39. Zoram Medical College, Falkawn, Mizoram
 40. Andaman & Nicobar Islands Institute of Medical Sciences (ANIIMS), Andaman &
 Nicobar Islands
 41. Rabindranath Tagore Medical College, Udaipur, Rajasthan*
 42. Toma Riba Institute of Health and Medical Sciences, Naharlugan, Arunachal Pradesh
 43. Jawahar Lal Nehru Institute of Medical Sciences (JNIMS), Manipur
 44. Govt. Medical College Srinagar Jammu and Kashmir
 45. Andhra Medical College Vishakhapatnam, Andhra Pradesh*
 46. Vijayanagar Institute of Medical Sciences Ballari, Karnataka*
 47. Moti Lal Nehru Medical College Allahabad, Uttar Pradesh
 48. Burdwan Medical College & Hospital Burdwan, West Bengal*
 49. Grant Govt Medical College & Sir JJ Group of Hospitals, Byculla, Mumbai*
 50. Pt. Raghunath Murmu Medical College & Hospital Baripada, Odisha
 51. Government Medical College, Thrissur, Kerala*
 52. Bangalore Medical College and Research Institute, Bengaluru, Karnataka*
 53. Kakatiya Medical College, Warangal, Telangana
 54. Madras Medical College, Chennai, Tamil Nadu*
 55. S.V medical College, Tirupati, Andhra Pradesh
 56. Gajra Raja Medical College, Gwalior, Madhya Pradesh*
 57. Jorhat Medical College and Hospital, Jorhat, Assam*
 58. University College of Medical Sciences &amp; GTB Hospital, Delhi*",,amr31.pdf | PDF page 65,verified,retrieval_context
NCDC_resistance_2025_NARS-Net_p065_c01,document_chunk,NCDC_resistance_2025_NARS-Net,amr31.pdf,resistance,2025,NARS-Net,65,,,"59. Pandit Dindayal Upadhyay Medical College, Rajkot, Gujarat
 60. Netaji Subash Chandra Bose Medical College, Jabalpur, Madhya Pradesh
 61. Govt Medical College, Nagpur, Maharashtra
 62. Government Medical College, Kota, Rajasthan

63 | P a g e",,amr31.pdf | PDF page 65,verified,retrieval_context
NCDC_consumption_2022_NAC-NET_p001_c00,document_chunk,NCDC_consumption_2022_NAC-NET,amrc(1).pdf,consumption,2022,NAC-NET,1,,,"Ministry of Health and Family Welfare
 Government of India

 Surveillance of Antimicrobial Consumption under
 National Antimicrobial Consumption Network
 (NAC-NET)

 Report of NACNET sites for 2022

 National Programme on AMR Containment
National Centre for Disease Control (NCDC), Directorate General of Health Services

 Antimicrobial Resistance Stewardship – Our Role, Our Responsibility
 Judicious Use of Antimicrobials – Key to Contain AMR",,amrc(1).pdf | PDF page 1,verified,retrieval_context
NCDC_consumption_2022_NAC-NET_p002_c00,document_chunk,NCDC_consumption_2022_NAC-NET,amrc(1).pdf,consumption,2022,NAC-NET,2,,,"Copyright © 2025, NCDC",,amrc(1).pdf | PDF page 2,verified,retrieval_context
NCDC_consumption_2022_NAC-NET_p003_c00,document_chunk,NCDC_consumption_2022_NAC-NET,amrc(1).pdf,consumption,2022,NAC-NET,3,,,"Table of Contents

Abbreviations ........................................................................................................................................ 1
List of tables and figures ..................................................................................................................... 3
Executive summary .............................................................................................................................. 5
Background ........................................................................................................................................... 7
Methodology ......................................................................................................................................... 8
Selection of sites...................................................................................................................... 9
Training..................................................................................................................................... 9
Inclusion criteria...................................................................................................................... 9
Exclusion criteria ..................................................................................................................... 9
Measures of antibiotic consumption .................................................................................. 11
Data collection and analysis ................................................................................................ 11
Overview at NCDC.................................................................................................................. 12
Indicators monitored ............................................................................................................ 12
Results ................................................................................................................................................. 13
Discussion ............................................................................................................................................ 25",,amrc(1).pdf | PDF page 3,verified,retrieval_context
NCDC_consumption_2022_NAC-NET_p003_c01,document_chunk,NCDC_consumption_2022_NAC-NET,amrc(1).pdf,consumption,2022,NAC-NET,3,,,"Limitation ............................................................................................................................................ 26
Conclusion ........................................................................................................................................... 26
Recommendations ............................................................................................................................. 27
References ........................................................................................................................................... 29
List of Contributors ............................................................................................................................ 30
Acknowledgments .............................................................................................................................. 30",,amrc(1).pdf | PDF page 3,verified,retrieval_context
NCDC_consumption_2022_NAC-NET_p005_c00,document_chunk,NCDC_consumption_2022_NAC-NET,amrc(1).pdf,consumption,2022,NAC-NET,5,,,"Abbreviations

AMR Antimicrobial Resistance

ASP’s Antimicrobial Stewardship Programs

ATC Anatomical Therapeutic Chemical

AWaRe Access, Watch, Reserve

Cap. Capsule

DDD Defined Daily Dose

g Gram

GMC Government Medical College

Inj. Injection

mg Milligram

NAC-NET National Antibiotic Consumption-Network

NCDC National Centre for Disease Control

NR Not Recommended

SUs Standard units

Tab. Tablet

UTs Union Territories

WHO World Health Organisation

 1",,amrc(1).pdf | PDF page 5,verified,retrieval_context
NCDC_consumption_2022_NAC-NET_p006_c00,document_chunk,NCDC_consumption_2022_NAC-NET,amrc(1).pdf,consumption,2022,NAC-NET,6,,,2,,amrc(1).pdf | PDF page 6,verified,retrieval_context
NCDC_consumption_2022_NAC-NET_p007_c00,document_chunk,NCDC_consumption_2022_NAC-NET,amrc(1).pdf,consumption,2022,NAC-NET,7,,,"List of tables and figures

 Figure 1: Location of National Antibiotic Consumption Network (NAC-NET) sites* ............... 8
 Figure 2: Mechanism of data collection and feedback to sites ............................................ 10
 Table 1: NAC-NET sites with Bed strength and Bed Occupancy Rates ................................. 13
 Figure 3: Annual antibiotic consumption of NACNET sites ................................................... 14
 Figure 4: WHO AWaRe category wise antibiotic consumption of NACNET sites ................... 15
 Figure 5: Top five antibiotics consumed at NACNET sites .................................................... 17
 Figure 6: Category-wise antibiotic consumption at NACNET sites ....................................... 19
 Figure 7: Antibiotic consumption by route of administration at NACNET sites .................... 20
 Figure 8: Month wise antibiotic consumption during 2022 .................................................. 21
 Figure 9: WHO AWaRe category- wise antibiotic consumption during 2022 ........................ 22
 Figure 10: Top five antibiotics consumed during 2022 ......................................................... 23
 Figure 11: Category-wise antibiotic consumption during 2022 ........................................... 24

 3",,amrc(1).pdf | PDF page 7,verified,retrieval_context
NCDC_consumption_2022_NAC-NET_p008_c00,document_chunk,NCDC_consumption_2022_NAC-NET,amrc(1).pdf,consumption,2022,NAC-NET,8,,,4,,amrc(1).pdf | PDF page 8,verified,retrieval_context
NCDC_consumption_2022_NAC-NET_p009_c00,document_chunk,NCDC_consumption_2022_NAC-NET,amrc(1).pdf,consumption,2022,NAC-NET,9,,,"Executive summary

In India, National Centre for Disease Control (NCDC) serves as the Nodal agency for the National
Programme on AMR Containment. Monitoring antibiotic usage is one of the critical
components of this program. To support this initiative, NCDC established the National
Antibiotic Consumption Network (NAC-NET). Under this network, participating sites collect
data on antibiotic consumption within their health facilities and report it to the NCDC.

This report presents findings of compiled and analysed antibiotic consumption data from
thirty NAC-NET sites for the year 2022. The findings revealed significant variations in antibiotic
use across 30 tertiary care institutions. Notably, there was high consumption of ""Watch""
antibiotics, which are linked to a greater risk of resistance, and low usage of ""Access""
antibiotics, which are recommended as first-line treatments. The use of ""Access"" antibiotics
ranged from 21% to 72%, with only one site reporting >60% antibiotic consumption from
""Access"" category. There were also concerns about the use of ""Reserve"" antibiotics, intended
for last-resort situations, including colistin, linezolid, and aztreonam. These accounted for 0-9
% of total consumption. Additionally, the use of non-recommended antibiotics (7%) raised
alarms.

The top antibiotics consumed, varied by institution, with azithromycin, amoxicillin and
clavulanic acid, and ceftriaxone being most common.

Overall, the findings highlight inconsistent implementation of antimicrobial stewardship
programs and adherence to treatment guidelines, underscoring the need for targeted
interventions to optimize antibiotic use across NAC-NET sites.

 5",,amrc(1).pdf | PDF page 9,verified,retrieval_context
NCDC_consumption_2022_NAC-NET_p010_c00,document_chunk,NCDC_consumption_2022_NAC-NET,amrc(1).pdf,consumption,2022,NAC-NET,10,,,6,,amrc(1).pdf | PDF page 10,verified,retrieval_context
NCDC_consumption_2022_NAC-NET_p011_c00,document_chunk,NCDC_consumption_2022_NAC-NET,amrc(1).pdf,consumption,2022,NAC-NET,11,,,"Background
The growing threat of antibiotic resistance (AMR) poses a significant challenge to global public
health. As bacteria evolve, antibiotics become less effective, making infections more difficult
to treat. In 2019, an estimated 4.95 million deaths were linked to bacterial AMR, with 1.27
million deaths directly attributed to antibiotic resistance (1). South Asian region is projected to
have one of the highest all-age AMR mortality rates in 2050 (2). A key factor driving AMR is the
overuse of antibiotics in humans, with studies highlighting the inappropriate use of antibiotics,
particularly in hospital settings (3-5).

The National Centre for Disease Control (NCDC) in New Delhi serves as the nodal agency for the
National Programme on AMR Containment, which promotes rational antibiotic use. A key focus
of this program is conducting surveillance on antibiotic use in healthcare settings across India.
As part of the AMR initiative, the National Antibiotic Consumption Network (NAC-NET) was
established across 24 states and 3 union territories (UTs) in a phased approach, involving
government tertiary healthcare facilities (Fig. 1).

The 2015 global surveillance report, covering 65 countries, did not include data on antibiotic
consumption in India. Limited research has been conducted on antibiotic consumption in India
using the WHO's AWaRe (Access, Watch, and Reserve) classification and Defined Daily Doses
(DDD) system (6). This report aims to address that gap by presenting a detailed analysis of
antibiotic consumption data gathered from 30 NAC-NET sites in 2022. The analysis follows the
WHO’s Anatomical Therapeutic Chemical (ATC) classification and the DDD system. Antibiotic
consumption data can be used to (7):

 • Identify and detect changes in antibiotic use and exposure;

 • Develop interventions to address identified issues;

 • Monitor the effectiveness of these interventions;

 • Ensure adherence to appropriate prescribing guidelines; and

 • Raise awareness about the harmful effects of improper antibiotic use.

 7",,amrc(1).pdf | PDF page 11,verified,retrieval_context
NCDC_consumption_2022_NAC-NET_p012_c00,document_chunk,NCDC_consumption_2022_NAC-NET,amrc(1).pdf,consumption,2022,NAC-NET,12,,,"Figure 1: Location of National Antibiotic Consumption Network (NAC-NET) sites*

 Phase I sites Phase II sites Phase III sites
1 BJMC, Ahmedabad 9 GMC, Trivandrum 15 GMC, Aurangabad
2 BJMC, Pune 10 KAPVGMC, Trichy 16 OMC, Hyderabad
3 GMC, Chandigarh 11 GMC, Guwahati 17 GMC, Guntur
4 GMC, Kanpur 12 NEIGRIHMS, Shillong 18 GMC, Agartala
5 LHMC, Delhi 13 MHMMC, Indore 19 SCBMC&H, Cuttack
6 MMC & RI, Mysore 14 IGMC, Shimla 20 GMC& H, Jammu
7 SMSMC, Jaipur
8 VMMC, Delhi
 Phase IV sites Phase V sites Phase VI sites
21 PGIMS, Rohtak 26 GMC, Bhopal 30 CMCH, Coimbatore
22 RIMS, Ranchi 27 CSTM, Kolkata 31 MAMC, Delhi
23 IGIMS, Patna 28 GMERSMC&H, Valsad 32 SPMC, Bikaner
24 GMC, Haldwani 29 LLRMMC, Meerut 33 KIMS, Hubballi
25 JLNMMC, Raipur 34 IGMC&RI, Puducherry
 35 NAMOMERI, Silvassa
 * Antibiotic consumption data from thirty NAC-NET sites (marked in green) is included in this report.

 8",,amrc(1).pdf | PDF page 12,verified,retrieval_context
NCDC_consumption_2022_NAC-NET_p013_c00,document_chunk,NCDC_consumption_2022_NAC-NET,amrc(1).pdf,consumption,2022,NAC-NET,13,,,"Methodology
The antibiotic consumption data collection, compilation and report preparation was done as
follows:

Selection of sites
The sites included in this report were the ones which had compiled the antibiotic consumption
data for the year 2022. A total of 30 NAC-NET sites had submitted their antibiotic consumption
data. The site list is provided in Fig. 1

Training
The pharmacists recruited under the programme undergo induction and refresher trainings.
The trainings cover:

 • Collection of antibiotic consumption data from the central stores/ pharmacy;
 • Collection of bed occupancy data from the medical records department;
 • Compilation of the data in the excel template provided by NCDC;
 • Calculation of DDD and DDD/100-bed-days using the WHO AMC tool 2019 as per the
 WHO ATC-DDD methodology; and
 • Analysis of the compiled data using trend graphs, AWaRe classification and top 5
 antibiotics.

Inclusion criteria
 • Antibiotics consumed at the inpatient facilities of NAC-NET sites
 • Antibiotics prescribed through oral and parenteral routes

Exclusion criteria
 • Antibiotics prescribed in any other route ex. topical preparations, eye/ear drops, gel,
 and suppositories
 • Other antibiotics like antifungal, antiviral, antitubercular, antiprotozoal
Antibiotics were classified in J01 and P01 groups under the WHO Anatomical Therapeutic
Chemical (ATC) classification system. We reported consumption estimates in standard units

 9",,amrc(1).pdf | PDF page 13,verified,retrieval_context
NCDC_consumption_2022_NAC-NET_p014_c00,document_chunk,NCDC_consumption_2022_NAC-NET,amrc(1).pdf,consumption,2022,NAC-NET,14,,,"(SUs) defined as the smallest dose of formulation like one tablet or capsule for oral solids, and
one vial or ampoule for injectable antibiotics.

 Figure 2: Mechanism of data collection and feedback to sites

 Training of pharmacists
 for AMC data collection using WHO AMC tool

 Data collection at site
 Antibiotic consumption data from pharmacy collected by the pharmacist
 Bed occupancy data from Medical Records Department

 Data cleaning and analysis at site
 Preparation of CSV file for each month
 DDD extracted using the WHO AMC tool; and DDD per 100-bed-days calculated
 Consumption data & WHO AWaRe classification recorded in a master sheet

 Data review at NCDC
 Manual review to check for inconsistencies
 Site wise data monitoring and analysis using appropriate graphs - trend graphs,
 AWaRe classification, top 5 antibiotics, antibiotics used against priority pathogens

 Feedback

 10",,amrc(1).pdf | PDF page 14,verified,retrieval_context
NCDC_consumption_2022_NAC-NET_p015_c00,document_chunk,NCDC_consumption_2022_NAC-NET,amrc(1).pdf,consumption,2022,NAC-NET,15,,,"Measures of antibiotic consumption

Antibiotic consumption was measured in Defined Daily Doses.

 • Defined Daily Dose: The assumed average maintenance dose per day for a drug used
 for its main indication in adults (5). WHO AMC Tool 2019 v.1.9.0 was used to calculate
 DDDs of each volume of antibiotics.
 • Bed occupancy: Bed occupancy rate for each month was calculated using the formula
 – Bed occupancy rate / Bed days = Occupied beds / Available beds,
 • DDD/100-bed-days: This was calculated using the total number of beds for all sites and
 using the bed occupancy rate as 100%.

Data collection and analysis

At the site level, data collection is done by the pharmacist. The steps include:

 • Consumption data is collected from the central drug store of the health facility.
 • Bed occupancy data is sourced from the Medical Records Department.
 • Consumption data is recorded in a master sheet along with their WHO AWaRe (Access-
 Watch-Reserve) classification.
 • A CSV file is created using the following variables:
 o Name of the antibiotic
 o Pack size
 o Strength of the drug
 o ATC code
 o Route of administration
 • After data entry, data was imported in WHO AMC Tool 2019 v.1.9.0, to calculate the DDD
 of each antibiotic.
 • DDD/100-bed-days calculated for each antibiotic and consolidated.

 11",,amrc(1).pdf | PDF page 15,verified,retrieval_context
NCDC_consumption_2022_NAC-NET_p016_c00,document_chunk,NCDC_consumption_2022_NAC-NET,amrc(1).pdf,consumption,2022,NAC-NET,16,,,"Overview at NCDC:
 • Manual review of antibiotic consumption was done to check for inconsistencies.
 • The sites were consulted for confirmation.
 • Analysis of the data done using trend graphs based on AWaRe classification, antibiotics
 used against priority pathogens.
 • Monthly data for 30 sites compiled and consolidated using MS-Excel.
 • A new CSV file was prepared for the consolidated consumption.
 • After data entry, data was imported into WHO AMC Tool 2019 v.1.9.0, to calculate DDD
 of each antibiotic.
 • DDD/100-bed-days was calculated for each antibiotic and consolidated.
 • Consolidated data was then analysed for the indicators mentioned below.

Indicators monitored
Antibiotic consumption is organized using the following key indicators:
 • Annual consumption in terms of DDD/100-bed-days
 • AWaRe classification of antibiotics
 • List of top-5 antibiotics used
 • Group wise antibiotic consumption
 • Route of administration of antibiotics

 12",,amrc(1).pdf | PDF page 16,verified,retrieval_context
NCDC_consumption_2022_NAC-NET_p017_c00,document_chunk,NCDC_consumption_2022_NAC-NET,amrc(1).pdf,consumption,2022,NAC-NET,17,,,"Results
This report presents antibiotic consumption of 30 NAC-NET sites for the year 2022. Total bed
strength and bed occupancy of the sites is given in Table 1.

 Table 1: NAC-NET sites with Bed strength and Bed Occupancy Rates
 S. No. NAC-NET site Bed Occupancy Rate Bed Strength
 1 Site 1 97% 1200
 2 Site 2 61% 2300
 3 Site 3 71% 2080
 4 Site 4 97% 750
 5 Site 5 55% 605
 6 Site 6 61% 782
 7 Site 7 100% 2496
 8 Site 8 100% 1055
 9 Site 9 55.8% 877
 10 Site 10 100% 1167
 11 Site 11 100% 1267
 12 Site 12 100% 1513
 13 Site 13 90% 800
 14 Site 14 100% 2304
 15 Site 15 64% 1665
 16 Site 16 100% 2405
 17 Site 17 70% 2171
 18 Site 18 40% 695
 19 Site 19 19% 2461
 20 Site 20 82% 3677
 21 Site 21 130% 733
 22 Site 22 97% 1603
 23 Site 23 80% 925
 24 Site 24 69.4% 1000
 25 Site 25 83% 1196",,amrc(1).pdf | PDF page 17,verified,retrieval_context
NCDC_consumption_2022_NAC-NET_p017_c01,document_chunk,NCDC_consumption_2022_NAC-NET,amrc(1).pdf,consumption,2022,NAC-NET,17,,,"26 Site 26 100% 162
 27 Site 27 61% 1050
 28 Site 28 100% 2518
 29 Site 29 64% 3200
 30 Site 30 76% 2316
 Total Beds 46973
 Note: The sites have been assigned numbers randomly and not as per Figure 1

 13",,amrc(1).pdf | PDF page 17,verified,retrieval_context
NCDC_consumption_2022_NAC-NET_p018_c00,document_chunk,NCDC_consumption_2022_NAC-NET,amrc(1).pdf,consumption,2022,NAC-NET,18,,,"Bed strength of the sites ranged from 162 to 3667 and bed occupancy ranged from 55.8% to
130%. For operational reasons, maximum bed occupancy has been taken as 100%.

Site-wise antibiotic consumption of NACNET sites

Annual antibiotic consumption

Annual antibiotic consumption of NACNET sites ranged from 10 DDD/100 Bed days to 1137
DDD/100 Bed days. Majority of the sites have reported antibiotic consumption below 500
DDD/100 Bed days with twenty-three sites reporting consumption below 100 DDD/100 Bed
days.

 Figure 3: Annual antibiotic consumption of NACNET sites

 14",,amrc(1).pdf | PDF page 18,verified,retrieval_context
NCDC_consumption_2022_NAC-NET_p019_c00,document_chunk,NCDC_consumption_2022_NAC-NET,amrc(1).pdf,consumption,2022,NAC-NET,19,,,"AWaRe category-wise antibiotic consumption

Only four sites (site 26:71%, site 25: 56%, site 22: 54% site 8: 53%) have reported majority of
antibiotic consumption from Access category rest all sites have reported maximum antibiotic
consumption from Watch category with three sites reporting >80% consumption from this
category. Three sites have reported >5% antibiotic consumption from Reserve category of
antibiotics. Four sites have reported >5% antibiotic consumption from WHO Not
Recommended (NR) category of antibiotic of which one site has reported 17% antibiotic
consumption from NR category.

 Figure 4: WHO AWaRe category wise antibiotic consumption of NACNET sites

 15",,amrc(1).pdf | PDF page 19,verified,retrieval_context
NCDC_consumption_2022_NAC-NET_p020_c00,document_chunk,NCDC_consumption_2022_NAC-NET,amrc(1).pdf,consumption,2022,NAC-NET,20,,,"Top five antibiotics consumed

Tablet Azithromycin 500mg (Watch), Capsule Doxycycline 100mg (Access), Injection
Ceftriaxone 1g (Watch), Tablet Amoxycillin and Clavulanic Acid 625mg (Access) and Injection
Amikacin 500mg (Access) were most commonly consumed antibiotics. Six sites have reported
consumption of Injection Cefoperazone & Sulbactum 1.5g (NR), Tablet Ofloxacin 200mg &
Ornidazole 500mg (NR), Injection Ceftriaxone & Tazobactam 1.125g (NR) and Injection
Ceftriaxone & Sulbactum 1.5g (NR) amongst top five antibiotics consumed at the site.

 16",,amrc(1).pdf | PDF page 20,verified,retrieval_context
NCDC_consumption_2022_NAC-NET_p021_c00,document_chunk,NCDC_consumption_2022_NAC-NET,amrc(1).pdf,consumption,2022,NAC-NET,21,,,"Figure 5: Top five antibiotics consumed at NACNET sites

 17",,amrc(1).pdf | PDF page 21,verified,retrieval_context
NCDC_consumption_2022_NAC-NET_p022_c00,document_chunk,NCDC_consumption_2022_NAC-NET,amrc(1).pdf,consumption,2022,NAC-NET,22,,,"Category wise antibiotic consumption

Cephalosporins (Watch), Macrolides/Lincosamides (Watch), followed by Tetracyclines
(Access) and Beta lactam/ beta lactamase inhibitors (Access) and Fluoroquinolones (Watch)
are the most commonly consumed group of antibiotics. Four sites have shown noticeable
consumption from Oxazolidinones (Reserve) and fourteen sites have shown significant
consumption from WHO Not Recommended group of antibiotics with four sites having >10%
antibiotic consumption from NR group.

 18",,amrc(1).pdf | PDF page 22,verified,retrieval_context
NCDC_consumption_2022_NAC-NET_p023_c00,document_chunk,NCDC_consumption_2022_NAC-NET,amrc(1).pdf,consumption,2022,NAC-NET,23,,,"Figure 6: Category-wise antibiotic consumption at NACNET sites

 19",,amrc(1).pdf | PDF page 23,verified,retrieval_context
NCDC_consumption_2022_NAC-NET_p024_c00,document_chunk,NCDC_consumption_2022_NAC-NET,amrc(1).pdf,consumption,2022,NAC-NET,24,,,"Antibiotic consumption by Route of administration

Antibiotic consumption is higher by oral route as compared to parenteral in fifteen sites. Five
sites reported >80% consumption by parenteral route with one site reporting just 1.8%
consumption by oral route.

 Figure 7: Antibiotic consumption by route of administration at NACNET sites

 20",,amrc(1).pdf | PDF page 24,verified,retrieval_context
NCDC_consumption_2022_NAC-NET_p025_c00,document_chunk,NCDC_consumption_2022_NAC-NET,amrc(1).pdf,consumption,2022,NAC-NET,25,,,"Consolidated antibiotic consumption
Consolidated antibiotic consumption of NACNET sites during 2022 is 110 DDD/100 Bed days.
Antibiotic consumption from oral route is 66 DDD/100 Bed days and from parenteral route is 44
DDD/100 Bed days.

Month-wise antibiotic consumption

The trend shows that antibiotic consumption peaked during September and December
months.

 Figure 8: Month wise antibiotic consumption during 2022

 21",,amrc(1).pdf | PDF page 25,verified,retrieval_context
NCDC_consumption_2022_NAC-NET_p026_c00,document_chunk,NCDC_consumption_2022_NAC-NET,amrc(1).pdf,consumption,2022,NAC-NET,26,,,"AWaRe category-wise antibiotic consumption

Access category consumption has been recorded to be just 33% as against WHO’s
recommendation of 60% or above at country-level. Noticeable consumption has been
observed from Reserve (2%) and Not Recommended (7%) category of antibiotics.

 Figure 9: WHO AWaRe category- wise antibiotic consumption during 2022

 22",,amrc(1).pdf | PDF page 26,verified,retrieval_context
NCDC_consumption_2022_NAC-NET_p027_c00,document_chunk,NCDC_consumption_2022_NAC-NET,amrc(1).pdf,consumption,2022,NAC-NET,27,,,"Top five antibiotics consumed

Tablet Azithromycin 500mg (Watch), Tablet Amoxycillin and Clavulanic Acid 625mg (Access),
Injection Ceftriaxone 1g (Watch), Tablet Cefixime 200mg (Watch) and Tablet Ciprofloxacin
500mg (Watch) were most commonly consumed antibiotics.

 Figure 10: Top five antibiotics consumed during 2022

 23",,amrc(1).pdf | PDF page 27,verified,retrieval_context
NCDC_consumption_2022_NAC-NET_p028_c00,document_chunk,NCDC_consumption_2022_NAC-NET,amrc(1).pdf,consumption,2022,NAC-NET,28,,,"Category wise antibiotic consumption

Cephalosporins (Watch, 26%), Macrolides/Lincosamides (Watch, 25%) followed by Beta
lactam/ beta lactamase inhibitors (Access, 15%) and Fluoroquinolones (Watch, 9%) are the
most commonly consumed group of antibiotics. Oxazolidinones (Reserve) account for 2%
consumption whereas consumption from WHO Not Recommended group of antibiotics is
0.2%.

 Figure 11: Category-wise antibiotic consumption during 2022

 24",,amrc(1).pdf | PDF page 28,verified,retrieval_context
NCDC_consumption_2022_NAC-NET_p029_c00,document_chunk,NCDC_consumption_2022_NAC-NET,amrc(1).pdf,consumption,2022,NAC-NET,29,,,"Discussion

The 2022 surveillance conducted under the National Antimicrobial Consumption Network
(NAC-NET) highlighted considerable variations in antibiotic usage across 30 participating
tertiary care institutions, with some institutions reporting particularly high consumption rates.
An analysis based on the WHO's AWaRe classification identified several concerns. The ""Access""
category, which includes first-line treatments, showed significant variation in usage, with
overall consumption only reaching 30%, ranging from 21% to 72%. In contrast, the ""Watch""
category accounted for the majority of consumption in many institutions. The over-reliance on
""Watch"" antibiotics, which are linked to a higher risk of resistance, emphasizes the need for
improved antimicrobial stewardship. This pattern does not align with the WHO’s
recommendation that at least 60% of total antimicrobial consumption should come from the
Access category.

The use of Reserve group antimicrobials, intended for “last resort” situations, also raised
concerns. The consumption of Reserve antimicrobials ranged from 0-9 % of total usage,
indicating a need to strengthen local antimicrobial stewardship practices. Since Reserve
antimicrobials are meant to be used sparingly, their consumption should be minimized. It's
important to note that the data on consumption was sourced from hospital pharmacies and
did not account for antibiotics purchased out-of-pocket by patients. The use of “non-
recommended” antibiotics (7%), which ranged from 0-17%, also raises concern.

The top five most commonly used antibiotics varied across institutions, with azithromycin,
amoxicillin and clavulanic acid, and ceftriaxone frequently appearing on the list. Some
institutions also reported bed occupancy rates exceeding 100%. For operational purposes, bed
occupancy was recorded as 100%, which may have contributed to increased antibiotic
consumption due to higher patient loads. Consumption by route of administration is variable
across the sites.

Overall, the findings reveal significant gaps in the rational use of antibiotics. The overuse of
""Watch"" antibiotics and the variability in practices across sites suggest inconsistent",,amrc(1).pdf | PDF page 29,verified,retrieval_context
NCDC_consumption_2022_NAC-NET_p029_c01,document_chunk,NCDC_consumption_2022_NAC-NET,amrc(1).pdf,consumption,2022,NAC-NET,29,,,25,,amrc(1).pdf | PDF page 29,verified,retrieval_context
NCDC_consumption_2022_NAC-NET_p030_c00,document_chunk,NCDC_consumption_2022_NAC-NET,amrc(1).pdf,consumption,2022,NAC-NET,30,,,"implementation of antimicrobial stewardship programs (ASPs) and limited adherence to
Standard Treatment Guidelines. These challenges highlight the urgent need for targeted
interventions to optimize antibiotic use across all NAC-NET sites.

Limitation
The consumption data compiled in this report is from the hospital pharmacy which only caters
to in-patients of the hospital. Any antimicrobials prescribed to the patients that were
purchased from other sources is not included, including antimicrobials prescribed to
outpatients.

Conclusion
The analysis of antimicrobial consumption across the sites provides valuable insights into
usage patterns and overall trends. By linking consumption data with antimicrobial resistance,
we can gain a deeper understanding of AMR issues within these facilities. Ongoing monitoring
of the use of ""Watch"" and ""Reserve"" category antimicrobials will be crucial in supporting
effective antimicrobial stewardship practices. Surveillance of antimicrobial consumption at
the hospital level is an essential tool in the ongoing battle against antimicrobial resistance.

 26",,amrc(1).pdf | PDF page 30,verified,retrieval_context
NCDC_consumption_2022_NAC-NET_p031_c00,document_chunk,NCDC_consumption_2022_NAC-NET,amrc(1).pdf,consumption,2022,NAC-NET,31,,,"Recommendations

 • Strengthen Stewardship Programs:
 o Expand antimicrobial stewardship training at all NAC-NET sites, emphasizing
 the responsible use of antibiotics and adherence to standard treatment
 guidelines.
 • Data-Driven Interventions:
 o Utilize site-specific consumption data to identify and address inappropriate
 prescribing patterns.
 • Promote ""Access"" Category Antibiotics:
 o Increase the use of ""Access"" antibiotics by enhancing awareness and
 availability, while reducing reliance on ""Watch"" and ""Reserve"" categories.
 • Monitor and Evaluate:
 o Link antimicrobial consumption data with antimicrobial resistance trends to
 inform and guide stewardship efforts
 o Implement continuous monitoring mechanisms to assess the impact of
 interventions on antibiotic use and resistance patterns.
 • Policy Support:
 o Strengthen national policies to enforce adherence to antimicrobial stewardship
 programs (ASPs) and encourage hospitals to meet established benchmarks.

By implementing these strategies, NAC-NET sites can optimize antibiotic usage, minimize
resistance development, and contribute to the national effort to contain antimicrobial
resistance in India. These measures will improve patient outcomes and help preserve the
effectiveness of antibiotics for future generations.

 27",,amrc(1).pdf | PDF page 31,verified,retrieval_context
NCDC_consumption_2022_NAC-NET_p032_c00,document_chunk,NCDC_consumption_2022_NAC-NET,amrc(1).pdf,consumption,2022,NAC-NET,32,,,28,,amrc(1).pdf | PDF page 32,verified,retrieval_context
NCDC_consumption_2022_NAC-NET_p033_c00,document_chunk,NCDC_consumption_2022_NAC-NET,amrc(1).pdf,consumption,2022,NAC-NET,33,,,"References
 1. Antimicrobial Resistance Collaborators. Global burden of bacterial antimicrobial resistance in
 2019: a systematic analysis. Lancet. 2022; 399: 629-655. Available from
 https://www.thelancet.com/journals/lancet/article/PIIS0140-6736(21)02724-0/fulltext;
 accessed 21 April 2023

 2. GBD 2021 Antimicrobial Resistance Collaborators. Global burden of bacterial antimicrobial
 resistance 1990–2021: a systematic analysis with forecasts to 2050; 2024. Available from
 https://www.thelancet.com/journals/lancet/article/PIIS0140-6736(24)01867-1/fulltext;
 accessed 13 December 2024

 3. Antimicrobial Resistance in G7 Countries and Beyond. [cited 28 Mar 2023]. Available from:
 https://www.oecd.org/els/health-systems/Antimicrobial-Resistance-in-G7-Countries-and-
 Beyond.pdf; accessed 23 March 2023

 4. Saleem Z, Saeed H, Hassali MA, Godman B, Asif U, Yousaf M, et al. Pattern of inappropriate
 antibiotic use among hospitalized patients in Pakistan: a longitudinal surveillance and
 implications. Antimicrob Resist Infect Control. 2019 Nov 21;8:188.

 5. Mama M, Mamo A, Usman H, Hussen B, Hussen A, Morka G. Inappropriate Antibiotic Use Among
 Inpatients Attending Madda Walabu University Goba Referral Hospital, Southeast Ethiopia:
 Implication for Future Use. Infect Drug Resist. 2020;13:1403–9.

 6. NCDC. National Programme on AMR Containment . Available from:
 https://ncdc.mohfw.gov.in/index1.php?lang=1&level=2&sublinkid=384&lid=344; accessed 23
 March 2023

 7. WHO, 2018. WHO report on surveillance of antibiotic consumption: 2016-2018 early
 implementation. Available from: https://www.who.int/publications-detail-redirect/who-
 report-on-surveillance-of-antibiotic-consumption; accessed 23 March 2023

 8. World Health Organisation, 2021. AWaRe classification. Available from:
 https://www.who.int/publications-detail-redirect/2021-aware-classification; accessed 29
 March 2023",,amrc(1).pdf | PDF page 33,verified,retrieval_context
NCDC_consumption_2022_NAC-NET_p033_c01,document_chunk,NCDC_consumption_2022_NAC-NET,amrc(1).pdf,consumption,2022,NAC-NET,33,,,29,,amrc(1).pdf | PDF page 33,verified,retrieval_context
NCDC_consumption_2022_NAC-NET_p034_c00,document_chunk,NCDC_consumption_2022_NAC-NET,amrc(1).pdf,consumption,2022,NAC-NET,34,,,"List of Contributors
Dr. Arti Bahl, Addl. Director & HOD DPD Division
Dr. Suneet Kaur, Joint Director Epidemiology Division
Mr. Baheed Ahmad, Pharmacist
Ms. Iram Naaz, Assistant

Acknowledgments
NCDC warmly thank all the Nodal Officers and Pharmacists at NACNET sites for collecting and
sharing their data on antimicrobial consumption.

 30",,amrc(1).pdf | PDF page 34,verified,retrieval_context
NCDC_consumption_2022_NAC-NET_p035_c00,document_chunk,NCDC_consumption_2022_NAC-NET,amrc(1).pdf,consumption,2022,NAC-NET,35,,,31,,amrc(1).pdf | PDF page 35,verified,retrieval_context
NCDC_consumption_2022_NAC-NET_p036_c00,document_chunk,NCDC_consumption_2022_NAC-NET,amrc(1).pdf,consumption,2022,NAC-NET,36,,,32,,amrc(1).pdf | PDF page 36,verified,retrieval_context
NCDC_consumption_2023_NAC-NET_p001_c00,document_chunk,NCDC_consumption_2023_NAC-NET,amrc(2).pdf,consumption,2023,NAC-NET,1,,,"Ministry of Health and Family Welfare
 Government of India

 Surveillance of Antimicrobial Consumption under
 National Antimicrobial Consumption Network
 (NAC-NET)

 Report of NACNET sites for 2023

 National Programme on AMR Containment
National Centre for Disease Control (NCDC), Directorate General of Health Services

 Antimicrobial Resistance Stewardship – Our Role, Our Responsibility

 1",,amrc(2).pdf | PDF page 1,verified,retrieval_context
NCDC_consumption_2023_NAC-NET_p002_c00,document_chunk,NCDC_consumption_2023_NAC-NET,amrc(2).pdf,consumption,2023,NAC-NET,2,,,"Copyright © 2025, NCDC

 2",,amrc(2).pdf | PDF page 2,verified,retrieval_context
NCDC_consumption_2023_NAC-NET_p003_c00,document_chunk,NCDC_consumption_2023_NAC-NET,amrc(2).pdf,consumption,2023,NAC-NET,3,,,"Table of Contents

Abbreviations…………………………………………………………………………………………………………………………….1

List of tables and figures……………………………………………………………………………………………………………..3

Executive summary…………………………………………………………………………………………………………………….5

Background………………………………………………………………………………………………………………………………..7

Methodology……………………………………………………………………………………………………………………………..9

Selection of sites………………………………………………………………………………………………………………………..9

Training……………………………………………………………………………………………………………………………………..9

Inclusion criteria………………………………………………………………………………………………………………………...9

Exclusion criteria…………………………………………………………………………………………………………………….....9

Measures of antibiotic consumption…………………………………………………………………………………………..11

Data collection and analysis……………………………………………………………………………………………………….11

Overview at NCDC……………………………………………………………………………………………………………………. 12

Indicators monitored…………………………………………………………………………………………………………………12

Results……………………………………………………………………………………………………………………………………..13

Discussion…………………………………………………………………………………………………………………................25

Limitation…………………………………………………………………………………………………………………………………26

Conclusion………………………………………………………………………………………………………………………………..26

Recommendations…………………………………………………………………………………………………………………....27

References………………………………………………………………………………………………………………………………..29

List of Contributors…………………………………………………………………………………………….........................30

Acknowledgments…………………………………………………………………………………………………………………….30

 3",,amrc(2).pdf | PDF page 3,verified,retrieval_context
NCDC_consumption_2023_NAC-NET_p004_c00,document_chunk,NCDC_consumption_2023_NAC-NET,amrc(2).pdf,consumption,2023,NAC-NET,4,,,4,,amrc(2).pdf | PDF page 4,verified,retrieval_context
NCDC_consumption_2023_NAC-NET_p005_c00,document_chunk,NCDC_consumption_2023_NAC-NET,amrc(2).pdf,consumption,2023,NAC-NET,5,,,"Abbreviations

AMR Antimicrobial Resistance

ASP’s Antimicrobial Stewardship Programs

ATC Anatomical Therapeutic Chemical

AWaRe Access, Watch, Reserve

Cap. Capsule

DDD Defined Daily Dose

g Gram

GMC Government Medical College

Inj. Injection

mg Milligram

NAC-NET National Antibiotic Consumption-Network

NCDC National Centre for Disease Control

NR Not Recommended

SUs Standard units

Tab. Tablet

UTs Union Territories

WHO World Health Organisation

 1",,amrc(2).pdf | PDF page 5,verified,retrieval_context
NCDC_consumption_2023_NAC-NET_p006_c00,document_chunk,NCDC_consumption_2023_NAC-NET,amrc(2).pdf,consumption,2023,NAC-NET,6,,,2,,amrc(2).pdf | PDF page 6,verified,retrieval_context
NCDC_consumption_2023_NAC-NET_p007_c00,document_chunk,NCDC_consumption_2023_NAC-NET,amrc(2).pdf,consumption,2023,NAC-NET,7,,,"List of tables and figures

 Figure 1: Location of National Antibiotic Consumption Network (NAC-NET) sites* ................ 8
 Figure 2: Mechanism of data collection and feedback to sites ............................................. 10
 Table 1: NAC-NET sites with Bed strength and Bed Occupancy Rates .................................. 13
 Figure 3: Annual antibiotic consumption of NACNET sites .................................................... 14
 Figure 4: WHO AWaRe category wise antibiotic consumption of NACNET sites .................... 15
 Figure 5: Top five antibiotics consumed at NACNET sites ..................................................... 17
 Figure 6: Category-wise antibiotic consumption at NACNET sites........................................ 19
 Figure 7: Antibiotic consumption by route of administration at NACNET sites ..................... 20
 Figure 8: Month wise antibiotic consumption during 2023................................................... 21
 Figure 9: WHO AWaRe category- wise antibiotic consumption during 2023......................... 22
 Figure 10: Top five antibiotics consumed during 2023 ......................................................... 23
 Figure 11: Category-wise antibiotic consumption during 2023............................................ 24

 3",,amrc(2).pdf | PDF page 7,verified,retrieval_context
NCDC_consumption_2023_NAC-NET_p008_c00,document_chunk,NCDC_consumption_2023_NAC-NET,amrc(2).pdf,consumption,2023,NAC-NET,8,,,4,,amrc(2).pdf | PDF page 8,verified,retrieval_context
NCDC_consumption_2023_NAC-NET_p009_c00,document_chunk,NCDC_consumption_2023_NAC-NET,amrc(2).pdf,consumption,2023,NAC-NET,9,,,"Executive Summary
National Centre for Disease Control (NCDC) serves as the Nodal agency for the National
Programme on AMR Containment in India. Monitoring antibiotic usage is one of the critical
components of this program. To support this initiative, NCDC established the National
Antibiotic Consumption Network (NAC-NET). Under this network, participating sites collect
data on antibiotic consumption within their health facilities and report it to the NCDC.

This report presents findings of compiled and analysed antibiotic consumption data from
thirty NAC-NET sites for the year 2023. The findings revealed considerable variability in
antibiotic usage across 29 tertiary care institutions. Notably, there was excessive use of
""Watch"" antibiotics, which are associated with a higher risk of resistance, and insufficient
use of ""Access"" antibiotics, which are recommended as first-line treatments. The use of
""Access"" antibiotics ranged from 20% to 82% with only one institution exceeding 60% of
consumption from the ""Access"" category. Use of ""Reserve"" antibiotics, such as colistin,
linezolid, and aztreonam, which are intended for last-resort situations, accounting for 0-4%
of total consumption is also concerning. One of the sites reported consumption of Linezolid
amongst top 5 antibiotics consumed at the site. Additionally, 4% of antibiotics used were
not recommended, which raised further concerns.

The most frequently used antibiotics varied across institutions, with azithromycin,
amoxicillin and clavulanic acid and ceftriaxone being the most common.

Overall, the findings highlight the inconsistent implementation of antimicrobial
stewardship programs and adherence to treatment guidelines, emphasizing the need for
targeted interventions to optimize antibiotic use at NAC-NET sites.

 5",,amrc(2).pdf | PDF page 9,verified,retrieval_context
NCDC_consumption_2023_NAC-NET_p010_c00,document_chunk,NCDC_consumption_2023_NAC-NET,amrc(2).pdf,consumption,2023,NAC-NET,10,,,6,,amrc(2).pdf | PDF page 10,verified,retrieval_context
NCDC_consumption_2023_NAC-NET_p011_c00,document_chunk,NCDC_consumption_2023_NAC-NET,amrc(2).pdf,consumption,2023,NAC-NET,11,,,"Background
The increasing threat of antibiotic resistance (AMR) is a critical issue for global public health.
As bacteria evolve, antibiotics lose their effectiveness, making infections harder to treat. In
2019 alone, approximately 4.95 million deaths were linked to bacterial AMR, with 1.27
million of those deaths being directly caused by antibiotic resistance (1). Projections
indicate that by 2050, AMR will be responsible for 10 million deaths annually, surpassing
cancer as the leading cause of death worldwide (2). A major driver of AMR is the overuse of
antibiotics in humans, with studies showing that a significant proportion of antibiotics are
used inappropriately, especially in hospital settings (3–5).

National Centre for Disease Control, New Delhi is the nodal agency for the National
Programme on AMR Containment, which encourages rational antibiotic use (6). One of the
priorities of this programme is to carry out surveillance of antibiotic usage in healthcare
settings across India. Under the AMR programme, National Antibiotic Consumption-
Network (NAC-NET) comprising of Government tertiary health care facilities was
established across 24 States and 3 Union territories (UTs) in a phased manner (Fig. 1).

The global surveillance report for 2015 from 65 countries, does not include antibiotic
consumption data from India. Limited research has been done to assess antibiotic
consumption in India using the WHO’s AWaRe (Access, Watch, and Reserve) classification
system and Defined Daily Doses (DDD) (6). This report is an effort to fill this gap by
presenting a comprehensive analysis of antibiotic consumption data collected from
twenty-nine NAC-NET sites during 2023. This analysis follows the WHO Anatomical
Therapeutic Chemical (ATC) methodology and the Defined Daily Doses (DDD) system, which
is widely used for assessing antibiotic use and comparing consumption patterns. Antibiotic
consumption data can be used to (7):

 • recognize and detect changes in antibiotic exposure and use;
 • develop interventions to address the identified problems;
 • monitor the impact of interventions;
 • ensure prescribing practices adhere to appropriate guidelines; and",,amrc(2).pdf | PDF page 11,verified,retrieval_context
NCDC_consumption_2023_NAC-NET_p011_c01,document_chunk,NCDC_consumption_2023_NAC-NET,amrc(2).pdf,consumption,2023,NAC-NET,11,,,"• promote awareness of the adverse effects of inappropriate antibiotic use.

 7",,amrc(2).pdf | PDF page 11,verified,retrieval_context
NCDC_consumption_2023_NAC-NET_p012_c00,document_chunk,NCDC_consumption_2023_NAC-NET,amrc(2).pdf,consumption,2023,NAC-NET,12,,,"Figure 1: Location of National Antibiotic Consumption Network (NAC-NET) sites*

 Phase I sites Phase II sites Phase III sites
 1 BJMC, Ahmedabad 9 GMC, Trivandrum 15 GMC, Aurangabad
 2 BJMC, Pune 10 KAPVGMC, Trichy 16 OMC, Hyderabad
 3 GMC, Chandigarh 11 GMC, Guwahati 17 GMC, Guntur
 4 GMC, Kanpur 12 NEIGRIHMS, Shillong 18 GMC, Agartala
 5 LHMC, Delhi 13 MHMMC, Indore 19 SCBMC&H, Cuttack
 6 MMC & RI, Mysore 14 IGMC, Shimla 20 GMC& H, Jammu
 7 SMSMC, Jaipur
 8 VMMC, Delhi
 Phase IV sites Phase V sites Phase VI sites
 21 PGIMS, Rohtak 26 GMC, Bhopal 30 CMCH, Coimbatore
 22 RIMS, Ranchi 27 CSTM, Kolkata 31 MAMC, Delhi
 23 IGIMS, Patna 28 GMERSMC&H, Valsad 32 SPMC, Bikaner
 24 GMC, Haldwani 29 LLRMMC, Meerut 33 KIMS, Hubballi
 25 JLNMMC, Raipur 34 IGMC&RI, Puducherry
 35 NAMOMERI, Silvassa

* Antibiotic consumption data from twenty-nine NAC-NET sites (marked in green) is included in this report.

 8",,amrc(2).pdf | PDF page 12,verified,retrieval_context
NCDC_consumption_2023_NAC-NET_p013_c00,document_chunk,NCDC_consumption_2023_NAC-NET,amrc(2).pdf,consumption,2023,NAC-NET,13,,,"Methodology
The antibiotic consumption data collection, compilation and report preparation was done
as follows:

Selection of sites
The sites included in this report were the ones which had compiled the antibiotic
consumption data for the year 2023. A total of 29 NAC-NET sites had submitted their
antibiotic consumption data. The site list is provided in Fig. 1

Training
The pharmacists recruited under the programme undergo induction and refresher
trainings. The trainings cover:
 • Collection of antibiotic consumption data from the central stores/ pharmacy;
 • Collection of bed occupancy data from the medical records department;
 • Compilation of the data in the excel template provided by NCDC;
 • Calculation of DDD and DDD/100-bed-days using the WHO AMC tool 2019 as per the
 WHO ATC-DDD methodology; and
 • Analysis of the compiled data using trend graphs, AWaRe classification and top 5
 antibiotics.

Inclusion criteria
 • Antibiotics consumed at the inpatient facilities of NAC-NET sites
 • Antibiotics prescribed through oral and parenteral routes

Exclusion criteria
 • Antibiotics prescribed in any other route ex. topical preparations, eye/ear drops, gel,
 and suppositories
 • Other antibiotics like antifungal, antiviral, antitubercular, antiprotozoals
Antibiotics were classified in J01 and P01 groups under the WHO Anatomical Therapeutic
Chemical (ATC) classification system. We reported consumption estimates in standard units
(SUs) defined as the smallest dose of formulation like one tablet or capsule for oral solids,
and one vial or ampoule for injectable antibiotics.

 9",,amrc(2).pdf | PDF page 13,verified,retrieval_context
NCDC_consumption_2023_NAC-NET_p014_c00,document_chunk,NCDC_consumption_2023_NAC-NET,amrc(2).pdf,consumption,2023,NAC-NET,14,,,"Training of pharmacists
- for AMC data collection using WHO AMC tool

 Data collection at site
 Antibiotic consumption data from pharmacy collected by
the pharmacist
Bed occupancy data from Medical Records Department

 Data cleaning and analysis at site
Preparation of CSV file for each month
DDD extracted using the WHO AMC tool; and DDD per 100-
bed-days calculated
Consumption data & WHO AWaRe classification recorded in
a master sheet

 Data review at NCDC
- Manual review to check for inconsistencies
- Site wise data monitoring and analysis using appropriate
graphs - trend graphs, AWaRe classification, top 5
antibiotics, antibiotics used against priority pathogens

 Feedback

 Figure 2: Mechanism of data collection and feedback to sites

 10",,amrc(2).pdf | PDF page 14,verified,retrieval_context
NCDC_consumption_2023_NAC-NET_p015_c00,document_chunk,NCDC_consumption_2023_NAC-NET,amrc(2).pdf,consumption,2023,NAC-NET,15,,,"Measures of antibiotic consumption

Antibiotic consumption was measured in Defined Daily Doses.

 • Defined Daily Dose: The assumed average maintenance dose per day for a drug
 used for its main indication in adults (5). WHO AMC Tool 2019 v.1.9.0 was used to
 calculate DDDs of each volume of antibiotics.
 • Bed occupancy: Bed occupancy rate for each month was calculated using the
 formula – Bed occupancy rate / Bed days = Occupied beds / Available beds,
 • DDD/100-bed-days: This was calculated using the total number of beds for all sites
 and using the bed occupancy rate as 100%.

Data collection and analysis

At the site level, data collection is done by the pharmacist. The steps include:

 • Consumption data is collected from the central drug store of the health facility.
 • Bed occupancy data is sourced from the Medical Records Department.
 • Consumption data is recorded in a master sheet along with their WHO AWaRe
 (Access-Watch-Reserve) classification.
 • A CSV file is created using the following variables:
 o Name of the antibiotic
 o Pack size
 o Strength of the drug
 o ATC code
 o Route of administration
 • After data entry, data was imported in WHO AMC Tool 2019 v.1.9.0, to calculate the
 DDD of each antibiotic.
 • DDD/100-bed-days calculated for each antibiotic and consolidated.

 11",,amrc(2).pdf | PDF page 15,verified,retrieval_context
NCDC_consumption_2023_NAC-NET_p016_c00,document_chunk,NCDC_consumption_2023_NAC-NET,amrc(2).pdf,consumption,2023,NAC-NET,16,,,"Overview at NCDC:
 • Manual review of antibiotic consumption was done to check for inconsistencies.
 • The sites were consulted for confirmation.
 • Analysis of the data done using trend graphs based on AWaRe classification,
 antibiotics used against priority pathogens.
 • Monthly data for 29 sites compiled and consolidated using MS-Excel.
 • A new CSV file was prepared for the consolidated consumption.
 • After data entry, data was imported into WHO AMC Tool 2019 v.1.9.0, to calculate
 DDD of each antibiotic.
 • DDD/100-bed-days was calculated for each antibiotic and consolidated.
 • Consolidated data was then analysed for the indicators mentioned below.

Indicators monitored
Antibiotic consumption is organized using the following key indicators:
 • Annual consumption in terms of DDD/100-bed-days
 • AWaRe classification of antibiotics
 • List of top-5 antibiotics used
 • Group wise antibiotic consumption
 • Route of administration of antibiotics

 12",,amrc(2).pdf | PDF page 16,verified,retrieval_context
NCDC_consumption_2023_NAC-NET_p017_c00,document_chunk,NCDC_consumption_2023_NAC-NET,amrc(2).pdf,consumption,2023,NAC-NET,17,,,"Results
This report presents antibiotic consumption of 29 NACNET sites for the year 2023. Total bed
strength and bed occupancy of the sites is given in Table 1.

 Table 1: NAC-NET sites with Bed strength and Bed Occupancy Rates
 S. No. NAC-NET site Bed Occupancy Rate Bed Strength
 1 Site 1 52% 2400
 2 Site 2 59% 2300
 3 Site 3 77% 2080
 4 Site 4 83% 950
 5 Site 5 57% 591
 6 Site 6 71% 782
 7 Site 7 100% 2496
 8 Site 8 100% 1055
 9 Site 9 55.8% 877
 10 Site 10 55% 1167
 11 Site 11 126.9% 1267
 12 Site 12 100% 1513
 13 Site 13 90% 861
 14 Site 14 83% 2776
 15 Site 15 62% 1665
 16 Site 16 100% 2873
 17 Site 17 69% 2191
 18 Site 18 70% 710
 19 Site 19 19% 2461
 20 Site 20 82% 3667
 21 Site 21 100% 733
 22 Site 22 85% 1756
 23 Site 23 78% 2000
 24 Site 24 80% 1014
 25 Site 25 86% 1296",,amrc(2).pdf | PDF page 17,verified,retrieval_context
NCDC_consumption_2023_NAC-NET_p017_c01,document_chunk,NCDC_consumption_2023_NAC-NET,amrc(2).pdf,consumption,2023,NAC-NET,17,,,"26 Site 26 100% 162
 27 Site 27 68% 888
 28 Site 28 100% 2518
 29 Site 29 57% 1383
 Total Beds 46432
 Note: The sites have been assigned numbers randomly and not as per Figure 1

Bed strength of the sites ranged from 162 to 3667 and bed occupancy ranged from 52% to
126.9%. For operational reasons, maximum bed occupancy has been taken as 100%.

 13",,amrc(2).pdf | PDF page 17,verified,retrieval_context
NCDC_consumption_2023_NAC-NET_p018_c00,document_chunk,NCDC_consumption_2023_NAC-NET,amrc(2).pdf,consumption,2023,NAC-NET,18,,,"Site-wise antibiotic consumption of NACNET sites

Annual antibiotic consumption

Annual antibiotic consumption of NACNET sites ranged from 41.9 DDD/100 Bed days to
1185.7 DDD/100 Bed days. Majority of the sites have reported antibiotic consumption below
500 DDD/100 Bed days.

 Figure 3: Annual antibiotic consumption of NACNET sites

AWaRe category-wise antibiotic consumption

Only two sites (one site has recorded 82% and another recorded 56%) have reported
majority of antibiotic consumption from Access category rest all sites have reported
maximum antibiotic consumption from Watch category. Five sites have reported >5%
antibiotic consumption from Reserve category of antibiotics. Eight sites have reported
>5% antibiotic consumption from WHO Not Recommended (NR) category of antibiotic of
which four sites have reported more that 10% antibiotic consumption from NR category.

 14",,amrc(2).pdf | PDF page 18,verified,retrieval_context
NCDC_consumption_2023_NAC-NET_p019_c00,document_chunk,NCDC_consumption_2023_NAC-NET,amrc(2).pdf,consumption,2023,NAC-NET,19,,,"Figure 4: WHO AWaRe category wise antibiotic consumption of NACNET sites

 15",,amrc(2).pdf | PDF page 19,verified,retrieval_context
NCDC_consumption_2023_NAC-NET_p020_c00,document_chunk,NCDC_consumption_2023_NAC-NET,amrc(2).pdf,consumption,2023,NAC-NET,20,,,"Top five antibiotics consumed

Tablet Azithromycin 500mg (Watch), Capsule Doxycycline 100mg (Access), Tablet
Amoxycillin and Clavulanic Acid 625mg (Access), Injection Ceftriaxone 1000mg (Watch),
Tablet Cefixime 200mg (Watch) and Tablet Ciprofloxacin 500mg (Watch) were most
commonly consumed antibiotics. One of the NACNET site has reported Tablet Linezolid
(Reserve) among top five antibiotics consumed in the site. Six sites have reported
consumption of Injection Cefoperazone & Sulbactum 2g (NR), Tablet Ofloxacin 200mg &
Ornidazole 500mg (NR) and Injection Ceftriaxone & Sulbactum 1.5g (NR) amongst top five
antibiotics consumed at the site.

 16",,amrc(2).pdf | PDF page 20,verified,retrieval_context
NCDC_consumption_2023_NAC-NET_p021_c00,document_chunk,NCDC_consumption_2023_NAC-NET,amrc(2).pdf,consumption,2023,NAC-NET,21,,,"Figure 5: Top five antibiotics consumed at NACNET sites

 17",,amrc(2).pdf | PDF page 21,verified,retrieval_context
NCDC_consumption_2023_NAC-NET_p022_c00,document_chunk,NCDC_consumption_2023_NAC-NET,amrc(2).pdf,consumption,2023,NAC-NET,22,,,"Category wise antibiotic consumption

Macrolides/Lincosamides (Watch), Cephalosporins (Watch), followed by Beta lactam/ beta
lactamase inhibitors (Access), Tetracyclines (Access) and Fluoroquinolones (Watch) are
the most commonly consumed group of antibiotics. Three sites have shown noticeable
consumption from Oxazolidinones (Reserve) and five sites have shown significant
consumption from WHO Not Recommended group of antibiotics.

 18",,amrc(2).pdf | PDF page 22,verified,retrieval_context
NCDC_consumption_2023_NAC-NET_p023_c00,document_chunk,NCDC_consumption_2023_NAC-NET,amrc(2).pdf,consumption,2023,NAC-NET,23,,,"Figure 6: Category-wise antibiotic consumption at NACNET sites

 19",,amrc(2).pdf | PDF page 23,verified,retrieval_context
NCDC_consumption_2023_NAC-NET_p024_c00,document_chunk,NCDC_consumption_2023_NAC-NET,amrc(2).pdf,consumption,2023,NAC-NET,24,,,"Antibiotic consumption by Route of administration

Antibiotic consumption is higher by oral route as compared to parenteral in fifteen sites.
Three sites reported >80% consumption by parenteral route with one site reporting just 0.5
% consumption by oral route.

 Figure 7: Antibiotic consumption by route of administration at NACNET sites

 20",,amrc(2).pdf | PDF page 24,verified,retrieval_context
NCDC_consumption_2023_NAC-NET_p025_c00,document_chunk,NCDC_consumption_2023_NAC-NET,amrc(2).pdf,consumption,2023,NAC-NET,25,,,"Consolidated antibiotic consumption

Consolidated antibiotic consumption of NACNET sites during 2023 is 131.3 DDD/100 Bed
days. Antibiotic consumption from oral route is 89 DDD/100 Bed days and from parenteral
route is 42.3 DDD/100 Bed days.

Month-wise antibiotic consumption

The trend shows that antibiotic consumption peaked during February and September
months.

 Figure 8: Month wise antibiotic consumption during 2023

 21",,amrc(2).pdf | PDF page 25,verified,retrieval_context
NCDC_consumption_2023_NAC-NET_p026_c00,document_chunk,NCDC_consumption_2023_NAC-NET,amrc(2).pdf,consumption,2023,NAC-NET,26,,,"AWaRe category-wise antibiotic consumption

Access category consumption has been recorded to be just 35% as against WHO’s
recommendation of 60% or above. Significant consumption has been observed from
Reserve (3%) and Not Recommended (4%) category of antibiotics.

 Figure 9: WHO AWaRe category- wise antibiotic consumption during 2023

 22",,amrc(2).pdf | PDF page 26,verified,retrieval_context
NCDC_consumption_2023_NAC-NET_p027_c00,document_chunk,NCDC_consumption_2023_NAC-NET,amrc(2).pdf,consumption,2023,NAC-NET,27,,,"Top five antibiotics consumed

Tablet Azithromycin 500mg (Watch), Tablet Amoxycillin and Clavulanic Acid 625mg
(Access), Injection Ceftriaxone 1000mg (Watch), Tablet Cefixime 200mg (Watch) and
Capsule Doxycycline 100mg (Access) were most commonly consumed antibiotics.

 Figure 10: Top five antibiotics consumed during 2023

 23",,amrc(2).pdf | PDF page 27,verified,retrieval_context
NCDC_consumption_2023_NAC-NET_p028_c00,document_chunk,NCDC_consumption_2023_NAC-NET,amrc(2).pdf,consumption,2023,NAC-NET,28,,,"Category wise antibiotic consumption

Cephalosporins (Watch, 22%), Macrolides/Lincosamides (Watch, 22%) followed by Beta
lactam/ beta lactamase inhibitors (Access, 20%) and Fluoroquinolones (Watch, 9%) are the
most commonly consumed group of antibiotics. Oxazolidinones (Reserve) account for 2%
consumption whereas consumption from WHO Not Recommended group of antibiotics is
4%.

 Figure 11: Category-wise antibiotic consumption during 2023

 24",,amrc(2).pdf | PDF page 28,verified,retrieval_context
NCDC_consumption_2023_NAC-NET_p029_c00,document_chunk,NCDC_consumption_2023_NAC-NET,amrc(2).pdf,consumption,2023,NAC-NET,29,,,"Discussion
The surveillance conducted under the National Antimicrobial Consumption Network (NAC-
NET) in 2023 revealed significant variations in antibiotic usage across the 29 participating
tertiary care institutions with some institutions reporting exceptionally high usage rates.

An analysis based on the WHO’s AWaRe classification raised several concerns. The “Access”
category, which generally includes first-line treatments, displayed a wide range of usage,
with consolidated consumption of only 35% ranging from 20% to 82% while the “Watch”
category accounted for the majority of consumption in many institutions. The excessive
reliance on ""Watch"" antibiotics, which are associated with a higher risk of resistance,
highlights the need for improved antimicrobial stewardship. This doesn’t fall in line with
the WHO’s recommendation of a country-level target of at least 60% of total antimicrobial
consumption to be from the Access group of antimicrobials (8).

Reserve group antimicrobials should be treated as “last resort” options, however, the use
of colistin, linezolid, and aztreonam in these sites is a matter of concern. One site has
reported Linezolid among top 5 antibiotics consumed at the site. Use of last resort
antimicrobials (Reserve group) such as colistin, linezolid and aztreonam was between 0-7%
of overall consumption which raises concerns and hence requires strengthening of local
antimicrobial stewardship practices in these sites. As the use of Reserve category
antimicrobials is a last resort and hence it is imperative to keep the consumption of this
group of antimicrobials to a minimum. It is also relevant to note that consumption data has
been sourced from the pharmacy of the hospital and did not include any out-of-pocket
purchase of antimicrobials by the patients. The use of “ non-recommended (NR)”
antibiotics (4%) ranged from 0-18% which is again a matter of concern. It is also relevant to
note that consumption data has been sourced from the pharmacy of the hospital and did
not include any out-of-pocket purchase of antimicrobials by the patients.

The top five antibiotics varied by institution, with azithromycin, amoxicillin and clavulinic",,amrc(2).pdf | PDF page 29,verified,retrieval_context
NCDC_consumption_2023_NAC-NET_p029_c01,document_chunk,NCDC_consumption_2023_NAC-NET,amrc(2).pdf,consumption,2023,NAC-NET,29,,,"acid and ceftriaxone being among the most commonly used. Additionally, some institutions
reported bed occupancy rates exceeding 100%. However, for operational purposes, bed
occupancy was considered as 100%, which may have contributed to increased antibiotic

 25",,amrc(2).pdf | PDF page 29,verified,retrieval_context
NCDC_consumption_2023_NAC-NET_p030_c00,document_chunk,NCDC_consumption_2023_NAC-NET,amrc(2).pdf,consumption,2023,NAC-NET,30,,,"consumption due to the higher patient load. Consumption by route of administration is
variable across the sites.

Overall, the findings point to significant gaps in the rational use of antibiotics. The overuse
of ""Watch"" antibiotics and the variability across sites suggest inconsistent implementation
of antimicrobial stewardship programs (ASPs) and limited adherence to Standard
Treatment guidelines. These challenges underline the urgent need for targeted
interventions to optimize antibiotic use at all NAC-NET sites.

Limitation
The consumption data compiled in this report is from the hospital pharmacy which only
caters to in-patients of the hospital. Any antimicrobials prescribed to the patients that were
purchased from other sources is not included, including antimicrobials prescribed to
outpatients.

Conclusion
Analysis of antimicrobial consumption across the the sites presents an interesting picture
of the pattern and overall usage of antimicrobials. Linking consumption data with
antimicrobial resistance will lead to a better understanding of the AMR issues in these
facilities. Continued monitoring of the usage of Watch and Reserve category antimicrobials
will support antimicrobial stewardship practices. Surveillance of antimicrobial
consumption and use at the hospital level is an important tool in our fight against
antimicrobial resistance.

 26",,amrc(2).pdf | PDF page 30,verified,retrieval_context
NCDC_consumption_2023_NAC-NET_p031_c00,document_chunk,NCDC_consumption_2023_NAC-NET,amrc(2).pdf,consumption,2023,NAC-NET,31,,,"Recommendations
 • Strengthen Stewardship Programs:
 o Expand antimicrobial stewardship training at all NAC-NET sites, focusing on
 the judicious use of antibiotics and adherence to standard treatment
 guidelines.
 • Data-Driven Interventions:
 o Use site-specific consumption data to identify and address inappropriate
 prescribing patterns.
 • Promote ""Access"" Category Antibiotics:
 o Increase the use of ""Access"" antibiotics by improving awareness and
 availability, while reducing dependence on ""Watch"" and ""Reserve""
 categories.
 • Monitor and Evaluate:
 o Linking antimicrobial consumption with antimicrobial resistance data to
 guide antimicrobial stewardship activities.
 o Establish continuous monitoring mechanisms to evaluate the impact of
 interventions on antibiotic consumption and resistance trends.
 • Policy Support:
 o Strengthen national policies to enforce compliance with ASPs and
 encourage hospitals to meet established benchmarks.
By implementing these measures, NAC-NET sites can optimize antibiotic use, reduce the
emergence of resistance, and contribute to the broader goal of containing antimicrobial
resistance in India. These actions will not only improve patient outcomes but also protect
the effectiveness of antibiotics for future generations.

 27",,amrc(2).pdf | PDF page 31,verified,retrieval_context
NCDC_consumption_2023_NAC-NET_p032_c00,document_chunk,NCDC_consumption_2023_NAC-NET,amrc(2).pdf,consumption,2023,NAC-NET,32,,,28,,amrc(2).pdf | PDF page 32,verified,retrieval_context
NCDC_consumption_2023_NAC-NET_p033_c00,document_chunk,NCDC_consumption_2023_NAC-NET,amrc(2).pdf,consumption,2023,NAC-NET,33,,,"References
 1. Antimicrobial Resistance Collaborators. Global burden of bacterial antimicrobial resistance
 in 2019: a systematic analysis. Lancet. 2022; 399: 629-655. Available from
 https://www.thelancet.com/journals/lancet/article/PIIS0140-6736(21)02724-0/fulltext;
 accessed 21 April 2023

 2. O’Neill J. Tackling drug-resistant infections globally: final report and recommendations.
 Review on Antimicrobial Resistance; 2016. Available from: https://amr-review.org/
 sites/default/files/160518_Final%20paper_with%20cover. pdf; accessed 23 March 2023

 3. Antimicrobial Resistance in G7 Countries and Beyond. [cited 28 Mar 2023]. Available from:
 https://www.oecd.org/els/health-systems/Antimicrobial-Resistance-in-G7-Countries-and-
 Beyond.pdf; accessed 23 March 2023

 4. Saleem Z, Saeed H, Hassali MA, Godman B, Asif U, Yousaf M, et al. Pattern of inappropriate
 antibiotic use among hospitalized patients in Pakistan: a longitudinal surveillance and
 implications. Antimicrob Resist Infect Control. 2019 Nov 21;8:188.

 5. Mama M, Mamo A, Usman H, Hussen B, Hussen A, Morka G. Inappropriate Antibiotic Use
 Among Inpatients Attending Madda Walabu University Goba Referral Hospital, Southeast
 Ethiopia: Implication for Future Use. Infect Drug Resist. 2020;13:1403–9.

 6. NCDC. National Programme on AMR Containment . Available from:
 https://ncdc.mohfw.gov.in/index1.php?lang=1&level=2&sublinkid=384&lid=344; accessed
 23 March 2023

 7. WHO, 2018. WHO report on surveillance of antibiotic consumption: 2016-2018 early
 implementation. Available from: https://www.who.int/publications-detail-redirect/who-
 report-on-surveillance-of-antibiotic-consumption; accessed 23 March 2023

 8. World Health Organisation, 2021. AWaRe classification. Available from:
 https://www.who.int/publications-detail-redirect/2021-aware-classification; accessed 29
 March 2023

 29",,amrc(2).pdf | PDF page 33,verified,retrieval_context
NCDC_consumption_2023_NAC-NET_p034_c00,document_chunk,NCDC_consumption_2023_NAC-NET,amrc(2).pdf,consumption,2023,NAC-NET,34,,,"List of Contributors

National Centre for Disease Control, Delhi
Dr. Arti Bahl, Addl. Director & HOD DPD Division
Dr. Suneet Kaur, Joint Director Epidemiology Division
P.Bhavna, Technician
Mr. Baheed Ahmad, Pharmacist
Ms. Iram Naaz, Assistant

Acknowledgments
NCDC warmly thank all the Nodal Officers and Pharmacists at NACNET sites for
collecting and sharing their data on antimicrobial consumption.

 30",,amrc(2).pdf | PDF page 34,verified,retrieval_context
NCDC_consumption_2024_NACNET_SACNET_p001_c00,document_chunk,NCDC_consumption_2024_NACNET_SACNET,amrc(3).pdf,consumption,2024,NACNET/SACNET,1,,,"Ministry of Health and Family Welfare
 Government of India

 Surveillance of Antimicrobial Consumption under
 National Antimicrobial Consumption Network
 (NACNET) & State Antimicrobial Consumption
 Network (SACNET)

 Report of NACNET & SACNET sites for 2024

 National Programme on AMR Containment
National Centre for Disease Control (NCDC), Directorate General of Health Services

 Antimicrobial Resistance Stewardship – Our Role, Our Responsibility
 Judicious Use of Antimicrobials-Key to contain AMR",,amrc(3).pdf | PDF page 1,verified,retrieval_context
NCDC_consumption_2024_NACNET_SACNET_p002_c00,document_chunk,NCDC_consumption_2024_NACNET_SACNET,amrc(3).pdf,consumption,2024,NACNET/SACNET,2,,,"Copyright © 2025, NCDC",,amrc(3).pdf | PDF page 2,verified,retrieval_context
NCDC_consumption_2024_NACNET_SACNET_p003_c00,document_chunk,NCDC_consumption_2024_NACNET_SACNET,amrc(3).pdf,consumption,2024,NACNET/SACNET,3,,,"Table of Contents

Abbreviations………………………………………………………………………………………………………….... 1
List of tables and figures………………………………………………………………………………………….... 3
Executive summary………………………………………………………………………………………………….... 5
Background………………………………………………………………………………………………………………… 7
Methodology……………………………………………………………………………………………………………… 11
Selection of sites………………………………………………………………………………………………………… 11
Training………………………………………………………………………………………………………………………. 11
Inclusion criteria………………………………………………………………………………………………………… 11
Exclusion criteria………………………………………………………………………………………………………… 11
Measures of antibiotic consumption……………………………….............................................. 14
Data collection and analysis……………………………………………………………………………………….. 14
Overview at NCDC……………………………………………………………………………………………………… 15
Indicators monitored…………………………………………………………………………………………………. 15
Results……………………………………………………………………………………………………………………….. 17
Discussion………………………………………………………………………………………………………………….. 41
Limitation…………………………………………………………………………………………………………………… 42
Conclusion…………………………………………………………………………………………………………………. 42
Recommendations……………………………………………………………………………………………………… 43
References………………………………………………………………………………………………………………….. 44
List of Contributors…………………………………………………………………………………………………….. 45",,amrc(3).pdf | PDF page 3,verified,retrieval_context
NCDC_consumption_2024_NACNET_SACNET_p005_c00,document_chunk,NCDC_consumption_2024_NACNET_SACNET,amrc(3).pdf,consumption,2024,NACNET/SACNET,5,,,"Abbreviations

AMR Antimicrobial Resistance

ASP’s Antimicrobial Stewardship Programs

ATC Anatomical Therapeutic Chemical

AWaRe Access, Watch, Reserve

Cap. Capsule

DDD Defined Daily Dose

g Gram

GMC Government Medical College

Inj. Injection

mg Milligram

NACNET National Antimicrobial Consumption-
 Network
SACNET State Antimicrobial Consumption-Network

G-SACNET Gujarat State Antimicrobial Consumption
 Network
K-SACNET Kerala State Antimicrobial Consumption
 Network
NCDC National Centre for Disease Control

NR Not Recommended

SUs Standard units

Tab. Tablet

UTs Union Territories

WHO World Health Organization

 1",,amrc(3).pdf | PDF page 5,verified,retrieval_context
NCDC_consumption_2024_NACNET_SACNET_p006_c00,document_chunk,NCDC_consumption_2024_NACNET_SACNET,amrc(3).pdf,consumption,2024,NACNET/SACNET,6,,,2,,amrc(3).pdf | PDF page 6,verified,retrieval_context
NCDC_consumption_2024_NACNET_SACNET_p007_c00,document_chunk,NCDC_consumption_2024_NACNET_SACNET,amrc(3).pdf,consumption,2024,NACNET/SACNET,7,,,"List of tables and figures
 Figure 1: Location of National Antibiotic Consumption Network (NACNET) sites ................... 9

 Figure 2: Location of State Antibiotic Consumption Network (SACNET) sites ........................ 10

 Figure 3: Mechanism of data collection and feedback to sites ............................................. 13

 Table 1: NACNET & SACNET sites with Bed strength and Bed Occupancy Rates.................... 17

 Table 2: Annual antibiotic consumption for the year 2024 .................................................. 19

 Figure 4a: Annual antibiotic consumption of NACNET sites .................................................. 20

 Figure 4b: Annual antibiotic consumption of G-SACNET sites............................................... 21

 Figure 4c: Annual antibiotic consumption of K-SACNET sites................................................ 21

 Figure 5a: WHO AWaRe category wise antibiotic consumption of NACNET sites ................... 23

 Figure 5b: WHO AWaRe category wise antibiotic consumption of G-SACNET sites ............... 24

 Figure 5c: WHO AWaRe category wise antibiotic consumption of K-SACNET sites ................ 24

 Figure 6a: NACNET sites reporting Top five antibiotics consumed ........................................ 26

 Figure 6b: G-SACNET sites reporting Top five antibiotics consumed..................................... 27

 Figure 6c: K-SACNET sites reporting Top five antibiotics consumed ..................................... 28

 Figure 7a&7b: Category-wise antibiotic consumption at NACNET sites ................................ 30

 Figure 7c: Category-wise antibiotic consumption at G-SACNET sites ................................... 32

 Figure 7d: Category-wise antibiotic consumption at K-SACNET sites ................................... 33

 Figure 8a: Antibiotic consumption by route of administration at NACNET sites .................... 35

 Figure 8b: Antibiotic consumption by route of administration at G-SACNET sites ................ 36

 Figure 8c: Antibiotic consumption by route of administration at K-SACNET sites ................. 36",,amrc(3).pdf | PDF page 7,verified,retrieval_context
NCDC_consumption_2024_NACNET_SACNET_p007_c01,document_chunk,NCDC_consumption_2024_NACNET_SACNET,amrc(3).pdf,consumption,2024,NACNET/SACNET,7,,,"Figure 9: Month wise trend of antibiotic consumption during 2024 ....................................... 37

 Figure 10: WHO AWaRe category- wise antibiotic consumption during 2024 ....................... 38

 Figure 11: Top five antibiotics consumed during 2024 ......................................................... 39

 Figure 12: Category-wise antibiotic consumption during 2024 ............................................ 40

 3",,amrc(3).pdf | PDF page 7,verified,retrieval_context
NCDC_consumption_2024_NACNET_SACNET_p008_c00,document_chunk,NCDC_consumption_2024_NACNET_SACNET,amrc(3).pdf,consumption,2024,NACNET/SACNET,8,,,4,,amrc(3).pdf | PDF page 8,verified,retrieval_context
NCDC_consumption_2024_NACNET_SACNET_p009_c00,document_chunk,NCDC_consumption_2024_NACNET_SACNET,amrc(3).pdf,consumption,2024,NACNET/SACNET,9,,,"Executive Summary
National Centre for Disease Control (NCDC) serves as the Nodal agency for the National
Programme on AMR Containment in India. Monitoring antibiotic usage is one of the critical
components of this program. To support this initiative, NCDC established the National
Antibiotic Consumption Network (NACNET) at Medical College Hospitals since 2018 and this
is being scaled up gradually. Under this network, participating sites collect data on
antibiotic consumption within their health facilities and report it to the NCDC. In 2025, as
an extension to NACNET, NCDC established the State Antibiotic Consumption Network
(SACNET) in two States using the Hub and Spoke Model and collated data for 2024.

This report presents findings of compiled and analyzed antibiotic consumption data from
66 network sites (which included both National and State network sites) for the year
2024. The findings revealed considerable variability in antibiotic usage across 66 tertiary
care institutions. Notably, there was excessive consumption of ""Watch"" antibiotics,
which are associated with a higher risk of resistance, and insufficient use of ""Access""
antibiotics, which are recommended as first-line treatments. The consumption of
""Access"" antibiotics ranged from 15% to 85% with only one institution exceeding 85% of
consumption from the ""Access"" category. Consumption of ""Reserve"" antibiotics, which
are intended for last-resort situations, accounting for 0-9% of total consumption across the
sites.

The most frequently consumed antibiotics varied across institutions, with Ceftriaxone,
Azithromycin, Amoxicillin and clavulanic acid, Metronidazole and Doxycycline being the
most common.

Overall, the findings highlight the inconsistent implementation of antimicrobial
stewardship programs and adherence to treatment guidelines, emphasizing the need for
targeted interventions to optimize antibiotic use at NACNET and SACNET sites.

 5",,amrc(3).pdf | PDF page 9,verified,retrieval_context
NCDC_consumption_2024_NACNET_SACNET_p010_c00,document_chunk,NCDC_consumption_2024_NACNET_SACNET,amrc(3).pdf,consumption,2024,NACNET/SACNET,10,,,6,,amrc(3).pdf | PDF page 10,verified,retrieval_context
NCDC_consumption_2024_NACNET_SACNET_p011_c00,document_chunk,NCDC_consumption_2024_NACNET_SACNET,amrc(3).pdf,consumption,2024,NACNET/SACNET,11,,,"Background
One of the most important concerns for global public health is the growing threat of
antimicrobial resistance (AMR) (1). In 2021, we estimated 4.71 million (95% UI 4.23 – 5.19)
deaths were associated with bacterial AMR, including 1.14 million (1:00 – 1.28) deaths
attributed to bacterial AMR(2). WHO estimates that AMR may become the world’s top
cause of mortality by 2050, accounting for 10 million fatalities each year, with India being
particularly vulnerable due to its dense population, high disease burden, and diverse health
care practices(3). From 1990 to 2021 deaths from AMR increased by over 80% for adults 70
years and older (2). The misuse of antibiotics in the medical, veterinary and agricultural
sector including inappropriate prescribing of antibiotics contribute to the rise of AMR,(4).

On September 26, 2024, at the UN General Assembly, world leaders acknowledged that
AMR is an urgent threat to human health, economic development, and global equity. The
assembly resolved to review current progress, pinpoint critical gaps, and invest immediately
in sustainable, multisectoral solutions. This accelerated effort is necessary to safeguard the
effectiveness of medicine and help achieve the Sustainable Development Goals. So, by 2030,
the use of WHO “Access” group antibiotics is expanded from the 2023 global target, and
now the aim is to achieve at least 70% overall human antibiotic use globally (taking into
account national contexts), through investing in and strengthening stewardship
programmes (5).

National Centre for Disease Control, New Delhi is the nodal agency for the National
Programme on AMR Containment, which encourages rational antibiotic use (6). One of the
objectives of this programme is to carry out surveillance of antibiotic usage in healthcare
settings across India. Under the AMR programme, National Antibiotic Consumption-
Network (NACNET) comprising of Government tertiary health care facilities was established
across 25 States and 6 Union territories (UTs) in a phased manner (Fig. 1). The National
Antibiotic Consumption-Network (NACNET) collects data from tertiary care hospitals and
cannot be extrapolated to community settings.",,amrc(3).pdf | PDF page 11,verified,retrieval_context
NCDC_consumption_2024_NACNET_SACNET_p011_c01,document_chunk,NCDC_consumption_2024_NACNET_SACNET,amrc(3).pdf,consumption,2024,NACNET/SACNET,11,,,"State Antibiotic Consumption Network (SACNET) was established in the States of Gujarat &
Kerala using the Hub and Spoke model. Ahmedabad and Trivandrum (both of them NACNET
sites) were enrolled as Nodal/Hub institutes with 18 and 11 institutes enrolled as spokes
 7",,amrc(3).pdf | PDF page 11,verified,retrieval_context
NCDC_consumption_2024_NACNET_SACNET_p012_c00,document_chunk,NCDC_consumption_2024_NACNET_SACNET,amrc(3).pdf,consumption,2024,NACNET/SACNET,12,,,"respectively.

This report is a collation of antibiotic usage data submitted to NCDC by 38 NACNET and 28
SACNET locations for the year 2024. The WHO's AWaRe (Access, Watch, and Reserve)
categorization system (7) and Defined Daily Doses (DDD) have been used to evaluate the
antibiotic usage. Data on antibiotic usage may be utilized to:

 • recognize and detect changes in antibiotic exposure and use;
 • develop interventions to address the identified problems;
 • monitor the impact of interventions;
 • ensure prescribing practices adhere to appropriate guidelines; and
 • Promote awareness of the adverse effects of inappropriate antibiotic use.

 8",,amrc(3).pdf | PDF page 12,verified,retrieval_context
NCDC_consumption_2024_NACNET_SACNET_p013_c00,document_chunk,NCDC_consumption_2024_NACNET_SACNET,amrc(3).pdf,consumption,2024,NACNET/SACNET,13,,,"Figure 1: Location of National Antibiotic Consumption Network (NACNET) sites

 Reporting sites
 Non reporting sites

NACNET SITES
1 BJMC, Ahmedabad 15 GMC, Aurangabad 29 LLRMMC, Meerut
2 BJMC, Pune 16 OMC, Hyderabad 30 CMCH, Coimbatore
3 GMC, Chandigarh 17 GMC, Guntur 31 MAMC, Delhi
4 GMC, Kanpur 18 GMC, Agartala 32 SPMC, Bikaner
5 LHMC, Delhi 19 SCBMC&H, Cuttack 33 KIMS, Hubballi
6 MMC & RI, Mysore 20 GMC& H, Jammu 34 IGMC&RI, Puducherry
7 SMSMC, Jaipur 21 PGIMS, Rohtak 35 NAMOMERI, Silvassa
8 VMMC, Delhi 22 RIMS, Ranchi 36 GMC, Goa
9 GMC, Trivandrum 23 IGIMS, Patna 37 SNTM, Sikkim
10 KAPVGMC, Trichy 24 GMC, Haldwani 38 GMC, Patiala
11 GMC, Guwahati 25 JLNMMC, Raipur 39 ZMC, Mizoram
12 NEIGRIHMS, Shillong 26 GMC, Bhopal 40 A&N IMS, Port Blair
13 MHMMC, Indore 27 CSTM, Kolkata
14 IGMC, Shimla 28 GMERSMC&H, Valsad
 9",,amrc(3).pdf | PDF page 13,verified,retrieval_context
NCDC_consumption_2024_NACNET_SACNET_p014_c00,document_chunk,NCDC_consumption_2024_NACNET_SACNET,amrc(3).pdf,consumption,2024,NACNET/SACNET,14,,,"Figure 2: Location of State Antibiotic Consumption Network (SACNET) sites

 Hub
 Spokes

 GUJARAT (G-SACNET) KERALA (K-SACNET)
1 Govt. MCH, Ahmedabad (HUB) 1 GMCH, Trivandrum (HUB)
2 GMERS MCH Vadnagar, Mahesana 2 TDMC, Alappuzha
3 GMERS MCH Dharpur, Patan 3 GMC, Kottayam
4 GMERS MCH Sola, Ahmedabad 4 GMC, Kollam
5 GMERS MCH Gandhinagar 5 GMC, Konni
6 GMERS MCH Himatnagar 6 GMC, Ernakulam
7 GMERS MCH Gotri, Vadodara 7 GMC, Idukki
8 Govt. MCH, Vadodara 8 GMC, Thrissur
9 GMERS MCH Godhara 9 GMC, Manjeri
10 GMERS MCH Rajpipala 10 GMC, Kozhikode
11 Govt. MCH, Surat 11 GMC, Pariyaram, Kannur
12 GMERS MCH Valsad 12 GMC, Wayanad
13 GMERS MCH Navsari
14 Govt. MCH, Bhavnagar
15 GMERS MCH Porbandar
16 Govt. MCH, Jamnagar
17 Govt. MCH, Rajkot
18 GMERS MCH Junagadh
19 GMERS MCH Morbi
 10",,amrc(3).pdf | PDF page 14,verified,retrieval_context
NCDC_consumption_2024_NACNET_SACNET_p015_c00,document_chunk,NCDC_consumption_2024_NACNET_SACNET,amrc(3).pdf,consumption,2024,NACNET/SACNET,15,,,"Methodology
The antibiotic consumption data collection, compilation and report preparation was done as
follows:

Selection of sites
The sites which had compiled the antibiotic consumption data for the year 2024 have been
included in this report. A total of 66 sites comprising of both National and State Network
sites had shared their antibiotic consumption data for the year 2024.

The site list is provided in Fig. 1

Training
The pharmacists recruited under the programme undergo induction and refresher trainings.
The trainings cover:

 • Collection of antibiotic consumption data from the central stores/ pharmacy;
 • Collection of bed occupancy data from the medical records department;
 • Compilation of the data in the excel template provided by NCDC;
 • Calculation of DDD and DDD/100-bed-days using the WHO AMC tool 2019 as per the
 WHO ATC-DDD methodology; and
 • Analysis of the compiled data for AWaRe classification and top 5 antibiotics.

The SOP for AMC Tool was shared with all the newly recruited pharmacists for ready
reference.

Inclusion criteria
 • Antibiotics consumed at the inpatient facilities of NACNET & SACNET sites
 • Antibiotics prescribed through oral and parenteral routes

Exclusion criteria
 • Antibiotics prescribed in any other route e.g. topical preparations, eye/ear drops,
 gel, and suppositories
 • Other antibiotics like antifungal, antiviral, antitubercular, antiprotozoals

 11",,amrc(3).pdf | PDF page 15,verified,retrieval_context
NCDC_consumption_2024_NACNET_SACNET_p016_c00,document_chunk,NCDC_consumption_2024_NACNET_SACNET,amrc(3).pdf,consumption,2024,NACNET/SACNET,16,,,"Antibiotics were classified in J01 and P01 groups under the WHO Anatomical Therapeutic
Chemical (ATC) classification system. We reported consumption estimates in standard units
(SUs) defined as the smallest dose of formulation like one tablet or capsule for oral solids,
and one vial or ampoule for injectable antibiotics.

 12",,amrc(3).pdf | PDF page 16,verified,retrieval_context
NCDC_consumption_2024_NACNET_SACNET_p017_c00,document_chunk,NCDC_consumption_2024_NACNET_SACNET,amrc(3).pdf,consumption,2024,NACNET/SACNET,17,,,"Figure 3: Mechanism of data collection and feedback to sites

 13",,amrc(3).pdf | PDF page 17,verified,retrieval_context
NCDC_consumption_2024_NACNET_SACNET_p018_c00,document_chunk,NCDC_consumption_2024_NACNET_SACNET,amrc(3).pdf,consumption,2024,NACNET/SACNET,18,,,"Measures of antibiotic consumption
Antibiotic consumption was measured in Defined Daily Doses.

 • Defined Daily Dose: The assumed average maintenance dose per day for a drug used
 for its main indication in adults (5). WHO AMC Tool 2019 v.1.9.0 was used to
 calculate DDDs of each volume of antibiotics.
 • Bed occupancy: Bed occupancy rate for each month was calculated using the
 formula – Bed occupancy rate / Bed days = Occupied beds / Available beds,
 • DDD/100-bed-days: This was calculated using the total number of beds for all sites
 and using the bed occupancy rate as 100%.

Data collection and analysis

At the site level, data collection is done by the pharmacist. The steps include:

 • Consumption data is collected from the central drug store of the health facility.
 • Bed occupancy data is sourced from the Medical Records Department.
 • Consumption data is recorded in a master sheet along with their WHO AWaRe
 (Access-Watch-Reserve) classification.
 • After data entry, data was imported in WHO AMC Tool 2019 v.1.9.0, to calculate the
 DDD and the Annual DDD/100-bed-days for each antibiotic.
 • DDD/100-bed-days calculated month wise for each antibiotic and consolidated.

In case of SACNET sites after data entry and, data was shared with the Hub site

 • The Hub site compiled the data for all the spoke sites along with the WHO AWaRe
 (Access-Watch-Reserve) classification of the antibiotic.

 14",,amrc(3).pdf | PDF page 18,verified,retrieval_context
NCDC_consumption_2024_NACNET_SACNET_p019_c00,document_chunk,NCDC_consumption_2024_NACNET_SACNET,amrc(3).pdf,consumption,2024,NACNET/SACNET,19,,,"Overview at NCDC:
 • Manual review of antibiotic consumption was done to check for inconsistencies.
 • The sites were consulted for confirmation.
 • Analysis of the data done using trend graphs based on AWaRe classification,
 antibiotics used against priority pathogens.
 • The consumption data for the year 2024 of 66 sites compiled and consolidated using
 MS-Excel.
 • After data entry, data was imported into WHO AMC Tool 2019 v.1.9.0, to calculate
 DDD of each antibiotic.
 • DDD/100-bed-days was calculated for each antibiotic and consolidated.
 • Consolidated data was then analysed for the indicators mentioned below.

Indicators monitored
Antibiotic consumption is organized using the following key indicators:
 • Annual consumption in terms of DDD/100-bed-days
 • AWaRe classification of antibiotics
 • List of top-5 antibiotics used
 • Group wise antibiotic consumption
 • Route of administration of antibiotics

 15",,amrc(3).pdf | PDF page 19,verified,retrieval_context
NCDC_consumption_2024_NACNET_SACNET_p020_c00,document_chunk,NCDC_consumption_2024_NACNET_SACNET,amrc(3).pdf,consumption,2024,NACNET/SACNET,20,,,16,,amrc(3).pdf | PDF page 20,verified,retrieval_context
NCDC_consumption_2024_NACNET_SACNET_p021_c00,document_chunk,NCDC_consumption_2024_NACNET_SACNET,amrc(3).pdf,consumption,2024,NACNET/SACNET,21,,,"Results
This report presents antibiotic consumption of 38 NACNET sites and 28 SACNET sites for the
year 2024. Total bed strength and bed occupancy of the sites is given in Table 1.

 Table 1: NACNET and SACNET sites Bed Occupancy and Bed strength Rates
S. No. Site Code Bed Strength Bed Occupancy Rate

 1 NAC 1 3200 100%
 2 NAC 2 1296 82%
 3 NAC 3 1017 79%
 4 NAC 4 1055 100%
 5 NAC 5 1431 61%
 6 NAC 6 888 64%
 7 NAC 7 2461 19%
 8 NAC 8 2873 100%
 9 NAC 9 3695 100%
 10 NAC 10 1832 79%
 11 NAC 11 2776 87%
 12 NAC 12 596 64%
 13 NAC 13 1513 100%
 14 NAC 14 873 90%
 15 NAC 15 1665 66%
 16 NAC 16 3667 82%
 17 NAC 17 1267 100%
 18 NAC 18 1413 100%
 19 NAC 19 2518 100%
 20 NAC 20 2316 68%
 21 NAC 21 2080 87%
 22 NAC 22 2191 57%
 23 NAC 23 1167 84%",,amrc(3).pdf | PDF page 21,verified,retrieval_context
NCDC_consumption_2024_NACNET_SACNET_p021_c01,document_chunk,NCDC_consumption_2024_NACNET_SACNET,amrc(3).pdf,consumption,2024,NACNET/SACNET,21,,,"24 NAC 24 782 72%
 25 NAC 25 1340 63%
 26 NAC 26 2000 65%
 27 NAC 27 167 100%
 28 NAC 28 770 70%
 29 NAC 29 960 75%
 30 NAC 30 2300 60%
 31 NAC 31 1383 62%
 32 NAC 32 2560 100%
 33 NAC 33 2400 100%
 34 NAC 34 800 60%
 35 NAC 35 650 100%
 36 NAC 36 1491 74%
 37 NAC 37 876 100%
 38 NAC 39 413 60%

 17",,amrc(3).pdf | PDF page 21,verified,retrieval_context
NCDC_consumption_2024_NACNET_SACNET_p022_c00,document_chunk,NCDC_consumption_2024_NACNET_SACNET,amrc(3).pdf,consumption,2024,NACNET/SACNET,22,,,"G-SACNET SITES*
 1 GJ1 3200 100%
 2 GJ2 650 82%
 3 GJ3 750 79%
 4 GJ4 770 100%
 5 GJ5 790 61%
 6 GJ6 770 64%
 7 GJ7 850 19%
 8 GJ8 1513 100%
 9 GJ9 330 100%
 10 GJ10 354 79%
 11 GJ11 1000 87%
 12 GJ12 770 64%
 13 GJ13 330 100%
 14 GJ14 846 90%
 15 GJ15 330 66%
 16 GJ16 1678 82%
 17 GJ17 1618 100%
 18 GJ18 800 100%
 19 GJ19 330 100%
 K-SACNET SITES*
 1 KL1 3695 87%
 2 KL2 1051 57%
 3 KL3 2094 84%
 4 KL4 480 72%
 5 KL5 300 63%
 6 KL6 600 65%
 7 KL7 300 100%
 8 KL8 1436 70%",,amrc(3).pdf | PDF page 22,verified,retrieval_context
NCDC_consumption_2024_NACNET_SACNET_p022_c01,document_chunk,NCDC_consumption_2024_NACNET_SACNET,amrc(3).pdf,consumption,2024,NACNET/SACNET,22,,,"9 KL9 556 75%
 10 KL10 3513 60%
 11 KL11 850 62%
 Total Beds 87960
 *NOTE: G-SACNET sites include 2 NACNET sites & K-SACNET sites include 1 NACNET site.
Bed strength of the sites ranged from 167 to 3695 and Bed occupancy ranged from 19% to
100%. For the computation of consolidated antibiotic consumption, a Bed Occupancy of 100% has
been assumed for the sake of uniformity.

 18",,amrc(3).pdf | PDF page 22,verified,retrieval_context
NCDC_consumption_2024_NACNET_SACNET_p023_c00,document_chunk,NCDC_consumption_2024_NACNET_SACNET,amrc(3).pdf,consumption,2024,NACNET/SACNET,23,,,"Site-wise antibiotic consumption

Annual antibiotic consumption

Overall amongst the 66 sites, the annual antibiotic consumption showed a wide range from
12 DDD/100 Bed days to 1267 DDD/100 Bed days. Majority of the sites (44 sites) have
reported antibiotic consumption ≤ 200 DDD/100 Bed days.

The annual antibiotic consumption of Gujarat State network sites ranged from 55 DDD/100
Bed days to 856 DDD/100 Bed days and that of Kerala State network sites was 35 DDD/100
Bed days to 519 DDD/100 Bed days.

Table 2: Annual antibiotic consumption for the year 2024
 S. No. Antibiotic Consumption (DDD/100 Bed Number of sites
 Days)
 1 Up to 100 29
 2 101-200 15
 3 201-300 6
 4 301-400 5
 5 401-500 4
 6 >500 7
 Total 66

Seven sites recorded consumption below 50 DDD/100 Bed Days (5 NACNETs & 2 SACNETs)
and two sites (NACNETs) recorded consumption above 1000 DDD/100 Bed Days.

 19",,amrc(3).pdf | PDF page 23,verified,retrieval_context
NCDC_consumption_2024_NACNET_SACNET_p024_c00,document_chunk,NCDC_consumption_2024_NACNET_SACNET,amrc(3).pdf,consumption,2024,NACNET/SACNET,24,,,"Figure 4a: Annual antibiotic consumption of NACNET sites (n=38)

 1400
 1267
 1211
 1200

 1000
DDD/100 Bed Days

 800

 600
 487

 396
 400 365

 267
 200
 200 164
 130 129 125 123 117 113 108
 97 93 88 83 83 82 81 80 76 74 70 63 62 61 61 59 57 56 46 40 39
 15 12
 0

 20",,amrc(3).pdf | PDF page 24,verified,retrieval_context
NCDC_consumption_2024_NACNET_SACNET_p025_c00,document_chunk,NCDC_consumption_2024_NACNET_SACNET,amrc(3).pdf,consumption,2024,NACNET/SACNET,25,,,"Figure 4b: Annual antibiotic consumption of G-SACNET sites (n=18)

 1200

 1000
 856
DDD/100 Bed Days

 800
 590
 600
 439 421 406
 400 297 271 260 251
 213
 200 132 130 120 114
 70 69 59 59 55
 0
 GJ19 GJ15 GJ5 GJ4 GJ14 GJ11 GJ10 GJ9 GJ7 GJ6 GJ3 GJ12 GJ13 GJ16 GJ1 GJ2 GJ17 GJ8 GJ18

Figure 4c: Annual antibiotic consumption of K-SACNET sites (n=12)

 900
 800
 DDD/100 Bed Days

 700
 600 519 518 503
 500
 398
 400 325 325
 300
 194
 200 143",,amrc(3).pdf | PDF page 25,verified,retrieval_context
NCDC_consumption_2024_NACNET_SACNET_p025_c01,document_chunk,NCDC_consumption_2024_NACNET_SACNET,amrc(3).pdf,consumption,2024,NACNET/SACNET,25,,,"113
 100 45 41 35
 0
 KL12 KL6 KL4 KL5 KL9 KL2 KL7 KL8 KL3 KL11 KL1 KL10

 21",,amrc(3).pdf | PDF page 25,verified,retrieval_context
NCDC_consumption_2024_NACNET_SACNET_p026_c00,document_chunk,NCDC_consumption_2024_NACNET_SACNET,amrc(3).pdf,consumption,2024,NACNET/SACNET,26,,,"AWaRe category-wise antibiotic consumption
Only fifteen sites (one site has recorded 85%) have reported majority i.e., more than 50% of
antibiotic consumption from Access category rest all sites have reported maximum
antibiotic consumption from Watch category. Twelve sites have recorded consumption of
below 30% from Access category. Three sites have recorded >5% antibiotic consumption
from Reserve category of antibiotics. Fourteen sites have reported >5% antibiotic
consumption from WHO Not Recommended (NR) category of antibiotic of which three sites
have reported more that 10% antibiotic consumption from NR category.

In case of Gujarat, only three sites have reported 50% of antibiotic consumption from
Access category, rest of all the sites have reported maximum antibiotic consumption from
Watch category with one of the sites reporting 79% consumption from Watch category.
Whereas in case of Kerala, 9 out of 12 sites have reported 50% of antibiotic consumption
from Access category and 3 sites have reported maximum antibiotic consumption from
Watch category with one of the sites reporting 72% consumption.

 22",,amrc(3).pdf | PDF page 26,verified,retrieval_context
NCDC_consumption_2024_NACNET_SACNET_p027_c00,document_chunk,NCDC_consumption_2024_NACNET_SACNET,amrc(3).pdf,consumption,2024,NACNET/SACNET,27,,,"Figure 5a: WHO AWaRe category wise antibiotic consumption of NACNET sites (n=38)

 100%

 90%

 80%

 70%
DDD/100 Bed Days

 60%

 50%

 40%

 30%

 20%

 10%

 0%

 Access (%) Watch (%) Reserve (%) NR (%)

 23",,amrc(3).pdf | PDF page 27,verified,retrieval_context
NCDC_consumption_2024_NACNET_SACNET_p028_c00,document_chunk,NCDC_consumption_2024_NACNET_SACNET,amrc(3).pdf,consumption,2024,NACNET/SACNET,28,,,"Figure 5b: WHO AWaRe category wise antibiotic consumption of G-SACNET sites (n=19)

 100%
 90%
 80%
 DDD/100 Bed Days

 70%
 60%
 50%
 40%
 30%
 20%
 10%
 0%

 Access (%) Watch (%) Reserve (%) NR (%)

Figure 5c: WHO AWaRe category wise antibiotic consumption of K-SACNET sites (n=12)

 100%
 90%
 80%
 DDD/100 Bed Days

 70%
 60%
 50%
 40%
 30%
 20%
 10%
 0%
 KL12 KL6 KL4 KL5 KL9 KL2 KL7 KL8 KL3 KL11 KL1 KL10

 Access (%) Watch (%) Reserve (%) NR (%)

 24",,amrc(3).pdf | PDF page 28,verified,retrieval_context
NCDC_consumption_2024_NACNET_SACNET_p029_c00,document_chunk,NCDC_consumption_2024_NACNET_SACNET,amrc(3).pdf,consumption,2024,NACNET/SACNET,29,,,"Top five antibiotics consumed
Ceftriaxone (Watch), Azithromycin (Watch), Amoxycillin and Clavulanic Acid (Access),
Metronidazole (Access) followed by Doxycycline (Access) were the most commonly
consumed antibiotics across the NACNET sites.

Two of the sites have reported Linezolid (Reserve) among top five antibiotics consumed in
the site. Seven sites have reported consumption of Cefoperazone & Sulbactum (NR),
Ofloxacin & Ornidazole (NR) and Ceftriaxone & Sulbactum (NR) amongst top five antibiotics
consumed at the site.

The G-SACNET sites reported Azithromycin (Watch) , Amoxycillin and Clavulanic Acid
(Access), Metronidazole (Access), Doxycycline (Access), Ceftriaxone (Watch) and Cefixime
(Watch) as the most commonly consumed antibiotics. One of the sites had reported
Cefoperazone &Sulbactum (NR) among its top five antibiotics consumed.

Similar pattern has been seen in K-SACNET sites which reported Amoxycillin and Clavulanic
Acid (Access), Azithromycin (Watch), Doxycycline (Access), Cefixime (Watch), Gentamicin
(Access) and Ciprofloxacin (Watch) as the top five antibiotics consumed. Similar to the G-
SACNET trend, two sites reported Cefoperazone & Sulbactum (NR) among top five
antibiotics consumed by the sites.

 25",,amrc(3).pdf | PDF page 29,verified,retrieval_context
NCDC_consumption_2024_NACNET_SACNET_p030_c00,document_chunk,NCDC_consumption_2024_NACNET_SACNET,amrc(3).pdf,consumption,2024,NACNET/SACNET,30,,,"No. of Sites

 10
 20
 25
 30
 35
 40

 15

 0
 5
 CEFTRIAXONE
 33

 AZITHROMYCIN
 31

 AMOXICILLIN/CLAVULANIC ACID
 27

 METRONIDAZOLE
 22

 DOXYCYCLINE
 14

 CEFIXIME
 13
 9

 PIPERACILLIN/TAZOBACTUM
 8

 AMIKACIN
 6

 CEFUROXIME
 4

 CIPROFLOXACIN
 4

 LEVOFLOXACIN
 4

 MEROPENEM
 4

 CEFOPERAZONE/SULBACTAM
 3

 AMOXICILLIN
 Figure 6a: NACNET sites reporting top five antibiotics consumed

 2

 CEFOTAXIME
 2

 LINEZOLID

 CO-TRIMOXAZOLE
 1

 COMBINATIONS",,amrc(3).pdf | PDF page 30,verified,retrieval_context
NCDC_consumption_2024_NACNET_SACNET_p030_c01,document_chunk,NCDC_consumption_2024_NACNET_SACNET,amrc(3).pdf,consumption,2024,NACNET/SACNET,30,,,"1

 GENTAMICIN
 1

 OFLOXACIN/ORNIDAZOLE
26
 1

 CEFTRIAXONE/SULBACTAM",,amrc(3).pdf | PDF page 30,verified,retrieval_context
NCDC_consumption_2024_NACNET_SACNET_p031_c00,document_chunk,NCDC_consumption_2024_NACNET_SACNET,amrc(3).pdf,consumption,2024,NACNET/SACNET,31,,,"No. of Sites

 10
 15
 20
 25
 30

 0
 5
 19
 AZITHROMYCIN

 16
 AMOXICILLIN/CLAVULANIC ACID

 9
 DOXYCYCLINE
 9

 METRONIDAZOLE
 9

 CEFIXIME
 9

 CEFTRIAXONE
 8

 LEVOFLOXACIN
 6

 AMOXICILLIN
 3

 CIPROFLOXACIN

 CO-TRIMOXAZOLE
 2

 COMBINATIONS
 Figure 6b: G-SACNET sites reporting top five antibiotics consumed

 1

 AMIKACIN
 1

 GENTAMICIN
 1

 NORFLOXACIN
 1

 OFLOXACIN
27
 1

 CEFOPERAZONE/SULBACTAM",,amrc(3).pdf | PDF page 31,verified,retrieval_context
NCDC_consumption_2024_NACNET_SACNET_p032_c00,document_chunk,NCDC_consumption_2024_NACNET_SACNET,amrc(3).pdf,consumption,2024,NACNET/SACNET,32,,,"No. of Sites

 10
 12
 14
 16
 18
 20

 0
 2
 4
 6
 8
 AMOXICILLIN/CLAVULANI

 11
 C ACID

 11
 AZITHROMYCIN
 10

 DOXYCYCLINE
 7

 CEFIXIME
 4

 GENTAMICIN
 4

 CIPROFLOXACIN
 3

 AMOXICILLIN
 2

 METRONIDAZOLE
 2

 RIFAXIMIN

 CEFOPERAZONE/SULBAC
 2

 TAM
 Figure 6c: K-SACNET sites reporting top five antibiotics consumed

 1

 AMIKACIN

 CO-TRIMOXAZOLE
 1

 COMBINATIONS
 1

 CEFTRIAXONE
 1

 LEVOFLOXACIN
28",,amrc(3).pdf | PDF page 32,verified,retrieval_context
NCDC_consumption_2024_NACNET_SACNET_p033_c00,document_chunk,NCDC_consumption_2024_NACNET_SACNET,amrc(3).pdf,consumption,2024,NACNET/SACNET,33,,,"Category wise antibiotic consumption

Cephalosporins (Watch) remain the most widely consumed antibiotic group across the
majority of reporting sites followed closely by Beta-lactam/Beta-lactamase inhibitor
combinations (Access). Macrolide (Watch), Tetracyclines (Access) and Fluroquinolones
(Watch) also show substantial usage and are consistently represented in many sites. One
site demonstrates exceptionally high Tetracycline consumption accounting for 73% of the
total consumption at the site from this group. Additionally, one site displays a notable
consumption of Oxazolidinones (Reserve), indicating a measurable use of Reserve-category
antibiotics.

G-SACNET sites have also shown consumption amongst the same categories as that of the
overall trend in their antibiotic consumption. Four sites have shown noticeable consumption
from Oxazolidinones (Reserve) and one site has shown significant consumption from WHO
Not Recommended group of antibiotics.

Similarly K-SACNET sites have also shown the same trend as that of the overall and G-
SACNET sites with the exception of Fluroquinones (Watch) which have been replaced by
Penicillins (Access).

 29",,amrc(3).pdf | PDF page 33,verified,retrieval_context
NCDC_consumption_2024_NACNET_SACNET_p034_c00,document_chunk,NCDC_consumption_2024_NACNET_SACNET,amrc(3).pdf,consumption,2024,NACNET/SACNET,34,,,"Figure 7a: Category-wise antibiotic consumption at NACNET sites (n=35)

 450

 400

 350

 300
DDD/100 Bed Days

 250

 200

 150

 100

 50

 0

 NAC 6
 NAC 4

 NAC 8

 NAC 5

 NAC 2

 NAC 3

 NAC 1

 NAC 9
 NAC 32
 NAC 24

 NAC 36
 NAC 28
 NAC 31
 NAC 35",,amrc(3).pdf | PDF page 34,verified,retrieval_context
NCDC_consumption_2024_NACNET_SACNET_p034_c01,document_chunk,NCDC_consumption_2024_NACNET_SACNET,amrc(3).pdf,consumption,2024,NACNET/SACNET,34,,,"NAC 29

 NAC 22
 NAC 19
 NAC 20
 NAC 11
 NAC 26
 NAC 21

 NAC 34
 NAC 18
 NAC 25
 NAC 16
 NAC 14",,amrc(3).pdf | PDF page 34,verified,retrieval_context
NCDC_consumption_2024_NACNET_SACNET_p034_c02,document_chunk,NCDC_consumption_2024_NACNET_SACNET,amrc(3).pdf,consumption,2024,NACNET/SACNET,34,,,"NAC 30

 NAC 10

 NAC 33
 NAC 17
 NAC 12
 NAC 23

 NAC 37",,amrc(3).pdf | PDF page 34,verified,retrieval_context
NCDC_consumption_2024_NACNET_SACNET_p034_c03,document_chunk,NCDC_consumption_2024_NACNET_SACNET,amrc(3).pdf,consumption,2024,NACNET/SACNET,34,,,"NAC 39
 NAC 13

 Others (J01DF01+J01BA01+J01XE01+J01XB01+A07AA11+J01DI03+J01XX01) NR

 Oxazolidinones J01XX08 Carbapenems J01DH02/03/51

 Fluoroquinolones J01MA02 Macrolides J01FA10

 Cephalosporines J01DE01 Lincosamides J01FF01

 Sulfonamide-trimethoprim-combinations J01EE01 Penicillins J01CA01

 Aminoglycoside J01GB01/06 Imidazoles P01AB01

 Tetracyclines J01AA02 Beta-lactam/beta-lactamase-inhibitor J01CR

 30",,amrc(3).pdf | PDF page 34,verified,retrieval_context
NCDC_consumption_2024_NACNET_SACNET_p035_c00,document_chunk,NCDC_consumption_2024_NACNET_SACNET,amrc(3).pdf,consumption,2024,NACNET/SACNET,35,,,"Figure 7b: Category-wise antibiotic consumption at NACNET sites with antibiotic consumption >500 DDD/100 Bed Days (n=3)

 1400

 1200

 1000
 DDD/100 Bed Days

 800

 600

 400

 200

 0
 NAC 27 NAC 7 NAC 15

Others (J01DF01+J01BA01+J01XE01+J01XB01+A07AA11+J01DI03+J01XX01) NR

Oxazolidinones J01XX08 Carbapenems J01DH02/03/51

Fluoroquinolones J01MA02 Macrolides J01FA10

Cephalosporines J01DE01 Lincosamides J01FF01

Sulfonamide-trimethoprim-combinations J01EE01 Penicillins J01CA01

Aminoglycoside J01GB01/06 Imidazoles P01AB01

Tetracyclines J01AA02 Beta-lactam/beta-lactamase-inhibitor J01CR

 31",,amrc(3).pdf | PDF page 35,verified,retrieval_context
NCDC_consumption_2024_NACNET_SACNET_p036_c00,document_chunk,NCDC_consumption_2024_NACNET_SACNET,amrc(3).pdf,consumption,2024,NACNET/SACNET,36,,,"Figure 7c: Category-wise antibiotic consumption at G-SACNET sites (n=19)

 900

 800

 700

 600
DDD/100 Bed Days

 500

 400

 300

 200

 100

 0
 GJ19 GJ15 GJ5 GJ4 GJ14 GJ11 GJ10 GJ9 GJ7 GJ6 GJ3 GJ12 GJ13 GJ16 GJ1 GJ2 GJ17 GJ8 GJ18

 Others (J01DF01+J01BA01+J01XE01+J01XB01+A07AA11+J01DI03+J01XX01) NR
 Oxazolidinones J01XX08 Carbapenems J01DH02/03/51
 Fluoroquinolones J01MA02 Macrolides J01FA10
 Cephalosporines J01DE01 Lincosamides J01FF01
 Sulfonamide-trimethoprim-combinations J01EE01 Penicillins J01CA01
 Aminoglycoside J01GB01/06 Imidazoles P01AB01
 Tetracyclines J01AA02 Beta-lactam/beta-lactamase-inhibitor J01CR

 32",,amrc(3).pdf | PDF page 36,verified,retrieval_context
NCDC_consumption_2024_NACNET_SACNET_p037_c00,document_chunk,NCDC_consumption_2024_NACNET_SACNET,amrc(3).pdf,consumption,2024,NACNET/SACNET,37,,,"Figure 7d: Category-wise antibiotic consumption at K-SACNET sites (n=12)

 600

 500

 400
DDD/100 Bed Days

 300

 200

 100

 0
 KL12 KL6 KL4 KL5 KL9 KL2 KL7 KL8 KL3 KL11 KL1 KL10

 Others (J01XE01+J01XA02+J01XA01+J01XB01+J01AA12+A07AA11) NR
 Oxazolidinones J01XX08 Carbapenems J01DH02/03/51
 Fluoroquinolones J01MA02 Lincosamides J01FF01
 Macrolides J01FA10 Cephalosporines J01DE01
 Sulfonamide-trimethoprim-combinations J01EE01 Penicillins J01CA01
 Aminoglycoside J01GB01/06 Imidazoles P01AB01
 Tetracyclines J01AA02 Beta-lactam/beta-lactamase-inhibitor J01CR

 33",,amrc(3).pdf | PDF page 37,verified,retrieval_context
NCDC_consumption_2024_NACNET_SACNET_p038_c00,document_chunk,NCDC_consumption_2024_NACNET_SACNET,amrc(3).pdf,consumption,2024,NACNET/SACNET,38,,,"Antibiotic consumption by Route of administration

Overall, antibiotic consumption is higher by oral route as compared to parenteral in 44 sites.
Five sites reported >80% consumption by parenteral route with one site reporting 100%
consumption.

In case of G-SACNET sites, 5 sites reported more than 50% antibiotic consumption by
parenteral route. 10 sites reported ≥85% consumption of antibiotics by oral route with one
of the sites reporting 100% consumption from oral route.

All the 12 sites of K-SACNET have reported more than 50% antibiotic consumption by oral
route with one of the sites reporting 98.1% consumption of antibiotics from oral route.
Parenteral route consumption of antibiotics in the sites ranged from 49.6% to 1.9%.

 34",,amrc(3).pdf | PDF page 38,verified,retrieval_context
NCDC_consumption_2024_NACNET_SACNET_p039_c00,document_chunk,NCDC_consumption_2024_NACNET_SACNET,amrc(3).pdf,consumption,2024,NACNET/SACNET,39,,,"DDD/100 Bed Days

 0%
 100%

 10%
 20%
 30%
 40%
 50%
 60%
 70%
 80%
 NAC 27 90%
 NAC 7
 NAC 15
 NAC 4
 NAC 32
 NAC 24
 NAC 8
 NAC 36
 NAC 28
 NAC 31
 NAC 35
 NAC 5
 NAC 29
 NAC 13
 NAC 22
 NAC 19

 ORAL
 NAC 20
 NAC 11
 NAC 26
 NAC 21
 PARENTRAL NAC 2
 NAC 6
 NAC 34
 NAC 18
 NAC 25
 NAC 16
 NAC 14
 NAC 30
 Figure 8a: Antibiotic consumption by route of administration at NACNET sites (n=38)

 NAC 3
 NAC 10
 NAC 1
 NAC 33
 NAC 17
 NAC 12
 NAC 23
 NAC 9
 NAC 37
35

 NAC 39",,amrc(3).pdf | PDF page 39,verified,retrieval_context
NCDC_consumption_2024_NACNET_SACNET_p040_c00,document_chunk,NCDC_consumption_2024_NACNET_SACNET,amrc(3).pdf,consumption,2024,NACNET/SACNET,40,,,"Figure 8b: Antibiotic consumption by route of administration at G-SACNET sites (n=19)

 100%
 90%
 80%
DDD/100 Bed Days

 70%
 60%
 50%
 40%
 30%
 20%
 10%
 0%

 ORAL PARENTRAL

 Figure 8c: Antibiotic consumption by route of administration at K-SACNET sites (n=12)

 100%
 90%
 80%
 70%
DDD/100 Bed Days

 60%
 50%
 40%
 30%
 20%
 10%
 0%
 KL12 KL6 KL4 KL5 KL9 KL2 KL7 KL8 KL3 KL11 KL1 KL10

 ORAL PARENTRAL

 36",,amrc(3).pdf | PDF page 40,verified,retrieval_context
NCDC_consumption_2024_NACNET_SACNET_p041_c00,document_chunk,NCDC_consumption_2024_NACNET_SACNET,amrc(3).pdf,consumption,2024,NACNET/SACNET,41,,,"Consolidated antibiotic consumption

Consolidated antibiotic consumption of NACNET & SACNET sites (n=66) during 2024 was
132.8 DDD/100 Bed days. Antibiotic consumption from oral route is 92.9 DDD/100 Bed days
and from parenteral route is 39.9 DDD/100 Bed days.

Month-wise antibiotic consumption

The antibiotic consumption peaked during the month of February.

Figure 9: Month-wise antibiotic consumption during 2024

 160

 145.9
 140

 120
 DDD/100 Bed Days

 100

 80
 76.6
 73.0
 73 74
 60

 40

 20

 0

 Monthly Annual

 Note: The month-wise trend is for 35 NACNET sites as 3 sites submitted annual data only

 37",,amrc(3).pdf | PDF page 41,verified,retrieval_context
NCDC_consumption_2024_NACNET_SACNET_p042_c00,document_chunk,NCDC_consumption_2024_NACNET_SACNET,amrc(3).pdf,consumption,2024,NACNET/SACNET,42,,,"AWaRe category-wise antibiotic consumption

Access category consumption has been recorded at 42% as against WHO’s recommendation
of 70% or above at National level (8). Consumption from Reserve and Not Recommended
categories has been recorded at 2% and 3% respectively.

Figure 10: WHO AWaRe category- wise antibiotic consumption during 2024

 2.9, 2% 3.9, 3%

 55.1, 42%

 70.9, 53%

 Access
 Watch
 Reserve
 NR

 38",,amrc(3).pdf | PDF page 42,verified,retrieval_context
NCDC_consumption_2024_NACNET_SACNET_p043_c00,document_chunk,NCDC_consumption_2024_NACNET_SACNET,amrc(3).pdf,consumption,2024,NACNET/SACNET,43,,,"Top five antibiotics consumed

Azithromycin (Watch), Amoxycillin and Clavulanic Acid (Access), Doxycycline (Access)
followed by Ceftriaxone (Watch), and Cefixime (Watch) were the most commonly
consumed antibiotics.

Figure 11: Top 5 Antibiotics consumed during the year 2024

 30

 25.1
 25 23.1
DDD/100 Bed Days

 20

 15
 11.8 11.3 11
 10

 5

 0
 AZITHROMYCIN AMOXICILLIN & DOXYCYCLINE CEFTRIAXONE CEFIXIME
 CLAVULANIC
 ACID

 39",,amrc(3).pdf | PDF page 43,verified,retrieval_context
NCDC_consumption_2024_NACNET_SACNET_p044_c00,document_chunk,NCDC_consumption_2024_NACNET_SACNET,amrc(3).pdf,consumption,2024,NACNET/SACNET,44,,,"Category wise antibiotic consumption

Cephalosporins (Watch, 20%), Beta lactam/ beta lactamase inhibitors (Access, 20%)
followed by Macrolides (Watch, 19%), Tetracyclines (Access, 9%) and Fluoroquinolones
(Watch, 8%) are the most commonly consumed group of antibiotics. Oxazolidinones
(Reserve) account for 2% consumption whereas consumption from WHO Not
Recommended group of antibiotics is 3%.

Figure 12: Category-wise antibiotic consumption during 2024

 40",,amrc(3).pdf | PDF page 44,verified,retrieval_context
NCDC_consumption_2024_NACNET_SACNET_p045_c00,document_chunk,NCDC_consumption_2024_NACNET_SACNET,amrc(3).pdf,consumption,2024,NACNET/SACNET,45,,,"Discussion
The surveillance conducted under the National Antimicrobial Consumption Network
(NACNET) and two State Antibiotic Consumption Network (SACNET) sites in 2024 revealed
significant variations in antibiotic usage across the 66 participating tertiary care institutions
with some institutions reporting exceptionally high consumption.
An analysis based on the WHO’s AWaRe classification raised several concerns. The “Access”
category, which generally includes first-line treatments, displayed a wide range of
consumption, with consolidated consumption of 42% ranging from 21.4% to 85.2% while
the “Watch” category accounted for the majority of consumption in many institutions. The
excessive reliance on ""Watch"" antibiotics, which are associated with a higher risk of
resistance, highlights the need for improved antimicrobial stewardship. Nine out of twelve
sites from Kerala reported ≥50% consumption from Access category as against only three
sites from Gujarat highlighting the need for data driven action at the respective sites.
Reserve group antimicrobials should be treated as “last resort” options. Two sites have
reported consumption of reserve category drugs among top 5 antibiotics consumed at the
respective sites which raises concerns and hence requires strengthening of local
antimicrobial stewardship practices in these sites. As the use of Reserve category
antimicrobials is a last resort and hence it is imperative to keep the consumption of this
group of antimicrobials to a minimum. It is also relevant to note that consumption data has
been sourced from the pharmacy of the hospital and did not include any out-of-pocket
purchase of antimicrobials by the patients. The use of “ non-recommended (NR)” antibiotics
(3%) ranged from 0-19% across all sites which is again a matter of concern. It is also
relevant to note that consumption data has been sourced from the pharmacy of the hospital
and did not include any out-of-pocket purchase of antimicrobials by the patients.
Overall, the findings point to significant gaps in the rational use of antibiotics. The overuse
of ""Watch"" antibiotics and the variability across sites suggest inconsistent implementation",,amrc(3).pdf | PDF page 45,verified,retrieval_context
NCDC_consumption_2024_NACNET_SACNET_p045_c01,document_chunk,NCDC_consumption_2024_NACNET_SACNET,amrc(3).pdf,consumption,2024,NACNET/SACNET,45,,,"of antimicrobial stewardship programs (ASPs) and limited adherence to Standard Treatment
guidelines. These challenges underline the urgent need for targeted interventions to
optimize antibiotic use at all NACNET and SACNET sites.

 41",,amrc(3).pdf | PDF page 45,verified,retrieval_context
NCDC_consumption_2024_NACNET_SACNET_p046_c00,document_chunk,NCDC_consumption_2024_NACNET_SACNET,amrc(3).pdf,consumption,2024,NACNET/SACNET,46,,,"Limitation
The consumption data compiled in this report is from the hospital pharmacy which only
caters to in-patients of the hospital. Any antimicrobials prescribed to the patients that were
purchased from other sources is not included, including antimicrobials prescribed to
outpatients.

Conclusion
Analysis of antimicrobial consumption across the the sites presents an interesting picture of
the pattern and overall usage of antimicrobials. Linking consumption data with antimicrobial
resistance will lead to a better understanding of the AMR issues in these facilities.
Continued monitoring of the usage of Watch and Reserve category antimicrobials will
support antimicrobial stewardship practices. Surveillance of antimicrobial consumption and
use at the hospital level is an important tool in our fight against antimicrobial resistance.

 42",,amrc(3).pdf | PDF page 46,verified,retrieval_context
NCDC_consumption_2024_NACNET_SACNET_p047_c00,document_chunk,NCDC_consumption_2024_NACNET_SACNET,amrc(3).pdf,consumption,2024,NACNET/SACNET,47,,,"Recommendations
 • Strengthen Stewardship Programs:
 o Expand antimicrobial stewardship training at all NACNET sites, focusing on
 the judicious use of antibiotics and adherence to standard treatment
 guidelines.
 o Encourage hospitals to meet established benchmarks for AMSP.
 • Data-Driven Interventions:
 o Use site-specific consumption data to identify and address inappropriate
 prescribing patterns.
 • Promote ""Access"" Category Antibiotics:
 o Increase the use of ""Access"" antibiotics by improving awareness and
 availability, while reducing dependence on ""Watch"" and ""Reserve""
 categories.
 • Monitor and Evaluate:
 o Linking antimicrobial consumption with antimicrobial resistance data to guide
 antimicrobial stewardship activities.
 o Establish continuous monitoring mechanisms to evaluate the impact of
 interventions on antibiotic consumption and resistance trends.

By implementing these measures, NACNET and SACNET sites can optimize antibiotic use,
reduce the emergence of resistance, and contribute to the broader goal of containing
antimicrobial resistance in India. These actions will not only improve patient outcomes but
also protect the effectiveness of antibiotics for future generations.

 43",,amrc(3).pdf | PDF page 47,verified,retrieval_context
NCDC_consumption_2024_NACNET_SACNET_p048_c00,document_chunk,NCDC_consumption_2024_NACNET_SACNET,amrc(3).pdf,consumption,2024,NACNET/SACNET,48,,,"References:
 1. Salam MA, Al-Amin MY, Salam MT, Pawar JS, Akhter N, Rabaan AA, et al.
 Antimicrobial Resistance: A Growing Serious Threat for Global Public Health.
 Healthcare (Basel). 2023; 11(13):1946. Doi: 10.3390/healthcare11131946.
 2. GBD 2021 Antimicrobial Resistance Collaborators. Global burden of bacterial
 antimicrobial resistance 1990–2021: a systematic analysis with forecasts to 2050.
 Lancet. 2024;404(10459):1199–1226. Doi: 10.1016/S0140-6736(24)01867-1.
 3. O’Neill J. Tackling drug-resistant infections globally: final report and
 recommendations. Review on AMR; 2016.
 4. Cecchini M, Langer J, Slawomirski L. Antimicrobial Resistance in G7 Countries and
 Beyond: Economic Issues, Policies and Options for Action. Paris: OECD; 2015.
 5. UNEP. World leaders commit to decisive action on antimicrobial resistance at the
 United Nations General Assembly. (Sept 2024).
 6. National Centre for Disease Control (NCDC). National Programme on AMR
 Containment. (web page).
 7. WHO. The 2023 AWaRe classification of antibiotics for evaluation and monitoring of
 use. 2023.
 8. Political Declaration of the High-level Meeting on Antimicrobial Resistance

 44",,amrc(3).pdf | PDF page 48,verified,retrieval_context
NCDC_consumption_2024_NACNET_SACNET_p049_c00,document_chunk,NCDC_consumption_2024_NACNET_SACNET,amrc(3).pdf,consumption,2024,NACNET/SACNET,49,,,"List of Contributors
 Report prepared by
 Antimicrobial Consumption Surveillance Team at NCDC Delhi
 Team Members are
 Dr Arti Bahl, Additional Director
 Dr Suneet Kaur, Joint Director
 Dr Siddharth Vijayan, EISO
 P.Bhavna, Technician
 Mr. Baheed, Pharmacist
 Ms. Iram Naaz, Multipurpose Assistant

 45",,amrc(3).pdf | PDF page 49,verified,retrieval_context
NCDC_resistance_2017_NARS-Net_p003_0000,resistance_evidence,NCDC_resistance_2017_NARS-Net,amr23.pdf,resistance,2017,NARS-Net,3,Figure 1,Isolation rate of priority pathogens from various specimens,Figure 1. Isolation rate of priority pathogens from various specimens,,amr23.pdf | PDF page 3 | Figure 1,verified,retrieval_context
NCDC_resistance_2017_NARS-Net_p003_0001,resistance_evidence,NCDC_resistance_2017_NARS-Net,amr23.pdf,resistance,2017,NARS-Net,3,Figure 2. Isolation rate of priority pathogen from all specimens w.r,t the type of location in,"Figure 2. Isolation rate of priority pathogen from all specimens w.r.t the type of location in
 Healthcare facility

 3",,amr23.pdf | PDF page 3 | Figure 2. Isolation rate of priority pathogen from all specimens w.r,verified,retrieval_context
NCDC_resistance_2017_NARS-Net_p004_0002,resistance_evidence,NCDC_resistance_2017_NARS-Net,amr23.pdf,resistance,2017,NARS-Net,4,Table 2. Specimen,wise isolation of number of Priority Pathogens,"Table 2. Specimen-wise isolation of number of Priority Pathogens

 Number isolated
 Total Number Number Other Sterile Body
 number of isolated isolated from Fluids +Pus
 Priority Pathogens isolates from Blood Urine aspirates
 S. aureus 4537 2317 0 2220
 Enterococcus species 2760 620 1837 303
 E. coli 8445 496 6919 1030
 Klebsiella species 6209 1341 3388 1480
 Pseudomonas species 1498 383 0 1115
 Acinetobacter species 2195 1008 0 1187
 Salmonella enterica
 serotype Typhi and
 Paratyphi 189 189 0 0
 Total 25833 6354 12144 7335",,amr23.pdf | PDF page 4 | Table 2. Specimen,verified,retrieval_context
NCDC_resistance_2017_NARS-Net_p004_0003,resistance_evidence,NCDC_resistance_2017_NARS-Net,amr23.pdf,resistance,2017,NARS-Net,4,Figure 3,Isolation of priority pathogens from various specimens,"Figure 3. Isolation of priority pathogens from various specimens

 4",,amr23.pdf | PDF page 4 | Figure 3,verified,retrieval_context
NCDC_resistance_2017_NARS-Net_p005_0004,resistance_evidence,NCDC_resistance_2017_NARS-Net,amr23.pdf,resistance,2017,NARS-Net,5,Table 3,Resistance (%) in Enterococcus species,"Table 3: Resistance (%) in Enterococcus species

 Antimicrobials Blood+OSBF+PA+Urine
 tested (N=2760) Blood+OSBF+PA (N=923) Urine (N=1837)
 No. tested % Resistance No. tested % Resistance No.tested %Resistance
Ampicillin 1719 58.1 571 63 1170 55.8
Erythromycin 1206 72.3 590 73.1 631 71.8
Gentamicin (High) 2180 56.1 688 50.6 1514 59
Ciprofloxacin 1178 73.4 754 68.8 438 81.3
Linezolid 2459 5.7 754 8.6 1728 4.6
Tetracycline* 1068 44.9 359 43.5 722 45.7
Abbreviations: OSBF, Other sterile body fluids; PA, Pus aspirates

 5",,amr23.pdf | PDF page 5 | Table 3,verified,retrieval_context
NCDC_resistance_2017_NARS-Net_p006_0005,resistance_evidence,NCDC_resistance_2017_NARS-Net,amr23.pdf,resistance,2017,NARS-Net,6,Figure 4. Resistance (%) in Enterococcus species w.r,t type of location in healthcare facility,Figure 4. Resistance (%) in Enterococcus species w.r.t type of location in healthcare facility,,amr23.pdf | PDF page 6 | Figure 4. Resistance (%) in Enterococcus species w.r,verified,retrieval_context
NCDC_resistance_2017_NARS-Net_p006_0006,resistance_evidence,NCDC_resistance_2017_NARS-Net,amr23.pdf,resistance,2017,NARS-Net,6,Table 4,Resistance (%) in Staphylococcus aureus**,"Table 4: Resistance (%) in Staphylococcus aureus**

 Antimicrobials Blood+OSBF+PA (N=4537) Blood (N=2317) OSBF+PA (N=2220)
 tested No. tested % Resistance No. tested % Resistance No. tested % Resistance
 Cefoxitin 3732 55.7 2159 57.1 1590 53.7
 Erythromycin 3256 63.4 2180 62.9 1092 64.5
 Clindamycin 2841 31.5 1857 32.7 999 29.4
 TMP/SMX 2825 45.8 1423 46.2 1413 45.4
 Gentamycin 3370 32 1834 26.3 1552 38.7
 Ciprofloxacin 3259 55.9 2141 49.4 1134 68.3
 Linezolid 3396 1.7 1885 1.3 1529 2.2
 Doxycycline 695 11.1 418 7.9 282 15.6
 Tetracycline 1546 19.5 918 14.2 633 27.2
Abbreviations: OSBF, Other sterile body fluids; PA, Pus aspirates;
**Sensitivity of S. aureus against vancomycin is not tested using screen agar test method therefore results are not
considered.

 6",,amr23.pdf | PDF page 6 | Table 4,verified,retrieval_context
NCDC_resistance_2017_NARS-Net_p007_0007,resistance_evidence,NCDC_resistance_2017_NARS-Net,amr23.pdf,resistance,2017,NARS-Net,7,Figure 5,Resistance (%) in Staphylococcus aureus w.r.t type of location in healthcare facility,"Figure 5: Resistance (%) in Staphylococcus aureus w.r.t type of location in healthcare facility

Gram Negative Lactose Fermenting Bacteria
E. coli isolated from blood showed 81.4% resistance to cefotaxime and 68.3% to cefepime. Similar
trend was observed for urine isolates with resistance 79.3% to cefotaxime and 72.3% to cefepime.
Resistance to carbapenems that is ertapenem and imipenem was observed to be 36.7% and 25.2% in
blood isolates. While in urine isolates, slightly higher resistance was observed for imipenem (34%)
than ertapenem (30.8%). In contrast to E. coli, isolates of Klebsiella species showed comparatively
high resistance to carbapenems i.e. 43.5% to imipenem and 52.2% to ertapenem in blood isolates
whereas 57.9% to imipenem and 55.8% to ertapenem in urine isolates. Similarly higher trend of
resistance to cefotaxime and cefepime was observed in Klebsiella species isolated from blood and
urine (Tables 5 and 6). Overall, blood isolates of Klebsiella species were more resistant than the E.
coli isolated from blood (Figure 9).",,amr23.pdf | PDF page 7 | Figure 5,verified,retrieval_context
NCDC_resistance_2017_NARS-Net_p007_0008,resistance_evidence,NCDC_resistance_2017_NARS-Net,amr23.pdf,resistance,2017,NARS-Net,7,Table 5,Resistance (%) in Escherichia coli,"Table 5: Resistance (%) in Escherichia coli

Antimicrobials Blood+OSBF+PA+Urine
 tested (N=8445) Blood (N=496) Urine (N=6919)
 No. tested % Resistance No. tested % Resistance No. tested % Resistance
Ampicillin 3011 85.1 222 85.6 2338 84.3
Cefotaxime 5568 80.2 301 81.4 4755 79.3
Ceftazidime 2648 66 222 73 2054 62.3
Cefepime 2427 72.1 240 68.3 1926 72.3
Ertapenem 2846 30.9 251 36.7 2233 30.8
Imipenem 2147 30.5 349 25.2 1260 34
Ciprofloxacin 4312 73.2 453 58.1 3106 76.1
Abbreviations: OSBF, Other sterile body fluids; PA, Pus aspirates

 7",,amr23.pdf | PDF page 7 | Table 5,verified,retrieval_context
NCDC_resistance_2017_NARS-Net_p008_0009,resistance_evidence,NCDC_resistance_2017_NARS-Net,amr23.pdf,resistance,2017,NARS-Net,8,Figure 6. Resistance (%) in Escherichia coli w.r,t type of location in healthcare facility,Figure 6. Resistance (%) in Escherichia coli w.r.t type of location in healthcare facility,,amr23.pdf | PDF page 8 | Figure 6. Resistance (%) in Escherichia coli w.r,verified,retrieval_context
NCDC_resistance_2017_NARS-Net_p008_0010,resistance_evidence,NCDC_resistance_2017_NARS-Net,amr23.pdf,resistance,2017,NARS-Net,8,Figure 7,Resistance in Escherichia coli isolated from blood and urine in ICU (A) and IPD,"Figure 7. Resistance in Escherichia coli isolated from blood and urine in ICU (A) and IPD
(B) healthcare facility

Figure7 (A)

 8",,amr23.pdf | PDF page 8 | Figure 7,verified,retrieval_context
NCDC_resistance_2017_NARS-Net_p009_0011,resistance_evidence,NCDC_resistance_2017_NARS-Net,amr23.pdf,resistance,2017,NARS-Net,9,Table 6,Resistance (%) in Klebsiella species,"Table 6: Resistance (%) in Klebsiella species

Antimicrobials Blood+OSBF+PA+Urine
 tested (N=6209) Blood (N=1341) Urine (N=3388)
 No. tested % Resistance No. tested % Resistance No. tested % Resistance
Cefotaxime 4371 82.8 971 90.2 2628 79.8
Ceftazidime 1437 68.7 378 84.1 577 49.7
Cefepime 2304 82.3 586 81.6 1264 84.3
Ertapenem 2969 53 734 52.2 1644 55.8
Imipenem 2365 48.4 749 43.5 822 57.9
Cipro 4039 65.2 1241 54.6 1624 74.7
TMP/SMX 4241 71.3 623 84.6 3148 68.6
Abbreviations: OSBF, Other sterile body fluids; PA, Pus aspirates; TMP/SMX (Trimethoprim/sulfamethoxazole or
Cotrimoxazole)

 9",,amr23.pdf | PDF page 9 | Table 6,verified,retrieval_context
NCDC_resistance_2017_NARS-Net_p010_0012,resistance_evidence,NCDC_resistance_2017_NARS-Net,amr23.pdf,resistance,2017,NARS-Net,10,Figure 8. Resistance (%) in Klebsiella species w.r,t type of location in healthcare facility,Figure 8. Resistance (%) in Klebsiella species w.r.t type of location in healthcare facility,,amr23.pdf | PDF page 10 | Figure 8. Resistance (%) in Klebsiella species w.r,verified,retrieval_context
NCDC_resistance_2017_NARS-Net_p010_0013,resistance_evidence,NCDC_resistance_2017_NARS-Net,amr23.pdf,resistance,2017,NARS-Net,10,Figure 9,Resistance (%) in Escherichia coli and Klebsiella species isolated from blood (A),"Figure 9. Resistance (%) in Escherichia coli and Klebsiella species isolated from blood (A)
and urine (B) specimens
Figure 9(A)

 10",,amr23.pdf | PDF page 10 | Figure 9,verified,retrieval_context
NCDC_resistance_2017_NARS-Net_p011_0014,resistance_evidence,NCDC_resistance_2017_NARS-Net,amr23.pdf,resistance,2017,NARS-Net,11,Figure 10,Resistance in Klebsiella species isolated from blood and urine in ICU (A) and IPD,"Figure 10. Resistance in Klebsiella species isolated from blood and urine in ICU (A) and IPD
(B) healthcare facility

Figure 10 (A)

 11",,amr23.pdf | PDF page 11 | Figure 10,verified,retrieval_context
NCDC_resistance_2017_NARS-Net_p012_0015,resistance_evidence,NCDC_resistance_2017_NARS-Net,amr23.pdf,resistance,2017,NARS-Net,12,Table 7,Resistance (%) in Pseudomonas species,"Table 7: Resistance (%) in Pseudomonas species

 Antimicrobials Blood+OSBF+PA (N=1494) Blood (N=383) OSBF+PA (N=1115)
 tested % %
 No. tested % Resistance No. tested Resistance No. tested Resistance
 Piperacillin- 1144 31.6 304 23 842 34.9
 tazobactam
 Ceftazidime 1268 50.7 340 47.1 932 52.3
 Imipenem 1168 29.9 311 30.2 861 30.1
 Amikacin 1240 39.3 319 36.4 925 40.5
 Tobramycin 265 38.9 76 30.3 190 42.6
 Ciprofloxacin 1301 45.3 350 36 955 48.9
Abbreviations: OSBF, Other sterile body fluids; PA, Pus aspirates

 12",,amr23.pdf | PDF page 12 | Table 7,verified,retrieval_context
NCDC_resistance_2017_NARS-Net_p013_0016,resistance_evidence,NCDC_resistance_2017_NARS-Net,amr23.pdf,resistance,2017,NARS-Net,13,Figure 11. Resistance (%) in Pseudomonas species w.r,t type of location in healthcare facility,"Figure 11. Resistance (%) in Pseudomonas species w.r.t type of location in healthcare facility

Isolates of Acinetobacter species showed >50% resistance to almost all the antibiotics tested.
Among third generation cephalosporins, higher susceptibility was observed for ceftazidime than
cefotaxime against both Pseudomonas species and Acinetobacter species. Among the ICU
patients, antibiotics are administered empirically, therefore it is not surprising that the resistance
rates against various antibiotics for Acinetobacter species are higher in the ICU setting as
compared to ward and OPD (Figure 12).",,amr23.pdf | PDF page 13 | Figure 11. Resistance (%) in Pseudomonas species w.r,verified,retrieval_context
NCDC_resistance_2017_NARS-Net_p013_0017,resistance_evidence,NCDC_resistance_2017_NARS-Net,amr23.pdf,resistance,2017,NARS-Net,13,Table 8,Resistance (%) in Acinetobacter species,"Table 8: Resistance (%) in Acinetobacter species

 Antimicrobials Blood+OSBF+PA (N=2160) Blood (N=1008) OSBF+PA (N=1187)
 tested No. tested % Resistance No. tested % Resistance No. tested % Resistance
 Imipenem 1677 66.1 825 58.3 886 73.9
 Ceftazidime 1216 79.4 655 73.6 589 85.9
 Cefotaxime 866 84.1 331 79.2 544 86.9
 Amikacin 1828 65.6 881 57.8 980 73.2
 Gentamycin 1045 59.5 509 51.1 545 67.5
 Minocycline 268 53 137 54 134 52.2
Abbreviations: OSBF, Other sterile body fluids; PA, Pus aspirates

 13",,amr23.pdf | PDF page 13 | Table 8,verified,retrieval_context
NCDC_resistance_2017_NARS-Net_p014_0018,resistance_evidence,NCDC_resistance_2017_NARS-Net,amr23.pdf,resistance,2017,NARS-Net,14,Figure 12. Resistance (%) in Acinetobacter species w.r,t type of location in healthcare facility,"Figure 12. Resistance (%) in Acinetobacter species w.r.t type of location in healthcare facility

 g

Noticeably, isolates of Salmonella enterica serotype Typhi and Paratyphi obtained from blood
showed 27.4% resistance to ciprofloxacin and Salmonella Typhi isolates showed 4.5% resistance
to azithromycin (tested only for Salmonella Typhi) (Table 9).",,amr23.pdf | PDF page 14 | Figure 12. Resistance (%) in Acinetobacter species w.r,verified,retrieval_context
NCDC_resistance_2017_NARS-Net_p014_0019,resistance_evidence,NCDC_resistance_2017_NARS-Net,amr23.pdf,resistance,2017,NARS-Net,14,Table 9,Resistance (%) in Salmonella enterica serotypes Typhi and Paratyphi isolated from,"Table 9: Resistance (%) in Salmonella enterica serotypes Typhi and Paratyphi isolated from
blood

 Antimicrobials tested Blood (N=189)
 No. tested % Resistance
 Ampicillin 157 18.5
 Chloramphenicol 147 9.5
 Ceftriaxone 176 0
 Nalidixic acid 155 91.6
 Ciprofloxacin 175 27.4
 TMP/SMX 142 10.6
 Azithromycin 89 4.5
Abbreviations: TMP/SMX (Trimethoprim/sulfamethoxazole or Cotrimoxazole)

 14",,amr23.pdf | PDF page 14 | Table 9,verified,retrieval_context
NCDC_resistance_None_NARS-Net_p003_0020,resistance_evidence,NCDC_resistance_2018_NARS-Net,amr24.pdf,resistance,2018,NARS-Net,3,Figure 1,National AMR Surveillance Network laboratories under National Programme on AMR,"Figure 1. National AMR Surveillance Network laboratories under National Programme on AMR
 Containment, National Centre for Disease Control, New Delhi

 List of seven priority pathogens included under surveillance
 1. Staphylococcus aureus
 2. Enterococcus species
 3. Escherichia coli
 4. Klebsiella species
 5. Pseudomonas species
 6. Acinetobacter species
 7. Salmonella enterica serotype Typhi and Paratyphi

 2",,amr24.pdf | PDF page 3 | Figure 1,year_repaired_from_source_manifest,retrieval_context
NCDC_resistance_None_NARS-Net_p004_0021,resistance_evidence,NCDC_resistance_2018_NARS-Net,amr24.pdf,resistance,2018,NARS-Net,4,Table 1,The pathogens and specimens included under surveillance,"Table 1. The pathogens and specimens included under surveillance
 Specimen Staph. Enteroco Klebsiella E. coli Acinetobac Pseudomo Salmonella
 aureus ccus species ter species nas species Typhi/Para
 species typhi
 Blood       
 Urine     
 Pus       
 Aspirates
Other Sterile       
Body fluids
 Stool       

Total number of isolates from unique patients after validation = 50,724
 Urine - 21,944 (43%)
 Blood - 10,787 (21%)
 Pus Aspirates (PA) and Other Sterile body fluids (OSBF) - 17,991 (36%)
 Stool - 2",,amr24.pdf | PDF page 4 | Table 1,year_repaired_from_source_manifest,retrieval_context
NCDC_resistance_None_NARS-Net_p004_0022,resistance_evidence,NCDC_resistance_2018_NARS-Net,amr24.pdf,resistance,2018,NARS-Net,4,Figure 2,Specimen wise distribution of the priority pathogens reported under the programme,"Figure 2. Specimen wise distribution of the priority pathogens reported under the programme

 3",,amr24.pdf | PDF page 4 | Figure 2,year_repaired_from_source_manifest,retrieval_context
NCDC_resistance_None_NARS-Net_p005_0023,resistance_evidence,NCDC_resistance_2018_NARS-Net,amr24.pdf,resistance,2018,NARS-Net,5,Table 2,Specimen wise isolation of the Priority Pathogens under National AMR Surveillance Network,"Table 2. Specimen wise isolation of the Priority Pathogens under National AMR Surveillance Network

 Priority Pathogens Urine Blood Pus aspirates Stool Total
 and OSBF
 Staph. aureus 4098 6968 11066 (22%)
 Enterococcus spp. 3643 801 715 5159 (10%)
 Escherichia coli 14130 831 3148 18109 (36%)
 Klebsiella spp. 4171 1942 2737 8850 (17%)
 Pseudomonas spp. 777 2420 3197 (6%)
 Acinetobacter spp. 2036 2003 4039 (8%)
 Salmonella Typhi and 302 2 304 (1%)
 Paratyphi
 Total 21944 (43%) 10787 (21%) 17991 (36%) 2 50,724",,amr24.pdf | PDF page 5 | Table 2,year_repaired_from_source_manifest,retrieval_context
NCDC_resistance_None_NARS-Net_p005_0024,resistance_evidence,NCDC_resistance_2018_NARS-Net,amr24.pdf,resistance,2018,NARS-Net,5,Figure 3,Patient location wise distribution of Priority pathogens reported in 2018,"Figure 3. Patient location wise distribution of Priority pathogens reported in 2018

 4",,amr24.pdf | PDF page 5 | Figure 3,year_repaired_from_source_manifest,retrieval_context
NCDC_resistance_None_NARS-Net_p006_0025,resistance_evidence,NCDC_resistance_2018_NARS-Net,amr24.pdf,resistance,2018,NARS-Net,6,Table 3,Patient location wise isolation of the Priority Pathogens under National AMR Surveillance,"Table 3. Patient location wise isolation of the Priority Pathogens under National AMR Surveillance
 Network
 Priority pathogens Total ICU IPD OPD
 Staph. aureus 10839 896 (18%) 7173 (24%) 2770 (20%)
 Enterococcus spp. 4933 608 (12%) 2963 (10%) 1362 (10%)
 Escherichia coli 17446 716 (15%) 10465 (35%) 6265 (45%)
 Klebsiella spp. 8358 1306 (27%) 4941 (16.5%) 2111 (15%)
 Pseudomonas spp. 3061 344 (7%) 1823 (6%) 894 (6%)
 Acinetobacter spp. 3825 1001 (20%) 2351 (8%) 473 (3%)
 Salmonella Typhi and 294 44 (1%) 148 (0.5%) 102 (1%)
 Paratyphi A and B
 Total 48,756 4,915 29,864 13,977

Details of location type were available for 48,756 patient isolates. It was observed that in the ICU
patients, Klebsiella species was the commonly isolated pathogen (27%) followed by Acinetobacter
species (20%), Staph. aureus (18%), E. coli (15%), Enterococcus species (12%) and Pseudomonas
species (7%) (Table 3). Whereas among the in-patients E. coli was the commonly isolated pathogen
(35%), followed by Staph. aureus (24%), Klebsiella species (16.5%), Enterococcus species (10%),
Acinetobacter species (8%), and Pseudomonas species (6%) (Table 3).

Antibiotic resistance profile for the year 2018

The resistance profile of priority pathogens for selected antibiotics as per NCDC AMR Surveillance
SOP has been tabulated in Tables 4-9 and summarized below:

Staphylococcus aureus and Enterococcus species
Staph. aureus isolates from blood showed 69% resistance to cefoxitin (surrogate marker for mecA-
mediated oxacillin resistance) which was found to be higher than that reported in 2017 (57%). Overall
resistance to cefoxitin, including isolates from other sterile body fluids and pus aspirates, was found to
be 63% (Table 4). Emergence of linezolid resistant Staph. aureus and Enterococcus species to the extent
of 1% and 6% respectively is a matter of concern (Table 4 and 5). Resistance to gentamicin was
observed to be 19% in Staph. aureus and 57% in Enterococcus spp. isolates (Table 4 and 5). Notably,
64% isolates of Enterococcus spp. isolated from urine showed resistance to tetracycline (Table 5). 7% of

 5",,amr24.pdf | PDF page 6 | Table 3,year_repaired_from_source_manifest,retrieval_context
NCDC_resistance_None_NARS-Net_p007_0026,resistance_evidence,NCDC_resistance_2018_NARS-Net,amr24.pdf,resistance,2018,NARS-Net,7,Table 4,Resistance (%) in Staph. aureus observed in the year 2018,"Table 4: Resistance (%) in Staph. aureus observed in the year 2018
 Antibiotic tested Blood+ Pus Aspirate PA+OSBF Blood (N=4098)
 + OSBF (N=11066) (N=6968)
 Number %R Number %R Number %R
 Cefoxitin 10607 63% 6645 60% 3962 69%
 Gentamicin 10119 19% 6429 19% 3690 20%
 Ciprofloxacin 9889 60% 6228 67% 3661 49%
 Trimethoprim/Sulfamethoxazole 8186 36% 5614 29% 2572 51%
 Clindamycin 9965 25% 6442 22% 3523 31%
 Erythromycin 9130 64% 5983 60% 3147 72%
 Linezolid 9040 1% 5737 1% 3303 1%
 Vancomycin* 14 0% 11 0 3 0
 Doxycycline 3609 15% 2071 15% 1538 15%
 Tetracycline 3852 16% 2238 15% 1614 18%
Abbreviations: OSBF, Other sterile body fluids; PA, Pus aspirates;
* % resistance of Staph. aureus against vancomycin is of low statistical validity as the number of isolates tested using broth microdilution
method are ≤30.",,amr24.pdf | PDF page 7 | Table 4,year_repaired_from_source_manifest,retrieval_context
NCDC_resistance_None_NARS-Net_p007_0027,resistance_evidence,NCDC_resistance_2018_NARS-Net,amr24.pdf,resistance,2018,NARS-Net,7,Table 5,Resistance (%) in Enterococcus species observed in the year 2018,"Table 5: Resistance (%) in Enterococcus species observed in the year 2018
 Antibiotic tested Blood+ Pus Aspirate Pus Aspirate + Blood (N=801) Urine (N=3643)
 + OSBF+ urine OSBF (N=715)
 (N=5159)
 Number %R Number %R Number %R Number %R
 Ampicillin 3447 58% 536 50% 556 58% 2355 60%
 Gentamicin-High 3721 57% 564 43% 598 55% 2559 60%
 Ciprofloxacin 2570 76% 558 67% 673 70% 1339 84%
 Erythromycin 1821 79% 599 79% 708 77% 514 81%
 Linezolid 4615 6% 643 5% 743 7% 3229 6%
 Vancomycin 3656 18% 547 14% 627 25% 2482 18%
 Doxycycline 1053 46% 118 43% 137 24% 798 50%
 Tetracycline 1760 62% 170 63% 188 48% 1402 64%
 Abbreviations: OSBF, Other sterile body fluids; PA, Pus aspirates
 6",,amr24.pdf | PDF page 7 | Table 5,year_repaired_from_source_manifest,retrieval_context
NCDC_resistance_None_NARS-Net_p008_0028,resistance_evidence,NCDC_resistance_2018_NARS-Net,amr24.pdf,resistance,2018,NARS-Net,8,Figure 4a. Resistance profile of Staph,"aureus from blood, pus aspirates and other sterile body","Figure 4a. Resistance profile of Staph. aureus from blood, pus aspirates and other sterile body
 fluids obtained from different location types in the health facilities",,amr24.pdf | PDF page 8 | Figure 4a. Resistance profile of Staph,year_repaired_from_source_manifest,retrieval_context
NCDC_resistance_None_NARS-Net_p008_0029,resistance_evidence,NCDC_resistance_2018_NARS-Net,amr24.pdf,resistance,2018,NARS-Net,8,Figure 4b. Resistance profile of Staph,aureus from pus aspirates and other sterile body fluids,"Figure 4b. Resistance profile of Staph. aureus from pus aspirates and other sterile body fluids
 obtained from different location types in the health facilities

 7",,amr24.pdf | PDF page 8 | Figure 4b. Resistance profile of Staph,year_repaired_from_source_manifest,retrieval_context
NCDC_resistance_None_NARS-Net_p009_0030,resistance_evidence,NCDC_resistance_2018_NARS-Net,amr24.pdf,resistance,2018,NARS-Net,9,Figure 5a. Resistance profile of Enterococcus spp,"from blood, pus aspirates, other sterile body","Figure 5a. Resistance profile of Enterococcus spp. from blood, pus aspirates, other sterile body
 fluids and urine obtained from different location types in the health facilities",,amr24.pdf | PDF page 9 | Figure 5a. Resistance profile of Enterococcus spp,year_repaired_from_source_manifest,retrieval_context
NCDC_resistance_None_NARS-Net_p009_0031,resistance_evidence,NCDC_resistance_2018_NARS-Net,amr24.pdf,resistance,2018,NARS-Net,9,Figure 5b,Resistance profile of Enterococcus species from urine specimens obtained from,"Figure 5b: Resistance profile of Enterococcus species from urine specimens obtained from
 different location types in the health facilities

 8",,amr24.pdf | PDF page 9 | Figure 5b,year_repaired_from_source_manifest,retrieval_context
NCDC_resistance_None_NARS-Net_p010_0032,resistance_evidence,NCDC_resistance_2018_NARS-Net,amr24.pdf,resistance,2018,NARS-Net,10,Table 6,Resistance (%) in E. coli observed in year 2018,"Table 6: Resistance (%) in E. coli observed in year 2018

 Antibiotic tested Blood+ Pus Blood (N=831) Urine (N=14130) PA+OSBF
 Aspirate + (N=3148)
 OSBF+urine
 (N=18109)
 Number %R Number %R Number %R Number %R
 Ampicillin 6585 92% 509 86% 4791 93% 1285 89%
 Cefotaxime 10096 83% 500 84% 7721 82% 1875 87%
 Cefepime 6480 71% 496 63% 4289 70% 1695 76%
 Ertapenem 6208 38% 402 40% 4278 37% 1528 39%
 Imipenem 5885 35% 589 33% 3479 37% 1817 32%
 Ciprofloxacin 11110 74% 731 59% 7536 75% 2843 75%
 Trimethoprim/Sul 12821 66% 392 56% 11301 66% 1128 69%
 famethoxazole
 Nitrofurantoin 13358 12% 13194 12%
Abbreviations: OSBF, Other sterile body fluids; PA, Pus aspirates; Sensitivity of E.coli against colistin is not tested using broth
microdilution test method therefore results are not considered.

 9",,amr24.pdf | PDF page 10 | Table 6,year_repaired_from_source_manifest,retrieval_context
NCDC_resistance_None_NARS-Net_p011_0033,resistance_evidence,NCDC_resistance_2018_NARS-Net,amr24.pdf,resistance,2018,NARS-Net,11,Table 7,Resistance (%) in Klebsiella species observed in year 2018,"Table 7: Resistance (%) in Klebsiella species observed in year 2018

 Antibiotic tested Blood+ Pus Blood (N=1942) Urine (N=4171) PA+OSBF
 Aspirate + (N=2737)
 OSBF+Urine
 (N=8850)
 Number %R Number %R Number %R Number %R
 Cefotaxime 5476 85% 1346 89% 2442 81% 1688 87%
 Cefepime 3431 75% 923 75% 1221 72% 1287 78%
 Ertapenem 3465 56% 891 60% 1388 52% 1186 58%
 Imipenem 4283 54% 1256 53% 1458 54% 1569 56%
 Ciprofloxacin 6290 62% 1649 51% 2147 65% 2494 66%
 Trimethoprim/ 5595 65% 1065 64% 3458 64% 1072 69%
 Sulfamethoxazole
 Nitrofurantoin 4019 48% 3799 46%
Abbreviations: OSBF, Other sterile body fluids; PA, Pus aspirates; Sensitivity of Klebsiella spp. against colistin is not tested using broth
microdilution test method therefore results were not considered.",,amr24.pdf | PDF page 11 | Table 7,year_repaired_from_source_manifest,retrieval_context
NCDC_resistance_None_NARS-Net_p011_0034,resistance_evidence,NCDC_resistance_2018_NARS-Net,amr24.pdf,resistance,2018,NARS-Net,11,Figure 6,Resistance profile of Escherichia coli and Klebsiella species obtained from blood,"Figure 6. Resistance profile of Escherichia coli and Klebsiella species obtained from blood
 specimens

 10",,amr24.pdf | PDF page 11 | Figure 6,year_repaired_from_source_manifest,retrieval_context
NCDC_resistance_None_NARS-Net_p012_0035,resistance_evidence,NCDC_resistance_2018_NARS-Net,amr24.pdf,resistance,2018,NARS-Net,12,Figure 7. Resistance profile of E,coli and Klebsiella species obtained from urine specimens,Figure 7. Resistance profile of E. coli and Klebsiella species obtained from urine specimens,,amr24.pdf | PDF page 12 | Figure 7. Resistance profile of E,year_repaired_from_source_manifest,retrieval_context
NCDC_resistance_None_NARS-Net_p012_0036,resistance_evidence,NCDC_resistance_2018_NARS-Net,amr24.pdf,resistance,2018,NARS-Net,12,Figure 8a. Resistance (%) in E,coli in different location types,"Figure 8a. Resistance (%) in E. coli in different location types

 11",,amr24.pdf | PDF page 12 | Figure 8a. Resistance (%) in E,year_repaired_from_source_manifest,retrieval_context
NCDC_resistance_None_NARS-Net_p013_0037,resistance_evidence,NCDC_resistance_2018_NARS-Net,amr24.pdf,resistance,2018,NARS-Net,13,Figure 8b,Resistance (%) in Klebsiella species in different location types,Figure 8b. Resistance (%) in Klebsiella species in different location types,,amr24.pdf | PDF page 13 | Figure 8b,year_repaired_from_source_manifest,retrieval_context
NCDC_resistance_None_NARS-Net_p013_0038,resistance_evidence,NCDC_resistance_2018_NARS-Net,amr24.pdf,resistance,2018,NARS-Net,13,Figure 9,Resistance profile of Escherichia coli in blood specimens obtained from different location,"Figure 9. Resistance profile of Escherichia coli in blood specimens obtained from different location
 types in the health facilities

 12",,amr24.pdf | PDF page 13 | Figure 9,year_repaired_from_source_manifest,retrieval_context
NCDC_resistance_None_NARS-Net_p014_0039,resistance_evidence,NCDC_resistance_2018_NARS-Net,amr24.pdf,resistance,2018,NARS-Net,14,Figure 10. Resistance profile of Klebsiella spp,from blood specimens obtained from different,"Figure 10. Resistance profile of Klebsiella spp. from blood specimens obtained from different
 location types in the health facilities

Pseudomonas and Acinetobacter species
Pseudomonas species showed lowest resistance to piperacillin-tazobactam (27%) followed by imipenem
(36%), aminoglycosides (amikacin: 43%; tobramycin: 45%), ciprofloxacin (43%) and ceftazidime
(51%) (Tables 8). However, Acinetobacter species showed high resistance to imipenem (66%) and
aminoglycosides (amikacin: 66%; gentamicin: 54%) (Table 9). Among the anti-pseudomonal agents,
piperacillin/tazobactam was found to be more active than imipenem. Not surprisingly, the isolates of
both the species from ICU showed higher resistance as compared to isolates from non-ICU settings
(Figure 11 and 12). Isolates of Acinetobacter species showed >50% resistance to almost all the
antibiotics tested except for minocycline (29%) (Table 9).

 13",,amr24.pdf | PDF page 14 | Figure 10. Resistance profile of Klebsiella spp,year_repaired_from_source_manifest,retrieval_context
NCDC_resistance_None_NARS-Net_p015_0040,resistance_evidence,NCDC_resistance_2018_NARS-Net,amr24.pdf,resistance,2018,NARS-Net,15,Table 8,Resistance (%) in Pseudomonas species,"Table 8: Resistance (%) in Pseudomonas species

 Antimicrobials tested Blood+ Pus Aspirate + Pus Aspirate + OSBF Blood (N=777)
 OSBF (N=3197) (N=2420)

 Number %R Number %R Number %R
 Piperacillin/Tazobactam 2660 27% 2068 28% 592 24%
 Ceftazidime 2806 51% 2140 52% 666 49%
 Imipenem 2371 36% 1842 39% 529 28%
 Amikacin 2729 43% 2089 44% 640 41%
 Gentamicin 1403 39% 1017 39% 386 38%
 Tobramycin 804 45% 608 48% 196 35%
 Ciprofloxacin 2756 43% 2105 47% 651 30%
 Colistin 45 4% 28 7% 17 0
 Abbreviations: OSBF, Other sterile body fluids; PA, Pus aspirates; Sensitivity of Pseudomonas spp. against colistin is tested for only 45
isolates using broth microdilution test method.",,amr24.pdf | PDF page 15 | Table 8,year_repaired_from_source_manifest,retrieval_context
NCDC_resistance_None_NARS-Net_p015_0041,resistance_evidence,NCDC_resistance_2018_NARS-Net,amr24.pdf,resistance,2018,NARS-Net,15,Figure 11,Resistance profile of Pseudomonas species obtained from different location types,"Figure 11. Resistance profile of Pseudomonas species obtained from different location types
 in health facilities

 14",,amr24.pdf | PDF page 15 | Figure 11,year_repaired_from_source_manifest,retrieval_context
NCDC_resistance_None_NARS-Net_p016_0042,resistance_evidence,NCDC_resistance_2018_NARS-Net,amr24.pdf,resistance,2018,NARS-Net,16,Table 9,Resistance (%) in Acinetobacter species observed in year 2018,"Table 9: Resistance (%) in Acinetobacter species observed in year 2018

 Antimicrobials tested Blood + Pus Aspirate + Pus Aspirate + OSBF Blood (N=2036)
 OSBF (N=4039) (N=2003)

 Number %R Number %R Number %R
 Piperacillin/Tazobactam 3227 66% 1674 74% 1553 57%
 Ceftazidime 2527 83% 1322 87% 1205 79%
 Imipenem 2822 66% 1384 76% 1438 57%
 Amikacin 3272 68% 1636 74% 1636 61%
 Gentamicin 2335 56% 1183 66% 1152 46%
 Ciprofloxacin 3425 67% 1745 77% 1680 57%
 Minocycline 489 29% 225 43% 264 16%
 Tetracycline 524 50% 224 49% 300 51%
Abbreviations: OSBF, Other sterile body fluids; PA, Pus aspirates; Sensitivity of Acinetobacter spp. against colistin is not
tested using broth microdilution test method therefore results are not considered.",,amr24.pdf | PDF page 16 | Table 9,year_repaired_from_source_manifest,retrieval_context
NCDC_resistance_None_NARS-Net_p016_0043,resistance_evidence,NCDC_resistance_2018_NARS-Net,amr24.pdf,resistance,2018,NARS-Net,16,Figure 12,Resistance profile of Acinetobacter species obtained from different location types,"Figure 12. Resistance profile of Acinetobacter species obtained from different location types
 in health facilities
 15",,amr24.pdf | PDF page 16 | Figure 12,year_repaired_from_source_manifest,retrieval_context
NCDC_resistance_None_NARS-Net_p017_0044,resistance_evidence,NCDC_resistance_2018_NARS-Net,amr24.pdf,resistance,2018,NARS-Net,17,Table 10,Resistance (%) in Salmonella enterica serotypes Typhi and Paratyphi isolated from,"Table 10: Resistance (%) in Salmonella enterica serotypes Typhi and Paratyphi isolated from
 blood specimen

Antibiotic tested S. Typhi S. Paratyphi
 (N=279) (N=23)*
 No. tested %R No. tested %R
Ampicillin 238 10 18 0
Ceftriaxone 202 8 15 0
Imipenem 53 13 1 0
Nalidixic acid 254 97 18 100
Ciprofloxacin 263 35 21 29
Trimethoprim/Sulfamethoxazole 230 3 18 0
Azithromycin # 245 8
Chloramphenicol 237 4 16 0
 *Statistical validity of % resistance of Salmonella Paratyphi is low as the number of isolates are <30.
 # AST for Azithromycin was performed only on isolates of S. Typhi

 16",,amr24.pdf | PDF page 17 | Table 10,year_repaired_from_source_manifest,retrieval_context
NCDC_resistance_2019_NARS-Net_p026_0045,resistance_evidence,NCDC_resistance_2019_NARS-Net,amr25.pdf,resistance,2019,NARS-Net,26,Table 5,Resistance profile of Enterococcus species,"Table 5: Resistance profile of Enterococcus species

Antibiotic Blood+Urine+PA+OSBF PA+OSBF (N=1,075) Blood (N=1,309) Urine (N=4,497)
tested (N=6,881)

 Number Number %R Number Number % Number Number %R Number Number %R
 Tested Resistant Tested Resistant R Tested Resistan Tested Resistant
 t
Ampicillin 5,572 3,416 61 769 410 53 970 674 70 3,833 2,327 61

Gentamicin- 5,028 2,408 48 796 295 37 968 497 51 3,264 1,609 49
High

Ciprofloxacin 5,349 4,140 77 3,684 2,947 80

Erythromycin 3,331 2,668 80 887 674 76 1,170 929 79

Linezolid 6,345 311 5 986 35 4 1,211 55 5 4,148 220 5

Vancomycin 5,332 688 13 812 67 8 1,000 164 16 3,520 458 13

Doxycycline 2,295 991 43 504 193 38 699 275 39

Tetracycline 3,064 1,844 60 2,504 1,530 61

 Abbreviations: OSBF, Other sterile body fluids; PA, Pus aspirates

As observed in S. aureus isolates, similar trend of higher resistance is observed in ICU isolates of
Enterococcus spp. from all the specimens for most of the antibiotics (Fig. 11). Observation of 27%
VRE and 9% linezolid resistant Enterococcus spp. in urine specimens from ICU patients is
worrisome (Fig. 12). Enterococcus spp. from blood, PA and OSBF also showed higher rates of
resistance i.e. 21% VRE and 5% linezolid resistance (Fig. 11).

 16",,amr25.pdf | PDF page 26 | Table 5,verified,retrieval_context
NCDC_resistance_2019_NARS-Net_p029_0046,resistance_evidence,NCDC_resistance_2019_NARS-Net,amr25.pdf,resistance,2019,NARS-Net,29,Table 6,Resistance profile of E. coli,"Table 6: Resistance profile of E. coli

Antibiotic Blood + Urine + PA + OSBF PA+OSBF (N=4,504) Blood (N=1,602) Urine (N=18,350)
tested (N=24,456)

 Number Number %R Number Number %R Number Number %R Number Number %R
 tested Resistant tested Resistant tested Resistant tested Resistant

Ampicillin 14,943 12,971 87 2,563 2,327 91 1,087 934 86 11,293 9,701 86

Cefotaxime 18,183 14,219 78 3,310 2,641 80 1,030 841 82 13,843 10,701 77

Cefepime 16,029 10,531 66 3,132 2,070 66 1,139 715 63 11,758 7,748 66

Ertapenem 6,475 2,545 39 1,289 505 39 485 223 46 4,701 1,805 38

Imipenem 19,124 6,120 32 3,840 1,248 33 1,420 469 33 13,864 4,395 32

Ciprofloxacin 21,162 16,718 79 3,736 2,963 79 1,385 994 72 16,041 12,720 79

TMP/SMX 18,067 11,563 64 2,613 1,714 66 1,025 592 58 14,429 9,249 64

Colistin 3,205 16 0.5 540 7 1.3 346 1 0.3 2,319 7 0.3

Nitrofurantoin 16,741 2,026 12 16,741 2,042 12

 Abbreviations: OSBF, Other sterile body fluids; PA, Pus aspirates; Sensitivity of E. coli against colistin is tested using broth microdilution
test method

 19",,amr25.pdf | PDF page 29 | Table 6,verified,retrieval_context
NCDC_resistance_2019_NARS-Net_p032_0047,resistance_evidence,NCDC_resistance_2019_NARS-Net,amr25.pdf,resistance,2019,NARS-Net,32,Table 7,Resistance profile of Klebsiella species,"Table 7: Resistance profile of Klebsiella species
Antibiotic Blood+Urine+PA+OSBF PA+OSBF (N=4,957) Blood (N=4,117) Urine (N=7,056)
tested (N=16,130)

 Number Number %R Number Number %R Number Number %R Number Number %R
 tested Resistant tested Resistant tested Resistant tested Resistant

Piperacillin/ 12,013 6,151 51 4,199 2,330 56 3,494 2,236 64 4,320 1,607 37
Tazobactam

Cefotaxime 12,178 9,560 79 3,859 3,076 80 2,810 2,428 86 5,509 4,032 73

Cefepime 10,973 7,495 68 3,703 2,588 70 2,785 2,072 74 4,485 2,852 64

Ertapenem 3,529 1,881 53 1,004 494 49 835 572 69 1,690 803 48

Imipenem 13,854 5,930 43 4,386 2,057 47 3,702 1,829 49 5,766 2,035 35

Meropenem 2,746 1,519 55 877 526 60 1,172 739 63 697 257 37

Amikacin 12,336 5,761 47 3,973 2,066 52 3,489 1,936 56 4,874 1,774 36

Ciprofloxacin 13,866 9,886 71 4,164 3,094 74 3,539 2,608 74 6,163 4,179 68

TMP/SMX 11,614 7,224 62 3,095 2,080 67 2,930 1,849 63 5,589 3,303 59

Colistin 2,119 59 3 438 11 3 736 26 3.5 945 28 3

 Abbreviations: OSBF, Other sterile body fluids; PA, Pus aspirates; Sensitivity of Klebsiella spp. against colistin is tested using broth
 microdilution test method.

 22",,amr25.pdf | PDF page 32 | Table 7,verified,retrieval_context
NCDC_resistance_2019_NARS-Net_p038_0048,resistance_evidence,NCDC_resistance_2019_NARS-Net,amr25.pdf,resistance,2019,NARS-Net,38,Table 9,Resistance profile observed in Pseudomonas species,"Table 9: Resistance profile observed in Pseudomonas species
Antibiotic Blood+Urine+PA+OSBF PA+OSBF (N=3,565) Blood (N=1,129) Urine (N=2,624)
tested (N=7,318)

 Number Number %R Number Number %R Number Number %R Number Number %R
 tested Resistant tested Resistant tested Resistant tested Resistant

Piperacillin/ 6,515 2,007 31 3,098 991 32 1,000 228 23 2,417 766 32
Tazobactam

Ceftazidime 6,306 3,336 53 3,137 1,703 54 894 426 48 2,275 1,226 54

Cefepime 3,387 1,822 54 1,835 1,017 55 565 234 41 987 576 58

Imipenem 6,551 2,502 38 3,199 1,219 38 1,033 312 30 2,319 983 42

Amikacin 6,434 2,870 45 3,052 1,398 46 997 340 34 2,385 1,126 47

Gentamicin 4,952 2,422 49 2,388 1,218 51 820 307 37 1,744 909 52

Ciprofloxacin 6,537 3,517 54 3,140 1,529 49 1,006 321 32 2,391 1,427 60

Colistin 982 51 5 285 24 8 218 8 3.7 479 15 3.1

 Abbreviations: OSBF, Other sterile body fluids; PA, Pus aspirates; Sensitivity of Pseudomonas spp. against colistin is tested using broth
 microdilution test method.

 28",,amr25.pdf | PDF page 38 | Table 9,verified,retrieval_context
NCDC_resistance_2020_NARS-Net_p008_0049,resistance_evidence,NCDC_resistance_2020_NARS-Net,amr26.pdf,resistance,2020,NARS-Net,8,Table 4 Location,wise distribution of priority pathogens,"Table 4 Location-wise distribution of priority pathogens
Table 5 Specimen wise Resistance profile of Staphylococcus aureus
Table 6 Overall resistance profile of Staphylococcus aureus isolates to different antimicrobials
Table 7 Specimen wise resistance profile of Enterococcus species
Table 8 Specimen wise resistance profile of E. coli
Table 9 Specimen wise resistance profile of Klebsiella species
Table 10 Resistance profile of Salmonella enterica serotype Typhi and Paratyphi isolated from
 blood specimens
Table 11 Specimen wise resistance profile of Pseudomonas species
Table 12 Specimen wise resistance profile observed in Acinetobacter species

 4",,amr26.pdf | PDF page 8 | Table 4 Location,verified,retrieval_context
NCDC_resistance_2020_NARS-Net_p016_0050,resistance_evidence,NCDC_resistance_2020_NARS-Net,amr26.pdf,resistance,2020,NARS-Net,16,Table 1,Clinical specimens and priority pathogens included under AMR surveillance,"Table 1. Clinical specimens and priority pathogens included under AMR surveillance

Specimen S. Enterococcus Klebsiella E. coli Acinetobacter Pseudomonas Salmonella
 aureus spp. spp. spp. spp. Typhi/
 Paratyphi
Blood • • • • • • •
Urine X • • • • • X
Pus Aspirates • • • • • • X
Other Sterile
Body fluids • • • • • • X
Stool X X X X X X •
X- specimen not collected for this pathogen

AMR surveillance data of 57,282 isolates submitted under NARS-Net was de-duplicated & analysed.
After de-duplication, number of isolates from unique patients was 55,688. This is represented in
following Fig. 2.
 12",,amr26.pdf | PDF page 16 | Table 1,verified,retrieval_context
NCDC_resistance_2020_NARS-Net_p022_0051,resistance_evidence,NCDC_resistance_2020_NARS-Net,amr26.pdf,resistance,2020,NARS-Net,22,Table 4. Location,wise distribution of Priority Pathogens,"Table 4. Location-wise distribution of Priority Pathogens

 Priority Pathogens ICU (%) IPD (%) OPD (%)
 Escherichia Coli 1,453 (19) 9,763 (29) 5,110 (41.3)
 Klebsiella spp. 1,941 (25.8) 7,077 (21) 2,368 (19)
 Salmonella Typhi and Paratyphi 15 (0.2) 106 (0.3) 46 (0.4)
 Pseudomonas spp. 680 (9) 3,974 (11.7) 1,422 (11.5)
 Acinetobacter spp. 1,311 (17) 3,042 (9) 520 (4.2)
 S. aureus 1,233 (16) 6,596 (19) 1,678 (13.6)
 Enterococcus spp 925 (12) 3,567 (10) 1,229 (10)
 Total (55,688) 7,558 (14) 34,125 (63) 12,373 (23)

Among IPD patients, highest number of isolates are of E coli 29% followed by Klebsiella spp. 21%, S.
aureus 19%, Pseudomonas spp. 11.7%, Enterococcus spp. 10%, Acinetobacter spp. 9% and Salmonella
Typhi and Paratyphi 0.3% (Table 4)

Predominantly isolated pathogen from OPD patients is E. coli 41.3%, followed by Klebsiella spp. 19%,
S. aureus 13.6 %, Pseudomonas spp. 11.5%, Enterococcus spp. 10%, Acinetobacter spp. 4.2% and
Salmonella Typhi and Paratyphi 0.4% (Table 4; Fig. 8).

 18",,amr26.pdf | PDF page 22 | Table 4. Location,verified,retrieval_context
NCDC_resistance_2020_NARS-Net_p025_0052,resistance_evidence,NCDC_resistance_2020_NARS-Net,amr26.pdf,resistance,2020,NARS-Net,25,Table 5,"Resistance profile of Staphylococcus aureus (N= 9,639)","Table 5. Resistance profile of Staphylococcus aureus (N= 9,639)

 Antibiotic Blood + PA + OSBF Blood (N=4,281) PA + OSBF (N=5,388)
 tested (N=9,639)

 Number Number %R Number Number %R Number Number %R
 tested Resistant tested Resistant tested Resistant

 Cefoxitin 8,203 4,664 57 3,650 2,319 64 4,580 2,357 52
 Gentamicin 8,011 1,920 24 3,572 929 26 4,467 1,001 22
 Ciprofloxacin 7,110 4,798 68 3,047 1,898 62 4,087 2,922 72
 TMP/SMX 6,872 2,947 43 2,866 1,467 51 4,032 1,493 37
 Clindamycin 8,285 2,232 27 3,629 1,221 34 4,684 1,019 22
 Erythromycin 8,086 4,675 58 3,629 2,451 68 4,487 2,244 50
 Linezolid 8,083 79 1 3,519 26 1 4,592 43 1
 Doxycycline 5,489 725 13 2,638 24 12 2,867 402 14

 21",,amr26.pdf | PDF page 25 | Table 5,verified,retrieval_context
NCDC_resistance_2020_NARS-Net_p027_0053,resistance_evidence,NCDC_resistance_2020_NARS-Net,amr26.pdf,resistance,2020,NARS-Net,27,Table 6,Overall resistance profile of Staphylococcus aureus isolates to different antimicrobials,"Table 6 - Overall resistance profile of Staphylococcus aureus isolates to different antimicrobials

 Antibiotic % Resistance
 Cefoxitin 57%
 Gentamicin 24%
 Ciprofloxacin 68%
 Linezolid 1%

Enterococcus species

Enterococcus spp. constitutes 11% of all the isolates in the 2020 data (Fig. 3). Total 5,913 isolate
data is reported from 5,832 unique patients, and the resistance profile details are given in Table 7.
Similar to S. aureus, > 70 % resistance is observed in blood culture isolates of Enterococcus spp.
to ampicillin, ciprofloxacin and erythromycin (Table 7). In annual report of the year 2018, the
proportion of Vancomycin resistant Enterococcus (VRE) is 18% whereas in 2019 it reduced to
13%and in the 2020 occurrence of VRE is further reduced to 9% which may be attributed to AST
data of less number of isolates submitted by the network sites due to COVID-19 pandemic.
Of 5,832 enterococci analysed, highest rate of resistance is observed in ciprofloxacin (80%)
followed by erythromycin (77%), ampicillin (63%), tetracycline (58%), high level gentamicin
(45%), doxycycline (40%) (Fig. 12).
Nine percent of the Enterococcus spp. tested for antimicrobial susceptibility are resistant to
vancomycin and 3% of the isolates are resistant to linezolid. Compared to the previous three years
(5-6 %), resistance to linezolid in Enterococcus species is lowered to 3% this year. (Fig. 15)
In urine, blood and PA & OSBF high resistance is found for erythromycin (84%, 74% & 72%
respectively) and ciprofloxacin (82%, 74% & 79% respectively). In urine, blood and PA & OSBF
lower resistance is found for vancomycin (10%, 10% & 7% respectively) (Table 7). Among ICU

 23",,amr26.pdf | PDF page 27 | Table 6,verified,retrieval_context
NCDC_resistance_2020_NARS-Net_p029_0054,resistance_evidence,NCDC_resistance_2020_NARS-Net,amr26.pdf,resistance,2020,NARS-Net,29,Table 7,Specimen wise resistance profile of Enterococcus species,"Table 7. Specimen wise resistance profile of Enterococcus species

Antibiotic tested PA + OSBF Blood Urine
 (N=807) (N=1,445) (N=3,613)
 Number Number % Number Number % Number Number %
 tested Resistan R tested Resistan R tested Resistant R
 t t
Ampicillin 582 345 59 855 604 71 2,491 1,542 62
Gentamicin-High 616 198 32 981 390 40 2,785 1,380 50
Ciprofloxacin 452 358 79 657 483 74 2,573 2,107 82
Erythromycin 552 396 72 975 725 74 748 628 84
Linezolid 669 24 4 1,047 39 4 2,895 85 3
Vancomycin 656 47 7 1,004 95 10 2,867 281 10
Doxycycline 472 207 44 825 272 33 791 362 46
Tetracycline 146 96 66 378 185 49 1,680 1,001 60

 68
 Ampicillin 53
 67

 33
 Gentamicin-High 32
 51
 Antibiotics tested

 73
 Erythromycin 60
 80

 34
 Doxycycline 38
 45

 9
 Vancomycin 6
 8 IN (N=1,496)
 OUT (N=174)
 3 ICU (N=559)
 Linezolid 5
 5

 0 20 40 60 80 100
 % Resistance

 Fig. 13 Resistance profile of Enterococcus species isolated from blood and PA & OSBF from
 different location types in healthcare facilities

 25",,amr26.pdf | PDF page 29 | Table 7,verified,retrieval_context
NCDC_resistance_2020_NARS-Net_p033_0055,resistance_evidence,NCDC_resistance_2020_NARS-Net,amr26.pdf,resistance,2020,NARS-Net,33,Table 8. Specimen wise resistance profile of E,"coli (N=17,271 )","Table 8. Specimen wise resistance profile of E. coli (N=17,271 )

Antibiotic PA + OSBF (N=4,233) Blood (N=1,314) Urine (N=11,820)
tested
 Number Number %R Number Number %R Number Number %R
 tested Resistant tested Resistant tested Resistant
Ampicillin 2,590 2,291 89 800 688 86 7,188 6,279 87
Cefotaxime 2,946 2,340 79 821 654 80 8,068 6,169 77
Cefepime 2,332 1,468 63 856 573 67 6,097 3,807 62
Ertapenem 900 275 31 272 109 40 1,980 528 27
Imipenem 3,400 801 24 1,049 330 32 8,412 1,815 22
Ciprofloxacin 3,063 2,156 70 948 600 63 8,796 6,156 70
TMP/SMX 2,522 1,613 64 852 505 59 8,197 5,136 63
Nitrofurantoin 154 9,376 1,113 12
Colistin 454 7 1.5 345 2 0.6 493 31 6.3

 89
 Ampicillin 84
 94

 82
 Cefotaxime 70
 83

 65
 Cefepime 59
 Antibiotics Tested

 73

 25
 Imipenem 16
 32

 73
 Ciprofloxacin 63
 78

 66
 TMP/SMX 57
 71

 3
 Colistin 1 IN (N=9,763)
 1
 OUT (N=5,110)
 14
 Nitrofurantoin 9 ICU (N=1,453)
 16

 0 20 40 60 80 100
 % Resistance

 Fig. 17 Resistance profile of E. coli isolates from blood, urine, PA & OSBF from different
 location types in healthcare facilities

 29",,amr26.pdf | PDF page 33 | Table 8. Specimen wise resistance profile of E,verified,retrieval_context
NCDC_resistance_2020_NARS-Net_p035_0056,resistance_evidence,NCDC_resistance_2020_NARS-Net,amr26.pdf,resistance,2020,NARS-Net,35,Table 9,"Specimen wise resistance profile of Klebsiella species (N= 11,597)","Table 9. Specimen wise resistance profile of Klebsiella species (N= 11,597)

Antibiotic PA + OSBF (N=3,741) Blood (N=3,215) Urine (N=4,717)
tested

 Number Number %R Number Number %R Number Number %R
 tested Resistant tested Resistant tested Resistant
Cefotaxime 2,755 2,173 79 2,181 1,961 90 3,476 2,551 73
Cefepime 2,438 1,670 69 1,917 1,536 80 2,629 1,622 62
Ertapenem 706 297 42 548 323 59 650 249 38
Imipenem 3,138 1,338 43 2,312 1,265 55 3,346 1,008 30
Meropenem 1,705 731 43 1,416 754 53 1,413 394 28
Amikacin 2,606 1,326 51 2,143 1,102 51 2,760 939 34
Ciprofloxacin 2,882 1,854 64 2,257 1,425 63 3,366 2,003 60
TMP/SMX 2,475 1,632 66 1,939 1,248 64 3,097 1,861 60
Piperacillin/ 2,840 1,805 64 2,274 1,558 69 2,354 960 41
Tazobactam
Colistin 588 37 6 814 12 2 232 16 7

 31",,amr26.pdf | PDF page 35 | Table 9,verified,retrieval_context
NCDC_resistance_2020_NARS-Net_p042_0057,resistance_evidence,NCDC_resistance_2020_NARS-Net,amr26.pdf,resistance,2020,NARS-Net,42,Table 12,"Specimen wise resistance profile of Acinetobacter species (N= 4,959)","Table 12. Specimen wise resistance profile of Acinetobacter species (N= 4,959)

Antibiotic Blood (N=2,228) PA + OSBF (N=1,774) Urine (N=973)
tested

 Number Number %R Number Number %R Number Number %R
 tested Resistant tested Resistant tested Resistant
Piperacillin/ 1,417 890 63 1,431 1,067 75 656 310 47
Tazobactam
Ceftazidime 1,480 1,150 78 1,444 1,246 86 629 404 64
Cefepime 755 510 68 548 427 78 124 67 54
Imipenem 1,473 945 64 1,432 1,012 71 697 282 40
Amikacin 1,281 732 57 1,280 875 68 627 268 43
Gentamicin 1,383 720 52 1,228 829 68 594 281 47
Ciprofloxacin 1,399 896 64 1,299 1,047 81 700 388 55
TMP/SMX 1,146 645 56 964 665 69 462 234 51
Colistin 364 18 5 226 7 3 48 5 10
Minocycline 923 224 24 691 172 25 427 129 30

 60
 Amikacin 37
 68
 57
 Gentamicin 43
 66
 69
 Ciprofloxacin 52
 77
 Piperacillin/Tazoba 66
 37
 ctam 75
 Antibiotics Tested

 80
 Ceftazidime 70
 82
 64
 Imipenem 32
 73
 26 IN (N=3,042)
 Minocycline 17
 29 OUT (N=520)
 3 ICU (N=1,311)
 Colistin 0
 7

 0 20 40 60 80 100
 % Resistance

Fig. 24 Resistance profile of Acinetobacter spp. isolated from blood, urine, PA+OSBF from
 different location types in healthcare facilities

 38",,amr26.pdf | PDF page 42 | Table 12,verified,retrieval_context
NCDC_resistance_2021_NARS-Net_p007_0058,resistance_evidence,NCDC_resistance_2021_NARS-Net,amr27.pdf,resistance,2021,NARS-Net,7,Table 2 Specimen,wise isolation of Priority Pathogens,Table 2 Specimen-wise isolation of Priority Pathogens,,amr27.pdf | PDF page 7 | Table 2 Specimen,verified,retrieval_context
NCDC_resistance_2021_NARS-Net_p007_0059,resistance_evidence,NCDC_resistance_2021_NARS-Net,amr27.pdf,resistance,2021,NARS-Net,7,Table 3 Location,wise distribution of priority pathogens,"Table 3 Location-wise distribution of priority pathogens
Table 4 Resistance profile observed in Staphylococcus aureus
Table 5 Resistance profile of Enterococcus species
Table 6 Resistance profile of Escherichia coli
Table 7 Resistance profile of Klebsiella species
Table 8 Resistance profile of Salmonella enterica Typhi and Paratyphi
Table 9 Resistance profile of Pseudomonas species
Table 10 Resistance profile of Acinetobacter species

 ii",,amr27.pdf | PDF page 7 | Table 3 Location,verified,retrieval_context
NCDC_resistance_2021_NARS-Net_p008_0060,resistance_evidence,NCDC_resistance_2021_NARS-Net,amr27.pdf,resistance,2021,NARS-Net,8,Figure 5 Specimen,wise distribution of priority pathogens,Figure 5 Specimen-wise distribution of priority pathogens,,amr27.pdf | PDF page 8 | Figure 5 Specimen,verified,retrieval_context
NCDC_resistance_2021_NARS-Net_p008_0061,resistance_evidence,NCDC_resistance_2021_NARS-Net,amr27.pdf,resistance,2021,NARS-Net,8,Figure 6 Location,wise distribution of isolates,"Figure 6 Location-wise distribution of isolates
Figure 7 Trends of MRSA trend from 2017 to 2021 in blood isolates
Figure 8 Resistance profile of S. aureus isolated from blood from different location types
Figure 9 Resistance profile of Enterococcus species isolated from blood from different location types
Figure 10 Resistance profile of Escherichia coli isolated from blood from different location types
Figure 11 Trends of ESBL producing Escherichia coli isolated from blood in last 5 years
Figure 12 Resistance profile of Klebsiella species isolated from blood specimens
Figure 13 Trends of ESBL producing blood isolates of Klebsiella spp. in last 5 years
Figure 14 Resistance profile of Pseudomonas species isolated from blood from different location types
Figure 15 Resistance profile of Acinetobacter species isolated from blood specimens from different
 location types

 iii",,amr27.pdf | PDF page 8 | Figure 6 Location,verified,retrieval_context
NCDC_resistance_2021_NARS-Net_p013_0062,resistance_evidence,NCDC_resistance_2021_NARS-Net,amr27.pdf,resistance,2021,NARS-Net,13,Table 1,Pathogens and specimens included under surveillance,"Table 1- Pathogens and specimens included under surveillance
 Specimen S. aureus Enterococ Klebsiella E. coli Acinetob Pseudom Salmonella
 cus spp. spp. acter spp. onas Typhi/
 spp. Paratyphi
 Blood • • • • • • •
 Urine X • • • • • X

 Pus aspirate • • • • • • X

 Other Sterile
 • • • • • • X
 Body fluids
 Stool X X X X X X •

All the participating network sites quarterly report AMR data of the seven priority pathogens from
the above-mentioned specimen types to the programme unit at NCDC. The network sites are
mandated to implement internal quality control as an essential component of quality assurance in
antimicrobial susceptibility testing and also participate in the External Quality Assessment Scheme
(EQAS). On a quarterly basis, the network sites are to submit a pre-defined number of isolates for
EQA to the AMR National Reference Laboratory (NRL) at NCDC. It is also mandatory for the
sites to report and send all the emerging AMR alert isolates, as defined under the programme, for
confirmation to AMR NRL at NCDC.
Continuous support is provided to the programme sites to improve specimen collection, bacterial
culture, identification of pathogens and their antimicrobial susceptibility testing (AST) which
includes provision of continuous virtual and/ or hands-on trainings. Onsite support visits and onsite
trainings are also conducted for handholding the sites to strengthen bacteriology laboratory
capacity by improving the quality of culture and AST practices. In addition, NCDC regularly
organizes trainings and workshops on WHONET software, the software used for AMR data
management, to streamline AMR surveillance data flow from network sites to NCDC. Numerous
one on one online trainings provided for the development of antibiograms for sharing the AMR
data with clinicians for local use and broth microdilution lab testing techniques have helped in
improving implementation of programme activities at the network sites.

 4",,amr27.pdf | PDF page 13 | Table 1,verified,retrieval_context
NCDC_resistance_2021_NARS-Net_p019_0063,resistance_evidence,NCDC_resistance_2021_NARS-Net,amr27.pdf,resistance,2021,NARS-Net,19,Table 2- Specimen,wise isolation of Priority Pathogens,"Table 2- Specimen-wise isolation of Priority Pathogens

 Priority Pathogen Blood (%) Pus aspirate (%) OSBF (%) Urine (%)

 S. aureus 6119 (32%) 7946 (26%) 630 (16%)
 Enterococcus spp. 1842 (10%) 1121 (4%) 332 (8%) 5087 (15%)
 Escherichia coli 1806 (9%) 6434 (21%) 675 (17%) 17277 (50%)
 Klebsiella spp. 3662 (19%) 6688 (22%) 792 (20%) 7542 (22%)
 Salmonella Typhi and 150 (1%)
 Paratyphi
 Pseudomonas spp. 1859 (10%) 5406 (18%) 800 (20%) 2987 (9%)
 Acinetobacter spp. 3659 (19%) 2771 (9%) 794 (20%) 1616 (5%)
 Total 19097 30366 4023 34509

 10",,amr27.pdf | PDF page 19 | Table 2- Specimen,verified,retrieval_context
NCDC_resistance_2021_NARS-Net_p021_0064,resistance_evidence,NCDC_resistance_2021_NARS-Net,amr27.pdf,resistance,2021,NARS-Net,21,Table 3- Location,wise distribution of priority pathogens,"Table 3- Location-wise distribution of priority pathogens
 Priority Pathogen ICU (%) IPD (%) OPD (%) Emergency (%)
 Escherichia coli 1947 (19%) 14160 (28%) 8848 (39%) 1188 (30%)
 Klebsiella spp. 2477 (24%) 11206 (22%) 4382 (19%) 585 (15%)
 Salmonella Typhi and 14 68 35 34
 Paratyphi**
 Pseudomonas spp. 1265 (12%) 6413 (13%) 2985 (13%) 384 (10%)
 Acinetobacter spp. 1952 (19%) 5217 (10%) 1202 (5%) 454 (12%)
 S. aureus 1673 (16%) 8809 (17%) 3274 (15%) 931 (24%)
 Enterococcus spp. 1144 (11%) 5031 (10%) 1827 (8%) 366 (9%)
 Total (N) 10472 50904 22553 3942
N is the number of isolates for which location type was available in the submitted data
**Due to low numbers, percentages were not computed

 12",,amr27.pdf | PDF page 21 | Table 3- Location,verified,retrieval_context
NCDC_resistance_2021_NARS-Net_p024_0065,resistance_evidence,NCDC_resistance_2021_NARS-Net,amr27.pdf,resistance,2021,NARS-Net,24,Table 4,Resistance profile observed in Staphylococcus aureus,"Table 4: Resistance profile observed in Staphylococcus aureus

 Blood (N=6119) Pus aspirate (N=7946) Other Sterile Body Fluids
 (N=630)

 Antibiotic

 Resistance (%)

 Resistance (%)

 Resistance (%)
 tested

 Resistant

 Resistant

 Resistant
 Number

 Number

 Number

 Number

 Number

 Number
 Tested

 Tested

 Tested
 Cefoxitin 5805 3441 59 7602 3703 49 608 294 48
 Ciprofloxacin 5357 2695 50 6607 3884 59 524 209 40
 Clindamycin 5755 1960 34 7295 1630 22 588 160 27
 Doxycycline 5419 863 16 6215 796 13 533 50 9

 Erythromycin 5911 3730 63 7430 3807 51 626 341 54
 Gentamicin 5437 1396 26 7258 1698 23 584 121 21
 Linezolid 5761 36 1 7452 49 1 629 9 1

 TMP / SMX 4656 2015 43 6680 1803 27 514 191 37
 Teicoplanin 1206 14 1 1662 30 2 96 1 1

 15",,amr27.pdf | PDF page 24 | Table 4,verified,retrieval_context
NCDC_resistance_2021_NARS-Net_p026_0066,resistance_evidence,NCDC_resistance_2021_NARS-Net,amr27.pdf,resistance,2021,NARS-Net,26,Table 5,Resistance profile of Enterococcus species,"Table 5- Resistance profile of Enterococcus species

 Blood (N=1842) Pus aspirate (N=1121) OSBF (N=332) Urine (N=5087)
 Antibiotic
 Resistance

 Resistance

 Resistance

 Resistance
 Resistant

 Resistant

 Resistant

 Resistant
 Number

 Number

 Number

 Number

 Number

 Number

 Number

 Number
 Tested

 Tested

 Tested

 Tested
 Tested
 %

 %

 %

 %
 Ampicillin 1462 994 68 956 488 51 286 168 59 4604 2790 61

 Doxycycline 1185 548 46 786 399 51 258 126 49

 Erythromycin 1493 1118 75 965 640 66 312 221 71

 Gentamicin-
 1427 675 47 955 300 31 298 138 46 4495 2267 50
 High

 Linezolid 1582 40 3 1021 24 2 315 6 2 4880 118 2

 Teicoplanin 572 80 14 326 21 6 94 14 15 1574 196 12

 Vancomycin 1563 177 11 944 27 3 327 30 9 4581 332 7

 Ciprofloxacin 4233 3268 77

 Tetracycline 3356 1986 59

 Fosfomycin 888 122 14

 17",,amr27.pdf | PDF page 26 | Table 5,verified,retrieval_context
NCDC_resistance_2021_NARS-Net_p029_0067,resistance_evidence,NCDC_resistance_2021_NARS-Net,amr27.pdf,resistance,2021,NARS-Net,29,Table 6,Resistance profile of Escherichia coli,"Table 6: Resistance profile of Escherichia coli

 Pus Aspirate
 Blood (N=1806) OSBF (N=675) Urine (N=17277)
 (N=6434)
 Antibiotic

 Resistance

 Resistance

 Resistance

 Resistance
 Resistant

 Resistant

 Resistant

 Resistant
 Number

 Number

 Number

 Number

 Number

 Number

 Number

 Number
 Tested

 Tested

 Tested

 Tested
 Tested

 %

 %

 %

 %
Amikacin 1510 1088 29 5399 1280 24 565 121 21 12006 2323 19

Amoxicillin/ 680 390 57 2848 1660 58 262 151 58 6565 3435 52
Clavulanic acid
Ampicillin 1294 584 84 4986 4281 86 501 417 83 13371 11357 85

Cefepime 1286 1056 62 4999 3014 60 548 327 60 12699 6862 54

Cefotaxime 1380 797 77 5302 4045 76 577 447 77 14485 10377 72

Ciprofloxacin 1551 135 63 5820 4266 73 644 454 70 15064 11037 73

Colistin 914 0 0 1847 0 0 337 0 0 4293 1

Ertapenem 406 211 33 1186 283 24 186 46 25 3931 814 21

Gentamicin 1260 431 39 4775 1696 36 421 132 31 7885 2323 29

Imipenem 1593 491 29 5810 1193 21 646 161 25 15254 2350 15

Meropenem 854 981 25 3605 592 16 302 58 19 5938 895 15

Piperacillin/ 1350 701 43 5293 2268 43 547 257 47 2937 2937 29
Tazobactam
Trimethoprim/ 1289 14 54 4971 2872 58 516 308 60 8918 8918 59
Sulfamethoxazole
Nitrofurantoin 16229 1725 11

Fosfomycin 855 58 7

Cefuroxime 3257 2581 79

Doxycycline 762 398 52 111 49 44

 20",,amr27.pdf | PDF page 29 | Table 6,verified,retrieval_context
NCDC_resistance_2021_NARS-Net_p032_0068,resistance_evidence,NCDC_resistance_2021_NARS-Net,amr27.pdf,resistance,2021,NARS-Net,32,Table 7,Resistance profile of Klebsiella species,"Table 7: Resistance profile of Klebsiella species

 Pus Aspirate
 Blood (N=3662) OSBF (N=792) Urine (N=7542)
 (N=6688)
 Antibiotic

 Resistance

 Resistance

 Resistance

 Resistance
 Resistant

 Resistant

 Resistant

 Resistant
 Number

 Number

 Number

 Number

 Number

 Number

 Number

 Number
 Tested

 Tested

 Tested

 Tested
 Tested

 %

 %

 %

 %
 Amikacin 2859 1473 52 5688 2471 43 606 268 44 5549 1751 32

 Amoxicillin/
 1451 988 68 2815 1887 67 300 197 66 3042 1754 58
 Clavulanic acid

 Cefepime 2658 1863 70 5241 3433 66 655 421 64 5655 3115 55

 Cefotaxime 2774 2273 82 5537 4238 77 668 527 79 6392 4423 69

 Ciprofloxacin 3172 2064 65 6130 4035 66 734 462 63 6634 4091 62

 Colistin 1868 9 2026 2 381 0 2002 7

 Ertapenem 692 345 50 1040 342 33 173 79 46 1550 527 34

 Gentamicin 2625 1453 55 5352 2637 49 545 254 47 3691 1289 35

 Imipenem 3287 1290 39 6039 1982 33 753 313 42 6681 1684 25

 Meropenem 1808 696 38 3942 1052 27 409 172 42 2710 697 26

 Piperacillin/
 2809 1677 60 5646 3169 56 613 344 56 4809 1833 38
 Tazobactam
 Trimethoprim/
 Sulfamethoxazo 2633 1529 58 5229 3131 60 631 381 60 6629 3775 57
 le
 Cefuroxime 1661 1337 80

 Nitrofurantoin 6468 2448 38

 Doxycycline 718 353 49 111 45 41

 23",,amr27.pdf | PDF page 32 | Table 7,verified,retrieval_context
NCDC_resistance_2021_NARS-Net_p035_0069,resistance_evidence,NCDC_resistance_2021_NARS-Net,amr27.pdf,resistance,2021,NARS-Net,35,Table 8,Resistance profile of Salmonella enterica Typhi and Paratyphi,"Table 8: Resistance profile of Salmonella enterica Typhi and Paratyphi

 S. Typhi (N=148) S. Paratyphi (N=2)
 Antibiotic tested Numbe Number Resistance Number Number
 r tested Resistant (%) tested Resistant
 Ampicillin 123 16 13 2 0
 Azithromycin 119 3 3 2 1
 Ceftriaxone 125 2 2 0 0
 Chloramphenicol 119 5 4 2 0
 Ciprofloxacin 128 43 34 2 1
 Imipenem 114 0 0 2 0
 Trimethoprim/Sulfamethoxazole 126 13 10 2 1

 26",,amr27.pdf | PDF page 35 | Table 8,verified,retrieval_context
NCDC_resistance_2021_NARS-Net_p036_0070,resistance_evidence,NCDC_resistance_2021_NARS-Net,amr27.pdf,resistance,2021,NARS-Net,36,Table 9,Resistance profile of Pseudomonas species,"Table 9: Resistance profile of Pseudomonas species

 Blood (N=1859) Pus aspirate (N=5406) OSBF (N=800) Urine (N=2987)
 Antibiotic
 Resistance

 Resistance

 Resistance

 Resistance
 Resistant

 Resistant

 Resistant

 Resistant
 Number

 Number

 Number

 Number

 Number

 Number

 Number

 Number
 Tested

 Tested

 Tested

 Tested
 Tested
 %

 %

 %

 %
 Amikacin 1650 362 22 5028 1544 31 728 132 18 2706 848 31

 Aztreonam 683 242 35 2612 836 32 310 86 28 1215 437 36

 Ceftazidime 1580 649 41 4937 2152 44 715 245 34 2742 1222 45

 Ciprofloxacin 1467 432 29 4986 2079 42 751 191 25 2643 1230 47

 Colistin 932 2 1702 1 427 1 751 1

 Gentamicin 1345 368 27 4686 1661 35 656 147 22 2435 858 35

 Imipenem 1646 424 26 4990 1265 25 742 178 24 2776 753 27

 Meropenem 779 137 18 2859 551 19 341 80 23 1219 293 24

 Netilmicin 146 33 23 620 178 29 60 24 40 276 104 38

 Piperacillin/T 1574 293 19 4949 1317 27 707 142 20 2722 654 24
 azobactam

 27",,amr27.pdf | PDF page 36 | Table 9,verified,retrieval_context
NCDC_resistance_2021_NARS-Net_p038_0071,resistance_evidence,NCDC_resistance_2021_NARS-Net,amr27.pdf,resistance,2021,NARS-Net,38,Table 10,Resistance profile of Acinetobacter species,"Table 10: Resistance profile of Acinetobacter species

 Pus Aspirate
 Blood (N=3659) OSBF (N=794) Urine (N=1616)
 (N=2771)
 Antibiotic
 Resistance

 Resistance

 Resistance

 Resistance
 Resistant

 Resistant

 Resistant

 Resistant
 Number

 Number

 Number

 Number

 Number

 Number

 Number

 Number
 Tested

 Tested

 Tested

 Tested
 Tested
 %

 %

 %

 %
 Amikacin 3128 1587 51 2568 1505 59 731 408 56 1393 464 33

 Cefotaxime 1592 1144 72 1619 1188 73 447 322 72 860 491 57

 Ceftazidime 2867 2036 71 2339 1790 77 692 495 72 1329 753 57

 Ciprofloxacin 2999 1643 55 2483 1743 70 725 406 56 1359 603 44

 Colistin 2070 1 940 0 489 1 441 2

 Gentamicin 2737 1396 51 2268 1330 59 634 322 51 1167 431 37

 Imipenem 3172 1781 56 2538 1420 56 733 457 62 1501 467 31

 Meropenem 1228 559 46 1299 638 49 348 192 55 521 121 23

 Minocycline 2147 467 22 1379 346 25 556 117 21 736 161 22

 Piperacillin/ 2994 1498 50 2438 1462 60 719 393 55 1451 458 32
 Tazobactam
 Trimethopri 1942 1004 52 1840 1162 63 486 258 53 1118 493 44
 m/
 Sulfamethoxa
 zole

Minocycline and Colistin were the only antibiotics with low levels of resistance in Acinetobacter
species isolates from blood cultures.

 29",,amr27.pdf | PDF page 38 | Table 10,verified,retrieval_context
NCDC_resistance_2021_NARS-Net_p039_0072,resistance_evidence,NCDC_resistance_2021_NARS-Net,amr27.pdf,resistance,2021,NARS-Net,39,Figure 15,Resistance profile of Acinetobacter species isolated from blood specimens from,"Figure 15- Resistance profile of Acinetobacter species isolated from blood specimens from
different location types

 30",,amr27.pdf | PDF page 39 | Figure 15,verified,retrieval_context
NCDC_resistance_2022_NARS-Net_p025_0073,resistance_evidence,NCDC_resistance_2022_NARS-Net,amr28.pdf,resistance,2022,NARS-Net,25,Figure 2,Distribution of priority pathogen isolates and Unique patient isolates,"Figure 2- Distribution of priority pathogen isolates and Unique patient isolates

4
 National Programme on AMR Containment :: National Centre for Disease Control (NCDC) (mohfw.gov.in)

 9",,amr28.pdf | PDF page 25 | Figure 2,verified,retrieval_context
NCDC_resistance_2022_NARS-Net_p026_0074,resistance_evidence,NCDC_resistance_2022_NARS-Net,amr28.pdf,resistance,2022,NARS-Net,26,Table 1- Priority Pathogens and specimens included under NARS,Net,"Table 1- Priority Pathogens and specimens included under NARS-Net
 Specimen S. Enterococcus Klebsiella Escherichia Acinetobacter Pseudomonas Salmonella
 aureus spp. spp. coli spp. spp. Typhi /
 Paratyphi
 Blood

 Urine
 Pus
 Aspirate
 Other
 Sterile
 body
 fluids*
 Stool
* OBSF- Include abdominal fluid, amniotic fluid, bile, cerebrospinal fluid, cyst, endocardium, hip
fluid, joint fluid, knee fluid, lymph node, semen, broncho-alveolar lavage, spleen, pleural fluid,
pericardial fluid, bone marrow, Bartholin’s cyst, fluid, gastric fluid, gall bladder, breast milk and
prostatic fluid

 10",,amr28.pdf | PDF page 26 | Table 1- Priority Pathogens and specimens included under NARS,verified,retrieval_context
NCDC_resistance_2022_NARS-Net_p027_0075,resistance_evidence,NCDC_resistance_2022_NARS-Net,amr28.pdf,resistance,2022,NARS-Net,27,Figure 3,"Distribution of priority pathogen isolates by gender (N=1,19,553)","Figure 3 - Distribution of priority pathogen isolates by gender (N=1,19,553)

 35%
 30% 31%
 Proportion of isolates

 29%

 23%

 17% 14%
 10% 9%
 11%
 6%
 5%
 <1 1 to 5 6 to17 18 to 35 36 to 60 >60
 Age category",,amr28.pdf | PDF page 27 | Figure 3,verified,retrieval_context
NCDC_resistance_2022_NARS-Net_p027_0076,resistance_evidence,NCDC_resistance_2022_NARS-Net,amr28.pdf,resistance,2022,NARS-Net,27,Figure 4,"Distribution of priority pathogen isolates by age category (N=1,16,100)","Figure 4 - Distribution of priority pathogen isolates by age category (N=1,16,100)

 11",,amr28.pdf | PDF page 27 | Figure 4,verified,retrieval_context
NCDC_resistance_2022_NARS-Net_p028_0077,resistance_evidence,NCDC_resistance_2022_NARS-Net,amr28.pdf,resistance,2022,NARS-Net,28,Table 2,"Distribution of isolates based on specimen type (N=1,19,686)","Table 2: Distribution of isolates based on specimen type (N=1,19,686)

 Specimen Type Number of isolates (%)
 Urine 51632 (43)
 Blood 23244 (19)
 Pus Aspirate 38083 (32)
 Other sterile body fluids 6717 (6)
 Stool 10 (0.01)
 Total 1,19,686 (100)

In the AMR surveillance data for the year 2022, the most commonly isolated priority pathogen was
E. coli (33%), which is similar to the previous year’s data, followed by Klebsiella species (20%), S.
aureus (15%), Pseudomonas species (12%), Acinetobacter species (10%) Enterococcus species (9%)
and Salmonella enterica serovar Typhi and Paratyphi (0.4 %).

The specimen type from where most isolates have been reported in the current data was urine
(43%). Like the previous years, E. coli remained the most commonly isolated pathogen from
urinary samples. Among the blood and pus aspirate specimens, the most common priority
pathogen isolated was S. aureus (27% & 28% respectively). Salmonella enterica serovar Typhi
and Paratyphi (2%) were the least commonly isolated pathogen from blood among all priority
pathogens reported under NARS-Net. E. coli (23%) and Klebsiella spp. (21%) were the most
commonly isolated pathogens from other sterile body fluids*

 12",,amr28.pdf | PDF page 28 | Table 2,verified,retrieval_context
NCDC_resistance_2022_NARS-Net_p029_0078,resistance_evidence,NCDC_resistance_2022_NARS-Net,amr28.pdf,resistance,2022,NARS-Net,29,Table 3,"Distribution of priority pathogens by specimen type (N= 1,19,686)","Table 3- Distribution of priority pathogens by specimen type (N= 1,19,686)
 Blood Pus aspirate OSBF Urine Stool Total
Priority
Pathogen N (%) N (%) N (%) N (%) N (%) N (%)

Escherichia
 2496 (11) 8297 (22) 1548 (23) 27279 (53) x 39620 (33)
Coli
Klebsiella
 4639 (20) 7592 (20) 1380 (21) 10766 (21) x 24377 (20)
spp.
Salmonella
Typhi and 434 (2) x x x 10 444 (0.4)
Paratyphi
Pseudomonas
 2457 (11) 6663 (17) 1181 (18) 4383 (8) x 14684 (12)
spp.
Acinetobacter
 4820 (21) 3586 (9) 1285 (19) 2091 (4) x 11782 (10)
spp.
S. aureus 6256 (27) 10695 (28) 756 (11) x x 17707 (15)
Enterococcus
 2142 (9) 1250 (3) 567 (8) 7113 (14) x 11072 (9)
spp.
 Total 23244 (100) 38083 (100) 6717 (100) 51632 (100) 10 119686 (100)
x - Specimen type not included under the programme

 13",,amr28.pdf | PDF page 29 | Table 3,verified,retrieval_context
NCDC_resistance_2022_NARS-Net_p030_0079,resistance_evidence,NCDC_resistance_2022_NARS-Net,amr28.pdf,resistance,2022,NARS-Net,30,Figure 5,"Distribution of priority pathogen isolates by specimen type (N=1,19,686)","Figure 5: Distribution of priority pathogen isolates by specimen type (N=1,19,686)

 14",,amr28.pdf | PDF page 30 | Figure 5,verified,retrieval_context
NCDC_resistance_2022_NARS-Net_p031_0080,resistance_evidence,NCDC_resistance_2022_NARS-Net,amr28.pdf,resistance,2022,NARS-Net,31,Figure 6,"Distribution of priority pathogen isolates by location type (N=1,19,626)","Figure 6- Distribution of priority pathogen isolates by location type (N=1,19,626)

In the 2022 AMR surveillance data, majority of the isolates were from patients admitted in
hospital wards (IPD- 56%) whereas the least number of isolates belonged to patients from the
Emergency department (4%). Almost a third of the isolates (30%) were from patients visiting
the outpatient clinics. About 11% of the priority pathogens were isolated from Intensive care
units.",,amr28.pdf | PDF page 31 | Figure 6,verified,retrieval_context
NCDC_resistance_2022_NARS-Net_p031_0081,resistance_evidence,NCDC_resistance_2022_NARS-Net,amr28.pdf,resistance,2022,NARS-Net,31,Table 4,"Distribution of priority pathogen isolates by location type (N=1,19,626)","Table 4- Distribution of priority pathogen isolates by location type (N=1,19,626)
 Priority Pathogen Inpatient Outpatient I.C.U. Emergency
 (N=66842) (N=35411) (N=12870) (N=4503)

 N (%) N (%) N (%) N (%)
 Escherichia Coli 2068 (31) 15034 (42) 2465 (19) 1422 (32)
 Klebsiella spp. 14329 (21) 6289 (18) 3010 (23) 735 (16)
 Salmonella Typhi and
 274 (0.4) 83 (0.2) 63 (0.5) 24 (0.5)
 Paratyphi
 Pseudomonas spp. 7986 (12) 4700 (13) 1583 (12) 413 (9)

 Acinetobacter spp. 7162 (11) 1729 (5) 2447 (19) 440 (10)

 S. aureus 10332 (15) 4392 (12) 1835 (14) 1136 (25)

 Enterococcus spp 6082 (9) 3184 (9) 1467 (11) 333 (7)

 15",,amr28.pdf | PDF page 31 | Table 4,verified,retrieval_context
NCDC_resistance_2022_NARS-Net_p034_0082,resistance_evidence,NCDC_resistance_2022_NARS-Net,amr28.pdf,resistance,2022,NARS-Net,34,Figure 7,Trends of Methicillin-resistant S. aureus (MRSA)isolated from blood (2017-2022),"Figure 7: Trends of Methicillin-resistant S. aureus (MRSA)isolated from blood (2017-2022)

To observe significance in the trend of MRSA over the past 6 years, a linear trend analysis for
MRSA isolates in blood was done using Chi-square for trend (Extended Mantel Haenszel) and a
significant decrease in the proportion of MRSA in blood was seen from the year 2018 (69%) to
2021 (59%) and when compared to 2021 the proportion of MRSA has remained constant in the
year 2022 (59%) (Chi-square value for Linear trend-18.9, p value - <0.0001).

Linezolid resistance in S. aureus isolated from blood has been consistently found to be lower
than 1% in the last five years. However, in the year 2022, none of the S. aureus reported from
blood were found to be resistant to linezolid [Fig. 8].

 18",,amr28.pdf | PDF page 34 | Figure 7,verified,retrieval_context
NCDC_resistance_2022_NARS-Net_p035_0083,resistance_evidence,NCDC_resistance_2022_NARS-Net,amr28.pdf,resistance,2022,NARS-Net,35,Figure 8- Trends of Linezolid resistant S,aureus isolated from blood (2018 to 2022),"Figure 8- Trends of Linezolid resistant S. aureus isolated from blood (2018 to 2022)
Out of 11,151 isolates tested on Vancomycin screen agar, only 9 isolates showed a growth. On
further confirmation by Broth micro dilution, only one isolate showed resistance to
Vancomycin. This resistance was confirmed at the NRL in NCDC.

Among the Gram-positive cocci (GPC) isolated from the surveillance sites, S. aureus was the
most isolated GPC from all the location settings like Inpatient wards (63%), Outpatient clinics
(58%), Intensive care settings (55%) and from the emergency department (77%). Resistance to
all the surveillance panel antibiotics were found to be proportionately higher among isolates
from intensive care setting in comparison to those from outpatient clinics and the inpatient
wards as seen in (Fig. 9)

 19",,amr28.pdf | PDF page 35 | Figure 8- Trends of Linezolid resistant S,verified,retrieval_context
NCDC_resistance_2022_NARS-Net_p036_0084,resistance_evidence,NCDC_resistance_2022_NARS-Net,amr28.pdf,resistance,2022,NARS-Net,36,Table 5,"Resistance profile of Staphylococcus aureus (N=17,707)","Table 5: Resistance profile of Staphylococcus aureus (N=17,707)

 Blood (N=6256) Pus Aspirate (N=10695) Other Sterile Body Fluids (N=756)
Antibiotic
 Number Number Number
 tested (%R) 95% CI (%R) 95% CI (%R) 95% CI
 Tested Tested Tested

Cefoxitin 5711 (59) 57.9-60.4 9530 (53) 51.5-53.5 688 (47) 43.0-50.6

Ciprofloxacin 5555 (56) 55.2-57.8 8788 (62) 61.3-63.3 619 (49) 45.3-53.3

Clindamycin 5947 (35) 33.7-36.1 10034 (20) 19.1-20.7 722 (28) 24.4-31.0

Doxycycline 5264 (15) 14.2-16.2 7842 (9) 8.8-10.1 601 (13) 10.1-15.6

Erythromycin 5880 (67) 65.8-68.2 9824 (56) 54.8-56.7 716 (64) 59.9-67.1

Gentamicin 5489 (29) 27.8-30.3 9128 (25) 24.0-25.7 671 (23) 19.9-26.4

Linezolid* 5827 (0) 0-0.1 9873 (0.01) 0-0.1 706 (0) 0-0.1

TMP/SMX 5313 (38) 36.4-39.0 8968 (20) 19.6-21.3 619 (32) 28.2-35.7

Teicoplanin 525 (2) 0.8-3.3 621 (3) 1.7-4.4 81 (2) 0.4-9.5
*Alert pathogens confirmed at NRL, NCDC only were included in the data TMP/SMX -Trimethoprim/sulfamethoxazole

 20",,amr28.pdf | PDF page 36 | Table 5,verified,retrieval_context
NCDC_resistance_2022_NARS-Net_p040_0085,resistance_evidence,NCDC_resistance_2022_NARS-Net,amr28.pdf,resistance,2022,NARS-Net,40,Table 6,"Resistance profile of Enterococcus species (N=11,072)","Table 6- Resistance profile of Enterococcus species (N=11,072)

 Blood (N=2142) Pus Aspirate (N=1250) OSBF (N=567) Urine (N=7113)
Antibiotic
 Number Number Number Number
Tested (%R) 95% CI (%R) 95% CI (%R) 95% CI (%R) 95% CI
 Tested Tested Tested Tested

Ampicillin 1772 (65) 63.1-67.6 1086 (44) 41.4-47.4 493 (58) 53.1-62.0 6235 (59) 57.7 -60.2

Doxycycline 1658 (39) 37.1-41.8 1012 (44) 40.6-46.8 473 (46) 41.8-50.9 x

Erythromycin 1829 (78) 76.1-80.0 1137 (72) 69.7-74.9 522 (75) 70.9-78.5 x

Gentamicin-H 1733 (51) 48.6-53.3 1127 (34) 31.8-37.4 498 (50) 45.3-54.3 6301 (53) 51.9-54.3

Linezolid* 1833 (0.2) 0.1-0.7 1159 (0) 0.0-0.6 531 (0.6) 0.1-1.8 6556 (0.1) 0.1-0.3

Teicoplanin 810 (10) 8.4-12.7 415 (5) 3.2-7.8 219 (14) 10.0-19.6 2266 (16) 14.8-17.9

Vancomycin* 1809 (13) 11.6-14.8 1032 (5) 3.7-6.5 543 (12) 9.4-15.1 6033 (9) 7.9-9.4

Ciprofloxacin x x x 5775 (76) 74.5-76.7

Tetracycline x x x 4578 (65) 63.9-66.7

Fosfomycin x x x 1438 (11) 9.2-12.5
 *Alert pathogens confirmed at NRL, NCDC were included in the data

 24",,amr28.pdf | PDF page 40 | Table 6,verified,retrieval_context
NCDC_resistance_2022_NARS-Net_p041_0086,resistance_evidence,NCDC_resistance_2022_NARS-Net,amr28.pdf,resistance,2022,NARS-Net,41,Figure 11,Resistance profile of Enterococcus species in blood by location type (N=2142),"Figure 11- Resistance profile of Enterococcus species in blood by location type (N=2142)

 25",,amr28.pdf | PDF page 41 | Figure 11,verified,retrieval_context
NCDC_resistance_2022_NARS-Net_p044_0087,resistance_evidence,NCDC_resistance_2022_NARS-Net,amr28.pdf,resistance,2022,NARS-Net,44,Table 7,"Resistance profile of Escherichia coli (N=39,620)","Table 7: Resistance profile of Escherichia coli (N=39,620)

 Blood (N=2496) Pus Aspirate (N=8297) OSBF (N=1548) Urine (N=27279)
Antibiotic
 Number Number Number Number
Tested (% R) 95% CI (% R) 95% CI (%R) 95% CI (% R) 95% CI
 Tested Tested Tested Tested

Amikacin 1952 (27) 25.3-29.4 6826 (24) 22.6-24.6 1170 (24) 21.7-26.7 17259 (19) 18.8-20.0
Amox-clav 1054 (57) 53.5-59.6 4108 (59) 57.0-60.1 677 (61) 57.7-65.1 10955 (49) 47.9-49.8

Ampicillin 1725 (82) 80.4-84.1 5692 (89) 87.6-89.3 1051 (88) 85.5-89.5 19886 (86) 85.7-86.6

Cefepime 1920 (63) 60.6-65.0 6491 (64) 62.9-65.3 1257 (67) 64.5-69.8 20423 (58) 57.4-58.8

Cefotaxime 1876 (76) 74.1-78.0 6581 (80) 78.8-80.7 1234 (81) 78.6-83.1 23247 (75) 74.1-75.2

Ciprofloxacin 2069 (64) 62.1-66.2 6721 (75) 74.2-76.3 1276 (76) 73.7-78.5 23227 (74) 72.9-74.1
Colistin 1683 (0) 0.0-0.1 4286 (0.1) 0-0.2 1080 (0) 0.0-0.1 7589 (0.01) 0-0.1
Ertapenem 603 (43) 39.0-47.0 1275 (33) 30.5-35.7 335 (44) 38.2-49.1 4520 (32) 30.7-33.5

Gentamicin 1788 (37) 34.8-39.4 5762 (34) 33.0-35.5 917 (34) 31.0-37.2 11518 (27) 26.1-27.7

Imipenem 1983 (31) 29.4-33.6 6633 (28) 26.5-28.7 1289 (32) 29.8-35.0 21065 (21) 20.5-21.6
Meropenem 1227 (28) 25.5-30.6 4523 (21) 19.9-22.3 652 (27) 23.8-30.8 8814 (18) 16.9-18.5
Piperacillin/
 1887 (37) 34.8-39.2 6194 (36) 34.6-37.0 1121 (41) 37.7-43.5 14039 (24) 23.1-24.5
Tazobactam
TMP/SMX 1909 (54) 51.8-56.4 6715 (59) 57.3-59.7 1260 (59) 56.4-61.9 23163 (58) 57.3-58.6
Nitrofurantoin x x x 24953 (9) 8.9-9.6
Fosfomycin x x x 4978 (3) 2.3-3.2
Cefuroxime x x x 6707 (75) 73.6-75.7

Doxycycline x 722 (35) 31.2- 38.2 139 (32) 24.2- 4.02 x

x- Drug bug combination for the specimen type not tested in NARS-Net surveillance panel TMP/SMX - Trimethoprim/sulfamethoxazole
 Amox-clav -Amoxicillin/Clavulanic acid
 amo
 28 amo
 A
 A
 am
 am",,amr28.pdf | PDF page 44 | Table 7,verified,retrieval_context
NCDC_resistance_2022_NARS-Net_p045_0088,resistance_evidence,NCDC_resistance_2022_NARS-Net,amr28.pdf,resistance,2022,NARS-Net,45,Figure 13,Resistance profile of Escherichia coli in blood by location type (N=2496) amo,"Figure 13: Resistance profile of Escherichia coli in blood by location type (N=2496) amo
 PipTaz – Piperacillin-Tazobactam
 A

 29 am",,amr28.pdf | PDF page 45 | Figure 13,verified,retrieval_context
NCDC_resistance_2022_NARS-Net_p047_0089,resistance_evidence,NCDC_resistance_2022_NARS-Net,amr28.pdf,resistance,2022,NARS-Net,47,Table 8,"Resistance profile of Klebsiella species (N=24,377)","Table 8: Resistance profile of Klebsiella species (N=24,377)

 Blood (N=4639) Pus aspirate (N=7592) OSBF (N=1380) Urine (N=10766)
 Antibiotic
 Number Number Number Number
 Tested (%R) 95 % CI (%R) 95 % CI (%R) 95 % CI (%R) 95 % CI
 Tested Tested Tested Tested

 Amikacin 3258 (52) 50.0-53.4 6393 (42) 40.7-43.1 998 (41) 37.8-44.0 7180 (34) 32.4-34.6

 Amox-clav 1617 (70) 67.9-72.4 3589 (68) 66.5-69.6 527 (70) 65.7-73.7 4567 (57) 56.0-58.9

 Cefepime 3645 (71) 69.1-72.1 6172 (66) 65.1-67.4 1092 (65) 62.4-68.1 8224 (57) 56.4-58.5

 Cefotaxime 3631 (83) 81.5-84.0 6280 (76) 75.4-77.5 1122 (75) 72.6-77.7 9262 (69) 67.6-69.5

 Ciprofloxacin 3935 (63) 61.3-64.3 6465 (68) 67.0-69.3 1150 (65) 61.7-67.3 9416 (60) 59.4-61.4

 Colistin* 3071 (0.4) 0.2-0.7 3941 (0.2) 0.1-0.4 913 (0.2) 0-0.9 3702 (0.3) 0.2-0.6
 Ertapenem x 890 (42) 38.9-45.5 214 (56) 48.7-62.3 1816 (42) 40.1-44.7
 Gentamicin 3076 (57) 55.4-58.9 5605 (48) 46.9-49.5 832 (49) 45.2-52.1 x

 Imipenem 3786 (46) 44.1-47.3 6225 (39) 37.6-40.1 1128 (43) 40.0-45.9 8614 (30) 28.9-30.9

 Meropenem 2153 (44) 41.6-45.9 4764 (34) 32.5-35.2 601 (37) 33.1-41.0 3559 (28) 26.1-29.1
 Piperacillin/
 3414 (53) 51.1-54.5 6154 (47) 45.6-48.1 1012 (46) 42.8-49.0 5952 (32) 30.5-32.9
 Tazobactam
 TMP/SMX 3691 (59) 57.0-60.2 6367 (58) 57.0-59.4 1104 (63) 59.9-65.7 9141 (55) 53.5-55.6
 Cefuroxime x x x 2984 (70) 68.8-72.1
 Nitrofurantoin x x x 8868 (36) 35.3-37.3
 Doxycycline x 640 (37) 33.3-40.9 100 (34) 25.0-44.2 x
*Alert pathogens confirmed at NRL, NCDC only were included in the data TMP/SMX - Trimethoprim/sulfamethoxazole
x- Drug bug combination for the specimen type not tested in NARS-Net surveillance panel
 Amox-clav -Amoxicillin/Clavulanic acid
 amo
 amo
 A
 31
 A
 am
 am",,amr28.pdf | PDF page 47 | Table 8,verified,retrieval_context
NCDC_resistance_2022_NARS-Net_p048_0090,resistance_evidence,NCDC_resistance_2022_NARS-Net,amr28.pdf,resistance,2022,NARS-Net,48,Figure 14,Resistance profile of Klebsiella species in blood by location type (N=4639) amo,"Figure 14: Resistance profile of Klebsiella species in blood by location type (N=4639) amo

 A

 am
 32",,amr28.pdf | PDF page 48 | Figure 14,verified,retrieval_context
NCDC_resistance_2022_NARS-Net_p050_0091,resistance_evidence,NCDC_resistance_2022_NARS-Net,amr28.pdf,resistance,2022,NARS-Net,50,Figure 16,Carbapenem resistance among Enterobacterales isolated from blood,"Figure 16- Carbapenem resistance among Enterobacterales isolated from blood

One third of E. coli (35%) isolates from blood showed resistance to at least one of the
carbapenems whereas nearly half of the Klebsiella spp. (47%) isolates from blood were resistant
to at least one of the carbapenems namely imipenem or ertapenem or meropenem. Among
the Enterobacterales (CRE) carbapenem resistance was observed in 43% of isolates.

Salmonella enterica Typhi and Paratyphi

In the current data reporting period 455 Salmonella enterica serovar Typhi and Paratyphi were
submitted to NCDC of which 444 isolates were from unique patients. Ten of these isolates were
reported from stool specimens. Compared to ciprofloxacin, lower resistance rates to first-line
antibiotics like ampicillin, chloramphenicol and Trimethoprim/ Sulfamethoxazole were
observed. Only two isolates of Salmonella enterica serovar Typhi were found to be resistant to
ceftriaxone and no resistance was observed against imipenem. (Table 9)

 34",,amr28.pdf | PDF page 50 | Figure 16,verified,retrieval_context
NCDC_resistance_2022_NARS-Net_p051_0092,resistance_evidence,NCDC_resistance_2022_NARS-Net,amr28.pdf,resistance,2022,NARS-Net,51,Table 9,Resistance profile of Salmonella enterica Typhi and Paratyphi (N=444),"Table 9: Resistance profile of Salmonella enterica Typhi and Paratyphi (N=444)

 S. Typhi (N=381) S. Paratyphi (N=53)
 Antibiotic tested Number Resistance (Number
 95% CI Number tested
 tested (%) Resistant)
 Ampicillin 358 (6) 4.2-9.6 50 (7)
 Azithromycin* 323 (0) 0.0-0.1 42 (0)
 Ceftriaxone* 353 (0.6) 0.1-2.3 46 (0)
 Chloramphenicol 327 (4) 2.5-7.2 48 (4)
 Ciprofloxacin 359 (29) 24.7-34.3 48 (11)
 Imipenem* 325 (0) 0.0-0.1 46 (0)
 Trimethoprim/Sulfamethoxazole 370 (5) 3.2-8.0 50 (1)
*Alert pathogens confirmed at NRL, NCDC only were included in the data

 2. Non-Fermenting Gram-Negative Bacilli
Among the Non-fermenting Gram-negative bacilli (NF GNB) collected during Jan-Dec 2022
across all NARS-Net sentinel sites, Pseudomonas species (14,684) were the most frequently
isolated pathogen followed by Acinetobacter species (11,782). In the current data,
Pseudomonas species was predominantly isolated from inpatients (12 %), and Acinetobacter
species was predominant among isolates from ICU settings (19 %).

 i. Pseudomonas species

NARS-Net surveillance sites in the year 2022 reported 15,892 isolates of Pseudomonas spp.
from 14,684 unique patients. Among the priority pathogens isolated from various specimen
types, Pseudomonas spp. was isolated from 11% blood cultures, 17% pus aspirates, 18% sterile
body fluids and 8% urine (Table 3).

About 50% of urinary isolates were observed to be resistant to at least one of the third
generation cephalosporin with a similar resistance pattern in non-beta lactams like
ciprofloxacin and gentamicin. Pseudomonas spp. isolated from blood samples showed 44%
resistance to ceftazidime whereas around 30% resistance was observed to ciprofloxacin and
gentamicin each. The carbapenem resistance in blood isolates of pseudomonas was observed
to be 27% (Table 10).

 35",,amr28.pdf | PDF page 51 | Table 9,verified,retrieval_context
NCDC_resistance_2022_NARS-Net_p053_0093,resistance_evidence,NCDC_resistance_2022_NARS-Net,amr28.pdf,resistance,2022,NARS-Net,53,Table 10,Resistance profile of Pseudomonas species (N=14684),"Table 10: Resistance profile of Pseudomonas species (N=14684)

 Blood (N=2457) Pus Aspirate (N=6663) OSBF (N=1181) Urine (N=4383)

Antibiotic
 Number Number Number Number
 (%R) 95 % CI (%R) 95 % CI (%R) 95 % CI (%R) 95 % CI
Tested Tested Tested Tested Tested

Amikacin 2239 (26) 24.1-27.7 6199 (33 31.6-33.9 1050 28 25.0-30.5 3844 39 37.0-40.1

Aztreonam 1277 (36) 33.5-38.9 3330 (28 26.0-29.1 571 36 32.2-40.2 2123 37 35.2-39.4

Ceftazidime 2220 (44) 42.2-46.4 6070 (44 42.9-45.5 1073 36 33.4-39.2 3927 50 47.9-51.1

Ciprofloxacin 2154 (29) 27.3-31.1 5836 (44 43.1-45.7 1051 33 29.8-35.6 3883 52 50.1-53.3

Colistin 1561 (0.1) 0-0.5 3355 (0.03) 0-0.2 740 0.3 0-1.1 1615 0.06 0-0.4

Gentamicin 2142 (28) 26.2-30.1 5733 37) 35.6-38.1 979 29 26.4-32.2 3575 41 39.1-42.4

Imipenem 2098 (26) 24.2-28.0 5532 27) 25.4-27.7 1034 33 30.4-36.2 3508 35 33.9-37.1

Meropenem 1250 (17) 15.0-19.3 4390 (22) 20.3-22.8 488 28 23.8-31.9 1513 33 30.8-35.6

Netilmicin 260 (21) 16.5-26.7 996 (30) 26.7-32.5 109 24 16.4-33.1 520 32 28.2-36.3
Piperacillin/
 2224 (18) 16.7-20.0 6043 (22) 21.2-23.3 1067 22 19.6-24.7 3895 24 22.6-25.3
Tazobactam
 *Alert pathogens confirmed at NRL, NCDC only were included in the data

 37",,amr28.pdf | PDF page 53 | Table 10,verified,retrieval_context
NCDC_resistance_2022_NARS-Net_p054_0094,resistance_evidence,NCDC_resistance_2022_NARS-Net,amr28.pdf,resistance,2022,NARS-Net,54,Figure 17,Resistance profile of Pseudomonas species in blood by location type (N=2457),"Figure 17-Resistance profile of Pseudomonas species in blood by location type (N=2457)

 38",,amr28.pdf | PDF page 54 | Figure 17,verified,retrieval_context
NCDC_resistance_2022_NARS-Net_p056_0095,resistance_evidence,NCDC_resistance_2022_NARS-Net,amr28.pdf,resistance,2022,NARS-Net,56,Table 11,"Resistance profile of Acinetobacter species (N=11,782)","Table 11: Resistance profile of Acinetobacter species (N=11,782)

 Blood (N=4820) Pus Aspirate (N=3586) OSBF (N=1285) Urine (N=2091)

 Antibiotic
 Number Number Number Number
 (%R) 95 % CI (%R) 95 % CI (%R) 95 % CI (%R) 95 % CI
 Tested Tested Tested Tested Tested

Amikacin 4086 (58) 56.5-59.5 3132 (67) 65.2-68.5 1107 (64) 60.9-66.6 1579 (44) 41.4-46.4

Ceftazidime 3954 (73) 71.8-74.6 3050 (80) 78.1-81.0 1043 (76) 72.9-78.2 1595 (66) 64.1-68.8

Ciprofloxacin 4189 (57) 55.2-58.2 3100 (74) 72.4-75.6 1102 (65) 62.5-68.2 1833 (50) 47.9-52.6

Colistin 3624 (0.1) 0-0.3 1968 (0) 0.0-0.1 937 (0) 0.0-0.1 830 (0) 0.0-0.1

Gentamicin 4174 (59) 57.3-60.3 2731 (67) 65.3-68.9 1065 (62) 59.1-65.0 1457 (45) 42.0-47.2

Imipenem 4109 (59) 57.1-60.2 3040 (65) 63.3-66.7 1120 (69) 66.5-72.0 1706 (41) 39.1-43.8

Meropenem 1513 (56) 53.4-58.5 1632 (58) 55.5-60.4 496 (63) 58.3-66.9 609 (35) 31.7-39.4
Piperacillin/
 4235 (55) 53.6-56.7 3093 (66) 64.1-67.5 1136 (59) 56.5-62.3 1835 (37) 34.6-39.1
Tazobactam
Cefotaxime 2049 (74) 72.5-76.3 1578 (78) 76.1-80.2 636 (72) 68.8-75.9 1212 (58) 55.6-61.2

TMP/SMX 2661 (54) 52.5-56.3 2235 (68) 66.0-69.9 855 (60) 56.7-63.4 1334 (51) 48.0-53.4

Amikacin 4086 (58) 56.5-59.5 3132 (67) 65.2-68.5 1107 (64) 60.9-66.6 1579 (44) 41.4-46.4
 *Alert pathogens confirmed at NRL, NCDC only were included in the data TMP/SMX - Trimethoprim/sulfamethoxazole

 amo

 A

 am
 40",,amr28.pdf | PDF page 56 | Table 11,verified,retrieval_context
NCDC_resistance_2022_NARS-Net_p057_0096,resistance_evidence,NCDC_resistance_2022_NARS-Net,amr28.pdf,resistance,2022,NARS-Net,57,Figure 18,Resistance profile of Acinetobacter species in blood by location type (N=4820),"Figure 18- Resistance profile of Acinetobacter species in blood by location type (N=4820)
 amo

 A
 41
 am",,amr28.pdf | PDF page 57 | Figure 18,verified,retrieval_context
NCDC_resistance_2023_NARS-Net_p018_0097,resistance_evidence,NCDC_resistance_2023_NARS-Net,amr29.pdf,resistance,2023,NARS-Net,18,Table 1,Priority Pathogens and specimens included under AMR Surveillance,"Table 1: Priority Pathogens and specimens included under AMR Surveillance
 Clinical Laboratory case-definition
 Priority pathogens under AMR Surveillance
 Specimen
 Blood Enterococcus species
 Staphylococcus aureus
 Escherichia coli
 Klebsiella species
 Acinetobacter species
 Pseudomonas species
 Salmonella enterica serovar Typhi
 Salmonella enterica serovar Paratyphi
 Urine Clinically significant bacteriuria Enterococcus species
 Escherichia coli
 Klebsiella species
 Acinetobacter species
 Pseudomonas species
 Pus Aspirate Growth of pathogenic bacteria Enterococcus species
 from aspirated purulent Staphylococcus aureus
 material from a closed infected Escherichia coli
 site Klebsiella species
 Acinetobacter species
 Pseudomonas species
 Other sterile Growth of pathogenic bacteria Enterococcus species
 body fluids* from a sterile body fluid Staphylococcus aureus
 specimen Escherichia coli
 Klebsiella species
 Acinetobacter species
 Pseudomonas species
 Stool Isolation of pathogen from stool Salmonella enterica serovar Typhi
 Salmonella enterica serovar Paratyphi
 Shigella species
 Vibrio cholerae
* Other sterile body fluids (OSBF)- Include abdominal fluid, amniotic fluid, bile, cerebrospinal
fluid, cyst, endocardium, hip fluid, joint fluid, knee fluid, lymph node, semen, broncho-alveolar
 8",,amr29.pdf | PDF page 18 | Table 1,verified,retrieval_context
NCDC_resistance_2023_NARS-Net_p022_0098,resistance_evidence,NCDC_resistance_2023_NARS-Net,amr29.pdf,resistance,2023,NARS-Net,22,Figure 2,Distribution of priority pathogen isolates and Unique patient isolates,"Figure 2- Distribution of priority pathogen isolates and Unique patient isolates

 1.2.2. Age and Gender distribution of reported AMR data

Among 1,42,660 unique patients, AST data in this report is from almost equal number of male
and female patients (Fig 3). As per the age category, almost a third of unique patients are 36-60,
whereas the lowest was reported from under five. About 66 % of AST data was reported from the
productive age group of 15-64. Figure 4 represents the distribution of priority bacterial pathogen
isolates by age category.

 46%

 54%

 12",,amr29.pdf | PDF page 22 | Figure 2,verified,retrieval_context
NCDC_resistance_2023_NARS-Net_p023_0099,resistance_evidence,NCDC_resistance_2023_NARS-Net,amr29.pdf,resistance,2023,NARS-Net,23,Figure 3,"Distribution of priority pathogen isolates by gender (N=1,42,660)","Figure 3 - Distribution of priority pathogen isolates by gender (N=1,42,660)
 40% 38%

 35%

 30% 28%
 Proportion of isolates

 25%

 20%

 15% 12%
 10%
 10% 7%
 5%
 5%

 0%
 <1 1--4 5--14 15-34 35-64 >65
 Age Category

*Age details were missing for 3,586 isolates",,amr29.pdf | PDF page 23 | Figure 3,verified,retrieval_context
NCDC_resistance_2023_NARS-Net_p023_0100,resistance_evidence,NCDC_resistance_2023_NARS-Net,amr29.pdf,resistance,2023,NARS-Net,23,Figure 4,"Distribution of all priority pathogen isolates by age category (N=1,42,660)","Figure 4- Distribution of all priority pathogen isolates by age category (N=1,42,660)

In the AMR surveillance data reported under NARS-Net during 2023, the most commonly isolated
priority bacterial pathogen was E. coli (34%), which is similar to the previous four years, followed
by Klebsiella species (22%), S. aureus (12%), Pseudomonas species (11%), Acinetobacter species
(10%) Enterococcus species (10%) and Salmonella enterica serovar Typhi and Paratyphi (0.4 %)
(Table 3). The highest number of isolates in this report are from urine specimens (46%) (Table 2) .",,amr29.pdf | PDF page 23 | Figure 4,verified,retrieval_context
NCDC_resistance_2023_NARS-Net_p023_0101,resistance_evidence,NCDC_resistance_2023_NARS-Net,amr29.pdf,resistance,2023,NARS-Net,23,Table 2,"Distribution of priority pathogen isolates based on specimen type (N=1,42,660)","Table 2: Distribution of priority pathogen isolates based on specimen type (N=1,42,660)

 Specimen Type Number of isolates (%)
 Urine 65,917 (46 %)
 Blood 26,678 (19 %)
 Pus Aspirate 41,993 (29 %)
 Other sterile body fluids 7,975 (5.6 %)
 Stool 97 (0.07 %)
 Total 1,42,660

From urine specimens, E. coli (51%) was the most commonly isolated pathogen, from blood
specimen the most common priority pathogen isolated was Acinetobacter species (23%);",,amr29.pdf | PDF page 23 | Table 2,verified,retrieval_context
NCDC_resistance_2023_NARS-Net_p024_0102,resistance_evidence,NCDC_resistance_2023_NARS-Net,amr29.pdf,resistance,2023,NARS-Net,24,Table 3,"Distribution of isolates by specimen type (N= 1,42,660)","Table 3- Distribution of isolates by specimen type (N= 1,42,660)

 Blood Pus aspirate OSBF Urine Stool
 Priority
 Pathogen
 N (%) N (%) N (%) N (%) N (%)
 S. aureus 5278 (20%) 11340 (27%) 719 (9%) x x

 Enterococcus spp. 2803 (11%) 1508 (4%) 645 (8%) 9749 (15%) x

 Escherichia Coli 2833 (11%) 9710 (23%) 1814 (23%) 33882 (51%) x
 Klebsiella spp. 5914 (22%) 8700 (21%) 1694 (21%) 14614 (22%) x
 Salmonella Typhi
 623 (2%) x x x 7
 and Paratyphi
 Pseudomonas spp. 2989 (11%) 6870 (16%) 1290 (16%) 4888 (7%) x

 Acinetobacter spp. 6238 (23%) 3865 (9%) 1813 (23%) 2784 (4%) x

 Shigella species x x x x 40

 Vibrio cholerae x x x x 50
 Total 26,678 (100) 41,993 (100) 7,975 (100) 65,917 (100) 97
 x - Specimen type not included under the program; *OBSF- Include abdominal fluid, amniotic fluid, bile, cerebrospinal fluid, cyst,
 endocardium, hip fluid, joint fluid, knee fluid, lymph node, semen, broncho-alveolar lavage, spleen, pleural fluid, pericardial fluid, bone
 marrow, bartholin’s cyst, fluid, gastric fluid, gall bladder, breast milk and prostatic fluid",,amr29.pdf | PDF page 24 | Table 3,verified,retrieval_context
NCDC_resistance_2023_NARS-Net_p025_0103,resistance_evidence,NCDC_resistance_2023_NARS-Net,amr29.pdf,resistance,2023,NARS-Net,25,Figure 5,"Distribution of isolates by location type (N=1,42,660)","Figure 5- Distribution of isolates by location type (N=1,42,660)

In the 2023 AMR surveillance data, the majority of isolates were from patients admitted in
hospital wards (IPD- 53%) whereas the least number of isolates belonged to patients from the
Emergency department (3%). Almost a third of the isolates (31%) were from patients visiting
 (30%)
the outpatient clinics. About 12% of the priority pathogens were isolated from Intensive care
units (Fig. 5).",,amr29.pdf | PDF page 25 | Figure 5,verified,retrieval_context
NCDC_resistance_2023_NARS-Net_p025_0104,resistance_evidence,NCDC_resistance_2023_NARS-Net,amr29.pdf,resistance,2023,NARS-Net,25,Table 5,"Distribution of priority pathogen isolates by location type (N=1,42,660)","Table 5 - Distribution of priority pathogen isolates by location type (N=1,42,660)
 Priority Pathogen Inpatient Outpatient I.C.U. Emergency
 (N=76,170) (N=43,836) (N=17,163) (N=3,852)

 N (%) N (%) N (%) N (%)
 Escherichia coli 24045 (32) 18995 (43) 3160 (18) 1307 (34)
 Klebsiella species 17186 (23) 8579 (20) 4246 (25) 613 (16)
 Salmonella Typhi and
 372 (0.5) 150 (0.34) 88 (0.5) 20 (0.5)
 Paratyphi
 Pseudomonas species 8771 (12) 4812 (11) 1975 (12) 310 (8)

 Acinetobacter species 8182 (11) 2392 (5) 3611 (21) 367 (10)

 S. aureus 9692 (13) 4573 (10) 1954 (11) 934 (24)

 Enterococcus species 7881 (10) 4315 (10) 2127 (12) 276 (7)

 Shigella species 22 (0.03) 15 (0.03) (0) 1 (0.03)

 Vibrio cholerae 19 (0.02) 5 (0.01) 2 (0.01) 24 (0.62)",,amr29.pdf | PDF page 25 | Table 5,verified,retrieval_context
NCDC_resistance_2023_NARS-Net_p027_0105,resistance_evidence,NCDC_resistance_2023_NARS-Net,amr29.pdf,resistance,2023,NARS-Net,27,Figure 6- Distribution of priority pathogen isolates by location,type,Figure 6- Distribution of priority pathogen isolates by location-type,,amr29.pdf | PDF page 27 | Figure 6- Distribution of priority pathogen isolates by location,verified,retrieval_context
NCDC_resistance_2023_NARS-Net_p028_0106,resistance_evidence,NCDC_resistance_2023_NARS-Net,amr29.pdf,resistance,2023,NARS-Net,28,Figure 7- Trends of Methicillin-resistant S. aureus (MRSA) isolated from blood (2017,2023),"Figure 7- Trends of Methicillin-resistant S. aureus (MRSA) isolated from blood (2017-2023)

Approximately half of Staphylococcus aureus isolated from blood (55%; 95% (confidence
interval) CI: 53.7-56.6) and from pus aspirates (54%; 95% CI: 53-55) were resistant to cefoxitin
(a surrogate for mecA-mediated oxacillin resistance) meanwhile, the resistance to cefoxitin in
pus aspirates and other sterile body fluid was lower in comparison to the blood isolates (Table
6).

 18",,amr29.pdf | PDF page 28 | Figure 7- Trends of Methicillin-resistant S. aureus (MRSA) isolated from blood (2017,verified,retrieval_context
NCDC_resistance_2023_NARS-Net_p029_0107,resistance_evidence,NCDC_resistance_2023_NARS-Net,amr29.pdf,resistance,2023,NARS-Net,29,Figure 8 - Trends of Linezolid resistant S,aureus isolated from blood (2018 to 2023),"Figure 8 - Trends of Linezolid resistant S. aureus isolated from blood (2018 to 2023)
Trend analysis of MRSA isolated from blood over the past 6 years showed decrease in
proportion of MRSA from 69% (2018) to 55% (2023).

Linezolid resistance in S. aureus isolated from blood was consistently found to be approx. 1% in
the last five years. However, in 2022, none of the S. aureus isolated from blood were resistant
to linezolid (Fig. 8). Notably, there seems to be a 0.2% rise in resistance to linezolid in this
reporting period from Jan to Dec 2023. Out of 11,240 isolates tested on Vancomycin screen
agar, none showed growth on the vancomycin screen agar plate.

Among the GPCs isolated in the data reported, S. aureus was the most isolated GPC from all the
location settings like inpatient wards (55%), outpatient clinics (51%) and the emergency
department (77%) in contrast from intensive care settings, Enterococcus (52%) was mostly
isolated (Table 4). Resistance to all the surveillance panel antibiotics were proportionately
higher among isolates from intensive care setting than those from outpatient clinics and the
inpatient wards as seen in Fig. 9.",,amr29.pdf | PDF page 29 | Figure 8 - Trends of Linezolid resistant S,verified,retrieval_context
NCDC_resistance_2023_NARS-Net_p030_0108,resistance_evidence,NCDC_resistance_2023_NARS-Net,amr29.pdf,resistance,2023,NARS-Net,30,Table 6,"Resistance profile of Staphylococcus aureus (N=17,337)","Table 6 - Resistance profile of Staphylococcus aureus (N=17,337)

 Blood (N=5,278) Pus Aspirate (N=11,340) Other Sterile Body Fluids (N=719)
 Antibiotic
 Number Number Number
 tested (%R) 95% CI (%R) 95% CI (%R) 95% CI
 Tested Tested Tested

 Cefoxitin 4538 55 53.7-56.6 10146 54 53.0-55.0 650 45 41.1-48.8

 Ciprofloxacin 4519 54 52.2-55.1 9473 69 67.6-69.5 625 57 53.0-60.9

 Clindamycin 5074 38 37.1-39.8 10853 28 27.6-29.3 692 30 26.6-33.5

 Doxycycline 4553 10 9.5-11.3 9097 8 7.9-9.1 612 12 9.8-15.2

 Erythromycin 4878 64 62.2-64.9 10258 54 53.0-54.9 682 54 50.4-58.0

 Gentamicin 4484 20 19.2-21.5 9574 21 20.3-22.0 654 22 19.4-25.9

 Linezolid* 4896 0 0.1-0.4 10673 0.02 0-0.1 702 0 0.0-0.7

 TMP/SMX 4206 28 26.5-29.2 8839 19 18.5-20.2 589 27 23.2-30.5

 Teicoplanin 943 4 3.1-5.8 1565 6 4.8-7.3 147 3 1.3-8.2
*Alert pathogens confirmed at NRL, NCDC only were included in the data TMP/SMX -Trimethoprim/sulfamethoxazole

 20",,amr29.pdf | PDF page 30 | Table 6,verified,retrieval_context
NCDC_resistance_2023_NARS-Net_p034_0109,resistance_evidence,NCDC_resistance_2023_NARS-Net,amr29.pdf,resistance,2023,NARS-Net,34,Table 7,"Resistance profile of Enterococcus species (N=11,072)","Table 7 - Resistance profile of Enterococcus species (N=11,072)

 Blood (N=2,803) Pus Aspirate (N=1,508) OSBF (N=645) Urine (N=9,749)
 Number Number Number Number
 Antibiotic Tested Tested %R 95% CI Tested %R 95% CI Tested %R 95% CI Tested %R 95% CI
 Ampicillin 2275 68 65.7-69.6 1287 47 44.6-50.1 540 59 54.2-62.7 8208 56 54.5-56.7
 Doxycycline 2069 30 28.1-32.1 1111 32 29.1-34.7 491 35 30.8-39.5 3399 48 46.5-49.9
 Erythromycin 2435 79 77.7-80.9 1258 73 70.8-75.8 593 80 76.1-82.7 x
 Gentamicin-High 2434 53 51.5-55.5 1321 38 35.2-40.5 580 47 42.6-50.9 8705 52 50.8-52.9
 Linezolid 2561 1.7 1.2-2.3 1359 0.4 0.1-0.9 613 1.5 0.8-3.1 8929 0.6 0.4-0.8
 Teicoplanin 1457 22 19.7-24.0 670 15 12.2-17.7 289 15 11.1-19.6 3418 19 17.6-20.2
 Vancomycin 2576 19 17.6-20.7 1361 5 4.3-6.8 605 14 11.3-17.0 8808 6 5.9-6.9
 Ciprofloxacin x x x 7755 82 81.1-82.8
 Fosfomycin x x x 3434 20 18.8-21.5
 Nitrofurantoin x x x 7357 27 25.6-27.7
 Tetracycline x x x 6067 73 71.4-73.7
*Alert pathogens confirmed at NRL, NCDC only were included in the data

 24",,amr29.pdf | PDF page 34 | Table 7,verified,retrieval_context
NCDC_resistance_2023_NARS-Net_p035_0110,resistance_evidence,NCDC_resistance_2023_NARS-Net,amr29.pdf,resistance,2023,NARS-Net,35,Figure 11,"Resistance profile of Enterococcus species in blood (N=2,788)","Figure 11- Resistance profile of Enterococcus species in blood (N=2,788)",,amr29.pdf | PDF page 35 | Figure 11,verified,retrieval_context
NCDC_resistance_2023_NARS-Net_p037_0111,resistance_evidence,NCDC_resistance_2023_NARS-Net,amr29.pdf,resistance,2023,NARS-Net,37,Figure 12- Trends of Extended spectrum beta-lactamase (ESBL) producing E,coli isolated from,"Figure 12- Trends of Extended spectrum beta-lactamase (ESBL) producing E. coli isolated from
blood (2017-2023)

Trend analysis for ESBL producing E. coli from blood showed an increase (82%) compared to the
previous 2 years (76%). (Fig 12).

Among blood isolates of E. coli, resistance profile based on the location type showed higher
resistance to all the surveillance panel antibiotics in isolates from the intensive care units as
compared to isolates from inpatient and outpatient departments. (Fig 13)",,amr29.pdf | PDF page 37 | Figure 12- Trends of Extended spectrum beta-lactamase (ESBL) producing E,verified,retrieval_context
NCDC_resistance_2023_NARS-Net_p038_0112,resistance_evidence,NCDC_resistance_2023_NARS-Net,amr29.pdf,resistance,2023,NARS-Net,38,Table 8,"Resistance profile of Escherichia coli (N=48,239)","Table 8- Resistance profile of Escherichia coli (N=48,239)

 Blood (N=2,833) PA (N=9,710) OSBF (N=1,814) Urine (N=33,882)
 Antibiotic Number Number Number Number
 Tested Tested %R 95% CI Tested %R 95% CI Tested %R 95% CI Tested %R 95% CI
 Ampicillin 1901 87 85.9-88.9 7372 88 87.9-90.7 1484 88 86.4-89.7 24992 86 85.7-86.5
 Amox/Clav 1678 70 67.4-71.8 6048 69 66.6-71.2 1088 73 70.0-75.4 19583 56 55.0-56.4
 Pip/Taz 2317 48 46.0-50.1 7240 44 38.9-46.8 1428 45 42.6-47.9 21645 30 29.4-30.6
 Ceftriaxone 1114 80 77.4-82.2 3945 76 73.8-77.2 705 81 77.9-83.8 11107 70 68.7-70.4
 Cefotaxime 1986 82 80.3-83.7 7728 81 79.8-84.3 1495 82 79.8-83.8 27068 75 74.9-76.0
 Cefepime 2430 67 65.5-69.2 8239 64 59.7-64.6 1646 64 61.8-66.5 27750 56 55.3-56.5
 Ertapenem 1007 47 43.8-50.0 2594 38 34.5-43 617 44 40.5-48.4 11009 27 26.1-27.8
 Imipenem 2314 39 37.1-41.1 7443 28 26.2-31.6 1576 33 30.3-35.0 27319 21 20.6-21.6
 Meropenem 1907 36 34.3-38.7 6345 25 22.7-28.4 1187 29 26.2-31.4 19903 17 16.4-17.5
 Amikacin 2489 33 31.0-34.8 8041 28 24.1-28.0 1622 26 24.0-28.3 25503 22 21.9-23.0
 Gentamicin 2266 40 38.3-42.3 7088 36 31.1-38.7 1400 35 32.3-37.4 20430 30 28.9-30.2
 Ciprofloxacin 2427 72 70.0-73.6 7797 78 75.7-79.3 1620 80 77.5-81.5 28791 76 75.4-76.4
 TMP/SMX 2176 57 54.6-58.8 7268 58 55.2-59.5 1447 60 57.5-62.7 27596 57 56.2-57.4
 Colistin 1858 0.16 0-0.5 5333 0.0 0.0-0.1 1255 0.48 0.2-1.1 12069 0.10 0.1-0.2
 Fosfomycin x x x 12771 4 3.7-4.4
 Nitrofurantoin X x x 30769 16 15.9-16.7
 Doxycycline 2080 41 37.5-42.8 524 48 43.7-52.5 x

 TMP/SMX - Trimethoprim/sulfamethoxazole
 x- Drug bug combination for the specimen type not included in the NARS-Net surveillance panel Amox-clav -Amoxicillin/Clavulanic acid

 28",,amr29.pdf | PDF page 38 | Table 8,verified,retrieval_context
NCDC_resistance_2023_NARS-Net_p039_0113,resistance_evidence,NCDC_resistance_2023_NARS-Net,amr29.pdf,resistance,2023,NARS-Net,39,Figure 13,"Resistance profile of Escherichia coli in blood (N=2,796)","Figure 13 - Resistance profile of Escherichia coli in blood (N=2,796)",,amr29.pdf | PDF page 39 | Figure 13,verified,retrieval_context
NCDC_resistance_2023_NARS-Net_p041_0114,resistance_evidence,NCDC_resistance_2023_NARS-Net,amr29.pdf,resistance,2023,NARS-Net,41,Table 9,"Resistance profile of Klebsiella species (N=24,377)","Table 9 - Resistance profile of Klebsiella species (N=24,377)

 Blood (N=5,914) PA (N=8,700) OSBF (N=1,694) Urine (N=14,614)
 Antibiotic Number Number Number Number
 Tested Tested %R 95% CI Tested %R 95% CI Tested %R 95% CI Tested %R 95% CI
 Amox/Clav 3388 81 80.1-82.8 5762 77 76.1-78.3 966 77 74.4-79.8 8737 65 64.0-66.0
 Pip/Taz 4968 58 56.8-59.6 6803 51 49.4-51.7 1398 54 51.1-56.4 9427 39 37.9-39.9
 Ceftriaxone 2416 83 81.9-84.9 3462 72 70.3-73.3 585 76 72.2-79.3 4840 63 61.4-64.2
 Cefotaxime 4060 84 82.9-85.1 6967 79 78.0-79.9 1375 80 77.4-81.7 11585 71 69.8-71.5
 Cefepime 4874 76 74.8-77.2 7551 68 66.7-68.8 1489 67 64.8-69.7 12253 59 57.7-59.4
 Ertapenem 1766 70 68.0-72.3 1826 51 48.4-53.1 525 56 51.8-60.5 4048 42 40.2-43.2
 Imipenem 4874 51 49.7-52.6 7028 40 39.1-41.5 1464 48 45.6-50.8 11954 30 29.5-31.2
 Meropenem 4163 49 47.8-50.8 6287 39 37.6-40.0 1095 45 42.1-48.0 8784 27 25.7-27.6
 Amikacin 5181 50 48.8-51.5 7454 45 44.3-46.5 1512 47 44.2-49.3 11554 36 35.0-36.8
 Gentamicin 4651 54 52.7-55.5 6538 50 48.7-51.2 1317 48 45.7-51.2 9417 37 35.8-37.7
 Ciprofloxacin 4911 68 66.8-69.4 7067 70 69.4-71.5 1511 69 67.0-71.7 12483 64 63.3-65.0
 TMP/SMX 4418 58 56.7-59.6 6722 58 57.1-59.4 1399 61 58.3-63.5 11855 53 52.4-54.2
 Colistin 3805 0.8 0.5-1.1 4523 0.3 0.2-0.6 1137 0.8 0.4-1.6 7021 0.4 0.3-0.6
 Doxycycline 897 27 23.8-29.7 1520 31 28.6-33.3 455 41 36.1-45.3 x
 Nitrofurantoin x x X 12629 47 46.6-48.3
*Alert pathogens confirmed at NRL, NCDC only were included in the data TMP/SMX - Trimethoprim/sulfamethoxazole
x- Drug bug combination for the specimen type not included in NARS-Net surveillance panel Amox-clav -Amoxicillin/Clavulanic acid
 Pip/Taz- Piperacillin Tazobactam",,amr29.pdf | PDF page 41 | Table 9,verified,retrieval_context
NCDC_resistance_2023_NARS-Net_p042_0115,resistance_evidence,NCDC_resistance_2023_NARS-Net,amr29.pdf,resistance,2023,NARS-Net,42,Figure 14,"Resistance profile of Klebsiella species isolated from blood (N=5,856)","Figure 14 - Resistance profile of Klebsiella species isolated from blood (N=5,856)

 32",,amr29.pdf | PDF page 42 | Figure 14,verified,retrieval_context
NCDC_resistance_2023_NARS-Net_p043_0116,resistance_evidence,NCDC_resistance_2023_NARS-Net,amr29.pdf,resistance,2023,NARS-Net,43,Figure 15 - Trends of Extended-Spectrum Beta-Lactamase (ESBL) producing Klebsiella sp,in,"Figure 15 - Trends of Extended-Spectrum Beta-Lactamase (ESBL) producing Klebsiella sp. in
blood (2017-2023)

Trend analysis of ESBL producing Klebsiella spp. from blood showed consistently high level of
resistance over last 7 years.

 100%
 Proportion of Carbapenem Resistance (%)

 90%

 80%

 70%

 60% 54%
 49%
 50%
 40%
 40%

 30%

 20%

 10%

 0%
 E.coli Klebsiella species Enterobacterales

 (N= 2597) (N= 5617) (N= 8214)",,amr29.pdf | PDF page 43 | Figure 15 - Trends of Extended-Spectrum Beta-Lactamase (ESBL) producing Klebsiella sp,verified,retrieval_context
NCDC_resistance_2023_NARS-Net_p043_0117,resistance_evidence,NCDC_resistance_2023_NARS-Net,amr29.pdf,resistance,2023,NARS-Net,43,Figure 16 - Carbapenem resistance among Enterobacterales isolated from blood (Jan 2023,Dec 2023),"Figure 16 - Carbapenem resistance among Enterobacterales isolated from blood (Jan 2023 -
Dec 2023)",,amr29.pdf | PDF page 43 | Figure 16 - Carbapenem resistance among Enterobacterales isolated from blood (Jan 2023,verified,retrieval_context
NCDC_resistance_2023_NARS-Net_p045_0118,resistance_evidence,NCDC_resistance_2023_NARS-Net,amr29.pdf,resistance,2023,NARS-Net,45,Table 10,Resistance profile of Salmonella enterica Typhi and Paratyphi (N=623) from blood,"Table 10 - Resistance profile of Salmonella enterica Typhi and Paratyphi (N=623) from blood
 and Shigella species (N=40) from stool

 Shigella species
 S. Typhi (N=537) S. Paratyphi (N=86)
 Antibiotic (N=40)
 tested Number Resistance Number (Number Number (Number
 95% CI
 tested (%) tested Resistant) tested Resistant)
Ampicillin 502 (6) 4.0-8.3 79 (1) 38 31
Azithromycin 480 (0.8) 0.3-2.3 x 33 9
Ceftriaxone 492 (0.4) 0.1-1.6 80 (1) 36 10
Chloramphenicol 487 (1.4) 0.6-3.1 81 (1) 32 7
Ciprofloxacin 522 (40) 35.6-44.2 84 (12) 39 29
Imipenem 504 (0) 0.0-0.0 77 (0) x
Trimethoprim/
 518 (4.4) 2.9-6.7 82 (1) 39 21
Sulfamethoxazole
 *Alert pathogens confirmed at NRL, NCDC were included in the data for analysis

 1.2.3.2.2. Non-Fermenting Gram-Negative Bacilli

 Among the non-fermenting Gram-negative bacilli (NF GNB) included in the data submitted
 during Jan-Dec 2023 from the NARS-Net sentinel sites, Pseudomonas species was the most
 frequently isolated pathogen from 16,037 unique patients followed by Acinetobacter species
 (14,700) (Fig 2). Among the NF GNB, Pseudomonas species was the predominant isolate among
 inpatients, while Acinetobacter species was the predominant isolate among the patients in ICU
 settings (Table 5).

 Pseudomonas species

 Surveillance sites in 2023 submitted data of 17,167 isolates of Pseudomonas spp. from 16,037
 unique patients (Fig 2). Pseudomonas spp. isolates included in the data during current reporting
 period were most commonly isolated from pus aspirate (43%), urine (30%), blood (19%), and
 other sterile body fluids (8%) (Table 4).

 Approximately 50% of urine isolates were resistant to ciprofloxacin and to the third-generation
 cephalosporin (ceftazidime). Forty four percent of Pseudomonas spp. isolated from blood
 showed resistance to ceftazidime (CI: 42.5 – 49.3) whereas approximately one-third of isolates",,amr29.pdf | PDF page 45 | Table 10,verified,retrieval_context
NCDC_resistance_2023_NARS-Net_p047_0119,resistance_evidence,NCDC_resistance_2023_NARS-Net,amr29.pdf,resistance,2023,NARS-Net,47,Table 11,"Resistance profile of Pseudomonas species (N=16,037)","Table 11 - Resistance profile of Pseudomonas species (N=16,037)

 Blood (N=2,989) Pus Aspirate (N=6,870) OSBF (N=1,290) Urine (N=4,888)
Antibiotic
 Number Number Number Number
 %R 95 % CI (%R) 95 % CI (%R) 95 % CI (%R) 95 % CI
Tested Tested Tested Tested Tested

Amikacin 2704 27 25.4-28.8 5809 34 32.9-35.3 1160 26 23.5-28.6 4386 41 39.5-42.4

Aztreonam 1736 47 44.6-49.3 4427 31 29.5-32.2 819 34 30.7-37.3 2991 36 34.4-37.9

Ceftazidime 2590 44 42.5-46.4 6124 49 48.1-50.6 1176 41 38.5-44.2 4377 54 52.7-55.7

Ciprofloxacin 2579 31 29.7-33.3 5739 45 43.2-45.8 1131 34 31.4-37.0 4209 57 55.1-58.1

Colistin 1772 0.11 0.2-0.9 3493 0.02 0-0.3 740 0.2 0-0.9 2513 0.03 0.1-0.4

Gentamicin 2119 29 27.4-31.4 5014 35 33.5-36.1 943 24 21.0-26.5 3582 40 38.4-41.6

Imipenem 2337 33 30.8-34.7 5564 32 30.3-32.8 1090 36 33.0-38.8 4067 41 39.3-42.3

Meropenem 2081 26 24.4-28.2 5099 26 24.9-27.3 802 27 23.7-29.9 2772 36 34.3-37.9

Netilmicin 835 24 21.2-27.1 2035 32 30.2-34.3 404 27 22.8-31.6 1408 42 39.4-44.6
Piperacillin/
 2687 22 20.3-23.5 5741 25 24.4-26.6 1097 20 17.7-22.5 4214 28 26.4-29.1
Tazobactam
 *Alert pathogens confirmed at NRL, NCDC only were included in the data",,amr29.pdf | PDF page 47 | Table 11,verified,retrieval_context
NCDC_resistance_2023_NARS-Net_p048_0120,resistance_evidence,NCDC_resistance_2023_NARS-Net,amr29.pdf,resistance,2023,NARS-Net,48,Figure 17,"Resistance profile of Pseudomonas species in blood (N=2,956)","Figure 17-Resistance profile of Pseudomonas species in blood (N=2,956)

 38",,amr29.pdf | PDF page 48 | Figure 17,verified,retrieval_context
NCDC_resistance_2023_NARS-Net_p050_0121,resistance_evidence,NCDC_resistance_2023_NARS-Net,amr29.pdf,resistance,2023,NARS-Net,50,Table 12,"Resistance profile of Acinetobacter species (N=14,700)","Table 12 - Resistance profile of Acinetobacter species (N=14,700)

 Blood (N=6,238) OSBF (N=1,813) PA (N=3,865) Urine (N=2,784)
 Number Number Number Number
 Antibiotic Tested Tested %R 95% CI Tested %R 95% CI Tested %R 95% CI Tested %R 95% CI
 Amp/Sul x 411 70 64.8-74.0 1016 68 64.7-70.6 557 57 52.3-60.7
 Pip/Taz 5724 64 62.7-65.3 1635 63 60.4-65.1 3251 69 67.2-70.4 2350 39 36.7-40.6
 Ceftazidime 5406 80 78.5-80.7 1577 78 75.7-79.8 3127 81 79.5-82.3 2001 65 62.4-66.7
 Imipenem 5378 66 64.9-67.5 1608 71 69.0-73.5 3203 67 65.2-68.5 2285 43 41.4-45.5
 Meropenem 3315 61 59.4-62.7 1028 68 65.1-70.9 2527 64 61.8-65.6 1357 36 33.4-38.6
 Amikacin 5838 60 58.8-61.3 1664 64 61.1-65.8 3331 68 66.9-70.0 2076 44 41.8-46.1
 Gentamicin 5574 58 56.8-59.4 1621 61 58.8-63.6 3209 68 66.7-69.9 2043 46 43.4-47.8
 Ciprofloxacin 5611 64 63.0-65.5 1645 66 63.9-68.5 3203 76 74.4-77.4 2353 50 48.1-52.2
 TMP/SMX 4119 56 54.9-58.0 1446 59 56.1-61.3 2755 64 62.3-65.9 2103 45 42.6-46.9
 Colistin 4382 0.3 0.2-0.6 1347 0.4 0.2-1.0 2233 0.18 0.1-0.5 1120 0.2 0.1-0.9
 Minocycline 4683 29 27.7-30.4 1438 30 27.9-32.7 2513 32 29.7-33.4 1832 27 24.5-28.6
 Tetracycline x x x 681 46 42.0-49.6

 TMP/SMX - Trimethoprim/sulfamethoxazole
*Alert pathogens confirmed at NRL, NCDC only were included in the data Amp/Sul-Ampicillin Sulbactam
 Pip/Taz- Piperacillin Tazobactam

 40",,amr29.pdf | PDF page 50 | Table 12,verified,retrieval_context
NCDC_resistance_2023_NARS-Net_p051_0122,resistance_evidence,NCDC_resistance_2023_NARS-Net,amr29.pdf,resistance,2023,NARS-Net,51,Figure 18,"Resistance profile of Acinetobacter species in blood (N=6,151)","Figure 18 - Resistance profile of Acinetobacter species in blood (N=6,151)",,amr29.pdf | PDF page 51 | Figure 18,verified,retrieval_context
NCDC_resistance_2023_NARS-Net_p052_0123,resistance_evidence,NCDC_resistance_2023_NARS-Net,amr29.pdf,resistance,2023,NARS-Net,52,Table 13,Resistance profile of Vibrio cholerae (N=50),"Table 13 - Resistance profile of Vibrio cholerae (N=50)

 Antibiotic Tested Number Tested Number Resistant
 46 9
 Ampicillin
 Trimethoprim/ Sulfamethoxazole 47 42

 Azithromycin 29 1

 Chloramphenicol 39 7

 Doxycycline 21 0

 Tetracycline 31 1

 42",,amr29.pdf | PDF page 52 | Table 13,verified,retrieval_context
NCDC_resistance_2024_NARS-Net_p010_0124,resistance_evidence,NCDC_resistance_2024_NARS-Net,amr30.pdf,resistance,2024,NARS-Net,10,Table 1,Priority Pathogens and specimens included under Bacterial AMR Surveillance ...................................... 9,Table 1: Priority Pathogens and specimens included under Bacterial AMR Surveillance ...................................... 9,,amr30.pdf | PDF page 10 | Table 1,verified,retrieval_context
NCDC_resistance_2024_NARS-Net_p010_0125,resistance_evidence,NCDC_resistance_2024_NARS-Net,amr30.pdf,resistance,2024,NARS-Net,10,Table 2,"Distribution of priority pathogen isolates based on specimen type (N=1,95,077) ................................. 13","Table 2: Distribution of priority pathogen isolates based on specimen type (N=1,95,077) ................................. 13",,amr30.pdf | PDF page 10 | Table 2,verified,retrieval_context
NCDC_resistance_2024_NARS-Net_p010_0126,resistance_evidence,NCDC_resistance_2024_NARS-Net,amr30.pdf,resistance,2024,NARS-Net,10,Table 5,"Distribution of priority pathogen isolates by location type (N=1,95,077) .............................................. 15","Table 5: Distribution of priority pathogen isolates by location type (N=1,95,077) .............................................. 15",,amr30.pdf | PDF page 10 | Table 5,verified,retrieval_context
NCDC_resistance_2024_NARS-Net_p010_0127,resistance_evidence,NCDC_resistance_2024_NARS-Net,amr30.pdf,resistance,2024,NARS-Net,10,Table 6,"Resistance profile of Staphylococcus aureus (N=23,909) ........................................................................ 18","Table 6: Resistance profile of Staphylococcus aureus (N=23,909) ........................................................................ 18",,amr30.pdf | PDF page 10 | Table 6,verified,retrieval_context
NCDC_resistance_2024_NARS-Net_p010_0128,resistance_evidence,NCDC_resistance_2024_NARS-Net,amr30.pdf,resistance,2024,NARS-Net,10,Table 7,"Resistance profile of Enterococcus species (N=19,976) ........................................................................... 22","Table 7: Resistance profile of Enterococcus species (N=19,976) ........................................................................... 22",,amr30.pdf | PDF page 10 | Table 7,verified,retrieval_context
NCDC_resistance_2024_NARS-Net_p010_0129,resistance_evidence,NCDC_resistance_2024_NARS-Net,amr30.pdf,resistance,2024,NARS-Net,10,Table 8,"Resistance profile of Escherichia coli (N=64,254) .................................................................................... 27","Table 8: Resistance profile of Escherichia coli (N=64,254) .................................................................................... 27",,amr30.pdf | PDF page 10 | Table 8,verified,retrieval_context
NCDC_resistance_2024_NARS-Net_p010_0130,resistance_evidence,NCDC_resistance_2024_NARS-Net,amr30.pdf,resistance,2024,NARS-Net,10,Table 9,"Resistance profile of Klebsiella species (N=44,725) ................................................................................. 31","Table 9: Resistance profile of Klebsiella species (N=44,725) ................................................................................. 31",,amr30.pdf | PDF page 10 | Table 9,verified,retrieval_context
NCDC_resistance_2024_NARS-Net_p010_0131,resistance_evidence,NCDC_resistance_2024_NARS-Net,amr30.pdf,resistance,2024,NARS-Net,10,Table 10,Resistance profile of Salmonella enterica Typhi and Paratyphi (N=942) from blood ........................... 33,Table 10: Resistance profile of Salmonella enterica Typhi and Paratyphi (N=942) from blood ........................... 33,,amr30.pdf | PDF page 10 | Table 10,verified,retrieval_context
NCDC_resistance_2024_NARS-Net_p010_0132,resistance_evidence,NCDC_resistance_2024_NARS-Net,amr30.pdf,resistance,2024,NARS-Net,10,Table 11,Resistance profile of Shigella species (N=81) from stool specimen ...................................................... 34,Table 11: Resistance profile of Shigella species (N=81) from stool specimen ...................................................... 34,,amr30.pdf | PDF page 10 | Table 11,verified,retrieval_context
NCDC_resistance_2024_NARS-Net_p010_0133,resistance_evidence,NCDC_resistance_2024_NARS-Net,amr30.pdf,resistance,2024,NARS-Net,10,Table 12,"Resistance profile of Pseudomonas species (N=21,808) ........................................................................ 36","Table 12: Resistance profile of Pseudomonas species (N=21,808) ........................................................................ 36",,amr30.pdf | PDF page 10 | Table 12,verified,retrieval_context
NCDC_resistance_2024_NARS-Net_p010_0134,resistance_evidence,NCDC_resistance_2024_NARS-Net,amr30.pdf,resistance,2024,NARS-Net,10,Table 13,"Resistance profile of Acinetobacter species (N=19,122)........................................................................ 39","Table 13: Resistance profile of Acinetobacter species (N=19,122)........................................................................ 39",,amr30.pdf | PDF page 10 | Table 13,verified,retrieval_context
NCDC_resistance_2024_NARS-Net_p010_0135,resistance_evidence,NCDC_resistance_2024_NARS-Net,amr30.pdf,resistance,2024,NARS-Net,10,Table 14,Resistance profile of Vibrio cholerae (N=240) ....................................................................................... 41,Table 14: Resistance profile of Vibrio cholerae (N=240) ....................................................................................... 41,,amr30.pdf | PDF page 10 | Table 14,verified,retrieval_context
NCDC_resistance_2024_NARS-Net_p011_0136,resistance_evidence,NCDC_resistance_2024_NARS-Net,amr30.pdf,resistance,2024,NARS-Net,11,Figure 2,Distribution of priority pathogen isolates and Unique patient isolates ...................12,Figure 2: Distribution of priority pathogen isolates and Unique patient isolates ...................12,,amr30.pdf | PDF page 11 | Figure 2,verified,retrieval_context
NCDC_resistance_2024_NARS-Net_p011_0137,resistance_evidence,NCDC_resistance_2024_NARS-Net,amr30.pdf,resistance,2024,NARS-Net,11,Figure 3,"Distribution of priority pathogen isolates by gender (N=1,95,077) ..........................12","Figure 3: Distribution of priority pathogen isolates by gender (N=1,95,077) ..........................12",,amr30.pdf | PDF page 11 | Figure 3,verified,retrieval_context
NCDC_resistance_2024_NARS-Net_p011_0138,resistance_evidence,NCDC_resistance_2024_NARS-Net,amr30.pdf,resistance,2024,NARS-Net,11,Figure 4,"Distribution of all priority pathogen isolates by age category (N=1,95,077) ...........13","Figure 4: Distribution of all priority pathogen isolates by age category (N=1,95,077) ...........13",,amr30.pdf | PDF page 11 | Figure 4,verified,retrieval_context
NCDC_resistance_2024_NARS-Net_p011_0139,resistance_evidence,NCDC_resistance_2024_NARS-Net,amr30.pdf,resistance,2024,NARS-Net,11,Figure 6,Distribution of priority pathogen isolates by location-type......................................16,Figure 6: Distribution of priority pathogen isolates by location-type......................................16,,amr30.pdf | PDF page 11 | Figure 6,verified,retrieval_context
NCDC_resistance_2024_NARS-Net_p011_0140,resistance_evidence,NCDC_resistance_2024_NARS-Net,amr30.pdf,resistance,2024,NARS-Net,11,Figure 7,"Resistance profile of S. aureus in blood (N=6,958) by location types ......................19","Figure 7: Resistance profile of S. aureus in blood (N=6,958) by location types ......................19",,amr30.pdf | PDF page 11 | Figure 7,verified,retrieval_context
NCDC_resistance_2024_NARS-Net_p011_0141,resistance_evidence,NCDC_resistance_2024_NARS-Net,amr30.pdf,resistance,2024,NARS-Net,11,Figure 8,"Resistance profile of Methicillin Resistant S. aureus (MRSA) in blood (N=3,342) ...20","Figure 8: Resistance profile of Methicillin Resistant S. aureus (MRSA) in blood (N=3,342) ...20",,amr30.pdf | PDF page 11 | Figure 8,verified,retrieval_context
NCDC_resistance_2024_NARS-Net_p011_0142,resistance_evidence,NCDC_resistance_2024_NARS-Net,amr30.pdf,resistance,2024,NARS-Net,11,Figure 9,"Resistance profile of Enterococcus species in blood (N=3,679) by location type ....23","Figure 9: Resistance profile of Enterococcus species in blood (N=3,679) by location type ....23",,amr30.pdf | PDF page 11 | Figure 9,verified,retrieval_context
NCDC_resistance_2024_NARS-Net_p011_0143,resistance_evidence,NCDC_resistance_2024_NARS-Net,amr30.pdf,resistance,2024,NARS-Net,11,Figure 10,"Resistance profile of Enterococcus species in urine (N=13,533) by location type .24","Figure 10: Resistance profile of Enterococcus species in urine (N=13,533) by location type .24",,amr30.pdf | PDF page 11 | Figure 10,verified,retrieval_context
NCDC_resistance_2024_NARS-Net_p011_0144,resistance_evidence,NCDC_resistance_2024_NARS-Net,amr30.pdf,resistance,2024,NARS-Net,11,Figure 11,"Resistance profile of Escherichia coli isolated from blood (N=3,625) by location","Figure 11: Resistance profile of Escherichia coli isolated from blood (N=3,625) by location
type .............................................................................................................................................28",,amr30.pdf | PDF page 11 | Figure 11,verified,retrieval_context
NCDC_resistance_2024_NARS-Net_p011_0145,resistance_evidence,NCDC_resistance_2024_NARS-Net,amr30.pdf,resistance,2024,NARS-Net,11,Figure 12,"Resistance profile of Escherichia coli isolated from urine (N=44,711) by location","Figure 12: Resistance profile of Escherichia coli isolated from urine (N=44,711) by location
type .............................................................................................................................................29",,amr30.pdf | PDF page 11 | Figure 12,verified,retrieval_context
NCDC_resistance_2024_NARS-Net_p011_0146,resistance_evidence,NCDC_resistance_2024_NARS-Net,amr30.pdf,resistance,2024,NARS-Net,11,Figure 13,"Resistance profile of Klebsiella species isolated from blood (N=8,012) by location","Figure 13: Resistance profile of Klebsiella species isolated from blood (N=8,012) by location
types ...........................................................................................................................................32",,amr30.pdf | PDF page 11 | Figure 13,verified,retrieval_context
NCDC_resistance_2024_NARS-Net_p011_0147,resistance_evidence,NCDC_resistance_2024_NARS-Net,amr30.pdf,resistance,2024,NARS-Net,11,Figure 14,"Resistance profile of Pseudomonas species isolated from blood (N=3,530) by","Figure 14: Resistance profile of Pseudomonas species isolated from blood (N=3,530) by
location type 37",,amr30.pdf | PDF page 11 | Figure 14,verified,retrieval_context
NCDC_resistance_2024_NARS-Net_p011_0148,resistance_evidence,NCDC_resistance_2024_NARS-Net,amr30.pdf,resistance,2024,NARS-Net,11,Figure 15,"Resistance profile of Acinetobacter species isolated from blood (N=7,487) by","Figure 15: Resistance profile of Acinetobacter species isolated from blood (N=7,487) by
location type ...............................................................................................................................40",,amr30.pdf | PDF page 11 | Figure 15,verified,retrieval_context
NCDC_resistance_2024_NARS-Net_p012_0149,resistance_evidence,NCDC_resistance_2024_NARS-Net,amr30.pdf,resistance,2024,NARS-Net,12,Figure 27,Bar graph represent percentage resistance of Candida tropicalis isolates against,"Figure 27: Bar graph represent percentage resistance of Candida tropicalis isolates against
nine antifungals, with error bars indicating standard deviation..............................................51",,amr30.pdf | PDF page 12 | Figure 27,verified,retrieval_context
NCDC_resistance_2024_NARS-Net_p012_0150,resistance_evidence,NCDC_resistance_2024_NARS-Net,amr30.pdf,resistance,2024,NARS-Net,12,Figure 28,Bar graph represent % resistance of Candida albicans isolates against nine,"Figure 28: Bar graph represent % resistance of Candida albicans isolates against nine
antifungals, with error bars indicating standard deviation ......................................................52",,amr30.pdf | PDF page 12 | Figure 28,verified,retrieval_context
NCDC_resistance_2024_NARS-Net_p012_0151,resistance_evidence,NCDC_resistance_2024_NARS-Net,amr30.pdf,resistance,2024,NARS-Net,12,Figure 29,Bar graph represent % resistance of Candida parapsilosis isolates against nine,"Figure 29: Bar graph represent % resistance of Candida parapsilosis isolates against nine
antifungals, with error bars indicating standard deviation ......................................................52",,amr30.pdf | PDF page 12 | Figure 29,verified,retrieval_context
NCDC_resistance_2024_NARS-Net_p012_0152,resistance_evidence,NCDC_resistance_2024_NARS-Net,amr30.pdf,resistance,2024,NARS-Net,12,Figure 30,Bar graph represent % resistance of Candida auris isolates against nine,"Figure 30: Bar graph represent % resistance of Candida auris isolates against nine
antifungals, with error bars indicating standard deviation ......................................................53",,amr30.pdf | PDF page 12 | Figure 30,verified,retrieval_context
NCDC_resistance_2024_NARS-Net_p012_0153,resistance_evidence,NCDC_resistance_2024_NARS-Net,amr30.pdf,resistance,2024,NARS-Net,12,Figure 31,Bar graph represent % resistance of Wickerhamomyces anomalus isolates against,"Figure 31: Bar graph represent % resistance of Wickerhamomyces anomalus isolates against
nine antifungals, with error bars indicating standard deviation..............................................54",,amr30.pdf | PDF page 12 | Figure 31,verified,retrieval_context
NCDC_resistance_2024_NARS-Net_p016_0154,resistance_evidence,NCDC_resistance_2024_NARS-Net,amr30.pdf,resistance,2024,NARS-Net,16,Table 1,Priority Pathogens and specimens included under Bacterial AMR Surveillance,"Table 1: Priority Pathogens and specimens included under Bacterial AMR Surveillance
Specimen S. Enterococcus Klebsiella Escherichia Acinetobacter Pseudom Salmonella Shigella Vibrio
 aureus spp. spp. coli spp. onas Typhi / species cholerae
 spp. Paratyphi

 Blood

 Urine

 Pus
Aspirate
 Other
 Sterile
 body
 fluids*

 Stool

* Other sterile body fluids (OSBF)- Include abdominal fluid, amniotic fluid, bile, cerebrospinal fluid, cyst, endocardium,
hip fluid, joint fluid, knee fluid, lymph node, semen, broncho-alveolar lavage, spleen, pleural fluid, pericardial fluid,
bone marrow, Bartholin’s cyst, fluid, gastric fluid, gallbladder, breast milk and prostatic fluid.

 All NARS-Net sites submit AMR data of nine priority pathogens from the pre-defined
 specimen types to NCDC programme unit. Sites perform antimicrobial susceptibility testing
 by disk diffusion, broth microdilution, agar dilution, and automated antimicrobial
 susceptibility testing systems as per the programme SoPs. The programme unit at NCDC
 provides technical guidance and training support to the sentinel surveillance network
 laboratories towards accurate pathogen identification and antimicrobial susceptibility
 testing (AST), implementing quality management systems and standardized AMR
 surveillance data management.

2
 https://ncdc.mohfw.gov.in/reports/
3
 https://ncdc.mohfw.gov.in/amr-semi-annual-bulletin/",,amr30.pdf | PDF page 16 | Table 1,verified,retrieval_context
NCDC_resistance_2024_NARS-Net_p019_0155,resistance_evidence,NCDC_resistance_2024_NARS-Net,amr30.pdf,resistance,2024,NARS-Net,19,Figure 2,Distribution of priority pathogen isolates and unique patient isolates,"Figure 2: Distribution of priority pathogen isolates and unique patient isolates

 1.2.2. Age and Gender distribution of reported AMR data

 Among 1,95,077 unique patients, AST data in this report is from 52% of male and 48% of female
 patients (Fig 3). Majority of patients were in the age category 35-64 (40%) and 4% patients were
 in the age category 1-4. About 67 % patients were from the productive age group of 15-64. Figure
 4 represents the distribution of priority bacterial pathogen isolates by age category.

 48%
 52%

 *Gender details were missing for 148 isolates",,amr30.pdf | PDF page 19 | Figure 2,verified,retrieval_context
NCDC_resistance_2024_NARS-Net_p019_0156,resistance_evidence,NCDC_resistance_2024_NARS-Net,amr30.pdf,resistance,2024,NARS-Net,19,Figure 3,"Distribution of priority pathogen isolates by gender (N=1,95,077)","Figure 3: Distribution of priority pathogen isolates by gender (N=1,95,077)

 12",,amr30.pdf | PDF page 19 | Figure 3,verified,retrieval_context
NCDC_resistance_2024_NARS-Net_p020_0157,resistance_evidence,NCDC_resistance_2024_NARS-Net,amr30.pdf,resistance,2024,NARS-Net,20,Figure 4,"Distribution of all priority pathogen isolates by age category (N=1,95,077)","Figure 4: Distribution of all priority pathogen isolates by age category (N=1,95,077)

The analysis of 2024 AMR surveillance data revealed that the highest number of isolates were from
urine specimens (45%) (Table 2). The most commonly isolated priority bacterial pathogen was E.
coli (33%), which is similar to the previous five years, followed by Klebsiella species (23%), S. aureus
(12%), Pseudomonas species (11%), Acinetobacter species (10%) Enterococcus species (10%) and
Salmonella enterica serovar Typhi and Paratyphi (0.5%) (Table 3).",,amr30.pdf | PDF page 20 | Figure 4,verified,retrieval_context
NCDC_resistance_2024_NARS-Net_p020_0158,resistance_evidence,NCDC_resistance_2024_NARS-Net,amr30.pdf,resistance,2024,NARS-Net,20,Table 2,"Distribution of priority pathogen isolates based on specimen type (N=1,95,077)","Table 2: Distribution of priority pathogen isolates based on specimen type (N=1,95,077)

 Specimen Type Number of isolates (%)
 Urine 88,374 (45 %)
 Blood 34,229 (18 %)
 Pus Aspirate 61,255 (31 %)
 Other sterile body fluids 10,878 (6 %)
 Stool 341 (0.17 %)
 Total 1,95,077

Amongst urine specimens, E. coli (51%) was the most commonly isolated pathogen, from blood
specimens the most common isolated priority pathogen was Klebsiella species (23%); and
among isolates from pus specimens, S. aureus (26%) was the most common isolate. Among
stool specimens, most common pathogen reported was Vibrio cholerae (70%), followed by
Shigella species (24%) and Salmonella Typhi and Paratyphi (6%). (Table 3) However, among non-
lactose fermenting Gram-negative bacilli, Pseudomonas species was most commonly isolated
from pus aspirates (48%) and Acinetobacter species from blood (39%). (Table 4) Amongst Gram-
positive organisms, Enterococcus species was most commonly isolated from urine specimens
(68%) and S. aureus from pus aspirates (66%). (Table 4)",,amr30.pdf | PDF page 20 | Table 2,verified,retrieval_context
NCDC_resistance_2024_NARS-Net_p021_0159,resistance_evidence,NCDC_resistance_2024_NARS-Net,amr30.pdf,resistance,2024,NARS-Net,21,Table 3,"Specimen type wise distribution of isolates (N= 1,95,077)","Table 3: Specimen type wise distribution of isolates (N= 1,95,077)

 Blood Pus aspirate OSBF Urine Stool Total
 Priority
 Pathogen
 N (%) N (%) N (%) N (%) N N (%)
 S. aureus 6958 (20%) 15846 (26%) 1105 (10%) x X 23,909 (12)
 Enterococcus
 3679 (11%) 1942 (3%) 822 (8%) 13533 (15%) X 19,976 (10)
 spp.
 Escherichia Coli 3621 (11%) 13577 (22%) 2345 (22%) 44711 (51%) X 64,254 (33)
 Klebsiella spp. 8012 (23%) 13576 (22%) 2540 (23%) 20597 (23%) X 44,725 (23)
 Salmonella
 Typhi and 942 (2%) x x x 20 962 (0.5)
 Paratyphi
 Pseudomonas
 3530 (10%) 10513 (17%) 1695 (16%) 6070 (7%) X 21,808 (11)
 spp.
 Acinetobacter
 7487 (22%) 5801 (9.5%) 2371 (22%) 3463 (4%) X 19,122 (10)
 spp.
 Shigella species x x x x 81 81 (0.04)

 Vibrio cholerae x x x x 240 240 (0.12)
 Total 34,229 (100) 61,255 (100) 10,878 (100) 88,374 (100) 341 1,95,077 (100)
 x - Specimen type not included under the program; *OBSF- Include abdominal fluid, amniotic fluid, bile, cerebrospinal fluid, cyst,
 endocardium, hip fluid, joint fluid, knee fluid, lymph node, semen, broncho-alveolar lavage, spleen, pleural fluid, pericardial fluid, bone
 marrow, bartholin’s cyst, fluid, gastric fluid, gall bladder, breast milk and prostatic fluid",,amr30.pdf | PDF page 21 | Table 3,verified,retrieval_context
NCDC_resistance_2024_NARS-Net_p021_0160,resistance_evidence,NCDC_resistance_2024_NARS-Net,amr30.pdf,resistance,2024,NARS-Net,21,Table 4,"Proportion of priority pathogens isolated from various specimen types (N= 1,95,077)","Table 4: Proportion of priority pathogens isolated from various specimen types (N= 1,95,077)
 Salmonella
 Enterococcus Escherichia Klebsiella Pseudomona Acinetobacte Shigella Vibrio
 S. aureus Typhi and
Priority spp. coli spp. s spp. r spp. species cholera
 N (%) Paratyphi
 N (%) N (%) N (%) N (%) N (%) N eN
 N (%)
 6958 3679 3621 8012 942 3530 7487
Blood x x
 (29%) (18%) (6%) (18%) (98%) (16%) (39%)
Pus 15846 1942 13577 13576 10513 5801
 x x x
aspirate (66%) (10%) (21%) (30%) (48%) (30%)
 1105 822 2345 2540 1695 2371
OSBF x x x
 (4.6%) (4%) (4%) (5.6%) (8%) (12%)
 13533 44711 20597 6070 3463
Urine x x x x
 (68%) (70%) (46%) (28%) (18%)
 20
Stool x x x x X x 81 240
 (2%)
 23,909 19,976 64,254 44,725 962 21,808 19,122
Total 81 240
 (100%) (100%) (100%) (100%) (100%) (100%) (100%)

 14",,amr30.pdf | PDF page 21 | Table 4,verified,retrieval_context
NCDC_resistance_2024_NARS-Net_p022_0161,resistance_evidence,NCDC_resistance_2024_NARS-Net,amr30.pdf,resistance,2024,NARS-Net,22,Figure 5,"Distribution of isolates by location type (N=1,95,077)","Figure 5: Distribution of isolates by location type (N=1,95,077)

In the 2024 AMR surveillance data, the majority of isolates (53%) were from patients admitted
in hospital wards whereas the least number of isolates (3%) belonged to patients from the
Emergency department. Almost a third of the isolates (32%) were from patients visiting the
outpatient clinics. About 12% of the priority pathogens were isolated from Intensive care units
(ICU) (Fig. 5).",,amr30.pdf | PDF page 22 | Figure 5,verified,retrieval_context
NCDC_resistance_2024_NARS-Net_p022_0162,resistance_evidence,NCDC_resistance_2024_NARS-Net,amr30.pdf,resistance,2024,NARS-Net,22,Table 5,"Distribution of priority pathogen isolates by location type (N=1,95,077)","Table 5: Distribution of priority pathogen isolates by location type (N=1,95,077)

 Priority Pathogen Inpatient Outpatient I.C.U. Emergency
 (N=104,050) (N=62,809) (N=23,130) (N=5,054)

 N (%) N (%) N (%) N (%)
 Escherichia coli 32346 (31) 26244 (42) 3971 (17) 1680 (33)
 Klebsiella species 24752 (24) 12734 (20) 6305 (27) 930 (18)
 Salmonella Typhi and
 498 (0.5) 369 (0.6) 57 (0.5) 37 (0.73)
 Paratyphi
 Pseudomonas species 11699 (11) 7095 (11) 2584 (11) 426 (8.4)

 Acinetobacter species 10452 (10) 3387 (5) 4710 (20) 573 (11)

 S. aureus 12946 (12) 7513 (12) 2505 (11) 937 (18)

 Enterococcus species 11137 (11) 5411 (9) 2981 (13) 445 (9)

 Shigella species 52 (0.05) 25 (0.04) 2 (0.01) 1 (0.02)

 Vibrio cholerae 168 (0.16) 31 (0.05) 15 (0.06) 25 (0.5)
*Location type field was missing in 34 isolates

Amongst the inpatients, the most commonly isolated priority pathogen was Escherichia coli
(31%) followed by Klebsiella spp. (24%), whereas in Intensive care units Klebsiella spp. (27%)
was the most commonly isolated pathogen followed by Acinetobacter spp. (20%) and
Escherichia coli (17%) (Table 5). Escherichia coli was also the most commonly isolated pathogen
from outpatient clinics (42%) and emergency departments (33%). (Table 5, Fig. 6).",,amr30.pdf | PDF page 22 | Table 5,verified,retrieval_context
NCDC_resistance_2024_NARS-Net_p023_0163,resistance_evidence,NCDC_resistance_2024_NARS-Net,amr30.pdf,resistance,2024,NARS-Net,23,Figure 6,Distribution of priority pathogen isolates by location-type,"Figure 6: Distribution of priority pathogen isolates by location-type

 16",,amr30.pdf | PDF page 23 | Figure 6,verified,retrieval_context
NCDC_resistance_2024_NARS-Net_p025_0164,resistance_evidence,NCDC_resistance_2024_NARS-Net,amr30.pdf,resistance,2024,NARS-Net,25,Table 6,"Resistance profile of Staphylococcus aureus (N=23,909)","Table 6: Resistance profile of Staphylococcus aureus (N=23,909)

 Blood (N=6,958) Pus Aspirate (N=15,846) Other Sterile Body Fluids (N=1,105)
 Antibiotic
 Number Number Number
 tested (%R) 95% CI (%R) 95% CI (%R) 95% CI
 Tested Tested Tested

 Cefoxitin 5967 (56) 54.7-57.3 13694 (54) 53.2-54.9 962 (49) 45.5-51.9

 Ciprofloxacin 5801 (54) 52.5-55.0 13269 (69) 68.0-69.6 917 (57) 54.1-60.6

 Clindamycin 6367 (40) 39.1-41.5 14596 (29) 28.2-29.6 923 (37) 34.1-40.4

 Doxycycline 4954 (11) 10.3-12.1 10650 (6) 5.7-6.7 761 (10) 7.9-12.3

 Erythromycin 6248 (64) 63.1-65.5 14354 (53) 52.6-54.3 937 (56) 53.1-59.5

 Gentamicin 5055 (18) 17.1-19.2 11675 (18) 17.8-19.2 815 (19) 16.5-22

 Linezolid* 6282 (0.06) 0.05-0.1 14109 (0.0) 0.0-0.0 990 (0.0) 0.0-0.0

 TMP/SMX 5400 (32) 31-33.5 12004 (20) 19.5-20.9 835 (28) 24.6-30.7

 Teicoplanin 1249 (9) 8.0-11.3 2250 (8) 6.7-9.0 231 (5) 2.5-8.6
*Alert pathogens confirmed at NRL have been included in the data TMP-SMX: Trimethoprim-Sulfamethoxazole

 18",,amr30.pdf | PDF page 25 | Table 6,verified,retrieval_context
NCDC_resistance_2024_NARS-Net_p026_0165,resistance_evidence,NCDC_resistance_2024_NARS-Net,amr30.pdf,resistance,2024,NARS-Net,26,Figure 7,"Resistance profile of S. aureus in blood (N=6,958) by location type","Figure 7: Resistance profile of S. aureus in blood (N=6,958) by location type",,amr30.pdf | PDF page 26 | Figure 7,verified,retrieval_context
NCDC_resistance_2024_NARS-Net_p027_0166,resistance_evidence,NCDC_resistance_2024_NARS-Net,amr30.pdf,resistance,2024,NARS-Net,27,Figure 8,"Resistance profile of Methicillin Resistant S. aureus (MRSA) in blood (N=3,342)","Figure 8: Resistance profile of Methicillin Resistant S. aureus (MRSA) in blood (N=3,342)

 20",,amr30.pdf | PDF page 27 | Figure 8,verified,retrieval_context
NCDC_resistance_2024_NARS-Net_p029_0167,resistance_evidence,NCDC_resistance_2024_NARS-Net,amr30.pdf,resistance,2024,NARS-Net,29,Table 7,"Resistance profile of Enterococcus species (N=19,976)","Table 7: Resistance profile of Enterococcus species (N=19,976)
 Blood (N=3,679) Pus Aspirate (N=1,942) OSBF (N=822) Urine (N=13,533)
 Number Number Number Number
 Antibiotic Tested Tested (%R) 95% CI Tested (%R) 95% CI Tested (%R) 95% CI Tested (%R) 95% CI
 Ampicillin 3061 (71) 69.4-72.7 1633 (47) 44.6-49.5 692 (63) 59.1-66.5 11348 (58) 57.1-58.9
 Doxycycline 2349 (31) 29.6-33.3 1271 (26) 23.7-28.6 598 (34) 30.5-38.3 3919 (41) 39.6-42.7
 Erythromycin 3164 (79) 77.3-80.2 1542 (69) 66.5-71.2 686 (76) 72.1-78.6 X
 Gentamicin-High 2990 (52) 49.8-53.4 1475 (39) 36.7-41.7 704 (47) 43.0-50.5 10631 (53) 52.2-54.1
 Linezolid 3511 (1.7) 1.3-2.2 1768 (1) 0.6-1.6 778 (1.2) 0.6-2.3 12261 (0.44) 0.3-0.6
 Teicoplanin 2487 (26) 24.4-27.9 1258 (18) 16.1-20.4 542 (16) 13.1-19.5 8401 (15) 14.6-16.2
 Vancomycin 3273 (22) 20.9-23.8 1703 (6.8) 5.7-8.1 770 (17) 14.8-20.3 12296 (12) 11.2-12.3
 Ciprofloxacin x x x 7755 (82) 81.1-82.8
 Fosfomycin x x x 3434 (20) 18.8-21.5
 Nitrofurantoin x x x 7357 (27) 25.6-27.7
 Tetracycline x x x 6067 (73) 71.4-73.7
*Alert pathogens confirmed at NRL, NCDC only were included in the data

 22",,amr30.pdf | PDF page 29 | Table 7,verified,retrieval_context
NCDC_resistance_2024_NARS-Net_p030_0168,resistance_evidence,NCDC_resistance_2024_NARS-Net,amr30.pdf,resistance,2024,NARS-Net,30,Figure 9,"Resistance profile of Enterococcus species in blood (N=3,679) by location type","Figure 9: Resistance profile of Enterococcus species in blood (N=3,679) by location type",,amr30.pdf | PDF page 30 | Figure 9,verified,retrieval_context
NCDC_resistance_2024_NARS-Net_p031_0169,resistance_evidence,NCDC_resistance_2024_NARS-Net,amr30.pdf,resistance,2024,NARS-Net,31,Figure 10,"Resistance profile of Enterococcus species in urine (N=13,533) by location type","Figure 10: Resistance profile of Enterococcus species in urine (N=13,533) by location type

 24",,amr30.pdf | PDF page 31 | Figure 10,verified,retrieval_context
NCDC_resistance_2024_NARS-Net_p034_0170,resistance_evidence,NCDC_resistance_2024_NARS-Net,amr30.pdf,resistance,2024,NARS-Net,34,Table 8,"Resistance profile of Escherichia coli (N=64,254)","Table 8: Resistance profile of Escherichia coli (N=64,254)

 Blood (N=3,621) PA (N=13,577) OSBF (N=2,345) Urine (N=44,711)
 Antibiotic Number Number Number Number
 Tested Tested (%R) 95% CI Tested (%R) 95% CI Tested (%R) 95% CI Tested (%R) 95% CI
 Ampicillin 2278 (86) 85.0-87.8 8491 (89) 87.2-89.9 1490 (89) 87.5-90.7 30771 (87) 84.7-89.3
 Amox-Clav 2759 (68) 66.0-69.5 9744 (63) 61.3-65.4 1638 (71) 68.4-72.9 31408 (59) 57.2-63.4
 Pip-Taz 3239 (52) 50.3-53.7 11220 (49) 48.1-50.9 2019 (55) 53.1-57.5 34001 (40) 37.3-43.8
 Ceftriaxone 2420 (80) 78.6-81.8 8687 (80) 78.4-81 1383 (83) 80.9-84.9 22108 (74) 69.8-76.7
 Cefotaxime 2078 (81) 79.0-82.5 9635 (81) 79.6-82.2 1637 (83) 80.9-84.6 34490 (76) 73.3-78
 Cefepime 2714 (69) 67.5-71.0 9944 (60) 58.9-62 1818 (64) 61.4-65.8 28581 (54) 50.8-56.7
 Ertapenem 1634 (49) 46.2-51.1 6225 (34) 31.6-36.3 1150 (45) 42.1-47.9 17191 (25) 22.2-29.9
 Imipenem 3062 (40) 37.9-41.4 10316 (28) 26.3-30.1 1853 (38) 35.6-40.0 32038 (23) 21.6-25.9
 Meropenem 2667 (36) 34.1-37.8 10297 (28) 26.1-29.2 1796 (34) 31.9-36.3 26633 (20) 16.7-22.6
 Amikacin 3254 (37) 35.5-38.9 11405 (29) 27.9-30.8 2064 (27) 25.1-29.0 34617 (25) 23.6-29.1
 Gentamicin 2797 (41) 39.1-42.8 9845 (34) 32.9-36.1 1737 (33) 30.7-35.1 30890 (32) 30-38.5
 Ciprofloxacin 3129 (74) 72.6-75.7 11149 (77) 75-77.2 1988 (78) 76.4-80.1 36167 (73) 70.9-78.6
 TMP-SMX 2748 (56) 54.6-58.3 10466 (58) 55.5-59.6 1920 (62) 59.8-64.2 37565 (55) 53-59.4
 Colistin 2351 (0.09) 0-0.3 7605 (0.04) 0-0.2 1381 (0.07) 0-0.5 20173 (0.035) 0-0.5
 Fosfomycin X X X 21602 (4) 3.2-5.6
 Nitrofurantoin X X X 41460 (19) 16.9-20.3
 Doxycycline X 2080 (41) 37.5-42.8 813 (49) 45.1-52.1 X

 TMP/SMX - Trimethoprim/sulfamethoxazole
 x- Drug bug combination for the specimen type not included in the NARS-Net surveillance panel Amox-clav -Amoxicillin/Clavulanic acid",,amr30.pdf | PDF page 34 | Table 8,verified,retrieval_context
NCDC_resistance_2024_NARS-Net_p035_0171,resistance_evidence,NCDC_resistance_2024_NARS-Net,amr30.pdf,resistance,2024,NARS-Net,35,Figure 11,"Resistance profile of Escherichia coli isolated from blood (N=3,625) by location type","Figure 11: Resistance profile of Escherichia coli isolated from blood (N=3,625) by location type

 28",,amr30.pdf | PDF page 35 | Figure 11,verified,retrieval_context
NCDC_resistance_2024_NARS-Net_p036_0172,resistance_evidence,NCDC_resistance_2024_NARS-Net,amr30.pdf,resistance,2024,NARS-Net,36,Figure 12,"Resistance profile of Escherichia coli isolated from urine (N=44,711) by location type","Figure 12: Resistance profile of Escherichia coli isolated from urine (N=44,711) by location type",,amr30.pdf | PDF page 36 | Figure 12,verified,retrieval_context
NCDC_resistance_2024_NARS-Net_p038_0173,resistance_evidence,NCDC_resistance_2024_NARS-Net,amr30.pdf,resistance,2024,NARS-Net,38,Table 9,"Resistance profile of Klebsiella species (N=44,725)","Table 9: Resistance profile of Klebsiella species (N=44,725)
 Blood (N=8,012) PA (N=13,576) OSBF (N=2,540) Urine (N=20,597)
 Antibiotic Number Number Number Number
 Tested Tested (%R) 95% CI Tested (%R) 95% CI Tested (%R) 95% CI Tested (%R) 95% CI

 Amox-Clav 6020 (80) 79.0-81.0 10480 (72) 71.1-72.8 1924 (72) 69.6-73.7 15375 (64) 63.7-65.2
 Pip-Taz 6819 (67) 65.4-67.7 11450 (58) 57.0-58.9 2193 (58) 55.9-60.0 16141 (48) 47.5-49.1
 Ceftriaxone 5397 (85) 83.6-85.5 8840 (77) 77.1-78.8 1522 (77) 75.1-79.3 10801 (68) 67.6-69.4
 Cefotaxime 4170 (84) 83.3-85.6 9532 (78) 65.3-67.1 1629 (76) 74.3-78.5 15466 (70) 69.5-70.9
 Cefepime 5840 (76) 75.0-77.2 10374 (66) 47.6-50.2 1938 (67) 65.2-69.5 13777 (56) 54.7-56.3
 Ertapenem 3293 (72) 70.1-73.2 5807 (49) 42.3-44.2 1276 (58) 54.9-60.4 8119 (41) 39.5-41.7
 Imipenem 6569 (55) 54.0-56.4 10540 (43) 41.7-43.6 1942 (48) 46.1-50.6 15212 (32) 30.8-32.2
 Meropenem 5660 (57) 55.9-58.5 10517 (43) 48.5-50.4 1985 (46) 44.1-48.5 13196 (31) 30.1-31.7
 Amikacin 6931 (60) 59.1-61.4 11477 (49) 48.5-50.4 2229 (48) 46.1-50.3 16377 (40) 39.2-40.7
 Gentamicin 6227 (55) 53.7-56.2 9904 (49) 69.1-70.9 1891 (50) 47.4-52.0 15092 (40) 39.0-40.5
 Ciprofloxacin 6703 (69) 68.1-70.4 11002 (70) 56.4-58.3 2027 (68) 66.1-70.2 17245 (61) 60.6-62.0
 TMP-SMX 5983 (57) 55.9-58.4 10657 (57) 0.3-0.6 2020 (57) 54.7-59.1 17110 (52) 51.4-52.9
 Colistin 5150 (1.12) 0.9-1.5 7824 (0.40) 33.2-36.2 1574 (1.46) 1.0-2.2 10984 (0.30) 0.2-0.4
 Doxycycline X 3771 (35) 33.2-36.2 790 (38) 34.7-41.6 X
 Nitrofurantoin X X X 18814 (49) 48.7-50.1
*Alert pathogens confirmed at NRL, NCDC only were included in the data TMP-SMX – Trimethoprim-Sulfamethoxazole
x- Drug bug combination for the specimen type not included in NARS-Net surveillance panel Amox-Clav -Amoxicillin-Clavulanic acid
 Pip-Taz- Piperacillin-Tazobactam",,amr30.pdf | PDF page 38 | Table 9,verified,retrieval_context
NCDC_resistance_2024_NARS-Net_p039_0174,resistance_evidence,NCDC_resistance_2024_NARS-Net,amr30.pdf,resistance,2024,NARS-Net,39,Figure 13,"Resistance profile of Klebsiella species isolated from blood (N=8,012) by location type","Figure 13: Resistance profile of Klebsiella species isolated from blood (N=8,012) by location type

 32",,amr30.pdf | PDF page 39 | Figure 13,verified,retrieval_context
NCDC_resistance_2024_NARS-Net_p040_0175,resistance_evidence,NCDC_resistance_2024_NARS-Net,amr30.pdf,resistance,2024,NARS-Net,40,Table 10,Resistance profile of Salmonella enterica Typhi and Paratyphi (N=942) from blood,"Table 10: Resistance profile of Salmonella enterica Typhi and Paratyphi (N=942) from blood

 S. Typhi (N=834) S. Paratyphi (N=108)
 Antibiotic
 Number Resistance Number Resistance 95% CI
 tested 95% CI
 tested (%) tested (%)
 Ampicillin 713 (5) 4.0-7.5 86 (5) 1.5-12.1
 Azithromycin 719 (0.27) 0.1-1.1 x
 Ceftriaxone 795 (1.4) 0.8-2.7 105 (4) 1.8-10.3
 Chloramphenicol 707 (2) 1.2-3.6 85 (0) 0-5.4
 Ciprofloxacin 807 (35) 32.0-38.7 101 (23) 15.3-32.4
 Pefloxacin 539 (84) 80.8-87.1 65 (92) 82.2-97.1
 Imipenem 804 (0) 0.0-0.0 103 (0) 0.0-0.0
 TMP-SMX 805 (5.3) 3.9-7.2 92 (1.1) 0.1-6.8
*Alert pathogens confirmed at NRL, NCDC were included in the data for analysis; TMP-SMX: Trimethoprim-Sulfamethoxazole

Shigella species

In this reporting period, data of 81 isolates of Shigella species was submitted from stool
specimens. Resistance in Shigella species was found to be highest to ciprofloxacin (85%) and
ampicillin (74%) and lowest resistance was observed to chloramphenicol (10%) (Table 11).",,amr30.pdf | PDF page 40 | Table 10,verified,retrieval_context
NCDC_resistance_2024_NARS-Net_p041_0176,resistance_evidence,NCDC_resistance_2024_NARS-Net,amr30.pdf,resistance,2024,NARS-Net,41,Table 11,Resistance profile of Shigella species (N=81) from stool specimen,"Table 11: Resistance profile of Shigella species (N=81) from stool specimen

 Antibiotics tested Number Resistance 95% CI
 tested (%)
 Ampicillin 73 (74) 62.2-83.2
 Azithromycin 67 (33) 22.1-45.5
 Ceftriaxone 77 (40) 29.4-52.1
 Chloramphenicol 70 (10) 4.5-20.1
 Ciprofloxacin 78 (85) 74.3-91.5
 Trimethoprim/
 78 (49) 37.3-60.2
 Sulfamethoxazole

1.2.3.2.2. Non-Fermenting Gram-Negative Bacilli

Among the non-fermenting Gram-Negative bacilli (NF GNB) included in the data submitted
during January-December 2024 from the NARS-Net sentinel surveillance sites, Pseudomonas
species was the most frequently isolated pathogen from 21,808 unique patients followed by
Acinetobacter species (19,122) (Fig 2). Among the NF GNB, Pseudomonas species was the
predominant isolate from inpatients, while Acinetobacter species was the predominant isolate
from patients in ICU settings (Table 5).

Pseudomonas species

In the current reporting year, surveillance sites submitted data of 23,255 isolates of
Pseudomonas spp. from 21,808 unique patients (Fig 2). Pseudomonas spp. isolates included in
the data during current reporting period were most commonly isolated from pus aspirate
(48%), urine (28%), blood (16%), and other sterile body fluids (8%) (Table 4).
Blood isolates of Pseudomonas species showed highest resistance (42%; CI: 39.8-43.4) to third-
generation cephalosporin (ceftazidime) followed by ciprofloxacin (29%; CI: 0.1-0.6) and
piperacillin-tazobactam (21%; CI: 20-23) among first line treatment agents for Pseudomonas
species. Similar resistance pattern was seen for pus aspirates and other sterile body fluids.
Among second line agents, resistance to imipenem was 36% (CI: 33.7-37.3) and aztreonam was
40% (CI: 37.9-42.2) (Table 12).
Among urinary isolates, 58% Pseudomonas spp. isolates were resistant to ciprofloxacin, 41% to
amikacin, and 32% to piperacillin-tazobactam. Approximately 40% of urinary isolates were
resistant to aztreonam (Table 12).
Among the reserve group of antibiotics namely colistin, five blood isolates (0.26%), two from
pus aspirate (0.038%), and four from urine (0.13%) were found to be resistant (Table 12).

 34",,amr30.pdf | PDF page 41 | Table 11,verified,retrieval_context
NCDC_resistance_2024_NARS-Net_p043_0177,resistance_evidence,NCDC_resistance_2024_NARS-Net,amr30.pdf,resistance,2024,NARS-Net,43,Table 12,"Resistance profile of Pseudomonas species (N=21,808)","Table 12: Resistance profile of Pseudomonas species (N=21,808)

 Blood (N=3,530) Pus Aspirate (N=10,513) OSBF (N=1,695) Urine (N=6,070)
Antibiotic
 Number Number Number Number
 (%R) 95 % CI (%R) 95 % CI (%R) 95 % CI (%R) 95 % CI
Tested Tested Tested Tested Tested

Amikacin
 2760 (25) 23.9-27.1 7980 (32) 31.4-33.5 1376 (27) 25.0-29.8 5184 (41) 40.1-42.8
Aztreonam
 2036 (40) 37.9-42.2 6795 (29) 28.0-30.1 1132 (34) 31.4-37.0 3947 (38) 36.3-39.3
Ceftazidime
 2884 (42) 39.8-43.4 9062 (47) 45.9-48.0 1577 (45) 42.1-47.1 5304 (55) 53.5-56.2
Ciprofloxacin
 2800 (29) 27.3-30.7 8604 (44) 43.0-45.1 1466 (33) 30.6-35.4 4945 (58) 56.2-59.0
Colistin
 1958 (0.26) 0.1-0.6 5284 (0.038) 0-0.2 863 (0.0) 0.0-0.6 3149 (0.13) 0-0.3
Gentamicin
 1958 (26) 24.1-28.0 5712 (35) 33.8-36.3 891 (22) 19.0-24.5 3411 (41) 39.3-42.6
Imipenem
 2707 (36) 33.7-37.3 8574 (29) 27.7-29.7 1409 (33) 30.8-35.8 4949 (41) 39.2-42.0
Meropenem
 2503 (28) 26.0-29.5 8368 (25) 24.2-26.1 1272 (28) 25.2-30.2 3939 (38) 36.8-39.9
Netilmicin
 1382 (24) 22.0-26.6 4048 (34) 32.1-35.0 728 (23) 20.2-26.5 3057 (45) 42.8-46.3
Piperacillin/
Tazobactam 2985 (21) 20.0-23.0 9116 (27) 25.7-27.5 1506 (22) 20.2-24.4 5068 (32) 31.1-33.7
 *Alert pathogens confirmed at NRL, NCDC only were included in the data

 36",,amr30.pdf | PDF page 43 | Table 12,verified,retrieval_context
NCDC_resistance_2024_NARS-Net_p044_0178,resistance_evidence,NCDC_resistance_2024_NARS-Net,amr30.pdf,resistance,2024,NARS-Net,44,Figure 14,"Resistance profile of Pseudomonas species isolated from blood (N=3,530) by location type","Figure 14: Resistance profile of Pseudomonas species isolated from blood (N=3,530) by location type",,amr30.pdf | PDF page 44 | Figure 14,verified,retrieval_context
NCDC_resistance_2024_NARS-Net_p046_0179,resistance_evidence,NCDC_resistance_2024_NARS-Net,amr30.pdf,resistance,2024,NARS-Net,46,Table 13,"Resistance profile of Acinetobacter species (N=19,122)","Table 13: Resistance profile of Acinetobacter species (N=19,122)

 Blood (N=7,487) OSBF (N=2,371) PA (N=5,801) Urine (N=3,463)
 Number Number Number Number
 Antibiotic Tested Tested (%R) 95% CI Tested (%R) 95% CI Tested (%R) 95% CI Tested (%R) 95% CI
 Amp-Sul 2614 (71) 68.7-72.3 1086 (64) 61.0-66.8 2825 (74) 72.7-76.0 1327 (59) 56.6-62.0
 Pip-Taz 6144 (65) 63.5-65.9 1986 (61) 58.5-62.8 4730 (68) 66.7-69.4 2634 (44) 42.0-45.8
 Ceftazidime 5524 (82) 80.8-82.8 1809 (76) 73.5-77.5 4021 (82) 80.4-82.8 2367 (65) 63.1-67.0
 Imipenem 6179 (70) 69.1-71.4 1659 (68) 65.6-70.1 4446 (69) 67.8-70.6 2624 (44) 42.0-45.8
 Meropenem 4935 (66) 64.8-67.4 1678 (64) 61.3-66.0 4383 (66) 64.9-67.7 2148 (39) 36.9-41.1
 Amikacin 6258 (62) 61.2-63.6 2072 (58) 56.2-60.5 4695 (68) 67.1-69.8 2680 (46) 43.7-47.5
 Gentamicin 5750 (62) 60.5-63.0 1865 (58) 55.4-59.9 4094 (68) 66.1-69.0 2349 (44) 41.6-45.7
 Ciprofloxacin 6188 (67) 66.0-68.3 1757 (67) 64.7-69.1 4590 (77) 75.9-78.4 2748 (54) 51.9-55.6
 TMP-SMX 5137 (59) 57.2-59.9 1765 (59) 56.7-61.3 3987 (68) 66.6-69.5 2732 (48) 46.0-49.7
 Colistin 4386 (0.23) 0.1-0.4 1425 (0.07) 0-0.5 3004 (0.13) 0-0.4 1454 (0.28) 0.1-0.8
 Minocycline 4776 (47) 46.0-48.9 1580 (43) 40.2-45.1 2985 (47) 44.7-48.3 2044 (45) 43.0-47.3
 Tetracycline X x x 1370 (50) 47.2-52.5

 TMP-SMX: Trimethoprim-Sulfamethoxazole
*Alert pathogens confirmed at NRL, NCDC only were included in the data Amp-Sul: Ampicillin-Sulbactam
 Pip-Taz: Piperacillin-Tazobactam",,amr30.pdf | PDF page 46 | Table 13,verified,retrieval_context
NCDC_resistance_2024_NARS-Net_p047_0180,resistance_evidence,NCDC_resistance_2024_NARS-Net,amr30.pdf,resistance,2024,NARS-Net,47,Figure 15,"Resistance profile of Acinetobacter species isolated from blood (N=7,487) by location type","Figure 15: Resistance profile of Acinetobacter species isolated from blood (N=7,487) by location type

 40",,amr30.pdf | PDF page 47 | Figure 15,verified,retrieval_context
NCDC_resistance_2024_NARS-Net_p048_0181,resistance_evidence,NCDC_resistance_2024_NARS-Net,amr30.pdf,resistance,2024,NARS-Net,48,Table 14,Resistance profile of Vibrio cholerae (N=240),"Table 14: Resistance profile of Vibrio cholerae (N=240)

 Number Resistant 95% CI

 Antibiotic Tested Tested (%)
 237 (21) 16.2-27.0
 Ampicillin
 Trimethoprim/ Sulfamethoxazole 229 (73) 66.6-78.5

 Azithromycin 221 (3) 1.4-6.7

 Chloramphenicol 229 (0.9) 0.2-3.5

 Doxycycline 210 (3) 1.5-7.0

 Tetracycline 235 (2) 0.8-5.2",,amr30.pdf | PDF page 48 | Table 14,verified,retrieval_context
NCDC_resistance_2024_NARS-Net_p050_0182,resistance_evidence,NCDC_resistance_2024_NARS-Net,amr30.pdf,resistance,2024,NARS-Net,50,Figure 17,Trends of Linezolid resistant Staphylococcus aureus isolated from blood (2018 to,"Figure 17: Trends of Linezolid resistant Staphylococcus aureus isolated from blood (2018 to
2024)

 3500 3273 30%

 3000 25%
 2576
 2500
 20%
 2000 1809
 1563 15%
 1500
 1000 1004 10%
 1000
 627
 500 5%

 0 0%
 2018 2019 2020 2021 2022 2023 2024

 Number tested Vancomycin Resistance

*Alert pathogens confirmed at NRL, NCDC only were included in the data",,amr30.pdf | PDF page 50 | Figure 17,verified,retrieval_context
NCDC_resistance_2024_NARS-Net_p052_0183,resistance_evidence,NCDC_resistance_2024_NARS-Net,amr30.pdf,resistance,2024,NARS-Net,52,Figure 21,Three-year trend analysis (2022-2024) of Carbapenemase producing E. coli and,"Figure 21: Three-year trend analysis (2022-2024) of Carbapenemase producing E. coli and
Klebsiella species isolated from blood

 100
 2022 2023 2024
 90
Proportion of Carbapenem

 80
 70
 Resistance

 60
 50
 40
 67 70
 30 59
 20 35 35
 10 27
 0
 Pseudomonas species Acinetobacter species",,amr30.pdf | PDF page 52 | Figure 21,verified,retrieval_context
NCDC_resistance_2024_NARS-Net_p057_0184,resistance_evidence,NCDC_resistance_2024_NARS-Net,amr30.pdf,resistance,2024,NARS-Net,57,Table 17,Distribution of different Candida species in different types of Intensive Care,"Table 17: Distribution of different Candida species in different types of Intensive Care
 Units (ICUs)

 Type of ICU* NICU PICU MICU SICU TICU
 (n) (n) (n) (n) (n)
 Candida tropicalis (n=148) 61 32 43 7 5
 Pichia kudriavzevii (n=81) 66 14 1 - -
 Candida albicans (n=32) 11 4 7 7 3
 Candida parapsilosis (n=31) 10 7 11 2 1
 Candida auris (n=36) 2 2 16 14 2
 Cyberlindnera jadinii (n=44) 42 2 - - -
 Wickerhamomyces anomalus (n=10) 9 1 - - -
 Candida glabrata (n=15) 2 4 4 4 1
*NICU, Neonatal Intensive Care Unit; PICU, Pediatric Intensive Care Unit; MICU, Medical Intensive Care Unit;
SICU, Surgical Intensive Care Unit; TICU, Trauma Intensive Care Unit

2.3.4. Antifungal Susceptibility testing
 Candida tropicalis:
 The resistance pattern of 271 C. tropicalis to nine antifungal agents was assessed and is
 presented in the Figure 5. Among the antifungals tested, fluconazole exhibited the highest
 resistance (approx. 7% had MIC of ≥8 mg/L), followed by voriconazole with a resistance of

 50",,amr30.pdf | PDF page 57 | Table 17,verified,retrieval_context
NCDC_resistance_2024_NARS-Net_p058_0185,resistance_evidence,NCDC_resistance_2024_NARS-Net,amr30.pdf,resistance,2024,NARS-Net,58,Figure 27,"Resistance profile of Candida tropicalis isolates against nine antifungals, with","Figure 27: Resistance profile of Candida tropicalis isolates against nine antifungals, with
error bars indicating standard deviation

Pichia kudriavzevii:
The antifungal susceptibility pattern of P. kudriavzevii (n=115) reveals a low resistance to
anidulafungin and micafungin, with resistance of approximately 2%. P. kudriavzevii is
intrinsically resistant to fluconazole. All other antifungal agents, including amphotericin B,
5-fluorocytosine, itraconazole, posaconazole, and voriconazole showed negligible or no
resistance.
Candida albicans:
The resistance analysis of C. albicans (n=71) shows notable resistance to fluconazole (8%;
MIC, ≥8 mg/L). A low rate of resistance (2%) was observed for micafungin (MIC, ≥1 mg/L),
while all other antifungal agents including amphotericin B, anidulafungin, 5-fluorocytosine,
itraconazole, posaconazole, and voriconazole exhibited good activity against all C. albicans
isolates (Fig 28).",,amr30.pdf | PDF page 58 | Figure 27,verified,retrieval_context
NCDC_resistance_2024_NARS-Net_p059_0186,resistance_evidence,NCDC_resistance_2024_NARS-Net,amr30.pdf,resistance,2024,NARS-Net,59,Figure 28,"Resistance profile of Candida albicans isolates against nine antifungals, with","Figure 28: Resistance profile of Candida albicans isolates against nine antifungals, with
error bars indicating standard deviation

Candida parapsilosis:
The antifungal susceptibility analysis of C. parapsilosis (n=66) revealed high resistance to
fluconazole (MIC, ≥8 mg/L), approximately 16%, highest among all antifungals tested for this
species (Figure 29). Further, resistance was also observed for anidulafungin (3%; MIC, ≥8
mg/L), and voriconazole (3%; MIC, ≥1 mg/L). Whereas, no significant resistance was
detected against amphotericin B, 5-fluorocytosine, itraconazole, micafungin, or
posaconazole.

 Candida parapsilosis
 50
 40
 % Resisatnce

 30
 20
 10
 0

 Antifungals tested",,amr30.pdf | PDF page 59 | Figure 28,verified,retrieval_context
NCDC_resistance_2024_NARS-Net_p059_0187,resistance_evidence,NCDC_resistance_2024_NARS-Net,amr30.pdf,resistance,2024,NARS-Net,59,Figure 29,"Resistance profile of Candida parapsilosis isolates against nine antifungals, with","Figure 29: Resistance profile of Candida parapsilosis isolates against nine antifungals, with
error bars indicating standard deviation

Candida auris:
There are currently no established C. auris-specific susceptibility breakpoints in CLSI-
guidelines. Therefore, tentative breakpoints for C. auris were used against different
antifungals as recommended by CDC 20247. The antifungal susceptibility analysis of C. auris
7 CDC, 2024. Antifungal Susceptibility Testing for C. auris. US https://www.cdc.gov/candida-auris/hcp/laboratories/antifungal-susceptibility-testing.html.

 52",,amr30.pdf | PDF page 59 | Figure 29,verified,retrieval_context
NCDC_resistance_2024_NARS-Net_p060_0188,resistance_evidence,NCDC_resistance_2024_NARS-Net,amr30.pdf,resistance,2024,NARS-Net,60,Figure 30,"Resistance profile of Candida auris isolates against nine antifungals, with error","Figure 30: Resistance profile of Candida auris isolates against nine antifungals, with error
 bars indicating standard deviation

Wickerhamomyces anomalus:
Breakpoints for antifungal susceptibility testing of W. anomalus are not available, however
epidemiological cut-off values (ECV) are given in CLSI M57SEd.48 which were used to
categorise the isolates into wild type and non-wild type. All strains (n=27) exhibited low MICs
for all the tested antifungals except fluconazole (Fig 31). Out of 27, 4 isolates (15%) were non-
wild type as they exhibited MIC value of >8 mg/L for fluconazole.

 8 CLSI . 2022. M57SEd.4. Epidemiological cutoff values for antifungal susceptibility testing. CLSI, Wayne, PA.",,amr30.pdf | PDF page 60 | Figure 30,verified,retrieval_context
NCDC_resistance_2024_NARS-Net_p061_0189,resistance_evidence,NCDC_resistance_2024_NARS-Net,amr30.pdf,resistance,2024,NARS-Net,61,Figure 31,Resistance profile of Wickerhamomyces anomalus isolates against nine,"Figure 31: Resistance profile of Wickerhamomyces anomalus isolates against nine
antifungals, with error bars indicating standard deviation

 54",,amr30.pdf | PDF page 61 | Figure 31,verified,retrieval_context
NCDC_resistance_2025_NARS-Net_p005_0190,resistance_evidence,NCDC_resistance_2025_NARS-Net,amr31.pdf,resistance,2025,NARS-Net,5,Table 1,Priority Pathogens and specimens included under Bacterial AMR Surveillance ..................... 9,Table 1: Priority Pathogens and specimens included under Bacterial AMR Surveillance ..................... 9,,amr31.pdf | PDF page 5 | Table 1,verified,retrieval_context
NCDC_resistance_2025_NARS-Net_p005_0191,resistance_evidence,NCDC_resistance_2025_NARS-Net,amr31.pdf,resistance,2025,NARS-Net,5,Table 2,"Distribution of priority pathogen isolates based on specimen type (N=2,17,513)................ 14","Table 2: Distribution of priority pathogen isolates based on specimen type (N=2,17,513)................ 14",,amr31.pdf | PDF page 5 | Table 2,verified,retrieval_context
NCDC_resistance_2025_NARS-Net_p005_0192,resistance_evidence,NCDC_resistance_2025_NARS-Net,amr31.pdf,resistance,2025,NARS-Net,5,Table 4,"Proportion of priority pathogens isolated from various specimen types (N= 2,17,513) ....... 16","Table 4: Proportion of priority pathogens isolated from various specimen types (N= 2,17,513) ....... 16",,amr31.pdf | PDF page 5 | Table 4,verified,retrieval_context
NCDC_resistance_2025_NARS-Net_p005_0193,resistance_evidence,NCDC_resistance_2025_NARS-Net,amr31.pdf,resistance,2025,NARS-Net,5,Table 5,Distribution of priority pathogen isolates by location type (N=217513) .............................. 17,Table 5: Distribution of priority pathogen isolates by location type (N=217513) .............................. 17,,amr31.pdf | PDF page 5 | Table 5,verified,retrieval_context
NCDC_resistance_2025_NARS-Net_p005_0194,resistance_evidence,NCDC_resistance_2025_NARS-Net,amr31.pdf,resistance,2025,NARS-Net,5,Table 6,"Resistance profile of Staphylococcus aureus (N=23,507) .................................................... 20","Table 6: Resistance profile of Staphylococcus aureus (N=23,507) .................................................... 20",,amr31.pdf | PDF page 5 | Table 6,verified,retrieval_context
NCDC_resistance_2025_NARS-Net_p005_0195,resistance_evidence,NCDC_resistance_2025_NARS-Net,amr31.pdf,resistance,2025,NARS-Net,5,Table 7,"Resistance profile of Enterococcus species (N=22,318) ...................................................... 24","Table 7: Resistance profile of Enterococcus species (N=22,318) ...................................................... 24",,amr31.pdf | PDF page 5 | Table 7,verified,retrieval_context
NCDC_resistance_2025_NARS-Net_p005_0196,resistance_evidence,NCDC_resistance_2025_NARS-Net,amr31.pdf,resistance,2025,NARS-Net,5,Table 8,"Resistance profile of Escherichia coli (N=68,341) ............................................................... 28","Table 8: Resistance profile of Escherichia coli (N=68,341) ............................................................... 28",,amr31.pdf | PDF page 5 | Table 8,verified,retrieval_context
NCDC_resistance_2025_NARS-Net_p005_0197,resistance_evidence,NCDC_resistance_2025_NARS-Net,amr31.pdf,resistance,2025,NARS-Net,5,Table 9,"Resistance profile of Klebsiella species (N=52,597) ............................................................ 32","Table 9: Resistance profile of Klebsiella species (N=52,597) ............................................................ 32",,amr31.pdf | PDF page 5 | Table 9,verified,retrieval_context
NCDC_resistance_2025_NARS-Net_p005_0198,resistance_evidence,NCDC_resistance_2025_NARS-Net,amr31.pdf,resistance,2025,NARS-Net,5,Table 10,Resistance profile of Salmonella enterica Typhi and Paratyphi (N=1145) from blood ........ 34,Table 10: Resistance profile of Salmonella enterica Typhi and Paratyphi (N=1145) from blood ........ 34,,amr31.pdf | PDF page 5 | Table 10,verified,retrieval_context
NCDC_resistance_2025_NARS-Net_p005_0199,resistance_evidence,NCDC_resistance_2025_NARS-Net,amr31.pdf,resistance,2025,NARS-Net,5,Table 11,Resistance profile of Shigella species (N=120) from stool specimens ................................ 35,Table 11: Resistance profile of Shigella species (N=120) from stool specimens ................................ 35,,amr31.pdf | PDF page 5 | Table 11,verified,retrieval_context
NCDC_resistance_2025_NARS-Net_p005_0200,resistance_evidence,NCDC_resistance_2025_NARS-Net,amr31.pdf,resistance,2025,NARS-Net,5,Table 12,"Resistance profile of Pseudomonas species (N=26,637) ................................................... 37","Table 12: Resistance profile of Pseudomonas species (N=26,637) ................................................... 37",,amr31.pdf | PDF page 5 | Table 12,verified,retrieval_context
NCDC_resistance_2025_NARS-Net_p005_0201,resistance_evidence,NCDC_resistance_2025_NARS-Net,amr31.pdf,resistance,2025,NARS-Net,5,Table 13,"Resistance profile of Acinetobacter species (N=22,711) ................................................... 40","Table 13: Resistance profile of Acinetobacter species (N=22,711) ................................................... 40",,amr31.pdf | PDF page 5 | Table 13,verified,retrieval_context
NCDC_resistance_2025_NARS-Net_p005_0202,resistance_evidence,NCDC_resistance_2025_NARS-Net,amr31.pdf,resistance,2025,NARS-Net,5,Table 14,Resistance profile of Vibrio cholerae (N=106) .................................................................. 42,Table 14: Resistance profile of Vibrio cholerae (N=106) .................................................................. 42,,amr31.pdf | PDF page 5 | Table 14,verified,retrieval_context
NCDC_resistance_2025_NARS-Net_p006_0203,resistance_evidence,NCDC_resistance_2025_NARS-Net,amr31.pdf,resistance,2025,NARS-Net,6,Figure 4,"Distribution of priority pathogen isolates by age category (N=2,17,513) ........................... 14","Figure 4: Distribution of priority pathogen isolates by age category (N=2,17,513) ........................... 14",,amr31.pdf | PDF page 6 | Figure 4,verified,retrieval_context
NCDC_resistance_2025_NARS-Net_p006_0204,resistance_evidence,NCDC_resistance_2025_NARS-Net,amr31.pdf,resistance,2025,NARS-Net,6,Figure 6,Distribution of priority pathogen isolates by location-type ............................................... 18,Figure 6: Distribution of priority pathogen isolates by location-type ............................................... 18,,amr31.pdf | PDF page 6 | Figure 6,verified,retrieval_context
NCDC_resistance_2025_NARS-Net_p006_0205,resistance_evidence,NCDC_resistance_2025_NARS-Net,amr31.pdf,resistance,2025,NARS-Net,6,Figure 7,Resistance profile of S. aureus in blood (N=6775) by location type ................................... 21,Figure 7: Resistance profile of S. aureus in blood (N=6775) by location type ................................... 21,,amr31.pdf | PDF page 6 | Figure 7,verified,retrieval_context
NCDC_resistance_2025_NARS-Net_p006_0206,resistance_evidence,NCDC_resistance_2025_NARS-Net,amr31.pdf,resistance,2025,NARS-Net,6,Figure 8,"Resistance profile of Methicillin Resistant S. aureus (MRSA) in blood (N=3,251)................ 22","Figure 8: Resistance profile of Methicillin Resistant S. aureus (MRSA) in blood (N=3,251)................ 22",,amr31.pdf | PDF page 6 | Figure 8,verified,retrieval_context
NCDC_resistance_2025_NARS-Net_p006_0207,resistance_evidence,NCDC_resistance_2025_NARS-Net,amr31.pdf,resistance,2025,NARS-Net,6,Figure 9,"Resistance profile of Enterococcus species in blood (N=3,677) by location type ................ 25","Figure 9: Resistance profile of Enterococcus species in blood (N=3,677) by location type ................ 25",,amr31.pdf | PDF page 6 | Figure 9,verified,retrieval_context
NCDC_resistance_2025_NARS-Net_p006_0208,resistance_evidence,NCDC_resistance_2025_NARS-Net,amr31.pdf,resistance,2025,NARS-Net,6,Figure 10,"Resistance profile of Enterococcus species in urine (N=15,266) by location type ............. 26","Figure 10: Resistance profile of Enterococcus species in urine (N=15,266) by location type ............. 26",,amr31.pdf | PDF page 6 | Figure 10,verified,retrieval_context
NCDC_resistance_2025_NARS-Net_p006_0209,resistance_evidence,NCDC_resistance_2025_NARS-Net,amr31.pdf,resistance,2025,NARS-Net,6,Figure 11,"Resistance profile of Escherichia coli isolated from blood (N=3,795) by location type ...... 29","Figure 11: Resistance profile of Escherichia coli isolated from blood (N=3,795) by location type ...... 29",,amr31.pdf | PDF page 6 | Figure 11,verified,retrieval_context
NCDC_resistance_2025_NARS-Net_p006_0210,resistance_evidence,NCDC_resistance_2025_NARS-Net,amr31.pdf,resistance,2025,NARS-Net,6,Figure 12,"Resistance profile of Escherichia coli isolated from urine (N=47,226) by location type ..... 30","Figure 12: Resistance profile of Escherichia coli isolated from urine (N=47,226) by location type ..... 30",,amr31.pdf | PDF page 6 | Figure 12,verified,retrieval_context
NCDC_resistance_2025_NARS-Net_p006_0211,resistance_evidence,NCDC_resistance_2025_NARS-Net,amr31.pdf,resistance,2025,NARS-Net,6,Figure 13,"Resistance profile of Klebsiella species isolated from blood (N=9,478) by location type... 33","Figure 13: Resistance profile of Klebsiella species isolated from blood (N=9,478) by location type... 33",,amr31.pdf | PDF page 6 | Figure 13,verified,retrieval_context
NCDC_resistance_2025_NARS-Net_p006_0212,resistance_evidence,NCDC_resistance_2025_NARS-Net,amr31.pdf,resistance,2025,NARS-Net,6,Figure 14,"Resistance profile of Pseudomonas species isolated from blood (N=4,478) by location type","Figure 14: Resistance profile of Pseudomonas species isolated from blood (N=4,478) by location type
..................................................................................................................................................... 38",,amr31.pdf | PDF page 6 | Figure 14,verified,retrieval_context
NCDC_resistance_2025_NARS-Net_p006_0213,resistance_evidence,NCDC_resistance_2025_NARS-Net,amr31.pdf,resistance,2025,NARS-Net,6,Figure 15,"Resistance profile of Acinetobacter species isolated from blood (N=8,890) by location type","Figure 15: Resistance profile of Acinetobacter species isolated from blood (N=8,890) by location type
..................................................................................................................................................... 41",,amr31.pdf | PDF page 6 | Figure 15,verified,retrieval_context
NCDC_resistance_2025_NARS-Net_p007_0214,resistance_evidence,NCDC_resistance_2025_NARS-Net,amr31.pdf,resistance,2025,NARS-Net,7,Figure 31,Bar graph representing resistance percentages of Candida spp. against to fluconazole ... 60,"Figure 31: Bar graph representing resistance percentages of Candida spp. against to fluconazole ... 60

5|Pa ge",,amr31.pdf | PDF page 7 | Figure 31,verified,retrieval_context
NCDC_resistance_2025_NARS-Net_p011_0215,resistance_evidence,NCDC_resistance_2025_NARS-Net,amr31.pdf,resistance,2025,NARS-Net,11,Table 1,Priority Pathogens and specimens included under Bacterial AMR Surveillance,"Table 1: Priority Pathogens and specimens included under Bacterial AMR Surveillance

 Salmonell
 S. Klebsiell Pseudomona Vibrio
 Enterococcus Escherichia Acinetobacter a Shigella
Specimen aureu a s cholera
 spp. coli spp. Typhi / species
 s spp. spp. e
 Paratyphi

 Blood

 Urine

 Pus
Aspirate

 Other
 Sterile
 body
 fluids*

 Stool

 * Other sterile body fluids (OSBF)- Include abdominal fluid, amniotic fluid, bile, cerebrospinal fluid, cyst, endocardium,
 hip fluid, joint fluid, knee fluid, lymph node, semen, broncho-alveolar lavage, spleen, pleural fluid, pericardial fluid,
 bone marrow, Bartholin’s cyst, fluid, gastric fluid, gallbladder, breast milk and prostatic fluid.

 All NARS-Net sites submit AMR data of nine priority pathogens from the pre-defined
 specimen types to NCDC programme unit. Sites perform antimicrobial susceptibility testing by
 disk diffusion, broth microdilution, agar dilution, and automated antimicrobial susceptibility
 testing systems as per the programme SOPs. The programme unit at NCDC provides technical
 guidance and training support to the sentinel surveillance network laboratories towards
 accurate pathogen identification and antimicrobial susceptibility testing (AST), implementing
 quality management systems and standardized AMR surveillance data management.

 2
 https://ncdc.mohfw.gov.in/amr-semi-annual-bulletin/
 3
 https://ncdc.mohfw.gov.in/reports/
 9|Pa ge",,amr31.pdf | PDF page 11 | Table 1,verified,retrieval_context
NCDC_resistance_2025_NARS-Net_p012_0216,resistance_evidence,NCDC_resistance_2025_NARS-Net,amr31.pdf,resistance,2025,NARS-Net,12,Figure 1,Geographical Location of National AMR Surveillance Network laboratories which,"Figure 1: Geographical Location of National AMR Surveillance Network laboratories which
have submitted AMR data from January to December 2025

 National Reference Laboratory (NRL) has been established at NCDC in 2018-19 to
implement External Quality Assessment Scheme (EQAS) for the network labs so as to ensure
quality AMR Surveillance data. Additionally, NRL also confirms all the antibiotic-resistant alert
strains, as defined under the programme, submitted by network sites and only the confirmed
alerts are included in the annual report. Feedback on EQAS and Alert confirmation is shared
with the respective sentinel sites. The NRL for AMR in fungal pathogens was established at VPCI,

10 | P a g e",,amr31.pdf | PDF page 12 | Figure 1,verified,retrieval_context
NCDC_resistance_2025_NARS-Net_p016_0217,resistance_evidence,NCDC_resistance_2025_NARS-Net,amr31.pdf,resistance,2025,NARS-Net,16,Figure 4,"Distribution of priority pathogen isolates by age category (N=2,17,513)","Figure 4: Distribution of priority pathogen isolates by age category (N=2,17,513)

 The analysis of 2025 AMR surveillance data revealed that the highest number of isolates
were from urine specimens (44.5%) (Table 2). The most commonly isolated priority bacterial
pathogen was E. coli (31%), which is similar to the previous five years, followed by Klebsiella
species (24%), Pseudomonas species (12%), S. aureus (11%), Acinetobacter species (10%)
Enterococcus species (10%) and Salmonella enterica serovar Typhi and Paratyphi (0.54%) (Table
3).",,amr31.pdf | PDF page 16 | Figure 4,verified,retrieval_context
NCDC_resistance_2025_NARS-Net_p016_0218,resistance_evidence,NCDC_resistance_2025_NARS-Net,amr31.pdf,resistance,2025,NARS-Net,16,Table 2,"Distribution of priority pathogen isolates based on specimen type (N=2,17,513)","Table 2: Distribution of priority pathogen isolates based on specimen type (N=2,17,513)

 Specimen Type Number of Isolates %

 Urine 96742 44.5

 Blood 38238 17.6

 Pus Aspirate 68281 31.4

 Other sterile body fluids 13995 6.4

 Stool 257 0.1

 Total 2,17,513 100

14 | P a g e",,amr31.pdf | PDF page 16 | Table 2,verified,retrieval_context
NCDC_resistance_2025_NARS-Net_p017_0219,resistance_evidence,NCDC_resistance_2025_NARS-Net,amr31.pdf,resistance,2025,NARS-Net,17,Table 3,"Specimen type wise distribution of isolates (N= 2,17,513)","Table 3: Specimen type wise distribution of isolates (N= 2,17,513)

 Priority Blood Pus aspirate OSBF Urine Stool Total
 Pathogen
 N (%) N (%) N (%) N (%) N N (%)
 S. aureus 6775 (18) 15677 (23) 1055 (8) x X 23507 (11)
 Enterococcus
 3677 (10) 2320 (3) 1055 (8) 15266 (16) X 22318 (10)
 spp.
Escherichia Coli 3795 (10) 14362 (21) 2958 (21) 47226 (49) X 68341 (31)

Klebsiella spp. 9478 (25) 16379 (24) 3586 (26) 23154 (24) X 52597 (24)
 Salmonella
 31
 Typhi and 1145 (3) x x x 1176 (0.54)
 (12.1)
 Paratyphi
 Pseudomonas
 4478 (12) 12739 (19) 2369 (17) 7051 (7) X 26637 (12)
 spp.
Acinetobacter
 8890 (23) 6804 (10) 2972 (21) 4045 (4) X 22711 (10)
 spp.
 120
Shigella species x x x x 120 (0.05)
 (46.6)
 106
Vibrio cholerae x x x x 106 (0.04)
 (41.3)
 257
 Total 38238 (100) 68281 (100) 13995 (100) 96742 (100) 217513 (100)
 (100)
 x - Specimen type not included under the program; *OBSF- Include abdominal fluid, amniotic fluid, bile, cerebrospinal fluid, cyst,
 endocardium, hip fluid, joint fluid, knee fluid, lymph node, semen, broncho-alveolar lavage, spleen, pleural fluid, pericardial fluid, bone
 marrow, bartholin’s cyst, fluid, gastric fluid, gall bladder, breast milk and prostatic fluid

 15 | P a g e",,amr31.pdf | PDF page 17 | Table 3,verified,retrieval_context
NCDC_resistance_2025_NARS-Net_p018_0220,resistance_evidence,NCDC_resistance_2025_NARS-Net,amr31.pdf,resistance,2025,NARS-Net,18,Table 4,"Proportion of priority pathogens isolated from various specimen types (N= 2,17,513)","Table 4: Proportion of priority pathogens isolated from various specimen types (N= 2,17,513)

 S. Typhi
 S. Enterococcus Klebsiella Pseudomonas Acinetobacter Shigella Vibrio
 E. coli and
Priority aureus spp. spp. spp. spp. spp. cholerae
 Paratyphi
 N (%) N (%) N (%) N (%) N (%) N (%) N (%) N N
 6775 3795 9478
 Blood 3677 (17) 1145 (98) 4478 (16) 8890 (39) x x
 (29) (6) (18)
 Pus
 15677 1436 16379
aspirat 2320 (10) x 12739 (48) 6804 (30) x x
 (67) 2 (21) (31)
 e
 1055 2958
 OSBF 1055 (5) 3586 (7) x 2369 (8) 2972 (12) x x
 (4) (4)
 4722 23154
 Urine x 15266 (68) x 7051 (28) 4045 (18) x x
 6 (69) (44)
 Stool x x x x 31 (2) x x 120 106
 6834
 23507 52597 1176
 Total 22318 (100) 1 26637 (100) 22711 (100)
 (100) (100) (100)
 (100)

 IN – Inpatient; OUT–Outpatient; ICU –Intensive care; EME –Emergency; UNK – Unknown; *Location type field was
 missing in 17 isolates",,amr31.pdf | PDF page 18 | Table 4,verified,retrieval_context
NCDC_resistance_2025_NARS-Net_p018_0221,resistance_evidence,NCDC_resistance_2025_NARS-Net,amr31.pdf,resistance,2025,NARS-Net,18,Figure 5,Distribution of isolates by location type (N=217513),"Figure 5: Distribution of isolates by location type (N=217513)

 In the 2025 AMR surveillance data, the majority of isolates (54%) were from patients
 admitted in hospital wards whereas the least number of isolates (2%) belonged to patients from
 the Emergency department. Almost a third of the isolates (31%) were from patients visiting the
 outpatient clinics and 13% of the priority pathogens were isolated from Intensive care units
 (ICUs) (Fig. 5).

 16 | P a g e",,amr31.pdf | PDF page 18 | Figure 5,verified,retrieval_context
NCDC_resistance_2025_NARS-Net_p019_0222,resistance_evidence,NCDC_resistance_2025_NARS-Net,amr31.pdf,resistance,2025,NARS-Net,19,Table 5,Distribution of priority pathogen isolates by location type (N=217513),"Table 5: Distribution of priority pathogen isolates by location type (N=217513)

 Inpatient Outpatient I.C.U. Emergency
 Priority Pathogen (N=118086) (N=67277) (N=27454) (N=4676)
 N (%) N (%) N (%) N (%)
 Escherichia coli 34787 (29) 27623 (41) 4388 (16) 1538 (33)
 Klebsiella species 29678 (25) 14212 (21) 7772 (28) 934 (20)
 Salmonella Typhi and
 598 (0.5) 462 (0.7) 79 (0.3) 34 (0.7)
 Paratyphi
 Pseudomonas species 14791 (13) 8095 (12) 3344 (1) 406 (9)

 Acinetobacter species 12741 (11) 3825 (6) 5593 (20) 551 (12)

 S. aureus 12546 (11) 7481 (11) 2684 (10) 793 (17)

 Enterococcus species 12805 (11) 5526 (8) 3577 (13) 409 (9)

 Shigella species 75 (0.06) 43 (0.06) 02 (0.01) 00 (0)

 Vibrio cholerae 65 (0.06) 10 (0.01) 15 (0.1) 11 (0.24)
*Location type field was missing in 20 isolates

 Among the inpatients, the most commonly isolated priority pathogen was Escherichia
coli (29%) followed by Klebsiella spp. (25%), whereas in Intensive care units Klebsiella spp. (28%)
was the most commonly isolated pathogen followed by Acinetobacter spp. (20%) and
Escherichia coli (16%) (Table 5). Escherichia coli was also the most commonly isolated pathogen
from outpatient clinics (41%) and emergency departments (33%) (Table 5, Fig. 6).

17 | P a g e",,amr31.pdf | PDF page 19 | Table 5,verified,retrieval_context
NCDC_resistance_2025_NARS-Net_p020_0223,resistance_evidence,NCDC_resistance_2025_NARS-Net,amr31.pdf,resistance,2025,NARS-Net,20,Figure 6,Distribution of priority pathogen isolates by location-type,"Figure 6: Distribution of priority pathogen isolates by location-type

18 | P a g e",,amr31.pdf | PDF page 20 | Figure 6,verified,retrieval_context
NCDC_resistance_2025_NARS-Net_p022_0224,resistance_evidence,NCDC_resistance_2025_NARS-Net,amr31.pdf,resistance,2025,NARS-Net,22,Table 6,"Resistance profile of Staphylococcus aureus (N=23,507)","Table 6: Resistance profile of Staphylococcus aureus (N=23,507)

 Blood (N=6,775) Pus Aspirate (N=15,677) Other Sterile Body Fluids (N=1,055)
 Antibiotic
 Number Number Number
 tested (%R) 95% CI (%R) 95% CI (%R) 95% CI
 Tested Tested Tested
 Cefoxitin 5538 61 60.1-62.7 13135 55 54.0-55.7 876 55 51.7-58.3

 Ciprofloxacin 5407 58 56.6-59.2 12119 75 73.9-75.5 860 58 55.0-61.7

 Clindamycin 6038 37 36.2-38.7 14471 22 20.9-22.2 961 31 27.9-33.8

 Doxycycline 5205 8 7.8-9.3 10445 4 3.8-4.6 746 6 4.5-8.1

 Erythromycin 6354 63 61.9-64.3 14816 53 52.2-53.8 965 55 51.7-58.1

 Gentamicin 5604 22 20.9-23.1 12763 22 21.0-22.5 899 19 16.1-21.3

 Linezolid 6375 0.2 0.1-0.3 14324 0.2 0.1-0.3 985 0.3 0.1-1.0

 TMP/SMX 5311 30 28.9-31.4 12522 21 20.3-21.7 862 25 22.3-28.2

 Teicoplanin 1178 9 7.7-11.1 2505 6 5.3-7.2 243 6 3.6-10.2
Alert pathogens confirmed at NRL have been included in the data TMP-SMX: Trimethoprim-Sulfamethoxazole

20 | P a g e",,amr31.pdf | PDF page 22 | Table 6,verified,retrieval_context
NCDC_resistance_2025_NARS-Net_p023_0225,resistance_evidence,NCDC_resistance_2025_NARS-Net,amr31.pdf,resistance,2025,NARS-Net,23,Figure 7,Resistance profile of S. aureus in blood (N=6775) by location type,"Figure 7: Resistance profile of S. aureus in blood (N=6775) by location type

21 | P a g e",,amr31.pdf | PDF page 23 | Figure 7,verified,retrieval_context
NCDC_resistance_2025_NARS-Net_p024_0226,resistance_evidence,NCDC_resistance_2025_NARS-Net,amr31.pdf,resistance,2025,NARS-Net,24,Figure 8,"Resistance profile of Methicillin Resistant S. aureus (MRSA) in blood (N=3,251)","Figure 8: Resistance profile of Methicillin Resistant S. aureus (MRSA) in blood (N=3,251)

22 | P a g e",,amr31.pdf | PDF page 24 | Figure 8,verified,retrieval_context
NCDC_resistance_2025_NARS-Net_p026_0227,resistance_evidence,NCDC_resistance_2025_NARS-Net,amr31.pdf,resistance,2025,NARS-Net,26,Table 7,"Resistance profile of Enterococcus species (N=22,318)","Table 7: Resistance profile of Enterococcus species (N=22,318)

 Blood (N=3677) Pus Aspirate (N=2320) OSBF (N=1055) Urine (N=15,266)
 Antibiotic Tested Number Number Number Number
 (%R) 95% CI (%R) 95% CI (%R) 95% CI (%R) 95% CI
 Tested Tested Tested Tested
 Ampicillin 2969 69 67.0-70.3 1745 47 44.2-48.9 724 62 58.2-65.4 12111 58 56.7-58.4
 Doxycycline 3130 50 48.2-51.7 1478 29 26.7-31.4 668 31 27.4-34.5 4676 37 36.0-38.8
 Erythromycin 3218 79 77.8-80.6 1970 73 71.4-75.3 895 73 69.7-75.6 x
 Gentamicin-High 3433 3 2.2-3.3 1926 32 30.1-34.3 922 35 32.3-38.6 12948 50 48.7-50.4
 Linezolid 2999 2.6 2.0-3.2 2111 1 0.8-1.8 978 2 1.0-2.7 14511 0.7 0.6-0.8
 Teicoplanin 2648 24 22.0-25.2 1565 17 15.0-18.8 768 19 16.1-21.7 9842 15 14.3-15.7
 Vancomycin 2437 30 28.1-31.8 2069 8 7.0-9.4 970 14 12.2-16.7 14448 9 8.2-9.1
 Ciprofloxacin x x x 11980 81 80.6-82.0
 Fosfomycin x x x 7350 51 49.7-52.0
 Nitrofurantoin x x x 13273 36 35.1-36.8
 Tetracycline x x x 8420 73 72.1-74.0
*Alert pathogens confirmed at NRL, NCDC only were included in the data

24 | P a g e",,amr31.pdf | PDF page 26 | Table 7,verified,retrieval_context
NCDC_resistance_2025_NARS-Net_p027_0228,resistance_evidence,NCDC_resistance_2025_NARS-Net,amr31.pdf,resistance,2025,NARS-Net,27,Figure 9,"Resistance profile of Enterococcus species in blood (N=3,677) by location type","Figure 9: Resistance profile of Enterococcus species in blood (N=3,677) by location type

25 | P a g e",,amr31.pdf | PDF page 27 | Figure 9,verified,retrieval_context
NCDC_resistance_2025_NARS-Net_p028_0229,resistance_evidence,NCDC_resistance_2025_NARS-Net,amr31.pdf,resistance,2025,NARS-Net,28,Figure 10,"Resistance profile of Enterococcus species in urine (N=15,266) by location type","Figure 10: Resistance profile of Enterococcus species in urine (N=15,266) by location type

 26 | P a g e",,amr31.pdf | PDF page 28 | Figure 10,verified,retrieval_context
NCDC_resistance_2025_NARS-Net_p030_0230,resistance_evidence,NCDC_resistance_2025_NARS-Net,amr31.pdf,resistance,2025,NARS-Net,30,Table 8,"Resistance profile of Escherichia coli (N=68,341)","Table 8: Resistance profile of Escherichia coli (N=68,341)

 Blood (N=3,795) PA (N=14,362) OSBF (N=2,958) Urine (N=47,226)
 Antibiotic Number Number Number Number
 Tested Tested (%R) 95% CI Tested (%R) 95% CI Tested (%R) 95% CI Tested (%R) 95% CI
Ampicillin 2313 89 87.8-90.4 8640 89 88.8-90.1 1759 91 89.0-91.8 33473 88 87.5-88.2
Amox-Clav 3003 67 65.0-68.4 11212 67 65.6-67.4 2218 68 66.3-70.2 34903 62 61.1-62.1
Pip-Taz 3436 53 51.0-54.3 12502 49 48.0-49.7 2536 56 54.0-57.9 39468 42 41.9-42.8
Cefuroxime 2030 80 78.3-81.8 7685 80 78.7-80.5 1375 86 84.0-87.7 23400 74 73.6-74.7
Ceftriaxone 2696 80 78.7-81.7 9057 78 77.2-78.9 1887 83 81.3-84.7 26628 72 71.3-72.4
Cefotaxime 1902 77 75.4-79.2 9293 79 77.8-79.4 1662 81 79.0-82.8 35029 74 73.7-74.6
Cefepime 3197 63 61.6-64.9 11176 60 59.1-60.9 2413 61 59.0-62.9 32263 53 52.3-53.4
Ertapenem 2000 46 43.5-47.9 7506 36 34.9-37.1 1481 45 42.4-47.5 20851 25 24.6-25.8
Imipenem 3192 39 37.5-40.9 11823 31 30.0-31.7 2349 36 34.1-38.0 34533 24 23.9-24.8
Meropenem 2954 38 36.3-39.8 11585 29 28.3-30.0 2212 37 34.6-38.6 30262 22 21.4-22.3
Amikacin 3512 36 34.7-37.9 12587 28 27.4-29.0 2567 29 27.0-30.5 38720 29 28.5-29.4
Gentamicin 3258 40 38.3-41.7 11409 34 33.2-35.0 2371 34 32.0-35.9 37833 33 32.2-33.2
Ciprofloxacin 3230 74 72.6-75.6 11789 76 75.3-76.8 2377 78 76.3-79.7 37295 73 73.0-73.9
TMP-SMX 3085 58 56.0-59.5 11332 57 56.3-58.1 2334 57 55.5-59.5 39173 54 53.5-54.5
Colistin 2531 0.08 0-0.3 8304 0.02 0-0.1 1776 0.06 0-0.4 26119 0.05 0-0.1
Fosfomycin X X X 28059 5 4.8-5.3
Nitrofurantoin X X X 43497 22 21.6-22.4
Doxycycline X 3882 42 40.7-43.9 1006 48 44.6-50.9 X
 TMP/SMX - Trimethoprim/sulfamethoxazole
 x- Drug bug combination for the specimen type not included in the NARS-Net surveillance panel Amox-clav -Amoxicillin/Clavulanic acid

 28 | P a g e",,amr31.pdf | PDF page 30 | Table 8,verified,retrieval_context
NCDC_resistance_2025_NARS-Net_p031_0231,resistance_evidence,NCDC_resistance_2025_NARS-Net,amr31.pdf,resistance,2025,NARS-Net,31,Figure 11,"Resistance profile of Escherichia coli isolated from blood (N=3,795) by location type","Figure 11: Resistance profile of Escherichia coli isolated from blood (N=3,795) by location type

29 | P a g e",,amr31.pdf | PDF page 31 | Figure 11,verified,retrieval_context
NCDC_resistance_2025_NARS-Net_p032_0232,resistance_evidence,NCDC_resistance_2025_NARS-Net,amr31.pdf,resistance,2025,NARS-Net,32,Figure 12,"Resistance profile of Escherichia coli isolated from urine (N=47,226) by location type","Figure 12: Resistance profile of Escherichia coli isolated from urine (N=47,226) by location type

 30 | P a g e",,amr31.pdf | PDF page 32 | Figure 12,verified,retrieval_context
NCDC_resistance_2025_NARS-Net_p034_0233,resistance_evidence,NCDC_resistance_2025_NARS-Net,amr31.pdf,resistance,2025,NARS-Net,34,Table 9,"Resistance profile of Klebsiella species (N=52,597)","Table 9: Resistance profile of Klebsiella species (N=52,597)
 Blood (N=9,478) PA (N=16,379) OSBF (N=3,586) Urine (N=23,154)
 Antibiotic Number Number Number Number
 (%R) 95% CI (%R) 95% CI (%R) 95% CI (%R) 95% CI
 Tested Tested Tested Tested Tested
 Amox-Clav 7545 81 80.2-82.0 12600 73 72.0-73.6 2646 71 69.6-73.1 17569 67 66.3-67.7
 Pip-Taz 8289 68 67.4-69.4 14085 60 59.2-60.8 3064 58 56.0-59.5 19785 52 51.0-52.4
 Cefuroxime 4737 85 84.3-86.4 8761 77 76.0-77.7 1665 81 78.7-82.6 11559 70 69.1-70.8
 Ceftriaxone 6385 84 82.6-84.4 9988 75 73.9-75.6 2241 77 75.4-78.9 13243 66 65.5-67.1
 Cefotaxime 5073 82 80.6-82.8 10884 75 74.6-76.3 1914 75 72.8-76.7 16478 69 68.5-69.9
 Cefepime 7620 72 71.4-73.5 12626 65 64.5-66.1 2814 63 60.7-64.3 15348 58 57.1-58.7
 Ertapenem 4399 69 2.068652 7873 53 51.8-54.0 1698 54 51.2-56.0 9925 42 41.3-43.2
 Imipenem 7682 58 4.425931 13063 46 44.9-46.7 2729 46 44.2-48.0 16804 37 36.1-37.6
 Meropenem 6913 58 2.777376 13097 47 45.9-47.6 2595 48 45.6-49.5 15612 36 35.4-37.0
 Amikacin 8563 63 61.7-63.7 14132 52 50.9-52.6 3113 47 45.2-48.8 19241 45 44.0-45.4
 Gentamicin 7673 56 3.375473 12502 51 50.0-51.8 2830 47 45.0-48.7 18584 43 42.6-44.0
Ciprofloxacin 7739 69 68.4-70.5 13091 70 68.8-70.4 2781 65 62.9-66.5 17394 64 63.6-65.1
 TMP-SMX 7533 53 52.1-54.4 12647 58 56.7-58.4 2845 52.5 50.6-54.3 18925 52 51.4-52.8
 Colistin 6132 1.0 0.8-1.3 9203 0.3 0.2-0.4 2101 0.7 0.4-1.1 12818 0.4 0.3-0.5
 Doxycycline X 3864 37 35.8-38.9 1159 37 34.7-40.3 X

Nitrofurantoin X X X 20870 58 57.1-58.4
*Alert pathogens confirmed at NRL, NCDC only were included in the data
x- Drug bug combination for the specimen type not included in NARS-Net surveillance panel TMP-SMX – Trimethoprim-Sulfamethoxazole
 Amox-Clav -Amoxicillin-Clavulanic acid
 Pip-Taz- Piperacillin-Tazobactam

32 | P a g e",,amr31.pdf | PDF page 34 | Table 9,verified,retrieval_context
NCDC_resistance_2025_NARS-Net_p035_0234,resistance_evidence,NCDC_resistance_2025_NARS-Net,amr31.pdf,resistance,2025,NARS-Net,35,Figure 13,"Resistance profile of Klebsiella species isolated from blood (N=9,478) by location type","Figure 13: Resistance profile of Klebsiella species isolated from blood (N=9,478) by location type

 33 | P a g e",,amr31.pdf | PDF page 35 | Figure 13,verified,retrieval_context
NCDC_resistance_2025_NARS-Net_p036_0235,resistance_evidence,NCDC_resistance_2025_NARS-Net,amr31.pdf,resistance,2025,NARS-Net,36,Table 10,Resistance profile of Salmonella enterica Typhi and Paratyphi (N=1145) from,"Table 10: Resistance profile of Salmonella enterica Typhi and Paratyphi (N=1145) from
blood

 S. Typhi (N=1002) S. Paratyphi A (N=143)
 Antibiotic tested
 Number R Number R
 95% CI 95% CI
 tested (%) tested (%)

 Ampicillin 821 10 8.3-12.6 120 8 3.7-14.2

 Azithromycin 827 2 1.2-3.3 x

 Ceftriaxone 957 4 2.7-5.2 130 2 0.3-6.0

 Chloramphenicol 799 6 4.3-7.7 112 1 0-5.6

 Ciprofloxacin 958 42 39.0-45.4 131 27 19.5-35.3

 Imipenem 941 0.9 0.4-1.7 136 1 0-4.6

 Pefloxacin 640 91 88.0-92.7 87 86 76.8-92.4

 TMP-SMX 936 6 4.7-7.9 118 2 0.3-6.6
 Alert pathogens were confirmed at NRL, NCDC were included in the data for analysis; TMP-SMX: Trimethoprim
Sulfamethoxazole
*R stands for Resistance

34 | P a g e",,amr31.pdf | PDF page 36 | Table 10,verified,retrieval_context
NCDC_resistance_2025_NARS-Net_p037_0236,resistance_evidence,NCDC_resistance_2025_NARS-Net,amr31.pdf,resistance,2025,NARS-Net,37,Table 11,Resistance profile of Salmonella enterica Typhi and Paratyphi (N=31) from stool,"Table 11: Resistance profile of Salmonella enterica Typhi and Paratyphi (N=31) from stool
specimens
 S. Paratyphi A (N=17)
 S. Typhi (N=14)
 Antibiotic tested
 Number tested Number Number tested Number
 Resistant Resistant
 13 3 15 3
 Ampicillin

 11 1
 Azithromycin

 13 1 15 2
 Ceftriaxone

 12 8 13 0
 Chloramphenicol

 14 1 17 6
 Ciprofloxacin

 13 0 16 1
 Imipenem

 11 11 12 9
 Pefloxacin

 13 2 15 1
 TMP-SMX

 Shigella species

In the current reporting period, data of 120 Shigella species isolates from stool specimens was
submitted. In these Shigella species isolates, resistance was found to be highest to ciprofloxacin
(81%) followed by ampicillin (77%) and Trimethoprim/ Sulfamethoxazole (55%). Least resistance
was observed to chloramphenicol (3%) (Table 11).",,amr31.pdf | PDF page 37 | Table 11,verified,retrieval_context
NCDC_resistance_2025_NARS-Net_p037_0237,resistance_evidence,NCDC_resistance_2025_NARS-Net,amr31.pdf,resistance,2025,NARS-Net,37,Table 11,Resistance profile of Shigella species (N=120) from stool specimens,"Table 11: Resistance profile of Shigella species (N=120) from stool specimens

 Resistance
 Antibiotics tested Number tested 95% CI
 (%)
 Ampicillin 110 77 68.1-84.5

 Azithromycin 105 31 22.9-41.3

 Ceftriaxone 113 45 35.8-54.8

 Chloramphenicol 96 3 0.8-9.5

 Ciprofloxacin 105 81 71.9-87.7

 106 55 44.8-64.3
 Trimethoprim/ Sulfamethoxazole

35 | P a g e",,amr31.pdf | PDF page 37 | Table 11,verified,retrieval_context
NCDC_resistance_2025_NARS-Net_p039_0238,resistance_evidence,NCDC_resistance_2025_NARS-Net,amr31.pdf,resistance,2025,NARS-Net,39,Table 12,"Resistance profile of Pseudomonas species (N=26,637)","Table 12: Resistance profile of Pseudomonas species (N=26,637)

 Blood (N=4,478) Pus Aspirate (N=12,739) OSBF (N=2,369) Urine (N=7,051)
 Antibiotic Number Number Number Number
 Tested (%R) 95 % CI (%R) 95 % CI (%R) 95 % CI (%R) 95 % CI
 Tested Tested Tested Tested
 Amikacin 3572 29 27.6-30.6 9584 33 31.9-33.8 1805 24 21.8-25.8 6091 42 40.4-42.9

Aztreonam 2960 36 34.4-37.9 8322 27 25.9-27.8 1584 29 26.5-31.0 4862 39 37.2-39.9

Ceftazidime 3906 37 35.9-38.9 11146 42 40.9-42.7 2098 36 34.1-38.2 6216 53 51.8-54.3

Ciprofloxacin 3757 27 26.0-28.9 10328 43 41.7-43.6 1947 35 32.4-36.7 5628 54 53.0-55.6

 Colistin 2886 0.7 0.5-1.1 7200 0.1 0.1-0.3 1537 0.5 0.2-1.1 4246 0.1 0-0.2

Gentamicin 2866 27 25.0-28.3 7406 36 34.7-36.9 1457 24 22.3-26.7 4488 45 43.5-46.4

 Imipenem 3850 33 32.0-35.0 10743 28 27.4-29.2 1996 31 28.8-32.8 5787 43 41.3-43.9

Meropenem 3588 27 25.7-28.6 10455 27 25.7-27.4 1582 30 28.0-32.6 4776 40 38.8-41.6

 Netilmicin 2224 19 17.9-21.2 6217 30 28.9-31.2 1151 22 19.6-24.4 3686 41 39.4-42.6
Piperacillin/
 4017 24 23.0-25.6 11310 27 26.0-27.6 2082 23 21.5-25.1 6355 33 31.6-33.9
Tazobactam
 Alert pathogens confirmed at NRL, NCDC only were included in the data

 37 | P a g e",,amr31.pdf | PDF page 39 | Table 12,verified,retrieval_context
NCDC_resistance_2025_NARS-Net_p040_0239,resistance_evidence,NCDC_resistance_2025_NARS-Net,amr31.pdf,resistance,2025,NARS-Net,40,Figure 14,"Resistance profile of Pseudomonas species isolated from blood (N=4,478) by location type","Figure 14: Resistance profile of Pseudomonas species isolated from blood (N=4,478) by location type

 38 | P a g e",,amr31.pdf | PDF page 40 | Figure 14,verified,retrieval_context
NCDC_resistance_2025_NARS-Net_p042_0240,resistance_evidence,NCDC_resistance_2025_NARS-Net,amr31.pdf,resistance,2025,NARS-Net,42,Table 13,"Resistance profile of Acinetobacter species (N=22,711)","Table 13: Resistance profile of Acinetobacter species (N=22,711)

 Blood (N=8,890) OSBF (N=2,972) PA (N=6,804) Urine (N=4,045)
 Number Number Number Number
 Antibiotic Tested (%R) 95% CI (%R) 95% CI (%R) 95% CI (%R) 95% CI
 Tested Tested Tested Tested
 Amp-Sul 4144 54 52.2-55.2 1532 45 42.6-47.6 3713 60 58.7-61.9 1742 38 36.1-40.7
 Pip-Taz 7664 65 63.6-65.7 2610 58 56.2-60.1 5874 69 67.8-70.2 3265 43 41.3-44.7
 Ceftazidime 7044 75 74.2-76.2 2335 69 66.8-70.6 5037 77 76.1-78.5 2983 62 60.4-63.9
 Imipenem 7240 70 69.0-71.1 2076 62 59.9-64.1 5392 69 67.8-70.3 2873 43 41.6-45.2
 Meropenem 6159 67 65.4-67.8 2264 59 56.8-60.9 5407 66 64.9-67.5 2223 41 38.5-42.7
 Amikacin 7885 61 60.3-62.5 2648 53 50.8-54.6 5745 67 66.2-68.7 2987 42 40.7-44.2
 Gentamicin 7061 62 61.3-63.5 2548 53 51.2-55.1 5463 66 64.8-67.4 3096 42 40.2-43.7
 Ciprofloxacin 7029 64 63.1-65.3 2097 59 57.2-61.4 5331 73 71.4-73.8 2983 52 50.5-54.1
 TMP-SMX 6621 54 53.1-55.6 2215 55 52.8-56.9 4802 70 68.6-71.2 2949 45 43.5-47.1
 Colistin 5071 0.5 0.3-0.8 1855 0.1 0-0.4 3647 0.2 0.1-0.4 1764 0.2 0-0.5
 Minocycline 5346 28 26.5-29.0 1879 23 20.9-24.7 3842 32 30.4-33.3 1896 24 22.2-26.1
 Tetracycline X x x 1549 42 39.3-44.3
*Alert pathogens confirmed at NRL, NCDC only were included in the data
 TMP-SMX: Trimethoprim-Sulfamethoxazole
 Amp-Sul: Ampicillin-Sulbactam
 Pip-Taz: Piperacillin-Tazobactam

40 | P a g e",,amr31.pdf | PDF page 42 | Table 13,verified,retrieval_context
NCDC_resistance_2025_NARS-Net_p043_0241,resistance_evidence,NCDC_resistance_2025_NARS-Net,amr31.pdf,resistance,2025,NARS-Net,43,Figure 15,"Resistance profile of Acinetobacter species isolated from blood (N=8,890) by location type","Figure 15: Resistance profile of Acinetobacter species isolated from blood (N=8,890) by location type

41 | P a g e",,amr31.pdf | PDF page 43 | Figure 15,verified,retrieval_context
NCDC_resistance_2025_NARS-Net_p044_0242,resistance_evidence,NCDC_resistance_2025_NARS-Net,amr31.pdf,resistance,2025,NARS-Net,44,Table 14,Resistance profile of Vibrio cholerae (N=106),"Table 14: Resistance profile of Vibrio cholerae (N=106)

 Antibiotic Tested Number Tested Resistant (%) 95% CI

 Ampicillin 95 18 11.1-27.4
 Trimethoprim/ Sulfamethoxazole 103 18 11.7-27.6
 Azithromycin 86 5 1.5-12.1
 Chloramphenicol 91 0 0.0-5.0
 Doxycycline 88 1 0.1-7.1
 Tetracycline 96 2 0.4-8.0

1.2.4. AMR Trends

 AMR Surveillance Data from NARSNET sites has been analyzed over last 8 years from 2017
to 2025. During 2020, data reported was small in volume due to the COVID pandemic. Trend
analysis of MRSA isolated from blood showed slight increase in MRSA proportion from 59%
(2021) to 61% (2025) (Fig. 16). This increase in proportion of MRSA may be attributed to the
increase in data volume as submitted by the network sites. Trend analysis of VRE isolated from
blood showed continuous increase from 2021 (11%) to 2025 (30%) (Fig. 18). Trend analysis for
ESBL producing E. coli isolated from blood showed an increase over the last 4 years from 2021
(76%) to 2024 (81%), in 2025 the trend is similar to the previous year (80%) (Fig. 19). The trends
observed for ESBL producing Klebsiella spp. from blood specimens showed consistently high
level of resistance ranging from 81% (2021) to 84% (2024) and in 2025 similar resistance level
was observed (83%) (Fig. 19). Four-year trend analysis of carbapenemase producing Klebsiella
species has shown consistent increase (Fig 21, 22). While for other organisms like E. coli,

42 | P a g e",,amr31.pdf | PDF page 44 | Table 14,verified,retrieval_context
NCDC_resistance_2025_NARS-Net_p045_0243,resistance_evidence,NCDC_resistance_2025_NARS-Net,amr31.pdf,resistance,2025,NARS-Net,45,Figure 16,Trends of Methicillin-resistant S. aureus (MRSA) isolated from blood (2017-2025),"Figure 16: Trends of Methicillin-resistant S. aureus (MRSA) isolated from blood (2017-2025)

 7000 2%
 6282 6375
 5761 5827
 6000

 4892
 5000 4648

 4000 3519
 3303 1%
 1%
 1% 0.90% 1%
 3000

 2000

 1000
 0.20% 0.20%
 0.08%
 0 0% 0%
 2018 2019 2020 2021 2022 2023 2024 2025

 Number tested Linezolid Resistance

*Alert pathogens confirmed at NRL, NCDC only were included in the data; CLSI breakpoint for 2023-25 were considered for
analysis of linezolid resistance in S.aureus",,amr31.pdf | PDF page 45 | Figure 16,verified,retrieval_context
NCDC_resistance_2025_NARS-Net_p047_0244,resistance_evidence,NCDC_resistance_2025_NARS-Net,amr31.pdf,resistance,2025,NARS-Net,47,Figure 20,Trends of Extended-Spectrum Beta-Lactamase (ESBL) producing Klebsiella spp. in,"Figure 20: Trends of Extended-Spectrum Beta-Lactamase (ESBL) producing Klebsiella spp. in
blood (2017-2025)

 100
 2022 2023 2024 2025
 90
 Proportion of Carbapenem Resistance

 80

 70

 60

 50

 40

 30 59 62
 54
 43 47
 20 40 41
 35
 10

 0
 E.coli Klebsiella species",,amr31.pdf | PDF page 47 | Figure 20,verified,retrieval_context
NCDC_resistance_2025_NARS-Net_p050_0245,resistance_evidence,NCDC_resistance_2025_NARS-Net,amr31.pdf,resistance,2025,NARS-Net,50,Figure 23,Distribution of NDA & OXA-48 gene in Klebsiella species,"Figure 23: Distribution of NDA & OXA-48 gene in Klebsiella species

Out of 136 carbapenem-resistant Escherichia coli (CRE) isolates tested for presence of NDM and
OXA-48 carbapenemase genes by PCR, 88 (64.70%) were positive for the NDM gene, 3 (2.20%)
carried the OXA-48 gene, and 39 (28.67%) harboured both NDM and OXA-48 genes. These
findings indicate that NDM is the predominant carbapenem resistance gene among the E. coli
isolates, either alone or in combination with OXA-48.

 100
 90
 80
 70
 No of Isolates

 60
 50
 40
 30
 20
 10
 0
 NDM OXA-48 NDM & OXA-48

 AMR Determinants in CRE",,amr31.pdf | PDF page 50 | Figure 23,verified,retrieval_context
NCDC_resistance_2025_NARS-Net_p050_0246,resistance_evidence,NCDC_resistance_2025_NARS-Net,amr31.pdf,resistance,2025,NARS-Net,50,Figure 24,Distribution of NDA & OXA-48 gene in E. coli,"Figure 24: Distribution of NDA & OXA-48 gene in E. coli

 PCR to detect the presence of NDM and OXA-48 carbapenemase genes performed on
136 carbapenem-resistant Acinetobacter spp. (CRA) isolates, showed 92 isolates (67.64%)
having the NDM gene, 5 (3.67%) carried the OXA-48 gene, and 14 (10.29%) harboured both
NDM and OXA-48 genes. These findings indicate that NDM is the predominant carbapenem
resistance gene in the Acinetobacter spp. isolates.

48 | P a g e",,amr31.pdf | PDF page 50 | Figure 24,verified,retrieval_context
NCDC_resistance_2025_NARS-Net_p051_0247,resistance_evidence,NCDC_resistance_2025_NARS-Net,amr31.pdf,resistance,2025,NARS-Net,51,Figure 25,Distribution of NDA & OXA-48 gene in Acinetobacter species,"Figure 25: Distribution of NDA & OXA-48 gene in Acinetobacter species

 PCR was also performed on 98 carbapenem-resistant Pseudomonas species (CRP)
isolates to detect the presence of NDM and OXA-48 carbapenemase genes. Among the 98
isolates tested, 67 (68.36%) were positive for the NDM gene, 3 (3.06%) carried the OXA-48
gene, and 8 (8.16%) harboured both NDM and OXA-48 genes. These findings indicate that NDM
is the predominant carbapenem resistance gene among the Pseudomonas species isolates.

 80

 70

 60
 No of Isolates

 50

 40

 30

 20

 10

 0
 NDM OXA-48 NDM & OXA-48
 AMR Determinants in CRP",,amr31.pdf | PDF page 51 | Figure 25,verified,retrieval_context
NCDC_resistance_2025_NARS-Net_p052_0248,resistance_evidence,NCDC_resistance_2025_NARS-Net,amr31.pdf,resistance,2025,NARS-Net,52,Figure 27,Distribution of vanA & vanB genes in Enterococcus species,"Figure 27: Distribution of vanA & vanB genes in Enterococcus species

1.2.6. Discussion

 This report is the ninth annual report of the National AMR Surveillance Network (NARS-
Net). This report includes 2,17,513 isolates AST data submitted by 62 sites. Like the previous
year's findings, one-third of the pathogens in the AMR Surveillance data for 2025 were
Escherichia coli (31%). Among the urinary isolates, E. coli (44.5%) was the most commonly
isolated priority pathogen, and urine was the most common specimen type (45%). As
consistent with previous reports, S. aureus was most commonly isolated from pus aspirates
(67%). Klebsiella species was most commonly isolated pathogen from urine (44%) and pus
specimens (31%).

 Quality of AMR surveillance data submitted by the NARSNET sites has been ensured by
continuous hands-on laboratory and data management trainings, site support visits, monthly
data quality monitoring and feedback calls, and annual review meetings. EQAS program and
confirmation of AMR Alert isolates at AMR-NRL, CBDDR, NCDC also played an essential role in
improving data quality of NARS-Net sites. Moreover, many of the sites are strictly performing
internal quality control of media and antibiotic discs as per recommendations under the
programme.

 Compared to the previous year, the number of sites submitting data has increased from
54 to 62 sites situated in 34 states/UTs. Quality of colistin susceptibility testing has improved
over the years, as more than 50 sentinel sites have standardized and are performing colistin
50 | P a g e",,amr31.pdf | PDF page 52 | Figure 27,verified,retrieval_context
NCDC_resistance_2025_NARS-Net_p062_0249,resistance_evidence,NCDC_resistance_2025_NARS-Net,amr31.pdf,resistance,2025,NARS-Net,62,Figure 31,Bar graph representing resistance percentages of Candida spp. to fluconazole,"Figure 31: Bar graph representing resistance percentages of Candida spp. to fluconazole

2.3 Discussion

 A key finding of this surveillance report was the continued predominance of non-
albicans Candida (NAC) species, which together accounted for the majority of bloodstream
isolates. Candida tropicalis remained the leading pathogen (45%), followed by Candida albicans
(13%), Candida parapsilosis (10%), Pichia kudriavzevii (8%), and Candida auris (4%). Age-wise
analysis revealed that neonates and infants (<1 year) accounted for nearly 50% of all

60 | P a g e",,amr31.pdf | PDF page 62 | Figure 31,verified,retrieval_context
NCDC_consumption_2022_NAC-NET_p007_0250,consumption_evidence,NCDC_consumption_2022_NAC-NET,amrc(1).pdf,consumption,2022,NAC-NET,7,Figure 1,Location of National Antibiotic Consumption Network (NAC-NET) sites* ............... 8,Figure 1: Location of National Antibiotic Consumption Network (NAC-NET) sites* ............... 8,,amrc(1).pdf | PDF page 7 | Figure 1,verified,retrieval_context
NCDC_consumption_2022_NAC-NET_p007_0251,consumption_evidence,NCDC_consumption_2022_NAC-NET,amrc(1).pdf,consumption,2022,NAC-NET,7,Figure 2,Mechanism of data collection and feedback to sites ............................................ 10,Figure 2: Mechanism of data collection and feedback to sites ............................................ 10,,amrc(1).pdf | PDF page 7 | Figure 2,verified,retrieval_context
NCDC_consumption_2022_NAC-NET_p007_0252,consumption_evidence,NCDC_consumption_2022_NAC-NET,amrc(1).pdf,consumption,2022,NAC-NET,7,Table 1,NAC-NET sites with Bed strength and Bed Occupancy Rates ................................. 13,Table 1: NAC-NET sites with Bed strength and Bed Occupancy Rates ................................. 13,,amrc(1).pdf | PDF page 7 | Table 1,verified,retrieval_context
NCDC_consumption_2022_NAC-NET_p007_0253,consumption_evidence,NCDC_consumption_2022_NAC-NET,amrc(1).pdf,consumption,2022,NAC-NET,7,Figure 3,Annual antibiotic consumption of NACNET sites ................................................... 14,Figure 3: Annual antibiotic consumption of NACNET sites ................................................... 14,,amrc(1).pdf | PDF page 7 | Figure 3,verified,retrieval_context
NCDC_consumption_2022_NAC-NET_p007_0254,consumption_evidence,NCDC_consumption_2022_NAC-NET,amrc(1).pdf,consumption,2022,NAC-NET,7,Figure 4,WHO AWaRe category wise antibiotic consumption of NACNET sites ................... 15,Figure 4: WHO AWaRe category wise antibiotic consumption of NACNET sites ................... 15,,amrc(1).pdf | PDF page 7 | Figure 4,verified,retrieval_context
NCDC_consumption_2022_NAC-NET_p007_0255,consumption_evidence,NCDC_consumption_2022_NAC-NET,amrc(1).pdf,consumption,2022,NAC-NET,7,Figure 5,Top five antibiotics consumed at NACNET sites .................................................... 17,Figure 5: Top five antibiotics consumed at NACNET sites .................................................... 17,,amrc(1).pdf | PDF page 7 | Figure 5,verified,retrieval_context
NCDC_consumption_2022_NAC-NET_p007_0256,consumption_evidence,NCDC_consumption_2022_NAC-NET,amrc(1).pdf,consumption,2022,NAC-NET,7,Figure 6,Category-wise antibiotic consumption at NACNET sites ....................................... 19,Figure 6: Category-wise antibiotic consumption at NACNET sites ....................................... 19,,amrc(1).pdf | PDF page 7 | Figure 6,verified,retrieval_context
NCDC_consumption_2022_NAC-NET_p007_0257,consumption_evidence,NCDC_consumption_2022_NAC-NET,amrc(1).pdf,consumption,2022,NAC-NET,7,Figure 7,Antibiotic consumption by route of administration at NACNET sites .................... 20,Figure 7: Antibiotic consumption by route of administration at NACNET sites .................... 20,,amrc(1).pdf | PDF page 7 | Figure 7,verified,retrieval_context
NCDC_consumption_2022_NAC-NET_p007_0258,consumption_evidence,NCDC_consumption_2022_NAC-NET,amrc(1).pdf,consumption,2022,NAC-NET,7,Figure 8,Month wise antibiotic consumption during 2022 .................................................. 21,Figure 8: Month wise antibiotic consumption during 2022 .................................................. 21,,amrc(1).pdf | PDF page 7 | Figure 8,verified,retrieval_context
NCDC_consumption_2022_NAC-NET_p007_0259,consumption_evidence,NCDC_consumption_2022_NAC-NET,amrc(1).pdf,consumption,2022,NAC-NET,7,Figure 9,WHO AWaRe category- wise antibiotic consumption during 2022 ........................ 22,Figure 9: WHO AWaRe category- wise antibiotic consumption during 2022 ........................ 22,,amrc(1).pdf | PDF page 7 | Figure 9,verified,retrieval_context
NCDC_consumption_2022_NAC-NET_p007_0260,consumption_evidence,NCDC_consumption_2022_NAC-NET,amrc(1).pdf,consumption,2022,NAC-NET,7,Figure 10,Top five antibiotics consumed during 2022 ......................................................... 23,Figure 10: Top five antibiotics consumed during 2022 ......................................................... 23,,amrc(1).pdf | PDF page 7 | Figure 10,verified,retrieval_context
NCDC_consumption_2022_NAC-NET_p007_0261,consumption_evidence,NCDC_consumption_2022_NAC-NET,amrc(1).pdf,consumption,2022,NAC-NET,7,Figure 11,Category-wise antibiotic consumption during 2022 ........................................... 24,"Figure 11: Category-wise antibiotic consumption during 2022 ........................................... 24

 3",,amrc(1).pdf | PDF page 7 | Figure 11,verified,retrieval_context
NCDC_consumption_2022_NAC-NET_p012_0262,consumption_evidence,NCDC_consumption_2022_NAC-NET,amrc(1).pdf,consumption,2022,NAC-NET,12,Figure 1,Location of National Antibiotic Consumption Network (NAC-NET) sites*,"Figure 1: Location of National Antibiotic Consumption Network (NAC-NET) sites*

 Phase I sites Phase II sites Phase III sites
1 BJMC, Ahmedabad 9 GMC, Trivandrum 15 GMC, Aurangabad
2 BJMC, Pune 10 KAPVGMC, Trichy 16 OMC, Hyderabad
3 GMC, Chandigarh 11 GMC, Guwahati 17 GMC, Guntur
4 GMC, Kanpur 12 NEIGRIHMS, Shillong 18 GMC, Agartala
5 LHMC, Delhi 13 MHMMC, Indore 19 SCBMC&H, Cuttack
6 MMC & RI, Mysore 14 IGMC, Shimla 20 GMC& H, Jammu
7 SMSMC, Jaipur
8 VMMC, Delhi
 Phase IV sites Phase V sites Phase VI sites
21 PGIMS, Rohtak 26 GMC, Bhopal 30 CMCH, Coimbatore
22 RIMS, Ranchi 27 CSTM, Kolkata 31 MAMC, Delhi
23 IGIMS, Patna 28 GMERSMC&H, Valsad 32 SPMC, Bikaner
24 GMC, Haldwani 29 LLRMMC, Meerut 33 KIMS, Hubballi
25 JLNMMC, Raipur 34 IGMC&RI, Puducherry
 35 NAMOMERI, Silvassa
 * Antibiotic consumption data from thirty NAC-NET sites (marked in green) is included in this report.

 8",,amrc(1).pdf | PDF page 12 | Figure 1,verified,retrieval_context
NCDC_consumption_2022_NAC-NET_p014_0263,consumption_evidence,NCDC_consumption_2022_NAC-NET,amrc(1).pdf,consumption,2022,NAC-NET,14,Figure 2,Mechanism of data collection and feedback to sites,"Figure 2: Mechanism of data collection and feedback to sites

 Training of pharmacists
 for AMC data collection using WHO AMC tool

 Data collection at site
 Antibiotic consumption data from pharmacy collected by the pharmacist
 Bed occupancy data from Medical Records Department

 Data cleaning and analysis at site
 Preparation of CSV file for each month
 DDD extracted using the WHO AMC tool; and DDD per 100-bed-days calculated
 Consumption data & WHO AWaRe classification recorded in a master sheet

 Data review at NCDC
 Manual review to check for inconsistencies
 Site wise data monitoring and analysis using appropriate graphs - trend graphs,
 AWaRe classification, top 5 antibiotics, antibiotics used against priority pathogens

 Feedback

 10",,amrc(1).pdf | PDF page 14 | Figure 2,verified,retrieval_context
NCDC_consumption_2022_NAC-NET_p017_0264,consumption_evidence,NCDC_consumption_2022_NAC-NET,amrc(1).pdf,consumption,2022,NAC-NET,17,Table 1,NAC-NET sites with Bed strength and Bed Occupancy Rates,"Table 1: NAC-NET sites with Bed strength and Bed Occupancy Rates
 S. No. NAC-NET site Bed Occupancy Rate Bed Strength
 1 Site 1 97% 1200
 2 Site 2 61% 2300
 3 Site 3 71% 2080
 4 Site 4 97% 750
 5 Site 5 55% 605
 6 Site 6 61% 782
 7 Site 7 100% 2496
 8 Site 8 100% 1055
 9 Site 9 55.8% 877
 10 Site 10 100% 1167
 11 Site 11 100% 1267
 12 Site 12 100% 1513
 13 Site 13 90% 800
 14 Site 14 100% 2304
 15 Site 15 64% 1665
 16 Site 16 100% 2405
 17 Site 17 70% 2171
 18 Site 18 40% 695
 19 Site 19 19% 2461
 20 Site 20 82% 3677
 21 Site 21 130% 733
 22 Site 22 97% 1603
 23 Site 23 80% 925
 24 Site 24 69.4% 1000
 25 Site 25 83% 1196
 26 Site 26 100% 162
 27 Site 27 61% 1050
 28 Site 28 100% 2518
 29 Site 29 64% 3200
 30 Site 30 76% 2316
 Total Beds 46973
 Note: The sites have been assigned numbers randomly and not as per Figure 1

 13",,amrc(1).pdf | PDF page 17 | Table 1,verified,retrieval_context
NCDC_consumption_2022_NAC-NET_p018_0265,consumption_evidence,NCDC_consumption_2022_NAC-NET,amrc(1).pdf,consumption,2022,NAC-NET,18,Figure 3,Annual antibiotic consumption of NACNET sites,"Figure 3: Annual antibiotic consumption of NACNET sites

 14",,amrc(1).pdf | PDF page 18 | Figure 3,verified,retrieval_context
NCDC_consumption_2022_NAC-NET_p019_0266,consumption_evidence,NCDC_consumption_2022_NAC-NET,amrc(1).pdf,consumption,2022,NAC-NET,19,Figure 4,WHO AWaRe category wise antibiotic consumption of NACNET sites,"Figure 4: WHO AWaRe category wise antibiotic consumption of NACNET sites

 15",,amrc(1).pdf | PDF page 19 | Figure 4,verified,retrieval_context
NCDC_consumption_2022_NAC-NET_p021_0267,consumption_evidence,NCDC_consumption_2022_NAC-NET,amrc(1).pdf,consumption,2022,NAC-NET,21,Figure 5,Top five antibiotics consumed at NACNET sites,"Figure 5: Top five antibiotics consumed at NACNET sites

 17",,amrc(1).pdf | PDF page 21 | Figure 5,verified,retrieval_context
NCDC_consumption_2022_NAC-NET_p023_0268,consumption_evidence,NCDC_consumption_2022_NAC-NET,amrc(1).pdf,consumption,2022,NAC-NET,23,Figure 6,Category-wise antibiotic consumption at NACNET sites,"Figure 6: Category-wise antibiotic consumption at NACNET sites

 19",,amrc(1).pdf | PDF page 23 | Figure 6,verified,retrieval_context
NCDC_consumption_2022_NAC-NET_p024_0269,consumption_evidence,NCDC_consumption_2022_NAC-NET,amrc(1).pdf,consumption,2022,NAC-NET,24,Figure 7,Antibiotic consumption by route of administration at NACNET sites,"Figure 7: Antibiotic consumption by route of administration at NACNET sites

 20",,amrc(1).pdf | PDF page 24 | Figure 7,verified,retrieval_context
NCDC_consumption_2022_NAC-NET_p025_0270,consumption_evidence,NCDC_consumption_2022_NAC-NET,amrc(1).pdf,consumption,2022,NAC-NET,25,Figure 8,Month wise antibiotic consumption during 2022,"Figure 8: Month wise antibiotic consumption during 2022

 21",,amrc(1).pdf | PDF page 25 | Figure 8,verified,retrieval_context
NCDC_consumption_2022_NAC-NET_p026_0271,consumption_evidence,NCDC_consumption_2022_NAC-NET,amrc(1).pdf,consumption,2022,NAC-NET,26,Figure 9,WHO AWaRe category- wise antibiotic consumption during 2022,"Figure 9: WHO AWaRe category- wise antibiotic consumption during 2022

 22",,amrc(1).pdf | PDF page 26 | Figure 9,verified,retrieval_context
NCDC_consumption_2022_NAC-NET_p027_0272,consumption_evidence,NCDC_consumption_2022_NAC-NET,amrc(1).pdf,consumption,2022,NAC-NET,27,Figure 10,Top five antibiotics consumed during 2022,"Figure 10: Top five antibiotics consumed during 2022

 23",,amrc(1).pdf | PDF page 27 | Figure 10,verified,retrieval_context
NCDC_consumption_2022_NAC-NET_p028_0273,consumption_evidence,NCDC_consumption_2022_NAC-NET,amrc(1).pdf,consumption,2022,NAC-NET,28,Figure 11,Category-wise antibiotic consumption during 2022,"Figure 11: Category-wise antibiotic consumption during 2022

 24",,amrc(1).pdf | PDF page 28 | Figure 11,verified,retrieval_context
NCDC_consumption_2023_NAC-NET_p007_0274,consumption_evidence,NCDC_consumption_2023_NAC-NET,amrc(2).pdf,consumption,2023,NAC-NET,7,Figure 1,Location of National Antibiotic Consumption Network (NAC-NET) sites* ................ 8,Figure 1: Location of National Antibiotic Consumption Network (NAC-NET) sites* ................ 8,,amrc(2).pdf | PDF page 7 | Figure 1,verified,retrieval_context
NCDC_consumption_2023_NAC-NET_p007_0275,consumption_evidence,NCDC_consumption_2023_NAC-NET,amrc(2).pdf,consumption,2023,NAC-NET,7,Figure 2,Mechanism of data collection and feedback to sites ............................................. 10,Figure 2: Mechanism of data collection and feedback to sites ............................................. 10,,amrc(2).pdf | PDF page 7 | Figure 2,verified,retrieval_context
NCDC_consumption_2023_NAC-NET_p007_0276,consumption_evidence,NCDC_consumption_2023_NAC-NET,amrc(2).pdf,consumption,2023,NAC-NET,7,Table 1,NAC-NET sites with Bed strength and Bed Occupancy Rates .................................. 13,Table 1: NAC-NET sites with Bed strength and Bed Occupancy Rates .................................. 13,,amrc(2).pdf | PDF page 7 | Table 1,verified,retrieval_context
NCDC_consumption_2023_NAC-NET_p007_0277,consumption_evidence,NCDC_consumption_2023_NAC-NET,amrc(2).pdf,consumption,2023,NAC-NET,7,Figure 3,Annual antibiotic consumption of NACNET sites .................................................... 14,Figure 3: Annual antibiotic consumption of NACNET sites .................................................... 14,,amrc(2).pdf | PDF page 7 | Figure 3,verified,retrieval_context
NCDC_consumption_2023_NAC-NET_p007_0278,consumption_evidence,NCDC_consumption_2023_NAC-NET,amrc(2).pdf,consumption,2023,NAC-NET,7,Figure 4,WHO AWaRe category wise antibiotic consumption of NACNET sites .................... 15,Figure 4: WHO AWaRe category wise antibiotic consumption of NACNET sites .................... 15,,amrc(2).pdf | PDF page 7 | Figure 4,verified,retrieval_context
NCDC_consumption_2023_NAC-NET_p007_0279,consumption_evidence,NCDC_consumption_2023_NAC-NET,amrc(2).pdf,consumption,2023,NAC-NET,7,Figure 5,Top five antibiotics consumed at NACNET sites ..................................................... 17,Figure 5: Top five antibiotics consumed at NACNET sites ..................................................... 17,,amrc(2).pdf | PDF page 7 | Figure 5,verified,retrieval_context
NCDC_consumption_2023_NAC-NET_p007_0280,consumption_evidence,NCDC_consumption_2023_NAC-NET,amrc(2).pdf,consumption,2023,NAC-NET,7,Figure 6,Category-wise antibiotic consumption at NACNET sites........................................ 19,Figure 6: Category-wise antibiotic consumption at NACNET sites........................................ 19,,amrc(2).pdf | PDF page 7 | Figure 6,verified,retrieval_context
NCDC_consumption_2023_NAC-NET_p007_0281,consumption_evidence,NCDC_consumption_2023_NAC-NET,amrc(2).pdf,consumption,2023,NAC-NET,7,Figure 7,Antibiotic consumption by route of administration at NACNET sites ..................... 20,Figure 7: Antibiotic consumption by route of administration at NACNET sites ..................... 20,,amrc(2).pdf | PDF page 7 | Figure 7,verified,retrieval_context
NCDC_consumption_2023_NAC-NET_p007_0282,consumption_evidence,NCDC_consumption_2023_NAC-NET,amrc(2).pdf,consumption,2023,NAC-NET,7,Figure 8,Month wise antibiotic consumption during 2023................................................... 21,Figure 8: Month wise antibiotic consumption during 2023................................................... 21,,amrc(2).pdf | PDF page 7 | Figure 8,verified,retrieval_context
NCDC_consumption_2023_NAC-NET_p007_0283,consumption_evidence,NCDC_consumption_2023_NAC-NET,amrc(2).pdf,consumption,2023,NAC-NET,7,Figure 9,WHO AWaRe category- wise antibiotic consumption during 2023......................... 22,Figure 9: WHO AWaRe category- wise antibiotic consumption during 2023......................... 22,,amrc(2).pdf | PDF page 7 | Figure 9,verified,retrieval_context
NCDC_consumption_2023_NAC-NET_p007_0284,consumption_evidence,NCDC_consumption_2023_NAC-NET,amrc(2).pdf,consumption,2023,NAC-NET,7,Figure 10,Top five antibiotics consumed during 2023 ......................................................... 23,Figure 10: Top five antibiotics consumed during 2023 ......................................................... 23,,amrc(2).pdf | PDF page 7 | Figure 10,verified,retrieval_context
NCDC_consumption_2023_NAC-NET_p007_0285,consumption_evidence,NCDC_consumption_2023_NAC-NET,amrc(2).pdf,consumption,2023,NAC-NET,7,Figure 11,Category-wise antibiotic consumption during 2023............................................ 24,"Figure 11: Category-wise antibiotic consumption during 2023............................................ 24

 3",,amrc(2).pdf | PDF page 7 | Figure 11,verified,retrieval_context
NCDC_consumption_2023_NAC-NET_p012_0286,consumption_evidence,NCDC_consumption_2023_NAC-NET,amrc(2).pdf,consumption,2023,NAC-NET,12,Figure 1,Location of National Antibiotic Consumption Network (NAC-NET) sites*,"Figure 1: Location of National Antibiotic Consumption Network (NAC-NET) sites*

 Phase I sites Phase II sites Phase III sites
 1 BJMC, Ahmedabad 9 GMC, Trivandrum 15 GMC, Aurangabad
 2 BJMC, Pune 10 KAPVGMC, Trichy 16 OMC, Hyderabad
 3 GMC, Chandigarh 11 GMC, Guwahati 17 GMC, Guntur
 4 GMC, Kanpur 12 NEIGRIHMS, Shillong 18 GMC, Agartala
 5 LHMC, Delhi 13 MHMMC, Indore 19 SCBMC&H, Cuttack
 6 MMC & RI, Mysore 14 IGMC, Shimla 20 GMC& H, Jammu
 7 SMSMC, Jaipur
 8 VMMC, Delhi
 Phase IV sites Phase V sites Phase VI sites
 21 PGIMS, Rohtak 26 GMC, Bhopal 30 CMCH, Coimbatore
 22 RIMS, Ranchi 27 CSTM, Kolkata 31 MAMC, Delhi
 23 IGIMS, Patna 28 GMERSMC&H, Valsad 32 SPMC, Bikaner
 24 GMC, Haldwani 29 LLRMMC, Meerut 33 KIMS, Hubballi
 25 JLNMMC, Raipur 34 IGMC&RI, Puducherry
 35 NAMOMERI, Silvassa

* Antibiotic consumption data from twenty-nine NAC-NET sites (marked in green) is included in this report.

 8",,amrc(2).pdf | PDF page 12 | Figure 1,verified,retrieval_context
NCDC_consumption_2023_NAC-NET_p014_0287,consumption_evidence,NCDC_consumption_2023_NAC-NET,amrc(2).pdf,consumption,2023,NAC-NET,14,Figure 2,Mechanism of data collection and feedback to sites,"Figure 2: Mechanism of data collection and feedback to sites

 10",,amrc(2).pdf | PDF page 14 | Figure 2,verified,retrieval_context
NCDC_consumption_2023_NAC-NET_p017_0288,consumption_evidence,NCDC_consumption_2023_NAC-NET,amrc(2).pdf,consumption,2023,NAC-NET,17,Table 1,NAC-NET sites with Bed strength and Bed Occupancy Rates,"Table 1: NAC-NET sites with Bed strength and Bed Occupancy Rates
 S. No. NAC-NET site Bed Occupancy Rate Bed Strength
 1 Site 1 52% 2400
 2 Site 2 59% 2300
 3 Site 3 77% 2080
 4 Site 4 83% 950
 5 Site 5 57% 591
 6 Site 6 71% 782
 7 Site 7 100% 2496
 8 Site 8 100% 1055
 9 Site 9 55.8% 877
 10 Site 10 55% 1167
 11 Site 11 126.9% 1267
 12 Site 12 100% 1513
 13 Site 13 90% 861
 14 Site 14 83% 2776
 15 Site 15 62% 1665
 16 Site 16 100% 2873
 17 Site 17 69% 2191
 18 Site 18 70% 710
 19 Site 19 19% 2461
 20 Site 20 82% 3667
 21 Site 21 100% 733
 22 Site 22 85% 1756
 23 Site 23 78% 2000
 24 Site 24 80% 1014
 25 Site 25 86% 1296
 26 Site 26 100% 162
 27 Site 27 68% 888
 28 Site 28 100% 2518
 29 Site 29 57% 1383
 Total Beds 46432
 Note: The sites have been assigned numbers randomly and not as per Figure 1

Bed strength of the sites ranged from 162 to 3667 and bed occupancy ranged from 52% to
126.9%. For operational reasons, maximum bed occupancy has been taken as 100%.

 13",,amrc(2).pdf | PDF page 17 | Table 1,verified,retrieval_context
NCDC_consumption_2023_NAC-NET_p018_0289,consumption_evidence,NCDC_consumption_2023_NAC-NET,amrc(2).pdf,consumption,2023,NAC-NET,18,Figure 3,Annual antibiotic consumption of NACNET sites,"Figure 3: Annual antibiotic consumption of NACNET sites

AWaRe category-wise antibiotic consumption

Only two sites (one site has recorded 82% and another recorded 56%) have reported
majority of antibiotic consumption from Access category rest all sites have reported
maximum antibiotic consumption from Watch category. Five sites have reported >5%
antibiotic consumption from Reserve category of antibiotics. Eight sites have reported
>5% antibiotic consumption from WHO Not Recommended (NR) category of antibiotic of
which four sites have reported more that 10% antibiotic consumption from NR category.

 14",,amrc(2).pdf | PDF page 18 | Figure 3,verified,retrieval_context
NCDC_consumption_2023_NAC-NET_p019_0290,consumption_evidence,NCDC_consumption_2023_NAC-NET,amrc(2).pdf,consumption,2023,NAC-NET,19,Figure 4,WHO AWaRe category wise antibiotic consumption of NACNET sites,"Figure 4: WHO AWaRe category wise antibiotic consumption of NACNET sites

 15",,amrc(2).pdf | PDF page 19 | Figure 4,verified,retrieval_context
NCDC_consumption_2023_NAC-NET_p021_0291,consumption_evidence,NCDC_consumption_2023_NAC-NET,amrc(2).pdf,consumption,2023,NAC-NET,21,Figure 5,Top five antibiotics consumed at NACNET sites,"Figure 5: Top five antibiotics consumed at NACNET sites

 17",,amrc(2).pdf | PDF page 21 | Figure 5,verified,retrieval_context
NCDC_consumption_2023_NAC-NET_p023_0292,consumption_evidence,NCDC_consumption_2023_NAC-NET,amrc(2).pdf,consumption,2023,NAC-NET,23,Figure 6,Category-wise antibiotic consumption at NACNET sites,"Figure 6: Category-wise antibiotic consumption at NACNET sites

 19",,amrc(2).pdf | PDF page 23 | Figure 6,verified,retrieval_context
NCDC_consumption_2023_NAC-NET_p024_0293,consumption_evidence,NCDC_consumption_2023_NAC-NET,amrc(2).pdf,consumption,2023,NAC-NET,24,Figure 7,Antibiotic consumption by route of administration at NACNET sites,"Figure 7: Antibiotic consumption by route of administration at NACNET sites

 20",,amrc(2).pdf | PDF page 24 | Figure 7,verified,retrieval_context
NCDC_consumption_2023_NAC-NET_p025_0294,consumption_evidence,NCDC_consumption_2023_NAC-NET,amrc(2).pdf,consumption,2023,NAC-NET,25,Figure 8,Month wise antibiotic consumption during 2023,"Figure 8: Month wise antibiotic consumption during 2023

 21",,amrc(2).pdf | PDF page 25 | Figure 8,verified,retrieval_context
NCDC_consumption_2023_NAC-NET_p026_0295,consumption_evidence,NCDC_consumption_2023_NAC-NET,amrc(2).pdf,consumption,2023,NAC-NET,26,Figure 9,WHO AWaRe category- wise antibiotic consumption during 2023,"Figure 9: WHO AWaRe category- wise antibiotic consumption during 2023

 22",,amrc(2).pdf | PDF page 26 | Figure 9,verified,retrieval_context
NCDC_consumption_2023_NAC-NET_p027_0296,consumption_evidence,NCDC_consumption_2023_NAC-NET,amrc(2).pdf,consumption,2023,NAC-NET,27,Figure 10,Top five antibiotics consumed during 2023,"Figure 10: Top five antibiotics consumed during 2023

 23",,amrc(2).pdf | PDF page 27 | Figure 10,verified,retrieval_context
NCDC_consumption_2023_NAC-NET_p028_0297,consumption_evidence,NCDC_consumption_2023_NAC-NET,amrc(2).pdf,consumption,2023,NAC-NET,28,Figure 11,Category-wise antibiotic consumption during 2023,"Figure 11: Category-wise antibiotic consumption during 2023

 24",,amrc(2).pdf | PDF page 28 | Figure 11,verified,retrieval_context
NCDC_consumption_2024_NACNET_SACNET_p007_0298,consumption_evidence,NCDC_consumption_2024_NACNET_SACNET,amrc(3).pdf,consumption,2024,NACNET/SACNET,7,Figure 1,Location of National Antibiotic Consumption Network (NACNET) sites ................... 9,Figure 1: Location of National Antibiotic Consumption Network (NACNET) sites ................... 9,,amrc(3).pdf | PDF page 7 | Figure 1,verified,retrieval_context
NCDC_consumption_2024_NACNET_SACNET_p007_0299,consumption_evidence,NCDC_consumption_2024_NACNET_SACNET,amrc(3).pdf,consumption,2024,NACNET/SACNET,7,Figure 2,Location of State Antibiotic Consumption Network (SACNET) sites ........................ 10,Figure 2: Location of State Antibiotic Consumption Network (SACNET) sites ........................ 10,,amrc(3).pdf | PDF page 7 | Figure 2,verified,retrieval_context
NCDC_consumption_2024_NACNET_SACNET_p007_0300,consumption_evidence,NCDC_consumption_2024_NACNET_SACNET,amrc(3).pdf,consumption,2024,NACNET/SACNET,7,Figure 3,Mechanism of data collection and feedback to sites ............................................. 13,Figure 3: Mechanism of data collection and feedback to sites ............................................. 13,,amrc(3).pdf | PDF page 7 | Figure 3,verified,retrieval_context
NCDC_consumption_2024_NACNET_SACNET_p007_0301,consumption_evidence,NCDC_consumption_2024_NACNET_SACNET,amrc(3).pdf,consumption,2024,NACNET/SACNET,7,Table 1,NACNET & SACNET sites with Bed strength and Bed Occupancy Rates.................... 17,Table 1: NACNET & SACNET sites with Bed strength and Bed Occupancy Rates.................... 17,,amrc(3).pdf | PDF page 7 | Table 1,verified,retrieval_context
NCDC_consumption_2024_NACNET_SACNET_p007_0302,consumption_evidence,NCDC_consumption_2024_NACNET_SACNET,amrc(3).pdf,consumption,2024,NACNET/SACNET,7,Table 2,Annual antibiotic consumption for the year 2024 .................................................. 19,Table 2: Annual antibiotic consumption for the year 2024 .................................................. 19,,amrc(3).pdf | PDF page 7 | Table 2,verified,retrieval_context
NCDC_consumption_2024_NACNET_SACNET_p007_0303,consumption_evidence,NCDC_consumption_2024_NACNET_SACNET,amrc(3).pdf,consumption,2024,NACNET/SACNET,7,Figure 4a,Annual antibiotic consumption of NACNET sites .................................................. 20,Figure 4a: Annual antibiotic consumption of NACNET sites .................................................. 20,,amrc(3).pdf | PDF page 7 | Figure 4a,verified,retrieval_context
NCDC_consumption_2024_NACNET_SACNET_p007_0304,consumption_evidence,NCDC_consumption_2024_NACNET_SACNET,amrc(3).pdf,consumption,2024,NACNET/SACNET,7,Figure 4b,Annual antibiotic consumption of G-SACNET sites............................................... 21,Figure 4b: Annual antibiotic consumption of G-SACNET sites............................................... 21,,amrc(3).pdf | PDF page 7 | Figure 4b,verified,retrieval_context
NCDC_consumption_2024_NACNET_SACNET_p007_0305,consumption_evidence,NCDC_consumption_2024_NACNET_SACNET,amrc(3).pdf,consumption,2024,NACNET/SACNET,7,Figure 4c,Annual antibiotic consumption of K-SACNET sites................................................ 21,Figure 4c: Annual antibiotic consumption of K-SACNET sites................................................ 21,,amrc(3).pdf | PDF page 7 | Figure 4c,verified,retrieval_context
NCDC_consumption_2024_NACNET_SACNET_p007_0306,consumption_evidence,NCDC_consumption_2024_NACNET_SACNET,amrc(3).pdf,consumption,2024,NACNET/SACNET,7,Figure 5a,WHO AWaRe category wise antibiotic consumption of NACNET sites ................... 23,Figure 5a: WHO AWaRe category wise antibiotic consumption of NACNET sites ................... 23,,amrc(3).pdf | PDF page 7 | Figure 5a,verified,retrieval_context
NCDC_consumption_2024_NACNET_SACNET_p007_0307,consumption_evidence,NCDC_consumption_2024_NACNET_SACNET,amrc(3).pdf,consumption,2024,NACNET/SACNET,7,Figure 5b,WHO AWaRe category wise antibiotic consumption of G-SACNET sites ............... 24,Figure 5b: WHO AWaRe category wise antibiotic consumption of G-SACNET sites ............... 24,,amrc(3).pdf | PDF page 7 | Figure 5b,verified,retrieval_context
NCDC_consumption_2024_NACNET_SACNET_p007_0308,consumption_evidence,NCDC_consumption_2024_NACNET_SACNET,amrc(3).pdf,consumption,2024,NACNET/SACNET,7,Figure 5c,WHO AWaRe category wise antibiotic consumption of K-SACNET sites ................ 24,Figure 5c: WHO AWaRe category wise antibiotic consumption of K-SACNET sites ................ 24,,amrc(3).pdf | PDF page 7 | Figure 5c,verified,retrieval_context
NCDC_consumption_2024_NACNET_SACNET_p007_0309,consumption_evidence,NCDC_consumption_2024_NACNET_SACNET,amrc(3).pdf,consumption,2024,NACNET/SACNET,7,Figure 6a,NACNET sites reporting Top five antibiotics consumed ........................................ 26,Figure 6a: NACNET sites reporting Top five antibiotics consumed ........................................ 26,,amrc(3).pdf | PDF page 7 | Figure 6a,verified,retrieval_context
NCDC_consumption_2024_NACNET_SACNET_p007_0310,consumption_evidence,NCDC_consumption_2024_NACNET_SACNET,amrc(3).pdf,consumption,2024,NACNET/SACNET,7,Figure 6b,G-SACNET sites reporting Top five antibiotics consumed..................................... 27,Figure 6b: G-SACNET sites reporting Top five antibiotics consumed..................................... 27,,amrc(3).pdf | PDF page 7 | Figure 6b,verified,retrieval_context
NCDC_consumption_2024_NACNET_SACNET_p007_0311,consumption_evidence,NCDC_consumption_2024_NACNET_SACNET,amrc(3).pdf,consumption,2024,NACNET/SACNET,7,Figure 6c,K-SACNET sites reporting Top five antibiotics consumed ..................................... 28,"Figure 6c: K-SACNET sites reporting Top five antibiotics consumed ..................................... 28

 Figure 7a&7b: Category-wise antibiotic consumption at NACNET sites ................................ 30",,amrc(3).pdf | PDF page 7 | Figure 6c,verified,retrieval_context
NCDC_consumption_2024_NACNET_SACNET_p007_0312,consumption_evidence,NCDC_consumption_2024_NACNET_SACNET,amrc(3).pdf,consumption,2024,NACNET/SACNET,7,Figure 7c,Category-wise antibiotic consumption at G-SACNET sites ................................... 32,Figure 7c: Category-wise antibiotic consumption at G-SACNET sites ................................... 32,,amrc(3).pdf | PDF page 7 | Figure 7c,verified,retrieval_context
NCDC_consumption_2024_NACNET_SACNET_p007_0313,consumption_evidence,NCDC_consumption_2024_NACNET_SACNET,amrc(3).pdf,consumption,2024,NACNET/SACNET,7,Figure 7d,Category-wise antibiotic consumption at K-SACNET sites ................................... 33,Figure 7d: Category-wise antibiotic consumption at K-SACNET sites ................................... 33,,amrc(3).pdf | PDF page 7 | Figure 7d,verified,retrieval_context
NCDC_consumption_2024_NACNET_SACNET_p007_0314,consumption_evidence,NCDC_consumption_2024_NACNET_SACNET,amrc(3).pdf,consumption,2024,NACNET/SACNET,7,Figure 8a,Antibiotic consumption by route of administration at NACNET sites .................... 35,Figure 8a: Antibiotic consumption by route of administration at NACNET sites .................... 35,,amrc(3).pdf | PDF page 7 | Figure 8a,verified,retrieval_context
NCDC_consumption_2024_NACNET_SACNET_p007_0315,consumption_evidence,NCDC_consumption_2024_NACNET_SACNET,amrc(3).pdf,consumption,2024,NACNET/SACNET,7,Figure 8b,Antibiotic consumption by route of administration at G-SACNET sites ................ 36,Figure 8b: Antibiotic consumption by route of administration at G-SACNET sites ................ 36,,amrc(3).pdf | PDF page 7 | Figure 8b,verified,retrieval_context
NCDC_consumption_2024_NACNET_SACNET_p007_0316,consumption_evidence,NCDC_consumption_2024_NACNET_SACNET,amrc(3).pdf,consumption,2024,NACNET/SACNET,7,Figure 8c,Antibiotic consumption by route of administration at K-SACNET sites ................. 36,Figure 8c: Antibiotic consumption by route of administration at K-SACNET sites ................. 36,,amrc(3).pdf | PDF page 7 | Figure 8c,verified,retrieval_context
NCDC_consumption_2024_NACNET_SACNET_p007_0317,consumption_evidence,NCDC_consumption_2024_NACNET_SACNET,amrc(3).pdf,consumption,2024,NACNET/SACNET,7,Figure 9,Month wise trend of antibiotic consumption during 2024 ....................................... 37,Figure 9: Month wise trend of antibiotic consumption during 2024 ....................................... 37,,amrc(3).pdf | PDF page 7 | Figure 9,verified,retrieval_context
NCDC_consumption_2024_NACNET_SACNET_p007_0318,consumption_evidence,NCDC_consumption_2024_NACNET_SACNET,amrc(3).pdf,consumption,2024,NACNET/SACNET,7,Figure 10,WHO AWaRe category- wise antibiotic consumption during 2024 ....................... 38,Figure 10: WHO AWaRe category- wise antibiotic consumption during 2024 ....................... 38,,amrc(3).pdf | PDF page 7 | Figure 10,verified,retrieval_context
NCDC_consumption_2024_NACNET_SACNET_p007_0319,consumption_evidence,NCDC_consumption_2024_NACNET_SACNET,amrc(3).pdf,consumption,2024,NACNET/SACNET,7,Figure 11,Top five antibiotics consumed during 2024 ......................................................... 39,Figure 11: Top five antibiotics consumed during 2024 ......................................................... 39,,amrc(3).pdf | PDF page 7 | Figure 11,verified,retrieval_context
NCDC_consumption_2024_NACNET_SACNET_p007_0320,consumption_evidence,NCDC_consumption_2024_NACNET_SACNET,amrc(3).pdf,consumption,2024,NACNET/SACNET,7,Figure 12,Category-wise antibiotic consumption during 2024 ............................................ 40,"Figure 12: Category-wise antibiotic consumption during 2024 ............................................ 40

 3",,amrc(3).pdf | PDF page 7 | Figure 12,verified,retrieval_context
NCDC_consumption_2024_NACNET_SACNET_p013_0321,consumption_evidence,NCDC_consumption_2024_NACNET_SACNET,amrc(3).pdf,consumption,2024,NACNET/SACNET,13,Figure 1,Location of National Antibiotic Consumption Network (NACNET) sites,"Figure 1: Location of National Antibiotic Consumption Network (NACNET) sites

 Reporting sites
 Non reporting sites

NACNET SITES
1 BJMC, Ahmedabad 15 GMC, Aurangabad 29 LLRMMC, Meerut
2 BJMC, Pune 16 OMC, Hyderabad 30 CMCH, Coimbatore
3 GMC, Chandigarh 17 GMC, Guntur 31 MAMC, Delhi
4 GMC, Kanpur 18 GMC, Agartala 32 SPMC, Bikaner
5 LHMC, Delhi 19 SCBMC&H, Cuttack 33 KIMS, Hubballi
6 MMC & RI, Mysore 20 GMC& H, Jammu 34 IGMC&RI, Puducherry
7 SMSMC, Jaipur 21 PGIMS, Rohtak 35 NAMOMERI, Silvassa
8 VMMC, Delhi 22 RIMS, Ranchi 36 GMC, Goa
9 GMC, Trivandrum 23 IGIMS, Patna 37 SNTM, Sikkim
10 KAPVGMC, Trichy 24 GMC, Haldwani 38 GMC, Patiala
11 GMC, Guwahati 25 JLNMMC, Raipur 39 ZMC, Mizoram
12 NEIGRIHMS, Shillong 26 GMC, Bhopal 40 A&N IMS, Port Blair
13 MHMMC, Indore 27 CSTM, Kolkata
14 IGMC, Shimla 28 GMERSMC&H, Valsad
 9",,amrc(3).pdf | PDF page 13 | Figure 1,verified,retrieval_context
NCDC_consumption_2024_NACNET_SACNET_p014_0322,consumption_evidence,NCDC_consumption_2024_NACNET_SACNET,amrc(3).pdf,consumption,2024,NACNET/SACNET,14,Figure 2,Location of State Antibiotic Consumption Network (SACNET) sites,"Figure 2: Location of State Antibiotic Consumption Network (SACNET) sites

 Hub
 Spokes

 GUJARAT (G-SACNET) KERALA (K-SACNET)
1 Govt. MCH, Ahmedabad (HUB) 1 GMCH, Trivandrum (HUB)
2 GMERS MCH Vadnagar, Mahesana 2 TDMC, Alappuzha
3 GMERS MCH Dharpur, Patan 3 GMC, Kottayam
4 GMERS MCH Sola, Ahmedabad 4 GMC, Kollam
5 GMERS MCH Gandhinagar 5 GMC, Konni
6 GMERS MCH Himatnagar 6 GMC, Ernakulam
7 GMERS MCH Gotri, Vadodara 7 GMC, Idukki
8 Govt. MCH, Vadodara 8 GMC, Thrissur
9 GMERS MCH Godhara 9 GMC, Manjeri
10 GMERS MCH Rajpipala 10 GMC, Kozhikode
11 Govt. MCH, Surat 11 GMC, Pariyaram, Kannur
12 GMERS MCH Valsad 12 GMC, Wayanad
13 GMERS MCH Navsari
14 Govt. MCH, Bhavnagar
15 GMERS MCH Porbandar
16 Govt. MCH, Jamnagar
17 Govt. MCH, Rajkot
18 GMERS MCH Junagadh
19 GMERS MCH Morbi
 10",,amrc(3).pdf | PDF page 14 | Figure 2,verified,retrieval_context
NCDC_consumption_2024_NACNET_SACNET_p017_0323,consumption_evidence,NCDC_consumption_2024_NACNET_SACNET,amrc(3).pdf,consumption,2024,NACNET/SACNET,17,Figure 3,Mechanism of data collection and feedback to sites,"Figure 3: Mechanism of data collection and feedback to sites

 13",,amrc(3).pdf | PDF page 17 | Figure 3,verified,retrieval_context
NCDC_consumption_2024_NACNET_SACNET_p021_0324,consumption_evidence,NCDC_consumption_2024_NACNET_SACNET,amrc(3).pdf,consumption,2024,NACNET/SACNET,21,Table 1,NACNET and SACNET sites Bed Occupancy and Bed strength Rates,"Table 1: NACNET and SACNET sites Bed Occupancy and Bed strength Rates
S. No. Site Code Bed Strength Bed Occupancy Rate

 1 NAC 1 3200 100%
 2 NAC 2 1296 82%
 3 NAC 3 1017 79%
 4 NAC 4 1055 100%
 5 NAC 5 1431 61%
 6 NAC 6 888 64%
 7 NAC 7 2461 19%
 8 NAC 8 2873 100%
 9 NAC 9 3695 100%
 10 NAC 10 1832 79%
 11 NAC 11 2776 87%
 12 NAC 12 596 64%
 13 NAC 13 1513 100%
 14 NAC 14 873 90%
 15 NAC 15 1665 66%
 16 NAC 16 3667 82%
 17 NAC 17 1267 100%
 18 NAC 18 1413 100%
 19 NAC 19 2518 100%
 20 NAC 20 2316 68%
 21 NAC 21 2080 87%
 22 NAC 22 2191 57%
 23 NAC 23 1167 84%
 24 NAC 24 782 72%
 25 NAC 25 1340 63%
 26 NAC 26 2000 65%
 27 NAC 27 167 100%
 28 NAC 28 770 70%
 29 NAC 29 960 75%
 30 NAC 30 2300 60%
 31 NAC 31 1383 62%
 32 NAC 32 2560 100%
 33 NAC 33 2400 100%
 34 NAC 34 800 60%
 35 NAC 35 650 100%
 36 NAC 36 1491 74%
 37 NAC 37 876 100%
 38 NAC 39 413 60%

 17",,amrc(3).pdf | PDF page 21 | Table 1,verified,retrieval_context
NCDC_consumption_2024_NACNET_SACNET_p023_0325,consumption_evidence,NCDC_consumption_2024_NACNET_SACNET,amrc(3).pdf,consumption,2024,NACNET/SACNET,23,Table 2,Annual antibiotic consumption for the year 2024,"Table 2: Annual antibiotic consumption for the year 2024
 S. No. Antibiotic Consumption (DDD/100 Bed Number of sites
 Days)
 1 Up to 100 29
 2 101-200 15
 3 201-300 6
 4 301-400 5
 5 401-500 4
 6 >500 7
 Total 66

Seven sites recorded consumption below 50 DDD/100 Bed Days (5 NACNETs & 2 SACNETs)
and two sites (NACNETs) recorded consumption above 1000 DDD/100 Bed Days.

 19",,amrc(3).pdf | PDF page 23 | Table 2,verified,retrieval_context
NCDC_consumption_2024_NACNET_SACNET_p024_0326,consumption_evidence,NCDC_consumption_2024_NACNET_SACNET,amrc(3).pdf,consumption,2024,NACNET/SACNET,24,Figure 4a,Annual antibiotic consumption of NACNET sites (n=38),"Figure 4a: Annual antibiotic consumption of NACNET sites (n=38)

 1400
 1267
 1211
 1200

 1000
DDD/100 Bed Days

 800

 600
 487

 396
 400 365

 267
 200
 200 164
 130 129 125 123 117 113 108
 97 93 88 83 83 82 81 80 76 74 70 63 62 61 61 59 57 56 46 40 39
 15 12
 0

 20",,amrc(3).pdf | PDF page 24 | Figure 4a,verified,retrieval_context
NCDC_consumption_2024_NACNET_SACNET_p025_0327,consumption_evidence,NCDC_consumption_2024_NACNET_SACNET,amrc(3).pdf,consumption,2024,NACNET/SACNET,25,Figure 4b,Annual antibiotic consumption of G-SACNET sites (n=18),"Figure 4b: Annual antibiotic consumption of G-SACNET sites (n=18)

 1200

 1000
 856
DDD/100 Bed Days

 800
 590
 600
 439 421 406
 400 297 271 260 251
 213
 200 132 130 120 114
 70 69 59 59 55
 0
 GJ19 GJ15 GJ5 GJ4 GJ14 GJ11 GJ10 GJ9 GJ7 GJ6 GJ3 GJ12 GJ13 GJ16 GJ1 GJ2 GJ17 GJ8 GJ18",,amrc(3).pdf | PDF page 25 | Figure 4b,verified,retrieval_context
NCDC_consumption_2024_NACNET_SACNET_p025_0328,consumption_evidence,NCDC_consumption_2024_NACNET_SACNET,amrc(3).pdf,consumption,2024,NACNET/SACNET,25,Figure 4c,Annual antibiotic consumption of K-SACNET sites (n=12),"Figure 4c: Annual antibiotic consumption of K-SACNET sites (n=12)

 900
 800
 DDD/100 Bed Days

 700
 600 519 518 503
 500
 398
 400 325 325
 300
 194
 200 143
 113
 100 45 41 35
 0
 KL12 KL6 KL4 KL5 KL9 KL2 KL7 KL8 KL3 KL11 KL1 KL10

 21",,amrc(3).pdf | PDF page 25 | Figure 4c,verified,retrieval_context
NCDC_consumption_2024_NACNET_SACNET_p027_0329,consumption_evidence,NCDC_consumption_2024_NACNET_SACNET,amrc(3).pdf,consumption,2024,NACNET/SACNET,27,Figure 5a,WHO AWaRe category wise antibiotic consumption of NACNET sites (n=38),"Figure 5a: WHO AWaRe category wise antibiotic consumption of NACNET sites (n=38)

 100%

 90%

 80%

 70%
DDD/100 Bed Days

 60%

 50%

 40%

 30%

 20%

 10%

 0%

 Access (%) Watch (%) Reserve (%) NR (%)

 23",,amrc(3).pdf | PDF page 27 | Figure 5a,verified,retrieval_context
NCDC_consumption_2024_NACNET_SACNET_p028_0330,consumption_evidence,NCDC_consumption_2024_NACNET_SACNET,amrc(3).pdf,consumption,2024,NACNET/SACNET,28,Figure 5b,WHO AWaRe category wise antibiotic consumption of G-SACNET sites (n=19),"Figure 5b: WHO AWaRe category wise antibiotic consumption of G-SACNET sites (n=19)

 100%
 90%
 80%
 DDD/100 Bed Days

 70%
 60%
 50%
 40%
 30%
 20%
 10%
 0%

 Access (%) Watch (%) Reserve (%) NR (%)",,amrc(3).pdf | PDF page 28 | Figure 5b,verified,retrieval_context
NCDC_consumption_2024_NACNET_SACNET_p028_0331,consumption_evidence,NCDC_consumption_2024_NACNET_SACNET,amrc(3).pdf,consumption,2024,NACNET/SACNET,28,Figure 5c,WHO AWaRe category wise antibiotic consumption of K-SACNET sites (n=12),"Figure 5c: WHO AWaRe category wise antibiotic consumption of K-SACNET sites (n=12)

 100%
 90%
 80%
 DDD/100 Bed Days

 70%
 60%
 50%
 40%
 30%
 20%
 10%
 0%
 KL12 KL6 KL4 KL5 KL9 KL2 KL7 KL8 KL3 KL11 KL1 KL10

 Access (%) Watch (%) Reserve (%) NR (%)

 24",,amrc(3).pdf | PDF page 28 | Figure 5c,verified,retrieval_context
NCDC_consumption_2024_NACNET_SACNET_p030_0332,consumption_evidence,NCDC_consumption_2024_NACNET_SACNET,amrc(3).pdf,consumption,2024,NACNET/SACNET,30,Figure 6a,NACNET sites reporting top five antibiotics consumed,"Figure 6a: NACNET sites reporting top five antibiotics consumed

 2

 CEFOTAXIME
 2

 LINEZOLID

 CO-TRIMOXAZOLE
 1

 COMBINATIONS
 1

 GENTAMICIN
 1

 OFLOXACIN/ORNIDAZOLE
26
 1

 CEFTRIAXONE/SULBACTAM",,amrc(3).pdf | PDF page 30 | Figure 6a,verified,retrieval_context
NCDC_consumption_2024_NACNET_SACNET_p031_0333,consumption_evidence,NCDC_consumption_2024_NACNET_SACNET,amrc(3).pdf,consumption,2024,NACNET/SACNET,31,Figure 6b,G-SACNET sites reporting top five antibiotics consumed,"Figure 6b: G-SACNET sites reporting top five antibiotics consumed

 1

 AMIKACIN
 1

 GENTAMICIN
 1

 NORFLOXACIN
 1

 OFLOXACIN
27
 1

 CEFOPERAZONE/SULBACTAM",,amrc(3).pdf | PDF page 31 | Figure 6b,verified,retrieval_context
NCDC_consumption_2024_NACNET_SACNET_p032_0334,consumption_evidence,NCDC_consumption_2024_NACNET_SACNET,amrc(3).pdf,consumption,2024,NACNET/SACNET,32,Figure 6c,K-SACNET sites reporting top five antibiotics consumed,"Figure 6c: K-SACNET sites reporting top five antibiotics consumed

 1

 AMIKACIN

 CO-TRIMOXAZOLE
 1

 COMBINATIONS
 1

 CEFTRIAXONE
 1

 LEVOFLOXACIN
28",,amrc(3).pdf | PDF page 32 | Figure 6c,verified,retrieval_context
NCDC_consumption_2024_NACNET_SACNET_p034_0335,consumption_evidence,NCDC_consumption_2024_NACNET_SACNET,amrc(3).pdf,consumption,2024,NACNET/SACNET,34,Figure 7a,Category-wise antibiotic consumption at NACNET sites (n=35),"Figure 7a: Category-wise antibiotic consumption at NACNET sites (n=35)

 450

 400

 350

 300
DDD/100 Bed Days

 250

 200

 150

 100

 50

 0

 NAC 6
 NAC 4

 NAC 8

 NAC 5

 NAC 2

 NAC 3

 NAC 1

 NAC 9
 NAC 32
 NAC 24

 NAC 36
 NAC 28
 NAC 31
 NAC 35

 NAC 29

 NAC 22
 NAC 19
 NAC 20
 NAC 11
 NAC 26
 NAC 21

 NAC 34
 NAC 18
 NAC 25
 NAC 16
 NAC 14
 NAC 30

 NAC 10

 NAC 33
 NAC 17
 NAC 12
 NAC 23

 NAC 37
 NAC 39
 NAC 13

 Others (J01DF01+J01BA01+J01XE01+J01XB01+A07AA11+J01DI03+J01XX01) NR

 Oxazolidinones J01XX08 Carbapenems J01DH02/03/51

 Fluoroquinolones J01MA02 Macrolides J01FA10

 Cephalosporines J01DE01 Lincosamides J01FF01

 Sulfonamide-trimethoprim-combinations J01EE01 Penicillins J01CA01

 Aminoglycoside J01GB01/06 Imidazoles P01AB01

 Tetracyclines J01AA02 Beta-lactam/beta-lactamase-inhibitor J01CR

 30",,amrc(3).pdf | PDF page 34 | Figure 7a,verified,retrieval_context
NCDC_consumption_2024_NACNET_SACNET_p035_0336,consumption_evidence,NCDC_consumption_2024_NACNET_SACNET,amrc(3).pdf,consumption,2024,NACNET/SACNET,35,Figure 7b,Category-wise antibiotic consumption at NACNET sites with antibiotic consumption >500 DDD/100 Bed Days (n=3),"Figure 7b: Category-wise antibiotic consumption at NACNET sites with antibiotic consumption >500 DDD/100 Bed Days (n=3)

 1400

 1200

 1000
 DDD/100 Bed Days

 800

 600

 400

 200

 0
 NAC 27 NAC 7 NAC 15

Others (J01DF01+J01BA01+J01XE01+J01XB01+A07AA11+J01DI03+J01XX01) NR

Oxazolidinones J01XX08 Carbapenems J01DH02/03/51

Fluoroquinolones J01MA02 Macrolides J01FA10

Cephalosporines J01DE01 Lincosamides J01FF01

Sulfonamide-trimethoprim-combinations J01EE01 Penicillins J01CA01

Aminoglycoside J01GB01/06 Imidazoles P01AB01

Tetracyclines J01AA02 Beta-lactam/beta-lactamase-inhibitor J01CR

 31",,amrc(3).pdf | PDF page 35 | Figure 7b,verified,retrieval_context
NCDC_consumption_2024_NACNET_SACNET_p036_0337,consumption_evidence,NCDC_consumption_2024_NACNET_SACNET,amrc(3).pdf,consumption,2024,NACNET/SACNET,36,Figure 7c,Category-wise antibiotic consumption at G-SACNET sites (n=19),"Figure 7c: Category-wise antibiotic consumption at G-SACNET sites (n=19)

 900

 800

 700

 600
DDD/100 Bed Days

 500

 400

 300

 200

 100

 0
 GJ19 GJ15 GJ5 GJ4 GJ14 GJ11 GJ10 GJ9 GJ7 GJ6 GJ3 GJ12 GJ13 GJ16 GJ1 GJ2 GJ17 GJ8 GJ18

 Others (J01DF01+J01BA01+J01XE01+J01XB01+A07AA11+J01DI03+J01XX01) NR
 Oxazolidinones J01XX08 Carbapenems J01DH02/03/51
 Fluoroquinolones J01MA02 Macrolides J01FA10
 Cephalosporines J01DE01 Lincosamides J01FF01
 Sulfonamide-trimethoprim-combinations J01EE01 Penicillins J01CA01
 Aminoglycoside J01GB01/06 Imidazoles P01AB01
 Tetracyclines J01AA02 Beta-lactam/beta-lactamase-inhibitor J01CR

 32",,amrc(3).pdf | PDF page 36 | Figure 7c,verified,retrieval_context
NCDC_consumption_2024_NACNET_SACNET_p037_0338,consumption_evidence,NCDC_consumption_2024_NACNET_SACNET,amrc(3).pdf,consumption,2024,NACNET/SACNET,37,Figure 7d,Category-wise antibiotic consumption at K-SACNET sites (n=12),"Figure 7d: Category-wise antibiotic consumption at K-SACNET sites (n=12)

 600

 500

 400
DDD/100 Bed Days

 300

 200

 100

 0
 KL12 KL6 KL4 KL5 KL9 KL2 KL7 KL8 KL3 KL11 KL1 KL10

 Others (J01XE01+J01XA02+J01XA01+J01XB01+J01AA12+A07AA11) NR
 Oxazolidinones J01XX08 Carbapenems J01DH02/03/51
 Fluoroquinolones J01MA02 Lincosamides J01FF01
 Macrolides J01FA10 Cephalosporines J01DE01
 Sulfonamide-trimethoprim-combinations J01EE01 Penicillins J01CA01
 Aminoglycoside J01GB01/06 Imidazoles P01AB01
 Tetracyclines J01AA02 Beta-lactam/beta-lactamase-inhibitor J01CR

 33",,amrc(3).pdf | PDF page 37 | Figure 7d,verified,retrieval_context
NCDC_consumption_2024_NACNET_SACNET_p039_0339,consumption_evidence,NCDC_consumption_2024_NACNET_SACNET,amrc(3).pdf,consumption,2024,NACNET/SACNET,39,Figure 8a,Antibiotic consumption by route of administration at NACNET sites (n=38),"Figure 8a: Antibiotic consumption by route of administration at NACNET sites (n=38)

 NAC 3
 NAC 10
 NAC 1
 NAC 33
 NAC 17
 NAC 12
 NAC 23
 NAC 9
 NAC 37
35

 NAC 39",,amrc(3).pdf | PDF page 39 | Figure 8a,verified,retrieval_context
NCDC_consumption_2024_NACNET_SACNET_p040_0340,consumption_evidence,NCDC_consumption_2024_NACNET_SACNET,amrc(3).pdf,consumption,2024,NACNET/SACNET,40,Figure 8b,Antibiotic consumption by route of administration at G-SACNET sites (n=19),"Figure 8b: Antibiotic consumption by route of administration at G-SACNET sites (n=19)

 100%
 90%
 80%
DDD/100 Bed Days

 70%
 60%
 50%
 40%
 30%
 20%
 10%
 0%

 ORAL PARENTRAL",,amrc(3).pdf | PDF page 40 | Figure 8b,verified,retrieval_context
NCDC_consumption_2024_NACNET_SACNET_p040_0341,consumption_evidence,NCDC_consumption_2024_NACNET_SACNET,amrc(3).pdf,consumption,2024,NACNET/SACNET,40,Figure 8c,Antibiotic consumption by route of administration at K-SACNET sites (n=12),"Figure 8c: Antibiotic consumption by route of administration at K-SACNET sites (n=12)

 100%
 90%
 80%
 70%
DDD/100 Bed Days

 60%
 50%
 40%
 30%
 20%
 10%
 0%
 KL12 KL6 KL4 KL5 KL9 KL2 KL7 KL8 KL3 KL11 KL1 KL10

 ORAL PARENTRAL

 36",,amrc(3).pdf | PDF page 40 | Figure 8c,verified,retrieval_context
NCDC_consumption_2024_NACNET_SACNET_p041_0342,consumption_evidence,NCDC_consumption_2024_NACNET_SACNET,amrc(3).pdf,consumption,2024,NACNET/SACNET,41,Figure 9,Month-wise antibiotic consumption during 2024,"Figure 9: Month-wise antibiotic consumption during 2024

 160

 145.9
 140

 120
 DDD/100 Bed Days

 100

 80
 76.6
 73.0
 73 74
 60

 40

 20

 0

 Monthly Annual

 Note: The month-wise trend is for 35 NACNET sites as 3 sites submitted annual data only

 37",,amrc(3).pdf | PDF page 41 | Figure 9,verified,retrieval_context
NCDC_consumption_2024_NACNET_SACNET_p042_0343,consumption_evidence,NCDC_consumption_2024_NACNET_SACNET,amrc(3).pdf,consumption,2024,NACNET/SACNET,42,Figure 10,WHO AWaRe category- wise antibiotic consumption during 2024,"Figure 10: WHO AWaRe category- wise antibiotic consumption during 2024

 2.9, 2% 3.9, 3%

 55.1, 42%

 70.9, 53%

 Access
 Watch
 Reserve
 NR

 38",,amrc(3).pdf | PDF page 42 | Figure 10,verified,retrieval_context
NCDC_consumption_2024_NACNET_SACNET_p043_0344,consumption_evidence,NCDC_consumption_2024_NACNET_SACNET,amrc(3).pdf,consumption,2024,NACNET/SACNET,43,Figure 11,Top 5 Antibiotics consumed during the year 2024,"Figure 11: Top 5 Antibiotics consumed during the year 2024

 30

 25.1
 25 23.1
DDD/100 Bed Days

 20

 15
 11.8 11.3 11
 10

 5

 0
 AZITHROMYCIN AMOXICILLIN & DOXYCYCLINE CEFTRIAXONE CEFIXIME
 CLAVULANIC
 ACID

 39",,amrc(3).pdf | PDF page 43 | Figure 11,verified,retrieval_context
NCDC_consumption_2024_NACNET_SACNET_p044_0345,consumption_evidence,NCDC_consumption_2024_NACNET_SACNET,amrc(3).pdf,consumption,2024,NACNET/SACNET,44,Figure 12,Category-wise antibiotic consumption during 2024,"Figure 12: Category-wise antibiotic consumption during 2024

 40",,amrc(3).pdf | PDF page 44 | Figure 12,verified,retrieval_context
