canonical_indicator,organism,country,DIM_GEO_CODE_M49,year,value_percent,value_label,definition,source_indicator_code,VALUE_PROVENANCE,DIM_VALUE_TYPE,DIM_PUBLISH_STATE_CODE,unit,source
E_coli_3GC_resistance,Escherichia coli,Algeria,12,2023,55.36,55.4,"Percentage of bloodstream infection due to  Escherichia coli resistant to 3rd-generation cephalosporin (e.g., ESBL- E. coli) among patients seeking care and whose blood sample is taken and tested. AMR Surveillance National Coordinating Center",AMR_INFECT_ECOLI,,RATE_PER_100,PUBLISHED,percent,WHO RELAY / GLASS AMR indicator export
E_coli_3GC_resistance,Escherichia coli,Argentina,32,2017,18.4,18.4,"Percentage of bloodstream infection due to  Escherichia coli resistant to 3rd-generation cephalosporin (e.g., ESBL- E. coli) among patients seeking care and whose blood sample is taken and tested. AMR Surveillance National Coordinating Center",AMR_INFECT_ECOLI,,RATE_PER_100,PUBLISHED,percent,WHO RELAY / GLASS AMR indicator export
E_coli_3GC_resistance,Escherichia coli,Argentina,32,2018,20.0,20,"Percentage of bloodstream infection due to  Escherichia coli resistant to 3rd-generation cephalosporin (e.g., ESBL- E. coli) among patients seeking care and whose blood sample is taken and tested. AMR Surveillance National Coordinating Center",AMR_INFECT_ECOLI,,RATE_PER_100,PUBLISHED,percent,WHO RELAY / GLASS AMR indicator export
E_coli_3GC_resistance,Escherichia coli,Argentina,32,2019,18.98,19,"Percentage of bloodstream infection due to  Escherichia coli resistant to 3rd-generation cephalosporin (e.g., ESBL- E. coli) among patients seeking care and whose blood sample is taken and tested. AMR Surveillance National Coordinating Center",AMR_INFECT_ECOLI,,RATE_PER_100,PUBLISHED,percent,WHO RELAY / GLASS AMR indicator export
E_coli_3GC_resistance,Escherichia coli,Argentina,32,2020,21.21,21.2,"Percentage of bloodstream infection due to  Escherichia coli resistant to 3rd-generation cephalosporin (e.g., ESBL- E. coli) among patients seeking care and whose blood sample is taken and tested. AMR Surveillance National Coordinating Center",AMR_INFECT_ECOLI,,RATE_PER_100,PUBLISHED,percent,WHO RELAY / GLASS AMR indicator export
E_coli_3GC_resistance,Escherichia coli,Argentina,32,2021,19.76,19.8,"Percentage of bloodstream infection due to  Escherichia coli resistant to 3rd-generation cephalosporin (e.g., ESBL- E. coli) among patients seeking care and whose blood sample is taken and tested. AMR Surveillance National Coordinating Center",AMR_INFECT_ECOLI,,RATE_PER_100,PUBLISHED,percent,WHO RELAY / GLASS AMR indicator export
E_coli_3GC_resistance,Escherichia coli,Argentina,32,2022,22.47,22.5,"Percentage of bloodstream infection due to  Escherichia coli resistant to 3rd-generation cephalosporin (e.g., ESBL- E. coli) among patients seeking care and whose blood sample is taken and tested. AMR Surveillance National Coordinating Center",AMR_INFECT_ECOLI,,RATE_PER_100,PUBLISHED,percent,WHO RELAY / GLASS AMR indicator export
E_coli_3GC_resistance,Escherichia coli,Argentina,32,2023,21.34,21.3,"Percentage of bloodstream infection due to  Escherichia coli resistant to 3rd-generation cephalosporin (e.g., ESBL- E. coli) among patients seeking care and whose blood sample is taken and tested. AMR Surveillance National Coordinating Center",AMR_INFECT_ECOLI,,RATE_PER_100,PUBLISHED,percent,WHO RELAY / GLASS AMR indicator export
E_coli_3GC_resistance,Escherichia coli,Australia,36,2019,13.29,13.3,"Percentage of bloodstream infection due to  Escherichia coli resistant to 3rd-generation cephalosporin (e.g., ESBL- E. coli) among patients seeking care and whose blood sample is taken and tested. AMR Surveillance National Coordinating Center",AMR_INFECT_ECOLI,,RATE_PER_100,PUBLISHED,percent,WHO RELAY / GLASS AMR indicator export
E_coli_3GC_resistance,Escherichia coli,Australia,36,2020,13.36,13.4,"Percentage of bloodstream infection due to  Escherichia coli resistant to 3rd-generation cephalosporin (e.g., ESBL- E. coli) among patients seeking care and whose blood sample is taken and tested. AMR Surveillance National Coordinating Center",AMR_INFECT_ECOLI,,RATE_PER_100,PUBLISHED,percent,WHO RELAY / GLASS AMR indicator export
E_coli_3GC_resistance,Escherichia coli,Australia,36,2021,12.46,12.5,"Percentage of bloodstream infection due to  Escherichia coli resistant to 3rd-generation cephalosporin (e.g., ESBL- E. coli) among patients seeking care and whose blood sample is taken and tested. AMR Surveillance National Coordinating Center",AMR_INFECT_ECOLI,,RATE_PER_100,PUBLISHED,percent,WHO RELAY / GLASS AMR indicator export
E_coli_3GC_resistance,Escherichia coli,Australia,36,2022,12.68,12.7,"Percentage of bloodstream infection due to  Escherichia coli resistant to 3rd-generation cephalosporin (e.g., ESBL- E. coli) among patients seeking care and whose blood sample is taken and tested. AMR Surveillance National Coordinating Center",AMR_INFECT_ECOLI,,RATE_PER_100,PUBLISHED,percent,WHO RELAY / GLASS AMR indicator export
E_coli_3GC_resistance,Escherichia coli,Australia,36,2023,12.4,12.4,"Percentage of bloodstream infection due to  Escherichia coli resistant to 3rd-generation cephalosporin (e.g., ESBL- E. coli) among patients seeking care and whose blood sample is taken and tested. AMR Surveillance National Coordinating Center",AMR_INFECT_ECOLI,,RATE_PER_100,PUBLISHED,percent,WHO RELAY / GLASS AMR indicator export
E_coli_3GC_resistance,Escherichia coli,Austria,40,2017,9.6,9.6,"Percentage of bloodstream infection due to  Escherichia coli resistant to 3rd-generation cephalosporin (e.g., ESBL- E. coli) among patients seeking care and whose blood sample is taken and tested. AMR Surveillance National Coordinating Center",AMR_INFECT_ECOLI,,RATE_PER_100,PUBLISHED,percent,WHO RELAY / GLASS AMR indicator export
E_coli_3GC_resistance,Escherichia coli,Austria,40,2018,10.2,10.2,"Percentage of bloodstream infection due to  Escherichia coli resistant to 3rd-generation cephalosporin (e.g., ESBL- E. coli) among patients seeking care and whose blood sample is taken and tested. AMR Surveillance National Coordinating Center",AMR_INFECT_ECOLI,,RATE_PER_100,PUBLISHED,percent,WHO RELAY / GLASS AMR indicator export
E_coli_3GC_resistance,Escherichia coli,Austria,40,2019,9.06,9.1,"Percentage of bloodstream infection due to  Escherichia coli resistant to 3rd-generation cephalosporin (e.g., ESBL- E. coli) among patients seeking care and whose blood sample is taken and tested. AMR Surveillance National Coordinating Center",AMR_INFECT_ECOLI,,RATE_PER_100,PUBLISHED,percent,WHO RELAY / GLASS AMR indicator export
E_coli_3GC_resistance,Escherichia coli,Austria,40,2020,9.43,9.4,"Percentage of bloodstream infection due to  Escherichia coli resistant to 3rd-generation cephalosporin (e.g., ESBL- E. coli) among patients seeking care and whose blood sample is taken and tested. AMR Surveillance National Coordinating Center",AMR_INFECT_ECOLI,,RATE_PER_100,PUBLISHED,percent,WHO RELAY / GLASS AMR indicator export
E_coli_3GC_resistance,Escherichia coli,Austria,40,2021,8.16,8.2,"Percentage of bloodstream infection due to  Escherichia coli resistant to 3rd-generation cephalosporin (e.g., ESBL- E. coli) among patients seeking care and whose blood sample is taken and tested. AMR Surveillance National Coordinating Center",AMR_INFECT_ECOLI,,RATE_PER_100,PUBLISHED,percent,WHO RELAY / GLASS AMR indicator export
E_coli_3GC_resistance,Escherichia coli,Austria,40,2022,8.13,8.1,"Percentage of bloodstream infection due to  Escherichia coli resistant to 3rd-generation cephalosporin (e.g., ESBL- E. coli) among patients seeking care and whose blood sample is taken and tested. AMR Surveillance National Coordinating Center",AMR_INFECT_ECOLI,,RATE_PER_100,PUBLISHED,percent,WHO RELAY / GLASS AMR indicator export
E_coli_3GC_resistance,Escherichia coli,Austria,40,2023,16.14,16.1,"Percentage of bloodstream infection due to  Escherichia coli resistant to 3rd-generation cephalosporin (e.g., ESBL- E. coli) among patients seeking care and whose blood sample is taken and tested. AMR Surveillance National Coordinating Center",AMR_INFECT_ECOLI,,RATE_PER_100,PUBLISHED,percent,WHO RELAY / GLASS AMR indicator export
E_coli_3GC_resistance,Escherichia coli,Bahrain,48,2017,50.0,50,"Percentage of bloodstream infection due to  Escherichia coli resistant to 3rd-generation cephalosporin (e.g., ESBL- E. coli) among patients seeking care and whose blood sample is taken and tested. AMR Surveillance National Coordinating Center",AMR_INFECT_ECOLI,,RATE_PER_100,PUBLISHED,percent,WHO RELAY / GLASS AMR indicator export
E_coli_3GC_resistance,Escherichia coli,Bahrain,48,2018,43.2,43.2,"Percentage of bloodstream infection due to  Escherichia coli resistant to 3rd-generation cephalosporin (e.g., ESBL- E. coli) among patients seeking care and whose blood sample is taken and tested. AMR Surveillance National Coordinating Center",AMR_INFECT_ECOLI,,RATE_PER_100,PUBLISHED,percent,WHO RELAY / GLASS AMR indicator export
E_coli_3GC_resistance,Escherichia coli,Bahrain,48,2019,53.81,53.8,"Percentage of bloodstream infection due to  Escherichia coli resistant to 3rd-generation cephalosporin (e.g., ESBL- E. coli) among patients seeking care and whose blood sample is taken and tested. AMR Surveillance National Coordinating Center",AMR_INFECT_ECOLI,,RATE_PER_100,PUBLISHED,percent,WHO RELAY / GLASS AMR indicator export
E_coli_3GC_resistance,Escherichia coli,Bahrain,48,2020,59.06,59.1,"Percentage of bloodstream infection due to  Escherichia coli resistant to 3rd-generation cephalosporin (e.g., ESBL- E. coli) among patients seeking care and whose blood sample is taken and tested. AMR Surveillance National Coordinating Center",AMR_INFECT_ECOLI,,RATE_PER_100,PUBLISHED,percent,WHO RELAY / GLASS AMR indicator export
E_coli_3GC_resistance,Escherichia coli,Bahrain,48,2021,57.81,57.8,"Percentage of bloodstream infection due to  Escherichia coli resistant to 3rd-generation cephalosporin (e.g., ESBL- E. coli) among patients seeking care and whose blood sample is taken and tested. AMR Surveillance National Coordinating Center",AMR_INFECT_ECOLI,,RATE_PER_100,PUBLISHED,percent,WHO RELAY / GLASS AMR indicator export
E_coli_3GC_resistance,Escherichia coli,Bahrain,48,2022,62.96,63,"Percentage of bloodstream infection due to  Escherichia coli resistant to 3rd-generation cephalosporin (e.g., ESBL- E. coli) among patients seeking care and whose blood sample is taken and tested. AMR Surveillance National Coordinating Center",AMR_INFECT_ECOLI,,RATE_PER_100,PUBLISHED,percent,WHO RELAY / GLASS AMR indicator export
E_coli_3GC_resistance,Escherichia coli,Bahrain,48,2023,57.14,57.1,"Percentage of bloodstream infection due to  Escherichia coli resistant to 3rd-generation cephalosporin (e.g., ESBL- E. coli) among patients seeking care and whose blood sample is taken and tested. AMR Surveillance National Coordinating Center",AMR_INFECT_ECOLI,,RATE_PER_100,PUBLISHED,percent,WHO RELAY / GLASS AMR indicator export
E_coli_3GC_resistance,Escherichia coli,Bangladesh,50,2018,70.0,70,"Percentage of bloodstream infection due to  Escherichia coli resistant to 3rd-generation cephalosporin (e.g., ESBL- E. coli) among patients seeking care and whose blood sample is taken and tested. AMR Surveillance National Coordinating Center",AMR_INFECT_ECOLI,,RATE_PER_100,PUBLISHED,percent,WHO RELAY / GLASS AMR indicator export
E_coli_3GC_resistance,Escherichia coli,Bangladesh,50,2019,93.1,93.1,"Percentage of bloodstream infection due to  Escherichia coli resistant to 3rd-generation cephalosporin (e.g., ESBL- E. coli) among patients seeking care and whose blood sample is taken and tested. AMR Surveillance National Coordinating Center",AMR_INFECT_ECOLI,,RATE_PER_100,PUBLISHED,percent,WHO RELAY / GLASS AMR indicator export
E_coli_3GC_resistance,Escherichia coli,Bangladesh,50,2022,90.0,90,"Percentage of bloodstream infection due to  Escherichia coli resistant to 3rd-generation cephalosporin (e.g., ESBL- E. coli) among patients seeking care and whose blood sample is taken and tested. AMR Surveillance National Coordinating Center",AMR_INFECT_ECOLI,,RATE_PER_100,PUBLISHED,percent,WHO RELAY / GLASS AMR indicator export
E_coli_3GC_resistance,Escherichia coli,Bangladesh,50,2023,79.17,79.2,"Percentage of bloodstream infection due to  Escherichia coli resistant to 3rd-generation cephalosporin (e.g., ESBL- E. coli) among patients seeking care and whose blood sample is taken and tested. AMR Surveillance National Coordinating Center",AMR_INFECT_ECOLI,,RATE_PER_100,PUBLISHED,percent,WHO RELAY / GLASS AMR indicator export
E_coli_3GC_resistance,Escherichia coli,Belgium,56,2020,10.33,10.3,"Percentage of bloodstream infection due to  Escherichia coli resistant to 3rd-generation cephalosporin (e.g., ESBL- E. coli) among patients seeking care and whose blood sample is taken and tested. AMR Surveillance National Coordinating Center",AMR_INFECT_ECOLI,,RATE_PER_100,PUBLISHED,percent,WHO RELAY / GLASS AMR indicator export
E_coli_3GC_resistance,Escherichia coli,Belgium,56,2021,8.33,8.3,"Percentage of bloodstream infection due to  Escherichia coli resistant to 3rd-generation cephalosporin (e.g., ESBL- E. coli) among patients seeking care and whose blood sample is taken and tested. AMR Surveillance National Coordinating Center",AMR_INFECT_ECOLI,,RATE_PER_100,PUBLISHED,percent,WHO RELAY / GLASS AMR indicator export
E_coli_3GC_resistance,Escherichia coli,Belgium,56,2022,8.9,8.9,"Percentage of bloodstream infection due to  Escherichia coli resistant to 3rd-generation cephalosporin (e.g., ESBL- E. coli) among patients seeking care and whose blood sample is taken and tested. AMR Surveillance National Coordinating Center",AMR_INFECT_ECOLI,,RATE_PER_100,PUBLISHED,percent,WHO RELAY / GLASS AMR indicator export
E_coli_3GC_resistance,Escherichia coli,Belgium,56,2023,10.44,10.4,"Percentage of bloodstream infection due to  Escherichia coli resistant to 3rd-generation cephalosporin (e.g., ESBL- E. coli) among patients seeking care and whose blood sample is taken and tested. AMR Surveillance National Coordinating Center",AMR_INFECT_ECOLI,,RATE_PER_100,PUBLISHED,percent,WHO RELAY / GLASS AMR indicator export
E_coli_3GC_resistance,Escherichia coli,Benin,204,2022,73.08,73.1,"Percentage of bloodstream infection due to  Escherichia coli resistant to 3rd-generation cephalosporin (e.g., ESBL- E. coli) among patients seeking care and whose blood sample is taken and tested. AMR Surveillance National Coordinating Center",AMR_INFECT_ECOLI,,RATE_PER_100,PUBLISHED,percent,WHO RELAY / GLASS AMR indicator export
E_coli_3GC_resistance,Escherichia coli,Benin,204,2023,76.88,76.9,"Percentage of bloodstream infection due to  Escherichia coli resistant to 3rd-generation cephalosporin (e.g., ESBL- E. coli) among patients seeking care and whose blood sample is taken and tested. AMR Surveillance National Coordinating Center",AMR_INFECT_ECOLI,,RATE_PER_100,PUBLISHED,percent,WHO RELAY / GLASS AMR indicator export
E_coli_3GC_resistance,Escherichia coli,Bhutan,64,2019,56.78,56.8,"Percentage of bloodstream infection due to  Escherichia coli resistant to 3rd-generation cephalosporin (e.g., ESBL- E. coli) among patients seeking care and whose blood sample is taken and tested. AMR Surveillance National Coordinating Center",AMR_INFECT_ECOLI,,RATE_PER_100,PUBLISHED,percent,WHO RELAY / GLASS AMR indicator export
E_coli_3GC_resistance,Escherichia coli,Bhutan,64,2020,53.93,53.9,"Percentage of bloodstream infection due to  Escherichia coli resistant to 3rd-generation cephalosporin (e.g., ESBL- E. coli) among patients seeking care and whose blood sample is taken and tested. AMR Surveillance National Coordinating Center",AMR_INFECT_ECOLI,,RATE_PER_100,PUBLISHED,percent,WHO RELAY / GLASS AMR indicator export
E_coli_3GC_resistance,Escherichia coli,Bhutan,64,2023,80.56,80.6,"Percentage of bloodstream infection due to  Escherichia coli resistant to 3rd-generation cephalosporin (e.g., ESBL- E. coli) among patients seeking care and whose blood sample is taken and tested. AMR Surveillance National Coordinating Center",AMR_INFECT_ECOLI,,RATE_PER_100,PUBLISHED,percent,WHO RELAY / GLASS AMR indicator export
E_coli_3GC_resistance,Escherichia coli,Bosnia and Herzegovina,70,2016,22.7,22.7,"Percentage of bloodstream infection due to  Escherichia coli resistant to 3rd-generation cephalosporin (e.g., ESBL- E. coli) among patients seeking care and whose blood sample is taken and tested. AMR Surveillance National Coordinating Center",AMR_INFECT_ECOLI,,RATE_PER_100,PUBLISHED,percent,WHO RELAY / GLASS AMR indicator export
E_coli_3GC_resistance,Escherichia coli,Bosnia and Herzegovina,70,2017,24.9,24.9,"Percentage of bloodstream infection due to  Escherichia coli resistant to 3rd-generation cephalosporin (e.g., ESBL- E. coli) among patients seeking care and whose blood sample is taken and tested. AMR Surveillance National Coordinating Center",AMR_INFECT_ECOLI,,RATE_PER_100,PUBLISHED,percent,WHO RELAY / GLASS AMR indicator export
E_coli_3GC_resistance,Escherichia coli,Bosnia and Herzegovina,70,2018,20.2,20.2,"Percentage of bloodstream infection due to  Escherichia coli resistant to 3rd-generation cephalosporin (e.g., ESBL- E. coli) among patients seeking care and whose blood sample is taken and tested. AMR Surveillance National Coordinating Center",AMR_INFECT_ECOLI,,RATE_PER_100,PUBLISHED,percent,WHO RELAY / GLASS AMR indicator export
E_coli_3GC_resistance,Escherichia coli,Bosnia and Herzegovina,70,2019,20.34,20.3,"Percentage of bloodstream infection due to  Escherichia coli resistant to 3rd-generation cephalosporin (e.g., ESBL- E. coli) among patients seeking care and whose blood sample is taken and tested. AMR Surveillance National Coordinating Center",AMR_INFECT_ECOLI,,RATE_PER_100,PUBLISHED,percent,WHO RELAY / GLASS AMR indicator export
E_coli_3GC_resistance,Escherichia coli,Bosnia and Herzegovina,70,2020,23.46,23.5,"Percentage of bloodstream infection due to  Escherichia coli resistant to 3rd-generation cephalosporin (e.g., ESBL- E. coli) among patients seeking care and whose blood sample is taken and tested. AMR Surveillance National Coordinating Center",AMR_INFECT_ECOLI,,RATE_PER_100,PUBLISHED,percent,WHO RELAY / GLASS AMR indicator export
E_coli_3GC_resistance,Escherichia coli,Bosnia and Herzegovina,70,2021,28.86,28.9,"Percentage of bloodstream infection due to  Escherichia coli resistant to 3rd-generation cephalosporin (e.g., ESBL- E. coli) among patients seeking care and whose blood sample is taken and tested. AMR Surveillance National Coordinating Center",AMR_INFECT_ECOLI,,RATE_PER_100,PUBLISHED,percent,WHO RELAY / GLASS AMR indicator export
E_coli_3GC_resistance,Escherichia coli,Bosnia and Herzegovina,70,2022,26.81,26.8,"Percentage of bloodstream infection due to  Escherichia coli resistant to 3rd-generation cephalosporin (e.g., ESBL- E. coli) among patients seeking care and whose blood sample is taken and tested. AMR Surveillance National Coordinating Center",AMR_INFECT_ECOLI,,RATE_PER_100,PUBLISHED,percent,WHO RELAY / GLASS AMR indicator export
E_coli_3GC_resistance,Escherichia coli,Bosnia and Herzegovina,70,2023,22.29,22.3,"Percentage of bloodstream infection due to  Escherichia coli resistant to 3rd-generation cephalosporin (e.g., ESBL- E. coli) among patients seeking care and whose blood sample is taken and tested. AMR Surveillance National Coordinating Center",AMR_INFECT_ECOLI,,RATE_PER_100,PUBLISHED,percent,WHO RELAY / GLASS AMR indicator export
E_coli_3GC_resistance,Escherichia coli,Brazil,76,2018,15.9,15.9,"Percentage of bloodstream infection due to  Escherichia coli resistant to 3rd-generation cephalosporin (e.g., ESBL- E. coli) among patients seeking care and whose blood sample is taken and tested. AMR Surveillance National Coordinating Center",AMR_INFECT_ECOLI,,RATE_PER_100,PUBLISHED,percent,WHO RELAY / GLASS AMR indicator export
E_coli_3GC_resistance,Escherichia coli,Brazil,76,2019,27.74,27.7,"Percentage of bloodstream infection due to  Escherichia coli resistant to 3rd-generation cephalosporin (e.g., ESBL- E. coli) among patients seeking care and whose blood sample is taken and tested. AMR Surveillance National Coordinating Center",AMR_INFECT_ECOLI,,RATE_PER_100,PUBLISHED,percent,WHO RELAY / GLASS AMR indicator export
E_coli_3GC_resistance,Escherichia coli,Brazil,76,2020,32.46,32.5,"Percentage of bloodstream infection due to  Escherichia coli resistant to 3rd-generation cephalosporin (e.g., ESBL- E. coli) among patients seeking care and whose blood sample is taken and tested. AMR Surveillance National Coordinating Center",AMR_INFECT_ECOLI,,RATE_PER_100,PUBLISHED,percent,WHO RELAY / GLASS AMR indicator export
E_coli_3GC_resistance,Escherichia coli,Brazil,76,2021,25.58,25.6,"Percentage of bloodstream infection due to  Escherichia coli resistant to 3rd-generation cephalosporin (e.g., ESBL- E. coli) among patients seeking care and whose blood sample is taken and tested. AMR Surveillance National Coordinating Center",AMR_INFECT_ECOLI,,RATE_PER_100,PUBLISHED,percent,WHO RELAY / GLASS AMR indicator export
E_coli_3GC_resistance,Escherichia coli,Brazil,76,2022,36.26,36.3,"Percentage of bloodstream infection due to  Escherichia coli resistant to 3rd-generation cephalosporin (e.g., ESBL- E. coli) among patients seeking care and whose blood sample is taken and tested. AMR Surveillance National Coordinating Center",AMR_INFECT_ECOLI,,RATE_PER_100,PUBLISHED,percent,WHO RELAY / GLASS AMR indicator export
E_coli_3GC_resistance,Escherichia coli,Brazil,76,2023,34.38,34.4,"Percentage of bloodstream infection due to  Escherichia coli resistant to 3rd-generation cephalosporin (e.g., ESBL- E. coli) among patients seeking care and whose blood sample is taken and tested. AMR Surveillance National Coordinating Center",AMR_INFECT_ECOLI,,RATE_PER_100,PUBLISHED,percent,WHO RELAY / GLASS AMR indicator export
E_coli_3GC_resistance,Escherichia coli,Brunei Darussalam,96,2019,17.24,17.2,"Percentage of bloodstream infection due to  Escherichia coli resistant to 3rd-generation cephalosporin (e.g., ESBL- E. coli) among patients seeking care and whose blood sample is taken and tested. AMR Surveillance National Coordinating Center",AMR_INFECT_ECOLI,,RATE_PER_100,PUBLISHED,percent,WHO RELAY / GLASS AMR indicator export
E_coli_3GC_resistance,Escherichia coli,Brunei Darussalam,96,2020,17.3,17.3,"Percentage of bloodstream infection due to  Escherichia coli resistant to 3rd-generation cephalosporin (e.g., ESBL- E. coli) among patients seeking care and whose blood sample is taken and tested. AMR Surveillance National Coordinating Center",AMR_INFECT_ECOLI,,RATE_PER_100,PUBLISHED,percent,WHO RELAY / GLASS AMR indicator export
E_coli_3GC_resistance,Escherichia coli,Brunei Darussalam,96,2021,12.58,12.6,"Percentage of bloodstream infection due to  Escherichia coli resistant to 3rd-generation cephalosporin (e.g., ESBL- E. coli) among patients seeking care and whose blood sample is taken and tested. AMR Surveillance National Coordinating Center",AMR_INFECT_ECOLI,,RATE_PER_100,PUBLISHED,percent,WHO RELAY / GLASS AMR indicator export
E_coli_3GC_resistance,Escherichia coli,Brunei Darussalam,96,2022,15.6,15.6,"Percentage of bloodstream infection due to  Escherichia coli resistant to 3rd-generation cephalosporin (e.g., ESBL- E. coli) among patients seeking care and whose blood sample is taken and tested. AMR Surveillance National Coordinating Center",AMR_INFECT_ECOLI,,RATE_PER_100,PUBLISHED,percent,WHO RELAY / GLASS AMR indicator export
E_coli_3GC_resistance,Escherichia coli,Brunei Darussalam,96,2023,23.95,24,"Percentage of bloodstream infection due to  Escherichia coli resistant to 3rd-generation cephalosporin (e.g., ESBL- E. coli) among patients seeking care and whose blood sample is taken and tested. AMR Surveillance National Coordinating Center",AMR_INFECT_ECOLI,,RATE_PER_100,PUBLISHED,percent,WHO RELAY / GLASS AMR indicator export
E_coli_3GC_resistance,Escherichia coli,Burkina Faso,854,2020,63.64,63.6,"Percentage of bloodstream infection due to  Escherichia coli resistant to 3rd-generation cephalosporin (e.g., ESBL- E. coli) among patients seeking care and whose blood sample is taken and tested. AMR Surveillance National Coordinating Center",AMR_INFECT_ECOLI,,RATE_PER_100,PUBLISHED,percent,WHO RELAY / GLASS AMR indicator export
E_coli_3GC_resistance,Escherichia coli,Burkina Faso,854,2021,80.77,80.8,"Percentage of bloodstream infection due to  Escherichia coli resistant to 3rd-generation cephalosporin (e.g., ESBL- E. coli) among patients seeking care and whose blood sample is taken and tested. AMR Surveillance National Coordinating Center",AMR_INFECT_ECOLI,,RATE_PER_100,PUBLISHED,percent,WHO RELAY / GLASS AMR indicator export
E_coli_3GC_resistance,Escherichia coli,Burkina Faso,854,2022,91.67,91.7,"Percentage of bloodstream infection due to  Escherichia coli resistant to 3rd-generation cephalosporin (e.g., ESBL- E. coli) among patients seeking care and whose blood sample is taken and tested. AMR Surveillance National Coordinating Center",AMR_INFECT_ECOLI,,RATE_PER_100,PUBLISHED,percent,WHO RELAY / GLASS AMR indicator export
E_coli_3GC_resistance,Escherichia coli,Burkina Faso,854,2023,88.46,88.5,"Percentage of bloodstream infection due to  Escherichia coli resistant to 3rd-generation cephalosporin (e.g., ESBL- E. coli) among patients seeking care and whose blood sample is taken and tested. AMR Surveillance National Coordinating Center",AMR_INFECT_ECOLI,,RATE_PER_100,PUBLISHED,percent,WHO RELAY / GLASS AMR indicator export
E_coli_3GC_resistance,Escherichia coli,Cambodia,116,2018,72.8,72.8,"Percentage of bloodstream infection due to  Escherichia coli resistant to 3rd-generation cephalosporin (e.g., ESBL- E. coli) among patients seeking care and whose blood sample is taken and tested. AMR Surveillance National Coordinating Center",AMR_INFECT_ECOLI,,RATE_PER_100,PUBLISHED,percent,WHO RELAY / GLASS AMR indicator export
E_coli_3GC_resistance,Escherichia coli,Cambodia,116,2019,71.03,71,"Percentage of bloodstream infection due to  Escherichia coli resistant to 3rd-generation cephalosporin (e.g., ESBL- E. coli) among patients seeking care and whose blood sample is taken and tested. AMR Surveillance National Coordinating Center",AMR_INFECT_ECOLI,,RATE_PER_100,PUBLISHED,percent,WHO RELAY / GLASS AMR indicator export
E_coli_3GC_resistance,Escherichia coli,Cambodia,116,2020,73.72,73.7,"Percentage of bloodstream infection due to  Escherichia coli resistant to 3rd-generation cephalosporin (e.g., ESBL- E. coli) among patients seeking care and whose blood sample is taken and tested. AMR Surveillance National Coordinating Center",AMR_INFECT_ECOLI,,RATE_PER_100,PUBLISHED,percent,WHO RELAY / GLASS AMR indicator export
E_coli_3GC_resistance,Escherichia coli,Cambodia,116,2022,73.51,73.5,"Percentage of bloodstream infection due to  Escherichia coli resistant to 3rd-generation cephalosporin (e.g., ESBL- E. coli) among patients seeking care and whose blood sample is taken and tested. AMR Surveillance National Coordinating Center",AMR_INFECT_ECOLI,,RATE_PER_100,PUBLISHED,percent,WHO RELAY / GLASS AMR indicator export
E_coli_3GC_resistance,Escherichia coli,Cambodia,116,2023,71.08,71.1,"Percentage of bloodstream infection due to  Escherichia coli resistant to 3rd-generation cephalosporin (e.g., ESBL- E. coli) among patients seeking care and whose blood sample is taken and tested. AMR Surveillance National Coordinating Center",AMR_INFECT_ECOLI,,RATE_PER_100,PUBLISHED,percent,WHO RELAY / GLASS AMR indicator export
E_coli_3GC_resistance,Escherichia coli,Cameroon,120,2021,70.0,70,"Percentage of bloodstream infection due to  Escherichia coli resistant to 3rd-generation cephalosporin (e.g., ESBL- E. coli) among patients seeking care and whose blood sample is taken and tested. AMR Surveillance National Coordinating Center",AMR_INFECT_ECOLI,,RATE_PER_100,PUBLISHED,percent,WHO RELAY / GLASS AMR indicator export
E_coli_3GC_resistance,Escherichia coli,Cameroon,120,2022,96.3,96.3,"Percentage of bloodstream infection due to  Escherichia coli resistant to 3rd-generation cephalosporin (e.g., ESBL- E. coli) among patients seeking care and whose blood sample is taken and tested. AMR Surveillance National Coordinating Center",AMR_INFECT_ECOLI,,RATE_PER_100,PUBLISHED,percent,WHO RELAY / GLASS AMR indicator export
E_coli_3GC_resistance,Escherichia coli,Cameroon,120,2023,73.91,73.9,"Percentage of bloodstream infection due to  Escherichia coli resistant to 3rd-generation cephalosporin (e.g., ESBL- E. coli) among patients seeking care and whose blood sample is taken and tested. AMR Surveillance National Coordinating Center",AMR_INFECT_ECOLI,,RATE_PER_100,PUBLISHED,percent,WHO RELAY / GLASS AMR indicator export
E_coli_3GC_resistance,Escherichia coli,Canada,124,2022,23.36,23.4,"Percentage of bloodstream infection due to  Escherichia coli resistant to 3rd-generation cephalosporin (e.g., ESBL- E. coli) among patients seeking care and whose blood sample is taken and tested. AMR Surveillance National Coordinating Center",AMR_INFECT_ECOLI,,RATE_PER_100,PUBLISHED,percent,WHO RELAY / GLASS AMR indicator export
E_coli_3GC_resistance,Escherichia coli,Canada,124,2023,17.45,17.4,"Percentage of bloodstream infection due to  Escherichia coli resistant to 3rd-generation cephalosporin (e.g., ESBL- E. coli) among patients seeking care and whose blood sample is taken and tested. AMR Surveillance National Coordinating Center",AMR_INFECT_ECOLI,,RATE_PER_100,PUBLISHED,percent,WHO RELAY / GLASS AMR indicator export
E_coli_3GC_resistance,Escherichia coli,Colombia,170,2021,30.77,30.8,"Percentage of bloodstream infection due to  Escherichia coli resistant to 3rd-generation cephalosporin (e.g., ESBL- E. coli) among patients seeking care and whose blood sample is taken and tested. AMR Surveillance National Coordinating Center",AMR_INFECT_ECOLI,,RATE_PER_100,PUBLISHED,percent,WHO RELAY / GLASS AMR indicator export
E_coli_3GC_resistance,Escherichia coli,Colombia,170,2022,25.63,25.6,"Percentage of bloodstream infection due to  Escherichia coli resistant to 3rd-generation cephalosporin (e.g., ESBL- E. coli) among patients seeking care and whose blood sample is taken and tested. AMR Surveillance National Coordinating Center",AMR_INFECT_ECOLI,,RATE_PER_100,PUBLISHED,percent,WHO RELAY / GLASS AMR indicator export
E_coli_3GC_resistance,Escherichia coli,Colombia,170,2023,28.61,28.6,"Percentage of bloodstream infection due to  Escherichia coli resistant to 3rd-generation cephalosporin (e.g., ESBL- E. coli) among patients seeking care and whose blood sample is taken and tested. AMR Surveillance National Coordinating Center",AMR_INFECT_ECOLI,,RATE_PER_100,PUBLISHED,percent,WHO RELAY / GLASS AMR indicator export
E_coli_3GC_resistance,Escherichia coli,"Congo, The Democratic Republic of the",180,2021,68.97,69,"Percentage of bloodstream infection due to  Escherichia coli resistant to 3rd-generation cephalosporin (e.g., ESBL- E. coli) among patients seeking care and whose blood sample is taken and tested. AMR Surveillance National Coordinating Center",AMR_INFECT_ECOLI,,RATE_PER_100,PUBLISHED,percent,WHO RELAY / GLASS AMR indicator export
E_coli_3GC_resistance,Escherichia coli,"Congo, The Democratic Republic of the",180,2022,72.55,72.5,"Percentage of bloodstream infection due to  Escherichia coli resistant to 3rd-generation cephalosporin (e.g., ESBL- E. coli) among patients seeking care and whose blood sample is taken and tested. AMR Surveillance National Coordinating Center",AMR_INFECT_ECOLI,,RATE_PER_100,PUBLISHED,percent,WHO RELAY / GLASS AMR indicator export
E_coli_3GC_resistance,Escherichia coli,"Congo, The Democratic Republic of the",180,2023,73.08,73.1,"Percentage of bloodstream infection due to  Escherichia coli resistant to 3rd-generation cephalosporin (e.g., ESBL- E. coli) among patients seeking care and whose blood sample is taken and tested. AMR Surveillance National Coordinating Center",AMR_INFECT_ECOLI,,RATE_PER_100,PUBLISHED,percent,WHO RELAY / GLASS AMR indicator export
E_coli_3GC_resistance,Escherichia coli,Croatia,191,2017,16.5,16.5,"Percentage of bloodstream infection due to  Escherichia coli resistant to 3rd-generation cephalosporin (e.g., ESBL- E. coli) among patients seeking care and whose blood sample is taken and tested. AMR Surveillance National Coordinating Center",AMR_INFECT_ECOLI,,RATE_PER_100,PUBLISHED,percent,WHO RELAY / GLASS AMR indicator export
E_coli_3GC_resistance,Escherichia coli,Croatia,191,2018,14.8,14.8,"Percentage of bloodstream infection due to  Escherichia coli resistant to 3rd-generation cephalosporin (e.g., ESBL- E. coli) among patients seeking care and whose blood sample is taken and tested. AMR Surveillance National Coordinating Center",AMR_INFECT_ECOLI,,RATE_PER_100,PUBLISHED,percent,WHO RELAY / GLASS AMR indicator export
E_coli_3GC_resistance,Escherichia coli,Croatia,191,2019,15.58,15.6,"Percentage of bloodstream infection due to  Escherichia coli resistant to 3rd-generation cephalosporin (e.g., ESBL- E. coli) among patients seeking care and whose blood sample is taken and tested. AMR Surveillance National Coordinating Center",AMR_INFECT_ECOLI,,RATE_PER_100,PUBLISHED,percent,WHO RELAY / GLASS AMR indicator export
E_coli_3GC_resistance,Escherichia coli,Croatia,191,2020,18.24,18.2,"Percentage of bloodstream infection due to  Escherichia coli resistant to 3rd-generation cephalosporin (e.g., ESBL- E. coli) among patients seeking care and whose blood sample is taken and tested. AMR Surveillance National Coordinating Center",AMR_INFECT_ECOLI,,RATE_PER_100,PUBLISHED,percent,WHO RELAY / GLASS AMR indicator export
E_coli_3GC_resistance,Escherichia coli,Croatia,191,2021,18.18,18.2,"Percentage of bloodstream infection due to  Escherichia coli resistant to 3rd-generation cephalosporin (e.g., ESBL- E. coli) among patients seeking care and whose blood sample is taken and tested. AMR Surveillance National Coordinating Center",AMR_INFECT_ECOLI,,RATE_PER_100,PUBLISHED,percent,WHO RELAY / GLASS AMR indicator export
E_coli_3GC_resistance,Escherichia coli,Croatia,191,2022,16.45,16.4,"Percentage of bloodstream infection due to  Escherichia coli resistant to 3rd-generation cephalosporin (e.g., ESBL- E. coli) among patients seeking care and whose blood sample is taken and tested. AMR Surveillance National Coordinating Center",AMR_INFECT_ECOLI,,RATE_PER_100,PUBLISHED,percent,WHO RELAY / GLASS AMR indicator export
E_coli_3GC_resistance,Escherichia coli,Croatia,191,2023,21.52,21.5,"Percentage of bloodstream infection due to  Escherichia coli resistant to 3rd-generation cephalosporin (e.g., ESBL- E. coli) among patients seeking care and whose blood sample is taken and tested. AMR Surveillance National Coordinating Center",AMR_INFECT_ECOLI,,RATE_PER_100,PUBLISHED,percent,WHO RELAY / GLASS AMR indicator export
E_coli_3GC_resistance,Escherichia coli,Cyprus,196,2017,30.8,30.8,"Percentage of bloodstream infection due to  Escherichia coli resistant to 3rd-generation cephalosporin (e.g., ESBL- E. coli) among patients seeking care and whose blood sample is taken and tested. AMR Surveillance National Coordinating Center",AMR_INFECT_ECOLI,,RATE_PER_100,PUBLISHED,percent,WHO RELAY / GLASS AMR indicator export
E_coli_3GC_resistance,Escherichia coli,Cyprus,196,2018,37.1,37.1,"Percentage of bloodstream infection due to  Escherichia coli resistant to 3rd-generation cephalosporin (e.g., ESBL- E. coli) among patients seeking care and whose blood sample is taken and tested. AMR Surveillance National Coordinating Center",AMR_INFECT_ECOLI,,RATE_PER_100,PUBLISHED,percent,WHO RELAY / GLASS AMR indicator export
E_coli_3GC_resistance,Escherichia coli,Cyprus,196,2019,19.57,19.6,"Percentage of bloodstream infection due to  Escherichia coli resistant to 3rd-generation cephalosporin (e.g., ESBL- E. coli) among patients seeking care and whose blood sample is taken and tested. AMR Surveillance National Coordinating Center",AMR_INFECT_ECOLI,,RATE_PER_100,PUBLISHED,percent,WHO RELAY / GLASS AMR indicator export
E_coli_3GC_resistance,Escherichia coli,Cyprus,196,2020,51.61,51.6,"Percentage of bloodstream infection due to  Escherichia coli resistant to 3rd-generation cephalosporin (e.g., ESBL- E. coli) among patients seeking care and whose blood sample is taken and tested. AMR Surveillance National Coordinating Center",AMR_INFECT_ECOLI,,RATE_PER_100,PUBLISHED,percent,WHO RELAY / GLASS AMR indicator export
E_coli_3GC_resistance,Escherichia coli,Cyprus,196,2021,41.03,41,"Percentage of bloodstream infection due to  Escherichia coli resistant to 3rd-generation cephalosporin (e.g., ESBL- E. coli) among patients seeking care and whose blood sample is taken and tested. AMR Surveillance National Coordinating Center",AMR_INFECT_ECOLI,,RATE_PER_100,PUBLISHED,percent,WHO RELAY / GLASS AMR indicator export
E_coli_3GC_resistance,Escherichia coli,Cyprus,196,2022,40.52,40.5,"Percentage of bloodstream infection due to  Escherichia coli resistant to 3rd-generation cephalosporin (e.g., ESBL- E. coli) among patients seeking care and whose blood sample is taken and tested. AMR Surveillance National Coordinating Center",AMR_INFECT_ECOLI,,RATE_PER_100,PUBLISHED,percent,WHO RELAY / GLASS AMR indicator export
E_coli_3GC_resistance,Escherichia coli,Cyprus,196,2023,40.57,40.6,"Percentage of bloodstream infection due to  Escherichia coli resistant to 3rd-generation cephalosporin (e.g., ESBL- E. coli) among patients seeking care and whose blood sample is taken and tested. AMR Surveillance National Coordinating Center",AMR_INFECT_ECOLI,,RATE_PER_100,PUBLISHED,percent,WHO RELAY / GLASS AMR indicator export
E_coli_3GC_resistance,Escherichia coli,Czechia,203,2017,14.2,14.2,"Percentage of bloodstream infection due to  Escherichia coli resistant to 3rd-generation cephalosporin (e.g., ESBL- E. coli) among patients seeking care and whose blood sample is taken and tested. AMR Surveillance National Coordinating Center",AMR_INFECT_ECOLI,,RATE_PER_100,PUBLISHED,percent,WHO RELAY / GLASS AMR indicator export
E_coli_3GC_resistance,Escherichia coli,Czechia,203,2018,15.2,15.2,"Percentage of bloodstream infection due to  Escherichia coli resistant to 3rd-generation cephalosporin (e.g., ESBL- E. coli) among patients seeking care and whose blood sample is taken and tested. AMR Surveillance National Coordinating Center",AMR_INFECT_ECOLI,,RATE_PER_100,PUBLISHED,percent,WHO RELAY / GLASS AMR indicator export
E_coli_3GC_resistance,Escherichia coli,Czechia,203,2019,15.36,15.4,"Percentage of bloodstream infection due to  Escherichia coli resistant to 3rd-generation cephalosporin (e.g., ESBL- E. coli) among patients seeking care and whose blood sample is taken and tested. AMR Surveillance National Coordinating Center",AMR_INFECT_ECOLI,,RATE_PER_100,PUBLISHED,percent,WHO RELAY / GLASS AMR indicator export
E_coli_3GC_resistance,Escherichia coli,Czechia,203,2020,13.09,13.1,"Percentage of bloodstream infection due to  Escherichia coli resistant to 3rd-generation cephalosporin (e.g., ESBL- E. coli) among patients seeking care and whose blood sample is taken and tested. AMR Surveillance National Coordinating Center",AMR_INFECT_ECOLI,,RATE_PER_100,PUBLISHED,percent,WHO RELAY / GLASS AMR indicator export
E_coli_3GC_resistance,Escherichia coli,Czechia,203,2021,14.31,14.3,"Percentage of bloodstream infection due to  Escherichia coli resistant to 3rd-generation cephalosporin (e.g., ESBL- E. coli) among patients seeking care and whose blood sample is taken and tested. AMR Surveillance National Coordinating Center",AMR_INFECT_ECOLI,,RATE_PER_100,PUBLISHED,percent,WHO RELAY / GLASS AMR indicator export
E_coli_3GC_resistance,Escherichia coli,Czechia,203,2022,14.45,14.4,"Percentage of bloodstream infection due to  Escherichia coli resistant to 3rd-generation cephalosporin (e.g., ESBL- E. coli) among patients seeking care and whose blood sample is taken and tested. AMR Surveillance National Coordinating Center",AMR_INFECT_ECOLI,,RATE_PER_100,PUBLISHED,percent,WHO RELAY / GLASS AMR indicator export
E_coli_3GC_resistance,Escherichia coli,Czechia,203,2023,16.51,16.5,"Percentage of bloodstream infection due to  Escherichia coli resistant to 3rd-generation cephalosporin (e.g., ESBL- E. coli) among patients seeking care and whose blood sample is taken and tested. AMR Surveillance National Coordinating Center",AMR_INFECT_ECOLI,,RATE_PER_100,PUBLISHED,percent,WHO RELAY / GLASS AMR indicator export
E_coli_3GC_resistance,Escherichia coli,Côte d'Ivoire,384,2020,90.0,90,"Percentage of bloodstream infection due to  Escherichia coli resistant to 3rd-generation cephalosporin (e.g., ESBL- E. coli) among patients seeking care and whose blood sample is taken and tested. AMR Surveillance National Coordinating Center",AMR_INFECT_ECOLI,,RATE_PER_100,PUBLISHED,percent,WHO RELAY / GLASS AMR indicator export
E_coli_3GC_resistance,Escherichia coli,Côte d'Ivoire,384,2023,75.0,75,"Percentage of bloodstream infection due to  Escherichia coli resistant to 3rd-generation cephalosporin (e.g., ESBL- E. coli) among patients seeking care and whose blood sample is taken and tested. AMR Surveillance National Coordinating Center",AMR_INFECT_ECOLI,,RATE_PER_100,PUBLISHED,percent,WHO RELAY / GLASS AMR indicator export
E_coli_3GC_resistance,Escherichia coli,Denmark,208,2020,7.27,7.3,"Percentage of bloodstream infection due to  Escherichia coli resistant to 3rd-generation cephalosporin (e.g., ESBL- E. coli) among patients seeking care and whose blood sample is taken and tested. AMR Surveillance National Coordinating Center",AMR_INFECT_ECOLI,,RATE_PER_100,PUBLISHED,percent,WHO RELAY / GLASS AMR indicator export
E_coli_3GC_resistance,Escherichia coli,Denmark,208,2021,6.31,6.3,"Percentage of bloodstream infection due to  Escherichia coli resistant to 3rd-generation cephalosporin (e.g., ESBL- E. coli) among patients seeking care and whose blood sample is taken and tested. AMR Surveillance National Coordinating Center",AMR_INFECT_ECOLI,,RATE_PER_100,PUBLISHED,percent,WHO RELAY / GLASS AMR indicator export
E_coli_3GC_resistance,Escherichia coli,Denmark,208,2022,7.32,7.3,"Percentage of bloodstream infection due to  Escherichia coli resistant to 3rd-generation cephalosporin (e.g., ESBL- E. coli) among patients seeking care and whose blood sample is taken and tested. AMR Surveillance National Coordinating Center",AMR_INFECT_ECOLI,,RATE_PER_100,PUBLISHED,percent,WHO RELAY / GLASS AMR indicator export
E_coli_3GC_resistance,Escherichia coli,Denmark,208,2023,6.27,6.3,"Percentage of bloodstream infection due to  Escherichia coli resistant to 3rd-generation cephalosporin (e.g., ESBL- E. coli) among patients seeking care and whose blood sample is taken and tested. AMR Surveillance National Coordinating Center",AMR_INFECT_ECOLI,,RATE_PER_100,PUBLISHED,percent,WHO RELAY / GLASS AMR indicator export
E_coli_3GC_resistance,Escherichia coli,Egypt,818,2018,97.87,97.9,"Percentage of bloodstream infection due to  Escherichia coli resistant to 3rd-generation cephalosporin (e.g., ESBL- E. coli) among patients seeking care and whose blood sample is taken and tested. AMR Surveillance National Coordinating Center",AMR_INFECT_ECOLI,,RATE_PER_100,PUBLISHED,percent,WHO RELAY / GLASS AMR indicator export
E_coli_3GC_resistance,Escherichia coli,Egypt,818,2019,87.8,87.8,"Percentage of bloodstream infection due to  Escherichia coli resistant to 3rd-generation cephalosporin (e.g., ESBL- E. coli) among patients seeking care and whose blood sample is taken and tested. AMR Surveillance National Coordinating Center",AMR_INFECT_ECOLI,,RATE_PER_100,PUBLISHED,percent,WHO RELAY / GLASS AMR indicator export
E_coli_3GC_resistance,Escherichia coli,Egypt,818,2020,89.58,89.6,"Percentage of bloodstream infection due to  Escherichia coli resistant to 3rd-generation cephalosporin (e.g., ESBL- E. coli) among patients seeking care and whose blood sample is taken and tested. AMR Surveillance National Coordinating Center",AMR_INFECT_ECOLI,,RATE_PER_100,PUBLISHED,percent,WHO RELAY / GLASS AMR indicator export
E_coli_3GC_resistance,Escherichia coli,Egypt,818,2022,87.5,87.5,"Percentage of bloodstream infection due to  Escherichia coli resistant to 3rd-generation cephalosporin (e.g., ESBL- E. coli) among patients seeking care and whose blood sample is taken and tested. AMR Surveillance National Coordinating Center",AMR_INFECT_ECOLI,,RATE_PER_100,PUBLISHED,percent,WHO RELAY / GLASS AMR indicator export
E_coli_3GC_resistance,Escherichia coli,Egypt,818,2023,89.41,89.4,"Percentage of bloodstream infection due to  Escherichia coli resistant to 3rd-generation cephalosporin (e.g., ESBL- E. coli) among patients seeking care and whose blood sample is taken and tested. AMR Surveillance National Coordinating Center",AMR_INFECT_ECOLI,,RATE_PER_100,PUBLISHED,percent,WHO RELAY / GLASS AMR indicator export
E_coli_3GC_resistance,Escherichia coli,Estonia,233,2021,7.86,7.9,"Percentage of bloodstream infection due to  Escherichia coli resistant to 3rd-generation cephalosporin (e.g., ESBL- E. coli) among patients seeking care and whose blood sample is taken and tested. AMR Surveillance National Coordinating Center",AMR_INFECT_ECOLI,,RATE_PER_100,PUBLISHED,percent,WHO RELAY / GLASS AMR indicator export
E_coli_3GC_resistance,Escherichia coli,Estonia,233,2022,11.57,11.6,"Percentage of bloodstream infection due to  Escherichia coli resistant to 3rd-generation cephalosporin (e.g., ESBL- E. coli) among patients seeking care and whose blood sample is taken and tested. AMR Surveillance National Coordinating Center",AMR_INFECT_ECOLI,,RATE_PER_100,PUBLISHED,percent,WHO RELAY / GLASS AMR indicator export
E_coli_3GC_resistance,Escherichia coli,Estonia,233,2023,12.01,12,"Percentage of bloodstream infection due to  Escherichia coli resistant to 3rd-generation cephalosporin (e.g., ESBL- E. coli) among patients seeking care and whose blood sample is taken and tested. AMR Surveillance National Coordinating Center",AMR_INFECT_ECOLI,,RATE_PER_100,PUBLISHED,percent,WHO RELAY / GLASS AMR indicator export
E_coli_3GC_resistance,Escherichia coli,Ethiopia,231,2018,100.0,100,"Percentage of bloodstream infection due to  Escherichia coli resistant to 3rd-generation cephalosporin (e.g., ESBL- E. coli) among patients seeking care and whose blood sample is taken and tested. AMR Surveillance National Coordinating Center",AMR_INFECT_ECOLI,,RATE_PER_100,PUBLISHED,percent,WHO RELAY / GLASS AMR indicator export
E_coli_3GC_resistance,Escherichia coli,Ethiopia,231,2020,65.0,65,"Percentage of bloodstream infection due to  Escherichia coli resistant to 3rd-generation cephalosporin (e.g., ESBL- E. coli) among patients seeking care and whose blood sample is taken and tested. AMR Surveillance National Coordinating Center",AMR_INFECT_ECOLI,,RATE_PER_100,PUBLISHED,percent,WHO RELAY / GLASS AMR indicator export
E_coli_3GC_resistance,Escherichia coli,Ethiopia,231,2021,86.21,86.2,"Percentage of bloodstream infection due to  Escherichia coli resistant to 3rd-generation cephalosporin (e.g., ESBL- E. coli) among patients seeking care and whose blood sample is taken and tested. AMR Surveillance National Coordinating Center",AMR_INFECT_ECOLI,,RATE_PER_100,PUBLISHED,percent,WHO RELAY / GLASS AMR indicator export
E_coli_3GC_resistance,Escherichia coli,Ethiopia,231,2022,80.95,81,"Percentage of bloodstream infection due to  Escherichia coli resistant to 3rd-generation cephalosporin (e.g., ESBL- E. coli) among patients seeking care and whose blood sample is taken and tested. AMR Surveillance National Coordinating Center",AMR_INFECT_ECOLI,,RATE_PER_100,PUBLISHED,percent,WHO RELAY / GLASS AMR indicator export
E_coli_3GC_resistance,Escherichia coli,Ethiopia,231,2023,84.21,84.2,"Percentage of bloodstream infection due to  Escherichia coli resistant to 3rd-generation cephalosporin (e.g., ESBL- E. coli) among patients seeking care and whose blood sample is taken and tested. AMR Surveillance National Coordinating Center",AMR_INFECT_ECOLI,,RATE_PER_100,PUBLISHED,percent,WHO RELAY / GLASS AMR indicator export
E_coli_3GC_resistance,Escherichia coli,Finland,246,2016,6.66,6.7,"Percentage of bloodstream infection due to  Escherichia coli resistant to 3rd-generation cephalosporin (e.g., ESBL- E. coli) among patients seeking care and whose blood sample is taken and tested. AMR Surveillance National Coordinating Center",AMR_INFECT_ECOLI,,RATE_PER_100,PUBLISHED,percent,WHO RELAY / GLASS AMR indicator export
E_coli_3GC_resistance,Escherichia coli,Finland,246,2017,6.14,6.1,"Percentage of bloodstream infection due to  Escherichia coli resistant to 3rd-generation cephalosporin (e.g., ESBL- E. coli) among patients seeking care and whose blood sample is taken and tested. AMR Surveillance National Coordinating Center",AMR_INFECT_ECOLI,,RATE_PER_100,PUBLISHED,percent,WHO RELAY / GLASS AMR indicator export
E_coli_3GC_resistance,Escherichia coli,Finland,246,2018,7.59,7.6,"Percentage of bloodstream infection due to  Escherichia coli resistant to 3rd-generation cephalosporin (e.g., ESBL- E. coli) among patients seeking care and whose blood sample is taken and tested. AMR Surveillance National Coordinating Center",AMR_INFECT_ECOLI,,RATE_PER_100,PUBLISHED,percent,WHO RELAY / GLASS AMR indicator export
E_coli_3GC_resistance,Escherichia coli,Finland,246,2019,7.79,7.8,"Percentage of bloodstream infection due to  Escherichia coli resistant to 3rd-generation cephalosporin (e.g., ESBL- E. coli) among patients seeking care and whose blood sample is taken and tested. AMR Surveillance National Coordinating Center",AMR_INFECT_ECOLI,,RATE_PER_100,PUBLISHED,percent,WHO RELAY / GLASS AMR indicator export
E_coli_3GC_resistance,Escherichia coli,Finland,246,2020,6.62,6.6,"Percentage of bloodstream infection due to  Escherichia coli resistant to 3rd-generation cephalosporin (e.g., ESBL- E. coli) among patients seeking care and whose blood sample is taken and tested. AMR Surveillance National Coordinating Center",AMR_INFECT_ECOLI,,RATE_PER_100,PUBLISHED,percent,WHO RELAY / GLASS AMR indicator export
E_coli_3GC_resistance,Escherichia coli,Finland,246,2021,6.32,6.3,"Percentage of bloodstream infection due to  Escherichia coli resistant to 3rd-generation cephalosporin (e.g., ESBL- E. coli) among patients seeking care and whose blood sample is taken and tested. AMR Surveillance National Coordinating Center",AMR_INFECT_ECOLI,,RATE_PER_100,PUBLISHED,percent,WHO RELAY / GLASS AMR indicator export
E_coli_3GC_resistance,Escherichia coli,Finland,246,2022,6.67,6.7,"Percentage of bloodstream infection due to  Escherichia coli resistant to 3rd-generation cephalosporin (e.g., ESBL- E. coli) among patients seeking care and whose blood sample is taken and tested. AMR Surveillance National Coordinating Center",AMR_INFECT_ECOLI,,RATE_PER_100,PUBLISHED,percent,WHO RELAY / GLASS AMR indicator export
E_coli_3GC_resistance,Escherichia coli,Finland,246,2023,8.7,8.7,"Percentage of bloodstream infection due to  Escherichia coli resistant to 3rd-generation cephalosporin (e.g., ESBL- E. coli) among patients seeking care and whose blood sample is taken and tested. AMR Surveillance National Coordinating Center",AMR_INFECT_ECOLI,,RATE_PER_100,PUBLISHED,percent,WHO RELAY / GLASS AMR indicator export
E_coli_3GC_resistance,Escherichia coli,France,250,2017,10.22,10.2,"Percentage of bloodstream infection due to  Escherichia coli resistant to 3rd-generation cephalosporin (e.g., ESBL- E. coli) among patients seeking care and whose blood sample is taken and tested. AMR Surveillance National Coordinating Center",AMR_INFECT_ECOLI,,RATE_PER_100,PUBLISHED,percent,WHO RELAY / GLASS AMR indicator export
E_coli_3GC_resistance,Escherichia coli,France,250,2018,9.59,9.6,"Percentage of bloodstream infection due to  Escherichia coli resistant to 3rd-generation cephalosporin (e.g., ESBL- E. coli) among patients seeking care and whose blood sample is taken and tested. AMR Surveillance National Coordinating Center",AMR_INFECT_ECOLI,,RATE_PER_100,PUBLISHED,percent,WHO RELAY / GLASS AMR indicator export
E_coli_3GC_resistance,Escherichia coli,France,250,2019,9.07,9.1,"Percentage of bloodstream infection due to  Escherichia coli resistant to 3rd-generation cephalosporin (e.g., ESBL- E. coli) among patients seeking care and whose blood sample is taken and tested. AMR Surveillance National Coordinating Center",AMR_INFECT_ECOLI,,RATE_PER_100,PUBLISHED,percent,WHO RELAY / GLASS AMR indicator export
E_coli_3GC_resistance,Escherichia coli,France,250,2020,10.42,10.4,"Percentage of bloodstream infection due to  Escherichia coli resistant to 3rd-generation cephalosporin (e.g., ESBL- E. coli) among patients seeking care and whose blood sample is taken and tested. AMR Surveillance National Coordinating Center",AMR_INFECT_ECOLI,,RATE_PER_100,PUBLISHED,percent,WHO RELAY / GLASS AMR indicator export
E_coli_3GC_resistance,Escherichia coli,France,250,2021,8.92,8.9,"Percentage of bloodstream infection due to  Escherichia coli resistant to 3rd-generation cephalosporin (e.g., ESBL- E. coli) among patients seeking care and whose blood sample is taken and tested. AMR Surveillance National Coordinating Center",AMR_INFECT_ECOLI,,RATE_PER_100,PUBLISHED,percent,WHO RELAY / GLASS AMR indicator export
E_coli_3GC_resistance,Escherichia coli,France,250,2022,9.13,9.1,"Percentage of bloodstream infection due to  Escherichia coli resistant to 3rd-generation cephalosporin (e.g., ESBL- E. coli) among patients seeking care and whose blood sample is taken and tested. AMR Surveillance National Coordinating Center",AMR_INFECT_ECOLI,,RATE_PER_100,PUBLISHED,percent,WHO RELAY / GLASS AMR indicator export
E_coli_3GC_resistance,Escherichia coli,Georgia,268,2017,47.06,47.1,"Percentage of bloodstream infection due to  Escherichia coli resistant to 3rd-generation cephalosporin (e.g., ESBL- E. coli) among patients seeking care and whose blood sample is taken and tested. AMR Surveillance National Coordinating Center",AMR_INFECT_ECOLI,,RATE_PER_100,PUBLISHED,percent,WHO RELAY / GLASS AMR indicator export
E_coli_3GC_resistance,Escherichia coli,Georgia,268,2018,55.77,55.8,"Percentage of bloodstream infection due to  Escherichia coli resistant to 3rd-generation cephalosporin (e.g., ESBL- E. coli) among patients seeking care and whose blood sample is taken and tested. AMR Surveillance National Coordinating Center",AMR_INFECT_ECOLI,,RATE_PER_100,PUBLISHED,percent,WHO RELAY / GLASS AMR indicator export
E_coli_3GC_resistance,Escherichia coli,Georgia,268,2019,56.58,56.6,"Percentage of bloodstream infection due to  Escherichia coli resistant to 3rd-generation cephalosporin (e.g., ESBL- E. coli) among patients seeking care and whose blood sample is taken and tested. AMR Surveillance National Coordinating Center",AMR_INFECT_ECOLI,,RATE_PER_100,PUBLISHED,percent,WHO RELAY / GLASS AMR indicator export
E_coli_3GC_resistance,Escherichia coli,Georgia,268,2020,43.65,43.7,"Percentage of bloodstream infection due to  Escherichia coli resistant to 3rd-generation cephalosporin (e.g., ESBL- E. coli) among patients seeking care and whose blood sample is taken and tested. AMR Surveillance National Coordinating Center",AMR_INFECT_ECOLI,,RATE_PER_100,PUBLISHED,percent,WHO RELAY / GLASS AMR indicator export
E_coli_3GC_resistance,Escherichia coli,Georgia,268,2021,35.37,35.4,"Percentage of bloodstream infection due to  Escherichia coli resistant to 3rd-generation cephalosporin (e.g., ESBL- E. coli) among patients seeking care and whose blood sample is taken and tested. AMR Surveillance National Coordinating Center",AMR_INFECT_ECOLI,,RATE_PER_100,PUBLISHED,percent,WHO RELAY / GLASS AMR indicator export
E_coli_3GC_resistance,Escherichia coli,Georgia,268,2022,46.45,46.5,"Percentage of bloodstream infection due to  Escherichia coli resistant to 3rd-generation cephalosporin (e.g., ESBL- E. coli) among patients seeking care and whose blood sample is taken and tested. AMR Surveillance National Coordinating Center",AMR_INFECT_ECOLI,,RATE_PER_100,PUBLISHED,percent,WHO RELAY / GLASS AMR indicator export
E_coli_3GC_resistance,Escherichia coli,Georgia,268,2023,43.59,43.6,"Percentage of bloodstream infection due to  Escherichia coli resistant to 3rd-generation cephalosporin (e.g., ESBL- E. coli) among patients seeking care and whose blood sample is taken and tested. AMR Surveillance National Coordinating Center",AMR_INFECT_ECOLI,,RATE_PER_100,PUBLISHED,percent,WHO RELAY / GLASS AMR indicator export
E_coli_3GC_resistance,Escherichia coli,Germany,276,2016,11.56,11.6,"Percentage of bloodstream infection due to  Escherichia coli resistant to 3rd-generation cephalosporin (e.g., ESBL- E. coli) among patients seeking care and whose blood sample is taken and tested. AMR Surveillance National Coordinating Center",AMR_INFECT_ECOLI,,RATE_PER_100,PUBLISHED,percent,WHO RELAY / GLASS AMR indicator export
E_coli_3GC_resistance,Escherichia coli,Germany,276,2017,12.28,12.3,"Percentage of bloodstream infection due to  Escherichia coli resistant to 3rd-generation cephalosporin (e.g., ESBL- E. coli) among patients seeking care and whose blood sample is taken and tested. AMR Surveillance National Coordinating Center",AMR_INFECT_ECOLI,,RATE_PER_100,PUBLISHED,percent,WHO RELAY / GLASS AMR indicator export
E_coli_3GC_resistance,Escherichia coli,Germany,276,2018,12.18,12.2,"Percentage of bloodstream infection due to  Escherichia coli resistant to 3rd-generation cephalosporin (e.g., ESBL- E. coli) among patients seeking care and whose blood sample is taken and tested. AMR Surveillance National Coordinating Center",AMR_INFECT_ECOLI,,RATE_PER_100,PUBLISHED,percent,WHO RELAY / GLASS AMR indicator export
E_coli_3GC_resistance,Escherichia coli,Germany,276,2019,11.46,11.5,"Percentage of bloodstream infection due to  Escherichia coli resistant to 3rd-generation cephalosporin (e.g., ESBL- E. coli) among patients seeking care and whose blood sample is taken and tested. AMR Surveillance National Coordinating Center",AMR_INFECT_ECOLI,,RATE_PER_100,PUBLISHED,percent,WHO RELAY / GLASS AMR indicator export
E_coli_3GC_resistance,Escherichia coli,Germany,276,2020,10.2,10.2,"Percentage of bloodstream infection due to  Escherichia coli resistant to 3rd-generation cephalosporin (e.g., ESBL- E. coli) among patients seeking care and whose blood sample is taken and tested. AMR Surveillance National Coordinating Center",AMR_INFECT_ECOLI,,RATE_PER_100,PUBLISHED,percent,WHO RELAY / GLASS AMR indicator export
E_coli_3GC_resistance,Escherichia coli,Germany,276,2021,8.96,9,"Percentage of bloodstream infection due to  Escherichia coli resistant to 3rd-generation cephalosporin (e.g., ESBL- E. coli) among patients seeking care and whose blood sample is taken and tested. AMR Surveillance National Coordinating Center",AMR_INFECT_ECOLI,,RATE_PER_100,PUBLISHED,percent,WHO RELAY / GLASS AMR indicator export
E_coli_3GC_resistance,Escherichia coli,Germany,276,2022,9.41,9.4,"Percentage of bloodstream infection due to  Escherichia coli resistant to 3rd-generation cephalosporin (e.g., ESBL- E. coli) among patients seeking care and whose blood sample is taken and tested. AMR Surveillance National Coordinating Center",AMR_INFECT_ECOLI,,RATE_PER_100,PUBLISHED,percent,WHO RELAY / GLASS AMR indicator export
E_coli_3GC_resistance,Escherichia coli,Germany,276,2023,9.77,9.8,"Percentage of bloodstream infection due to  Escherichia coli resistant to 3rd-generation cephalosporin (e.g., ESBL- E. coli) among patients seeking care and whose blood sample is taken and tested. AMR Surveillance National Coordinating Center",AMR_INFECT_ECOLI,,RATE_PER_100,PUBLISHED,percent,WHO RELAY / GLASS AMR indicator export
E_coli_3GC_resistance,Escherichia coli,Ghana,288,2020,64.29,64.3,"Percentage of bloodstream infection due to  Escherichia coli resistant to 3rd-generation cephalosporin (e.g., ESBL- E. coli) among patients seeking care and whose blood sample is taken and tested. AMR Surveillance National Coordinating Center",AMR_INFECT_ECOLI,,RATE_PER_100,PUBLISHED,percent,WHO RELAY / GLASS AMR indicator export
E_coli_3GC_resistance,Escherichia coli,Ghana,288,2021,77.78,77.8,"Percentage of bloodstream infection due to  Escherichia coli resistant to 3rd-generation cephalosporin (e.g., ESBL- E. coli) among patients seeking care and whose blood sample is taken and tested. AMR Surveillance National Coordinating Center",AMR_INFECT_ECOLI,,RATE_PER_100,PUBLISHED,percent,WHO RELAY / GLASS AMR indicator export
E_coli_3GC_resistance,Escherichia coli,Ghana,288,2022,90.38,90.4,"Percentage of bloodstream infection due to  Escherichia coli resistant to 3rd-generation cephalosporin (e.g., ESBL- E. coli) among patients seeking care and whose blood sample is taken and tested. AMR Surveillance National Coordinating Center",AMR_INFECT_ECOLI,,RATE_PER_100,PUBLISHED,percent,WHO RELAY / GLASS AMR indicator export
E_coli_3GC_resistance,Escherichia coli,Ghana,288,2023,90.63,90.6,"Percentage of bloodstream infection due to  Escherichia coli resistant to 3rd-generation cephalosporin (e.g., ESBL- E. coli) among patients seeking care and whose blood sample is taken and tested. AMR Surveillance National Coordinating Center",AMR_INFECT_ECOLI,,RATE_PER_100,PUBLISHED,percent,WHO RELAY / GLASS AMR indicator export
E_coli_3GC_resistance,Escherichia coli,Greece,300,2017,18.3,18.3,"Percentage of bloodstream infection due to  Escherichia coli resistant to 3rd-generation cephalosporin (e.g., ESBL- E. coli) among patients seeking care and whose blood sample is taken and tested. AMR Surveillance National Coordinating Center",AMR_INFECT_ECOLI,,RATE_PER_100,PUBLISHED,percent,WHO RELAY / GLASS AMR indicator export
E_coli_3GC_resistance,Escherichia coli,Greece,300,2018,19.33,19.3,"Percentage of bloodstream infection due to  Escherichia coli resistant to 3rd-generation cephalosporin (e.g., ESBL- E. coli) among patients seeking care and whose blood sample is taken and tested. AMR Surveillance National Coordinating Center",AMR_INFECT_ECOLI,,RATE_PER_100,PUBLISHED,percent,WHO RELAY / GLASS AMR indicator export
E_coli_3GC_resistance,Escherichia coli,Greece,300,2019,21.73,21.7,"Percentage of bloodstream infection due to  Escherichia coli resistant to 3rd-generation cephalosporin (e.g., ESBL- E. coli) among patients seeking care and whose blood sample is taken and tested. AMR Surveillance National Coordinating Center",AMR_INFECT_ECOLI,,RATE_PER_100,PUBLISHED,percent,WHO RELAY / GLASS AMR indicator export
E_coli_3GC_resistance,Escherichia coli,Greece,300,2020,24.46,24.5,"Percentage of bloodstream infection due to  Escherichia coli resistant to 3rd-generation cephalosporin (e.g., ESBL- E. coli) among patients seeking care and whose blood sample is taken and tested. AMR Surveillance National Coordinating Center",AMR_INFECT_ECOLI,,RATE_PER_100,PUBLISHED,percent,WHO RELAY / GLASS AMR indicator export
E_coli_3GC_resistance,Escherichia coli,Greece,300,2021,21.93,21.9,"Percentage of bloodstream infection due to  Escherichia coli resistant to 3rd-generation cephalosporin (e.g., ESBL- E. coli) among patients seeking care and whose blood sample is taken and tested. AMR Surveillance National Coordinating Center",AMR_INFECT_ECOLI,,RATE_PER_100,PUBLISHED,percent,WHO RELAY / GLASS AMR indicator export
E_coli_3GC_resistance,Escherichia coli,Greece,300,2022,24.01,24,"Percentage of bloodstream infection due to  Escherichia coli resistant to 3rd-generation cephalosporin (e.g., ESBL- E. coli) among patients seeking care and whose blood sample is taken and tested. AMR Surveillance National Coordinating Center",AMR_INFECT_ECOLI,,RATE_PER_100,PUBLISHED,percent,WHO RELAY / GLASS AMR indicator export
E_coli_3GC_resistance,Escherichia coli,Greece,300,2023,22.86,22.9,"Percentage of bloodstream infection due to  Escherichia coli resistant to 3rd-generation cephalosporin (e.g., ESBL- E. coli) among patients seeking care and whose blood sample is taken and tested. AMR Surveillance National Coordinating Center",AMR_INFECT_ECOLI,,RATE_PER_100,PUBLISHED,percent,WHO RELAY / GLASS AMR indicator export
E_coli_3GC_resistance,Escherichia coli,Hong Kong,344,2022,30.08,30.1,"Percentage of bloodstream infection due to  Escherichia coli resistant to 3rd-generation cephalosporin (e.g., ESBL- E. coli) among patients seeking care and whose blood sample is taken and tested. AMR Surveillance National Coordinating Center",AMR_INFECT_ECOLI,,RATE_PER_100,PUBLISHED,percent,WHO RELAY / GLASS AMR indicator export
E_coli_3GC_resistance,Escherichia coli,Hong Kong,344,2023,30.53,30.5,"Percentage of bloodstream infection due to  Escherichia coli resistant to 3rd-generation cephalosporin (e.g., ESBL- E. coli) among patients seeking care and whose blood sample is taken and tested. AMR Surveillance National Coordinating Center",AMR_INFECT_ECOLI,,RATE_PER_100,PUBLISHED,percent,WHO RELAY / GLASS AMR indicator export
E_coli_3GC_resistance,Escherichia coli,Iceland,352,2022,9.79,9.8,"Percentage of bloodstream infection due to  Escherichia coli resistant to 3rd-generation cephalosporin (e.g., ESBL- E. coli) among patients seeking care and whose blood sample is taken and tested. AMR Surveillance National Coordinating Center",AMR_INFECT_ECOLI,,RATE_PER_100,PUBLISHED,percent,WHO RELAY / GLASS AMR indicator export
E_coli_3GC_resistance,Escherichia coli,Iceland,352,2023,12.02,12,"Percentage of bloodstream infection due to  Escherichia coli resistant to 3rd-generation cephalosporin (e.g., ESBL- E. coli) among patients seeking care and whose blood sample is taken and tested. AMR Surveillance National Coordinating Center",AMR_INFECT_ECOLI,,RATE_PER_100,PUBLISHED,percent,WHO RELAY / GLASS AMR indicator export
E_coli_3GC_resistance,Escherichia coli,India,356,2017,75.11,75.1,"Percentage of bloodstream infection due to  Escherichia coli resistant to 3rd-generation cephalosporin (e.g., ESBL- E. coli) among patients seeking care and whose blood sample is taken and tested. AMR Surveillance National Coordinating Center",AMR_INFECT_ECOLI,,RATE_PER_100,PUBLISHED,percent,WHO RELAY / GLASS AMR indicator export
E_coli_3GC_resistance,Escherichia coli,India,356,2018,78.83,78.8,"Percentage of bloodstream infection due to  Escherichia coli resistant to 3rd-generation cephalosporin (e.g., ESBL- E. coli) among patients seeking care and whose blood sample is taken and tested. AMR Surveillance National Coordinating Center",AMR_INFECT_ECOLI,,RATE_PER_100,PUBLISHED,percent,WHO RELAY / GLASS AMR indicator export
E_coli_3GC_resistance,Escherichia coli,India,356,2019,80.81,80.8,"Percentage of bloodstream infection due to  Escherichia coli resistant to 3rd-generation cephalosporin (e.g., ESBL- E. coli) among patients seeking care and whose blood sample is taken and tested. AMR Surveillance National Coordinating Center",AMR_INFECT_ECOLI,,RATE_PER_100,PUBLISHED,percent,WHO RELAY / GLASS AMR indicator export
E_coli_3GC_resistance,Escherichia coli,India,356,2020,86.81,86.8,"Percentage of bloodstream infection due to  Escherichia coli resistant to 3rd-generation cephalosporin (e.g., ESBL- E. coli) among patients seeking care and whose blood sample is taken and tested. AMR Surveillance National Coordinating Center",AMR_INFECT_ECOLI,,RATE_PER_100,PUBLISHED,percent,WHO RELAY / GLASS AMR indicator export
E_coli_3GC_resistance,Escherichia coli,India,356,2021,77.59,77.6,"Percentage of bloodstream infection due to  Escherichia coli resistant to 3rd-generation cephalosporin (e.g., ESBL- E. coli) among patients seeking care and whose blood sample is taken and tested. AMR Surveillance National Coordinating Center",AMR_INFECT_ECOLI,,RATE_PER_100,PUBLISHED,percent,WHO RELAY / GLASS AMR indicator export
E_coli_3GC_resistance,Escherichia coli,India,356,2022,77.53,77.5,"Percentage of bloodstream infection due to  Escherichia coli resistant to 3rd-generation cephalosporin (e.g., ESBL- E. coli) among patients seeking care and whose blood sample is taken and tested. AMR Surveillance National Coordinating Center",AMR_INFECT_ECOLI,,RATE_PER_100,PUBLISHED,percent,WHO RELAY / GLASS AMR indicator export
E_coli_3GC_resistance,Escherichia coli,India,356,2023,80.1,80.1,"Percentage of bloodstream infection due to  Escherichia coli resistant to 3rd-generation cephalosporin (e.g., ESBL- E. coli) among patients seeking care and whose blood sample is taken and tested. AMR Surveillance National Coordinating Center",AMR_INFECT_ECOLI,,RATE_PER_100,PUBLISHED,percent,WHO RELAY / GLASS AMR indicator export
E_coli_3GC_resistance,Escherichia coli,Indonesia,360,2018,71.88,71.9,"Percentage of bloodstream infection due to  Escherichia coli resistant to 3rd-generation cephalosporin (e.g., ESBL- E. coli) among patients seeking care and whose blood sample is taken and tested. AMR Surveillance National Coordinating Center",AMR_INFECT_ECOLI,,RATE_PER_100,PUBLISHED,percent,WHO RELAY / GLASS AMR indicator export
E_coli_3GC_resistance,Escherichia coli,Indonesia,360,2019,70.14,70.1,"Percentage of bloodstream infection due to  Escherichia coli resistant to 3rd-generation cephalosporin (e.g., ESBL- E. coli) among patients seeking care and whose blood sample is taken and tested. AMR Surveillance National Coordinating Center",AMR_INFECT_ECOLI,,RATE_PER_100,PUBLISHED,percent,WHO RELAY / GLASS AMR indicator export
E_coli_3GC_resistance,Escherichia coli,Indonesia,360,2020,75.63,75.6,"Percentage of bloodstream infection due to  Escherichia coli resistant to 3rd-generation cephalosporin (e.g., ESBL- E. coli) among patients seeking care and whose blood sample is taken and tested. AMR Surveillance National Coordinating Center",AMR_INFECT_ECOLI,,RATE_PER_100,PUBLISHED,percent,WHO RELAY / GLASS AMR indicator export
E_coli_3GC_resistance,Escherichia coli,Indonesia,360,2021,71.1,71.1,"Percentage of bloodstream infection due to  Escherichia coli resistant to 3rd-generation cephalosporin (e.g., ESBL- E. coli) among patients seeking care and whose blood sample is taken and tested. AMR Surveillance National Coordinating Center",AMR_INFECT_ECOLI,,RATE_PER_100,PUBLISHED,percent,WHO RELAY / GLASS AMR indicator export
E_coli_3GC_resistance,Escherichia coli,Indonesia,360,2022,69.73,69.7,"Percentage of bloodstream infection due to  Escherichia coli resistant to 3rd-generation cephalosporin (e.g., ESBL- E. coli) among patients seeking care and whose blood sample is taken and tested. AMR Surveillance National Coordinating Center",AMR_INFECT_ECOLI,,RATE_PER_100,PUBLISHED,percent,WHO RELAY / GLASS AMR indicator export
E_coli_3GC_resistance,Escherichia coli,Indonesia,360,2023,71.93,71.9,"Percentage of bloodstream infection due to  Escherichia coli resistant to 3rd-generation cephalosporin (e.g., ESBL- E. coli) among patients seeking care and whose blood sample is taken and tested. AMR Surveillance National Coordinating Center",AMR_INFECT_ECOLI,,RATE_PER_100,PUBLISHED,percent,WHO RELAY / GLASS AMR indicator export
E_coli_3GC_resistance,Escherichia coli,"Iran, Islamic Republic of",364,2017,90.0,90,"Percentage of bloodstream infection due to  Escherichia coli resistant to 3rd-generation cephalosporin (e.g., ESBL- E. coli) among patients seeking care and whose blood sample is taken and tested. AMR Surveillance National Coordinating Center",AMR_INFECT_ECOLI,,RATE_PER_100,PUBLISHED,percent,WHO RELAY / GLASS AMR indicator export
E_coli_3GC_resistance,Escherichia coli,"Iran, Islamic Republic of",364,2018,65.54,65.5,"Percentage of bloodstream infection due to  Escherichia coli resistant to 3rd-generation cephalosporin (e.g., ESBL- E. coli) among patients seeking care and whose blood sample is taken and tested. AMR Surveillance National Coordinating Center",AMR_INFECT_ECOLI,,RATE_PER_100,PUBLISHED,percent,WHO RELAY / GLASS AMR indicator export
E_coli_3GC_resistance,Escherichia coli,"Iran, Islamic Republic of",364,2019,70.32,70.3,"Percentage of bloodstream infection due to  Escherichia coli resistant to 3rd-generation cephalosporin (e.g., ESBL- E. coli) among patients seeking care and whose blood sample is taken and tested. AMR Surveillance National Coordinating Center",AMR_INFECT_ECOLI,,RATE_PER_100,PUBLISHED,percent,WHO RELAY / GLASS AMR indicator export
E_coli_3GC_resistance,Escherichia coli,"Iran, Islamic Republic of",364,2020,69.23,69.2,"Percentage of bloodstream infection due to  Escherichia coli resistant to 3rd-generation cephalosporin (e.g., ESBL- E. coli) among patients seeking care and whose blood sample is taken and tested. AMR Surveillance National Coordinating Center",AMR_INFECT_ECOLI,,RATE_PER_100,PUBLISHED,percent,WHO RELAY / GLASS AMR indicator export
E_coli_3GC_resistance,Escherichia coli,"Iran, Islamic Republic of",364,2021,70.25,70.3,"Percentage of bloodstream infection due to  Escherichia coli resistant to 3rd-generation cephalosporin (e.g., ESBL- E. coli) among patients seeking care and whose blood sample is taken and tested. AMR Surveillance National Coordinating Center",AMR_INFECT_ECOLI,,RATE_PER_100,PUBLISHED,percent,WHO RELAY / GLASS AMR indicator export
E_coli_3GC_resistance,Escherichia coli,"Iran, Islamic Republic of",364,2022,70.64,70.6,"Percentage of bloodstream infection due to  Escherichia coli resistant to 3rd-generation cephalosporin (e.g., ESBL- E. coli) among patients seeking care and whose blood sample is taken and tested. AMR Surveillance National Coordinating Center",AMR_INFECT_ECOLI,,RATE_PER_100,PUBLISHED,percent,WHO RELAY / GLASS AMR indicator export
E_coli_3GC_resistance,Escherichia coli,"Iran, Islamic Republic of",364,2023,72.12,72.1,"Percentage of bloodstream infection due to  Escherichia coli resistant to 3rd-generation cephalosporin (e.g., ESBL- E. coli) among patients seeking care and whose blood sample is taken and tested. AMR Surveillance National Coordinating Center",AMR_INFECT_ECOLI,,RATE_PER_100,PUBLISHED,percent,WHO RELAY / GLASS AMR indicator export
E_coli_3GC_resistance,Escherichia coli,Iraq,368,2020,94.87,94.9,"Percentage of bloodstream infection due to  Escherichia coli resistant to 3rd-generation cephalosporin (e.g., ESBL- E. coli) among patients seeking care and whose blood sample is taken and tested. AMR Surveillance National Coordinating Center",AMR_INFECT_ECOLI,,RATE_PER_100,PUBLISHED,percent,WHO RELAY / GLASS AMR indicator export
E_coli_3GC_resistance,Escherichia coli,Iraq,368,2021,85.51,85.5,"Percentage of bloodstream infection due to  Escherichia coli resistant to 3rd-generation cephalosporin (e.g., ESBL- E. coli) among patients seeking care and whose blood sample is taken and tested. AMR Surveillance National Coordinating Center",AMR_INFECT_ECOLI,,RATE_PER_100,PUBLISHED,percent,WHO RELAY / GLASS AMR indicator export
E_coli_3GC_resistance,Escherichia coli,Iraq,368,2022,85.71,85.7,"Percentage of bloodstream infection due to  Escherichia coli resistant to 3rd-generation cephalosporin (e.g., ESBL- E. coli) among patients seeking care and whose blood sample is taken and tested. AMR Surveillance National Coordinating Center",AMR_INFECT_ECOLI,,RATE_PER_100,PUBLISHED,percent,WHO RELAY / GLASS AMR indicator export
E_coli_3GC_resistance,Escherichia coli,Iraq,368,2023,87.77,87.8,"Percentage of bloodstream infection due to  Escherichia coli resistant to 3rd-generation cephalosporin (e.g., ESBL- E. coli) among patients seeking care and whose blood sample is taken and tested. AMR Surveillance National Coordinating Center",AMR_INFECT_ECOLI,,RATE_PER_100,PUBLISHED,percent,WHO RELAY / GLASS AMR indicator export
E_coli_3GC_resistance,Escherichia coli,Ireland,372,2017,11.98,12,"Percentage of bloodstream infection due to  Escherichia coli resistant to 3rd-generation cephalosporin (e.g., ESBL- E. coli) among patients seeking care and whose blood sample is taken and tested. AMR Surveillance National Coordinating Center",AMR_INFECT_ECOLI,,RATE_PER_100,PUBLISHED,percent,WHO RELAY / GLASS AMR indicator export
E_coli_3GC_resistance,Escherichia coli,Ireland,372,2018,12.88,12.9,"Percentage of bloodstream infection due to  Escherichia coli resistant to 3rd-generation cephalosporin (e.g., ESBL- E. coli) among patients seeking care and whose blood sample is taken and tested. AMR Surveillance National Coordinating Center",AMR_INFECT_ECOLI,,RATE_PER_100,PUBLISHED,percent,WHO RELAY / GLASS AMR indicator export
E_coli_3GC_resistance,Escherichia coli,Ireland,372,2019,12.53,12.5,"Percentage of bloodstream infection due to  Escherichia coli resistant to 3rd-generation cephalosporin (e.g., ESBL- E. coli) among patients seeking care and whose blood sample is taken and tested. AMR Surveillance National Coordinating Center",AMR_INFECT_ECOLI,,RATE_PER_100,PUBLISHED,percent,WHO RELAY / GLASS AMR indicator export
E_coli_3GC_resistance,Escherichia coli,Ireland,372,2020,10.64,10.6,"Percentage of bloodstream infection due to  Escherichia coli resistant to 3rd-generation cephalosporin (e.g., ESBL- E. coli) among patients seeking care and whose blood sample is taken and tested. AMR Surveillance National Coordinating Center",AMR_INFECT_ECOLI,,RATE_PER_100,PUBLISHED,percent,WHO RELAY / GLASS AMR indicator export
E_coli_3GC_resistance,Escherichia coli,Ireland,372,2021,9.81,9.8,"Percentage of bloodstream infection due to  Escherichia coli resistant to 3rd-generation cephalosporin (e.g., ESBL- E. coli) among patients seeking care and whose blood sample is taken and tested. AMR Surveillance National Coordinating Center",AMR_INFECT_ECOLI,,RATE_PER_100,PUBLISHED,percent,WHO RELAY / GLASS AMR indicator export
E_coli_3GC_resistance,Escherichia coli,Ireland,372,2022,10.51,10.5,"Percentage of bloodstream infection due to  Escherichia coli resistant to 3rd-generation cephalosporin (e.g., ESBL- E. coli) among patients seeking care and whose blood sample is taken and tested. AMR Surveillance National Coordinating Center",AMR_INFECT_ECOLI,,RATE_PER_100,PUBLISHED,percent,WHO RELAY / GLASS AMR indicator export
E_coli_3GC_resistance,Escherichia coli,Ireland,372,2023,10.77,10.8,"Percentage of bloodstream infection due to  Escherichia coli resistant to 3rd-generation cephalosporin (e.g., ESBL- E. coli) among patients seeking care and whose blood sample is taken and tested. AMR Surveillance National Coordinating Center",AMR_INFECT_ECOLI,,RATE_PER_100,PUBLISHED,percent,WHO RELAY / GLASS AMR indicator export
E_coli_3GC_resistance,Escherichia coli,Italy,380,2018,28.7,28.7,"Percentage of bloodstream infection due to  Escherichia coli resistant to 3rd-generation cephalosporin (e.g., ESBL- E. coli) among patients seeking care and whose blood sample is taken and tested. AMR Surveillance National Coordinating Center",AMR_INFECT_ECOLI,,RATE_PER_100,PUBLISHED,percent,WHO RELAY / GLASS AMR indicator export
E_coli_3GC_resistance,Escherichia coli,Italy,380,2019,33.61,33.6,"Percentage of bloodstream infection due to  Escherichia coli resistant to 3rd-generation cephalosporin (e.g., ESBL- E. coli) among patients seeking care and whose blood sample is taken and tested. AMR Surveillance National Coordinating Center",AMR_INFECT_ECOLI,,RATE_PER_100,PUBLISHED,percent,WHO RELAY / GLASS AMR indicator export
E_coli_3GC_resistance,Escherichia coli,Italy,380,2020,28.66,28.7,"Percentage of bloodstream infection due to  Escherichia coli resistant to 3rd-generation cephalosporin (e.g., ESBL- E. coli) among patients seeking care and whose blood sample is taken and tested. AMR Surveillance National Coordinating Center",AMR_INFECT_ECOLI,,RATE_PER_100,PUBLISHED,percent,WHO RELAY / GLASS AMR indicator export
E_coli_3GC_resistance,Escherichia coli,Italy,380,2021,24.6,24.6,"Percentage of bloodstream infection due to  Escherichia coli resistant to 3rd-generation cephalosporin (e.g., ESBL- E. coli) among patients seeking care and whose blood sample is taken and tested. AMR Surveillance National Coordinating Center",AMR_INFECT_ECOLI,,RATE_PER_100,PUBLISHED,percent,WHO RELAY / GLASS AMR indicator export
E_coli_3GC_resistance,Escherichia coli,Italy,380,2022,26.5,26.5,"Percentage of bloodstream infection due to  Escherichia coli resistant to 3rd-generation cephalosporin (e.g., ESBL- E. coli) among patients seeking care and whose blood sample is taken and tested. AMR Surveillance National Coordinating Center",AMR_INFECT_ECOLI,,RATE_PER_100,PUBLISHED,percent,WHO RELAY / GLASS AMR indicator export
E_coli_3GC_resistance,Escherichia coli,Italy,380,2023,29.98,30,"Percentage of bloodstream infection due to  Escherichia coli resistant to 3rd-generation cephalosporin (e.g., ESBL- E. coli) among patients seeking care and whose blood sample is taken and tested. AMR Surveillance National Coordinating Center",AMR_INFECT_ECOLI,,RATE_PER_100,PUBLISHED,percent,WHO RELAY / GLASS AMR indicator export
E_coli_3GC_resistance,Escherichia coli,Japan,392,2016,18.94,18.9,"Percentage of bloodstream infection due to  Escherichia coli resistant to 3rd-generation cephalosporin (e.g., ESBL- E. coli) among patients seeking care and whose blood sample is taken and tested. AMR Surveillance National Coordinating Center",AMR_INFECT_ECOLI,,RATE_PER_100,PUBLISHED,percent,WHO RELAY / GLASS AMR indicator export
E_coli_3GC_resistance,Escherichia coli,Japan,392,2017,19.62,19.6,"Percentage of bloodstream infection due to  Escherichia coli resistant to 3rd-generation cephalosporin (e.g., ESBL- E. coli) among patients seeking care and whose blood sample is taken and tested. AMR Surveillance National Coordinating Center",AMR_INFECT_ECOLI,,RATE_PER_100,PUBLISHED,percent,WHO RELAY / GLASS AMR indicator export
E_coli_3GC_resistance,Escherichia coli,Japan,392,2018,20.12,20.1,"Percentage of bloodstream infection due to  Escherichia coli resistant to 3rd-generation cephalosporin (e.g., ESBL- E. coli) among patients seeking care and whose blood sample is taken and tested. AMR Surveillance National Coordinating Center",AMR_INFECT_ECOLI,,RATE_PER_100,PUBLISHED,percent,WHO RELAY / GLASS AMR indicator export
E_coli_3GC_resistance,Escherichia coli,Japan,392,2019,20.95,21,"Percentage of bloodstream infection due to  Escherichia coli resistant to 3rd-generation cephalosporin (e.g., ESBL- E. coli) among patients seeking care and whose blood sample is taken and tested. AMR Surveillance National Coordinating Center",AMR_INFECT_ECOLI,,RATE_PER_100,PUBLISHED,percent,WHO RELAY / GLASS AMR indicator export
E_coli_3GC_resistance,Escherichia coli,Japan,392,2020,20.66,20.7,"Percentage of bloodstream infection due to  Escherichia coli resistant to 3rd-generation cephalosporin (e.g., ESBL- E. coli) among patients seeking care and whose blood sample is taken and tested. AMR Surveillance National Coordinating Center",AMR_INFECT_ECOLI,,RATE_PER_100,PUBLISHED,percent,WHO RELAY / GLASS AMR indicator export
E_coli_3GC_resistance,Escherichia coli,Japan,392,2021,20.64,20.6,"Percentage of bloodstream infection due to  Escherichia coli resistant to 3rd-generation cephalosporin (e.g., ESBL- E. coli) among patients seeking care and whose blood sample is taken and tested. AMR Surveillance National Coordinating Center",AMR_INFECT_ECOLI,,RATE_PER_100,PUBLISHED,percent,WHO RELAY / GLASS AMR indicator export
E_coli_3GC_resistance,Escherichia coli,Japan,392,2022,20.39,20.4,"Percentage of bloodstream infection due to  Escherichia coli resistant to 3rd-generation cephalosporin (e.g., ESBL- E. coli) among patients seeking care and whose blood sample is taken and tested. AMR Surveillance National Coordinating Center",AMR_INFECT_ECOLI,,RATE_PER_100,PUBLISHED,percent,WHO RELAY / GLASS AMR indicator export
E_coli_3GC_resistance,Escherichia coli,Japan,392,2023,20.26,20.3,"Percentage of bloodstream infection due to  Escherichia coli resistant to 3rd-generation cephalosporin (e.g., ESBL- E. coli) among patients seeking care and whose blood sample is taken and tested. AMR Surveillance National Coordinating Center",AMR_INFECT_ECOLI,,RATE_PER_100,PUBLISHED,percent,WHO RELAY / GLASS AMR indicator export
E_coli_3GC_resistance,Escherichia coli,Jordan,400,2018,61.9,61.9,"Percentage of bloodstream infection due to  Escherichia coli resistant to 3rd-generation cephalosporin (e.g., ESBL- E. coli) among patients seeking care and whose blood sample is taken and tested. AMR Surveillance National Coordinating Center",AMR_INFECT_ECOLI,,RATE_PER_100,PUBLISHED,percent,WHO RELAY / GLASS AMR indicator export
E_coli_3GC_resistance,Escherichia coli,Jordan,400,2019,66.67,66.7,"Percentage of bloodstream infection due to  Escherichia coli resistant to 3rd-generation cephalosporin (e.g., ESBL- E. coli) among patients seeking care and whose blood sample is taken and tested. AMR Surveillance National Coordinating Center",AMR_INFECT_ECOLI,,RATE_PER_100,PUBLISHED,percent,WHO RELAY / GLASS AMR indicator export
E_coli_3GC_resistance,Escherichia coli,Jordan,400,2020,64.52,64.5,"Percentage of bloodstream infection due to  Escherichia coli resistant to 3rd-generation cephalosporin (e.g., ESBL- E. coli) among patients seeking care and whose blood sample is taken and tested. AMR Surveillance National Coordinating Center",AMR_INFECT_ECOLI,,RATE_PER_100,PUBLISHED,percent,WHO RELAY / GLASS AMR indicator export
E_coli_3GC_resistance,Escherichia coli,Jordan,400,2021,60.42,60.4,"Percentage of bloodstream infection due to  Escherichia coli resistant to 3rd-generation cephalosporin (e.g., ESBL- E. coli) among patients seeking care and whose blood sample is taken and tested. AMR Surveillance National Coordinating Center",AMR_INFECT_ECOLI,,RATE_PER_100,PUBLISHED,percent,WHO RELAY / GLASS AMR indicator export
E_coli_3GC_resistance,Escherichia coli,Jordan,400,2022,57.23,57.2,"Percentage of bloodstream infection due to  Escherichia coli resistant to 3rd-generation cephalosporin (e.g., ESBL- E. coli) among patients seeking care and whose blood sample is taken and tested. AMR Surveillance National Coordinating Center",AMR_INFECT_ECOLI,,RATE_PER_100,PUBLISHED,percent,WHO RELAY / GLASS AMR indicator export
E_coli_3GC_resistance,Escherichia coli,Jordan,400,2023,67.05,67,"Percentage of bloodstream infection due to  Escherichia coli resistant to 3rd-generation cephalosporin (e.g., ESBL- E. coli) among patients seeking care and whose blood sample is taken and tested. AMR Surveillance National Coordinating Center",AMR_INFECT_ECOLI,,RATE_PER_100,PUBLISHED,percent,WHO RELAY / GLASS AMR indicator export
E_coli_3GC_resistance,Escherichia coli,Kenya,404,2021,78.05,78,"Percentage of bloodstream infection due to  Escherichia coli resistant to 3rd-generation cephalosporin (e.g., ESBL- E. coli) among patients seeking care and whose blood sample is taken and tested. AMR Surveillance National Coordinating Center",AMR_INFECT_ECOLI,,RATE_PER_100,PUBLISHED,percent,WHO RELAY / GLASS AMR indicator export
E_coli_3GC_resistance,Escherichia coli,Kenya,404,2022,63.64,63.6,"Percentage of bloodstream infection due to  Escherichia coli resistant to 3rd-generation cephalosporin (e.g., ESBL- E. coli) among patients seeking care and whose blood sample is taken and tested. AMR Surveillance National Coordinating Center",AMR_INFECT_ECOLI,,RATE_PER_100,PUBLISHED,percent,WHO RELAY / GLASS AMR indicator export
E_coli_3GC_resistance,Escherichia coli,Kenya,404,2023,77.21,77.2,"Percentage of bloodstream infection due to  Escherichia coli resistant to 3rd-generation cephalosporin (e.g., ESBL- E. coli) among patients seeking care and whose blood sample is taken and tested. AMR Surveillance National Coordinating Center",AMR_INFECT_ECOLI,,RATE_PER_100,PUBLISHED,percent,WHO RELAY / GLASS AMR indicator export
E_coli_3GC_resistance,Escherichia coli,"Korea, Republic of",410,2016,35.33,35.3,"Percentage of bloodstream infection due to  Escherichia coli resistant to 3rd-generation cephalosporin (e.g., ESBL- E. coli) among patients seeking care and whose blood sample is taken and tested. AMR Surveillance National Coordinating Center",AMR_INFECT_ECOLI,,RATE_PER_100,PUBLISHED,percent,WHO RELAY / GLASS AMR indicator export
E_coli_3GC_resistance,Escherichia coli,"Korea, Republic of",410,2017,32.39,32.4,"Percentage of bloodstream infection due to  Escherichia coli resistant to 3rd-generation cephalosporin (e.g., ESBL- E. coli) among patients seeking care and whose blood sample is taken and tested. AMR Surveillance National Coordinating Center",AMR_INFECT_ECOLI,,RATE_PER_100,PUBLISHED,percent,WHO RELAY / GLASS AMR indicator export
E_coli_3GC_resistance,Escherichia coli,"Korea, Republic of",410,2018,38.63,38.6,"Percentage of bloodstream infection due to  Escherichia coli resistant to 3rd-generation cephalosporin (e.g., ESBL- E. coli) among patients seeking care and whose blood sample is taken and tested. AMR Surveillance National Coordinating Center",AMR_INFECT_ECOLI,,RATE_PER_100,PUBLISHED,percent,WHO RELAY / GLASS AMR indicator export
E_coli_3GC_resistance,Escherichia coli,"Korea, Republic of",410,2019,37.08,37.1,"Percentage of bloodstream infection due to  Escherichia coli resistant to 3rd-generation cephalosporin (e.g., ESBL- E. coli) among patients seeking care and whose blood sample is taken and tested. AMR Surveillance National Coordinating Center",AMR_INFECT_ECOLI,,RATE_PER_100,PUBLISHED,percent,WHO RELAY / GLASS AMR indicator export
E_coli_3GC_resistance,Escherichia coli,"Korea, Republic of",410,2020,37.66,37.7,"Percentage of bloodstream infection due to  Escherichia coli resistant to 3rd-generation cephalosporin (e.g., ESBL- E. coli) among patients seeking care and whose blood sample is taken and tested. AMR Surveillance National Coordinating Center",AMR_INFECT_ECOLI,,RATE_PER_100,PUBLISHED,percent,WHO RELAY / GLASS AMR indicator export
E_coli_3GC_resistance,Escherichia coli,"Korea, Republic of",410,2021,36.63,36.6,"Percentage of bloodstream infection due to  Escherichia coli resistant to 3rd-generation cephalosporin (e.g., ESBL- E. coli) among patients seeking care and whose blood sample is taken and tested. AMR Surveillance National Coordinating Center",AMR_INFECT_ECOLI,,RATE_PER_100,PUBLISHED,percent,WHO RELAY / GLASS AMR indicator export
E_coli_3GC_resistance,Escherichia coli,"Korea, Republic of",410,2022,38.84,38.8,"Percentage of bloodstream infection due to  Escherichia coli resistant to 3rd-generation cephalosporin (e.g., ESBL- E. coli) among patients seeking care and whose blood sample is taken and tested. AMR Surveillance National Coordinating Center",AMR_INFECT_ECOLI,,RATE_PER_100,PUBLISHED,percent,WHO RELAY / GLASS AMR indicator export
E_coli_3GC_resistance,Escherichia coli,"Korea, Republic of",410,2023,38.92,38.9,"Percentage of bloodstream infection due to  Escherichia coli resistant to 3rd-generation cephalosporin (e.g., ESBL- E. coli) among patients seeking care and whose blood sample is taken and tested. AMR Surveillance National Coordinating Center",AMR_INFECT_ECOLI,,RATE_PER_100,PUBLISHED,percent,WHO RELAY / GLASS AMR indicator export
E_coli_3GC_resistance,Escherichia coli,Kuwait,414,2020,51.28,51.3,"Percentage of bloodstream infection due to  Escherichia coli resistant to 3rd-generation cephalosporin (e.g., ESBL- E. coli) among patients seeking care and whose blood sample is taken and tested. AMR Surveillance National Coordinating Center",AMR_INFECT_ECOLI,,RATE_PER_100,PUBLISHED,percent,WHO RELAY / GLASS AMR indicator export
E_coli_3GC_resistance,Escherichia coli,Kuwait,414,2021,43.66,43.7,"Percentage of bloodstream infection due to  Escherichia coli resistant to 3rd-generation cephalosporin (e.g., ESBL- E. coli) among patients seeking care and whose blood sample is taken and tested. AMR Surveillance National Coordinating Center",AMR_INFECT_ECOLI,,RATE_PER_100,PUBLISHED,percent,WHO RELAY / GLASS AMR indicator export
E_coli_3GC_resistance,Escherichia coli,Kuwait,414,2022,45.51,45.5,"Percentage of bloodstream infection due to  Escherichia coli resistant to 3rd-generation cephalosporin (e.g., ESBL- E. coli) among patients seeking care and whose blood sample is taken and tested. AMR Surveillance National Coordinating Center",AMR_INFECT_ECOLI,,RATE_PER_100,PUBLISHED,percent,WHO RELAY / GLASS AMR indicator export
E_coli_3GC_resistance,Escherichia coli,Kuwait,414,2023,52.96,53,"Percentage of bloodstream infection due to  Escherichia coli resistant to 3rd-generation cephalosporin (e.g., ESBL- E. coli) among patients seeking care and whose blood sample is taken and tested. AMR Surveillance National Coordinating Center",AMR_INFECT_ECOLI,,RATE_PER_100,PUBLISHED,percent,WHO RELAY / GLASS AMR indicator export
E_coli_3GC_resistance,Escherichia coli,Lao People's Democratic Republic,418,2017,45.28,45.3,"Percentage of bloodstream infection due to  Escherichia coli resistant to 3rd-generation cephalosporin (e.g., ESBL- E. coli) among patients seeking care and whose blood sample is taken and tested. AMR Surveillance National Coordinating Center",AMR_INFECT_ECOLI,,RATE_PER_100,PUBLISHED,percent,WHO RELAY / GLASS AMR indicator export
E_coli_3GC_resistance,Escherichia coli,Lao People's Democratic Republic,418,2018,45.45,45.5,"Percentage of bloodstream infection due to  Escherichia coli resistant to 3rd-generation cephalosporin (e.g., ESBL- E. coli) among patients seeking care and whose blood sample is taken and tested. AMR Surveillance National Coordinating Center",AMR_INFECT_ECOLI,,RATE_PER_100,PUBLISHED,percent,WHO RELAY / GLASS AMR indicator export
E_coli_3GC_resistance,Escherichia coli,Lao People's Democratic Republic,418,2019,50.0,50,"Percentage of bloodstream infection due to  Escherichia coli resistant to 3rd-generation cephalosporin (e.g., ESBL- E. coli) among patients seeking care and whose blood sample is taken and tested. AMR Surveillance National Coordinating Center",AMR_INFECT_ECOLI,,RATE_PER_100,PUBLISHED,percent,WHO RELAY / GLASS AMR indicator export
E_coli_3GC_resistance,Escherichia coli,Lao People's Democratic Republic,418,2020,50.85,50.8,"Percentage of bloodstream infection due to  Escherichia coli resistant to 3rd-generation cephalosporin (e.g., ESBL- E. coli) among patients seeking care and whose blood sample is taken and tested. AMR Surveillance National Coordinating Center",AMR_INFECT_ECOLI,,RATE_PER_100,PUBLISHED,percent,WHO RELAY / GLASS AMR indicator export
E_coli_3GC_resistance,Escherichia coli,Lao People's Democratic Republic,418,2021,45.52,45.5,"Percentage of bloodstream infection due to  Escherichia coli resistant to 3rd-generation cephalosporin (e.g., ESBL- E. coli) among patients seeking care and whose blood sample is taken and tested. AMR Surveillance National Coordinating Center",AMR_INFECT_ECOLI,,RATE_PER_100,PUBLISHED,percent,WHO RELAY / GLASS AMR indicator export
E_coli_3GC_resistance,Escherichia coli,Lao People's Democratic Republic,418,2022,52.61,52.6,"Percentage of bloodstream infection due to  Escherichia coli resistant to 3rd-generation cephalosporin (e.g., ESBL- E. coli) among patients seeking care and whose blood sample is taken and tested. AMR Surveillance National Coordinating Center",AMR_INFECT_ECOLI,,RATE_PER_100,PUBLISHED,percent,WHO RELAY / GLASS AMR indicator export
E_coli_3GC_resistance,Escherichia coli,Lao People's Democratic Republic,418,2023,55.56,55.6,"Percentage of bloodstream infection due to  Escherichia coli resistant to 3rd-generation cephalosporin (e.g., ESBL- E. coli) among patients seeking care and whose blood sample is taken and tested. AMR Surveillance National Coordinating Center",AMR_INFECT_ECOLI,,RATE_PER_100,PUBLISHED,percent,WHO RELAY / GLASS AMR indicator export
E_coli_3GC_resistance,Escherichia coli,Latvia,428,2016,28.24,28.2,"Percentage of bloodstream infection due to  Escherichia coli resistant to 3rd-generation cephalosporin (e.g., ESBL- E. coli) among patients seeking care and whose blood sample is taken and tested. AMR Surveillance National Coordinating Center",AMR_INFECT_ECOLI,,RATE_PER_100,PUBLISHED,percent,WHO RELAY / GLASS AMR indicator export
E_coli_3GC_resistance,Escherichia coli,Latvia,428,2017,18.02,18,"Percentage of bloodstream infection due to  Escherichia coli resistant to 3rd-generation cephalosporin (e.g., ESBL- E. coli) among patients seeking care and whose blood sample is taken and tested. AMR Surveillance National Coordinating Center",AMR_INFECT_ECOLI,,RATE_PER_100,PUBLISHED,percent,WHO RELAY / GLASS AMR indicator export
E_coli_3GC_resistance,Escherichia coli,Latvia,428,2018,20.4,20.4,"Percentage of bloodstream infection due to  Escherichia coli resistant to 3rd-generation cephalosporin (e.g., ESBL- E. coli) among patients seeking care and whose blood sample is taken and tested. AMR Surveillance National Coordinating Center",AMR_INFECT_ECOLI,,RATE_PER_100,PUBLISHED,percent,WHO RELAY / GLASS AMR indicator export
E_coli_3GC_resistance,Escherichia coli,Latvia,428,2019,18.08,18.1,"Percentage of bloodstream infection due to  Escherichia coli resistant to 3rd-generation cephalosporin (e.g., ESBL- E. coli) among patients seeking care and whose blood sample is taken and tested. AMR Surveillance National Coordinating Center",AMR_INFECT_ECOLI,,RATE_PER_100,PUBLISHED,percent,WHO RELAY / GLASS AMR indicator export
E_coli_3GC_resistance,Escherichia coli,Latvia,428,2020,33.33,33.3,"Percentage of bloodstream infection due to  Escherichia coli resistant to 3rd-generation cephalosporin (e.g., ESBL- E. coli) among patients seeking care and whose blood sample is taken and tested. AMR Surveillance National Coordinating Center",AMR_INFECT_ECOLI,,RATE_PER_100,PUBLISHED,percent,WHO RELAY / GLASS AMR indicator export
E_coli_3GC_resistance,Escherichia coli,Latvia,428,2021,18.91,18.9,"Percentage of bloodstream infection due to  Escherichia coli resistant to 3rd-generation cephalosporin (e.g., ESBL- E. coli) among patients seeking care and whose blood sample is taken and tested. AMR Surveillance National Coordinating Center",AMR_INFECT_ECOLI,,RATE_PER_100,PUBLISHED,percent,WHO RELAY / GLASS AMR indicator export
E_coli_3GC_resistance,Escherichia coli,Latvia,428,2022,16.17,16.2,"Percentage of bloodstream infection due to  Escherichia coli resistant to 3rd-generation cephalosporin (e.g., ESBL- E. coli) among patients seeking care and whose blood sample is taken and tested. AMR Surveillance National Coordinating Center",AMR_INFECT_ECOLI,,RATE_PER_100,PUBLISHED,percent,WHO RELAY / GLASS AMR indicator export
E_coli_3GC_resistance,Escherichia coli,Latvia,428,2023,22.94,22.9,"Percentage of bloodstream infection due to  Escherichia coli resistant to 3rd-generation cephalosporin (e.g., ESBL- E. coli) among patients seeking care and whose blood sample is taken and tested. AMR Surveillance National Coordinating Center",AMR_INFECT_ECOLI,,RATE_PER_100,PUBLISHED,percent,WHO RELAY / GLASS AMR indicator export
E_coli_3GC_resistance,Escherichia coli,Lebanon,422,2016,48.53,48.5,"Percentage of bloodstream infection due to  Escherichia coli resistant to 3rd-generation cephalosporin (e.g., ESBL- E. coli) among patients seeking care and whose blood sample is taken and tested. AMR Surveillance National Coordinating Center",AMR_INFECT_ECOLI,,RATE_PER_100,PUBLISHED,percent,WHO RELAY / GLASS AMR indicator export
E_coli_3GC_resistance,Escherichia coli,Lebanon,422,2017,46.15,46.1,"Percentage of bloodstream infection due to  Escherichia coli resistant to 3rd-generation cephalosporin (e.g., ESBL- E. coli) among patients seeking care and whose blood sample is taken and tested. AMR Surveillance National Coordinating Center",AMR_INFECT_ECOLI,,RATE_PER_100,PUBLISHED,percent,WHO RELAY / GLASS AMR indicator export
E_coli_3GC_resistance,Escherichia coli,Lebanon,422,2018,50.53,50.5,"Percentage of bloodstream infection due to  Escherichia coli resistant to 3rd-generation cephalosporin (e.g., ESBL- E. coli) among patients seeking care and whose blood sample is taken and tested. AMR Surveillance National Coordinating Center",AMR_INFECT_ECOLI,,RATE_PER_100,PUBLISHED,percent,WHO RELAY / GLASS AMR indicator export
E_coli_3GC_resistance,Escherichia coli,Lebanon,422,2019,55.33,55.3,"Percentage of bloodstream infection due to  Escherichia coli resistant to 3rd-generation cephalosporin (e.g., ESBL- E. coli) among patients seeking care and whose blood sample is taken and tested. AMR Surveillance National Coordinating Center",AMR_INFECT_ECOLI,,RATE_PER_100,PUBLISHED,percent,WHO RELAY / GLASS AMR indicator export
E_coli_3GC_resistance,Escherichia coli,Lebanon,422,2020,56.41,56.4,"Percentage of bloodstream infection due to  Escherichia coli resistant to 3rd-generation cephalosporin (e.g., ESBL- E. coli) among patients seeking care and whose blood sample is taken and tested. AMR Surveillance National Coordinating Center",AMR_INFECT_ECOLI,,RATE_PER_100,PUBLISHED,percent,WHO RELAY / GLASS AMR indicator export
E_coli_3GC_resistance,Escherichia coli,Lebanon,422,2021,50.0,50,"Percentage of bloodstream infection due to  Escherichia coli resistant to 3rd-generation cephalosporin (e.g., ESBL- E. coli) among patients seeking care and whose blood sample is taken and tested. AMR Surveillance National Coordinating Center",AMR_INFECT_ECOLI,,RATE_PER_100,PUBLISHED,percent,WHO RELAY / GLASS AMR indicator export
E_coli_3GC_resistance,Escherichia coli,Lebanon,422,2022,37.22,37.2,"Percentage of bloodstream infection due to  Escherichia coli resistant to 3rd-generation cephalosporin (e.g., ESBL- E. coli) among patients seeking care and whose blood sample is taken and tested. AMR Surveillance National Coordinating Center",AMR_INFECT_ECOLI,,RATE_PER_100,PUBLISHED,percent,WHO RELAY / GLASS AMR indicator export
E_coli_3GC_resistance,Escherichia coli,Liberia,430,2020,40.0,40,"Percentage of bloodstream infection due to  Escherichia coli resistant to 3rd-generation cephalosporin (e.g., ESBL- E. coli) among patients seeking care and whose blood sample is taken and tested. AMR Surveillance National Coordinating Center",AMR_INFECT_ECOLI,,RATE_PER_100,PUBLISHED,percent,WHO RELAY / GLASS AMR indicator export
E_coli_3GC_resistance,Escherichia coli,Libya,434,2019,58.33,58.3,"Percentage of bloodstream infection due to  Escherichia coli resistant to 3rd-generation cephalosporin (e.g., ESBL- E. coli) among patients seeking care and whose blood sample is taken and tested. AMR Surveillance National Coordinating Center",AMR_INFECT_ECOLI,,RATE_PER_100,PUBLISHED,percent,WHO RELAY / GLASS AMR indicator export
E_coli_3GC_resistance,Escherichia coli,Libya,434,2020,61.54,61.5,"Percentage of bloodstream infection due to  Escherichia coli resistant to 3rd-generation cephalosporin (e.g., ESBL- E. coli) among patients seeking care and whose blood sample is taken and tested. AMR Surveillance National Coordinating Center",AMR_INFECT_ECOLI,,RATE_PER_100,PUBLISHED,percent,WHO RELAY / GLASS AMR indicator export
E_coli_3GC_resistance,Escherichia coli,Lithuania,440,2016,9.7,9.7,"Percentage of bloodstream infection due to  Escherichia coli resistant to 3rd-generation cephalosporin (e.g., ESBL- E. coli) among patients seeking care and whose blood sample is taken and tested. AMR Surveillance National Coordinating Center",AMR_INFECT_ECOLI,,RATE_PER_100,PUBLISHED,percent,WHO RELAY / GLASS AMR indicator export
E_coli_3GC_resistance,Escherichia coli,Lithuania,440,2017,12.5,12.5,"Percentage of bloodstream infection due to  Escherichia coli resistant to 3rd-generation cephalosporin (e.g., ESBL- E. coli) among patients seeking care and whose blood sample is taken and tested. AMR Surveillance National Coordinating Center",AMR_INFECT_ECOLI,,RATE_PER_100,PUBLISHED,percent,WHO RELAY / GLASS AMR indicator export
E_coli_3GC_resistance,Escherichia coli,Lithuania,440,2018,15.33,15.3,"Percentage of bloodstream infection due to  Escherichia coli resistant to 3rd-generation cephalosporin (e.g., ESBL- E. coli) among patients seeking care and whose blood sample is taken and tested. AMR Surveillance National Coordinating Center",AMR_INFECT_ECOLI,,RATE_PER_100,PUBLISHED,percent,WHO RELAY / GLASS AMR indicator export
E_coli_3GC_resistance,Escherichia coli,Lithuania,440,2019,17.53,17.5,"Percentage of bloodstream infection due to  Escherichia coli resistant to 3rd-generation cephalosporin (e.g., ESBL- E. coli) among patients seeking care and whose blood sample is taken and tested. AMR Surveillance National Coordinating Center",AMR_INFECT_ECOLI,,RATE_PER_100,PUBLISHED,percent,WHO RELAY / GLASS AMR indicator export
E_coli_3GC_resistance,Escherichia coli,Lithuania,440,2020,16.35,16.3,"Percentage of bloodstream infection due to  Escherichia coli resistant to 3rd-generation cephalosporin (e.g., ESBL- E. coli) among patients seeking care and whose blood sample is taken and tested. AMR Surveillance National Coordinating Center",AMR_INFECT_ECOLI,,RATE_PER_100,PUBLISHED,percent,WHO RELAY / GLASS AMR indicator export
E_coli_3GC_resistance,Escherichia coli,Lithuania,440,2021,13.29,13.3,"Percentage of bloodstream infection due to  Escherichia coli resistant to 3rd-generation cephalosporin (e.g., ESBL- E. coli) among patients seeking care and whose blood sample is taken and tested. AMR Surveillance National Coordinating Center",AMR_INFECT_ECOLI,,RATE_PER_100,PUBLISHED,percent,WHO RELAY / GLASS AMR indicator export
E_coli_3GC_resistance,Escherichia coli,Lithuania,440,2022,17.03,17,"Percentage of bloodstream infection due to  Escherichia coli resistant to 3rd-generation cephalosporin (e.g., ESBL- E. coli) among patients seeking care and whose blood sample is taken and tested. AMR Surveillance National Coordinating Center",AMR_INFECT_ECOLI,,RATE_PER_100,PUBLISHED,percent,WHO RELAY / GLASS AMR indicator export
E_coli_3GC_resistance,Escherichia coli,Lithuania,440,2023,17.19,17.2,"Percentage of bloodstream infection due to  Escherichia coli resistant to 3rd-generation cephalosporin (e.g., ESBL- E. coli) among patients seeking care and whose blood sample is taken and tested. AMR Surveillance National Coordinating Center",AMR_INFECT_ECOLI,,RATE_PER_100,PUBLISHED,percent,WHO RELAY / GLASS AMR indicator export
E_coli_3GC_resistance,Escherichia coli,Luxembourg,442,2019,15.65,15.7,"Percentage of bloodstream infection due to  Escherichia coli resistant to 3rd-generation cephalosporin (e.g., ESBL- E. coli) among patients seeking care and whose blood sample is taken and tested. AMR Surveillance National Coordinating Center",AMR_INFECT_ECOLI,,RATE_PER_100,PUBLISHED,percent,WHO RELAY / GLASS AMR indicator export
E_coli_3GC_resistance,Escherichia coli,Luxembourg,442,2020,10.75,10.7,"Percentage of bloodstream infection due to  Escherichia coli resistant to 3rd-generation cephalosporin (e.g., ESBL- E. coli) among patients seeking care and whose blood sample is taken and tested. AMR Surveillance National Coordinating Center",AMR_INFECT_ECOLI,,RATE_PER_100,PUBLISHED,percent,WHO RELAY / GLASS AMR indicator export
E_coli_3GC_resistance,Escherichia coli,Luxembourg,442,2021,11.34,11.3,"Percentage of bloodstream infection due to  Escherichia coli resistant to 3rd-generation cephalosporin (e.g., ESBL- E. coli) among patients seeking care and whose blood sample is taken and tested. AMR Surveillance National Coordinating Center",AMR_INFECT_ECOLI,,RATE_PER_100,PUBLISHED,percent,WHO RELAY / GLASS AMR indicator export
E_coli_3GC_resistance,Escherichia coli,Luxembourg,442,2022,10.87,10.9,"Percentage of bloodstream infection due to  Escherichia coli resistant to 3rd-generation cephalosporin (e.g., ESBL- E. coli) among patients seeking care and whose blood sample is taken and tested. AMR Surveillance National Coordinating Center",AMR_INFECT_ECOLI,,RATE_PER_100,PUBLISHED,percent,WHO RELAY / GLASS AMR indicator export
E_coli_3GC_resistance,Escherichia coli,Luxembourg,442,2023,11.71,11.7,"Percentage of bloodstream infection due to  Escherichia coli resistant to 3rd-generation cephalosporin (e.g., ESBL- E. coli) among patients seeking care and whose blood sample is taken and tested. AMR Surveillance National Coordinating Center",AMR_INFECT_ECOLI,,RATE_PER_100,PUBLISHED,percent,WHO RELAY / GLASS AMR indicator export
E_coli_3GC_resistance,Escherichia coli,M49:1,1,2016,35.8,26.9,,AMR_INFECT_ECOLI,,RATE_PER_100,PUBLISHED,percent,WHO RELAY / GLASS AMR indicator export
E_coli_3GC_resistance,Escherichia coli,M49:1,1,2017,29.1,29.1,,AMR_INFECT_ECOLI,,RATE_PER_100,PUBLISHED,percent,WHO RELAY / GLASS AMR indicator export
E_coli_3GC_resistance,Escherichia coli,M49:1,1,2018,36.0,36,,AMR_INFECT_ECOLI,,RATE_PER_100,PUBLISHED,percent,WHO RELAY / GLASS AMR indicator export
E_coli_3GC_resistance,Escherichia coli,M49:1,1,2019,36.6,36.6,"Percentage of bloodstream infection due to  Escherichia coli resistant to 3rd-generation cephalosporin (e.g., ESBL- E. coli) among patients seeking care and whose blood sample is taken and tested. Global Antimicrobial Resistance Surveillance System (GLASS). Geneva: WHO, 2020.",AMR_INFECT_ECOLI,,RATE_PER_100,PUBLISHED,percent,WHO RELAY / GLASS AMR indicator export
E_coli_3GC_resistance,Escherichia coli,M49:1,1,2020,41.8,41.8,"Percentage of bloodstream infection due to  Escherichia coli resistant to 3rd-generation cephalosporin (e.g., ESBL- E. coli) among patients seeking care and whose blood sample is taken and tested. Global Antimicrobial Resistance Surveillance System (GLASS). Geneva: WHO, 2020.",AMR_INFECT_ECOLI,,RATE_PER_100,PUBLISHED,percent,WHO RELAY / GLASS AMR indicator export
E_coli_3GC_resistance,Escherichia coli,M49:1,1,2021,41.0,41,,AMR_INFECT_ECOLI,,RATE_PER_100,PUBLISHED,percent,WHO RELAY / GLASS AMR indicator export
E_coli_3GC_resistance,Escherichia coli,M49:1,1,2022,45.5,45.5,,AMR_INFECT_ECOLI,,RATE_PER_100,PUBLISHED,percent,WHO RELAY / GLASS AMR indicator export
E_coli_3GC_resistance,Escherichia coli,M49:412,412,2020,30.0,30,"Percentage of bloodstream infection due to  Escherichia coli resistant to 3rd-generation cephalosporin (e.g., ESBL- E. coli) among patients seeking care and whose blood sample is taken and tested. AMR Surveillance National Coordinating Center",AMR_INFECT_ECOLI,,RATE_PER_100,PUBLISHED,percent,WHO RELAY / GLASS AMR indicator export
E_coli_3GC_resistance,Escherichia coli,M49:412,412,2021,60.0,60,"Percentage of bloodstream infection due to  Escherichia coli resistant to 3rd-generation cephalosporin (e.g., ESBL- E. coli) among patients seeking care and whose blood sample is taken and tested. AMR Surveillance National Coordinating Center",AMR_INFECT_ECOLI,,RATE_PER_100,PUBLISHED,percent,WHO RELAY / GLASS AMR indicator export
E_coli_3GC_resistance,Escherichia coli,M49:412,412,2022,38.46,38.5,"Percentage of bloodstream infection due to  Escherichia coli resistant to 3rd-generation cephalosporin (e.g., ESBL- E. coli) among patients seeking care and whose blood sample is taken and tested. AMR Surveillance National Coordinating Center",AMR_INFECT_ECOLI,,RATE_PER_100,PUBLISHED,percent,WHO RELAY / GLASS AMR indicator export
E_coli_3GC_resistance,Escherichia coli,M49:412,412,2023,37.5,37.5,"Percentage of bloodstream infection due to  Escherichia coli resistant to 3rd-generation cephalosporin (e.g., ESBL- E. coli) among patients seeking care and whose blood sample is taken and tested. AMR Surveillance National Coordinating Center",AMR_INFECT_ECOLI,,RATE_PER_100,PUBLISHED,percent,WHO RELAY / GLASS AMR indicator export
E_coli_3GC_resistance,Escherichia coli,Madagascar,450,2018,33.33,33.3,"Percentage of bloodstream infection due to  Escherichia coli resistant to 3rd-generation cephalosporin (e.g., ESBL- E. coli) among patients seeking care and whose blood sample is taken and tested. AMR Surveillance National Coordinating Center",AMR_INFECT_ECOLI,,RATE_PER_100,PUBLISHED,percent,WHO RELAY / GLASS AMR indicator export
E_coli_3GC_resistance,Escherichia coli,Madagascar,450,2019,40.54,40.5,"Percentage of bloodstream infection due to  Escherichia coli resistant to 3rd-generation cephalosporin (e.g., ESBL- E. coli) among patients seeking care and whose blood sample is taken and tested. AMR Surveillance National Coordinating Center",AMR_INFECT_ECOLI,,RATE_PER_100,PUBLISHED,percent,WHO RELAY / GLASS AMR indicator export
E_coli_3GC_resistance,Escherichia coli,Madagascar,450,2023,45.45,45.5,"Percentage of bloodstream infection due to  Escherichia coli resistant to 3rd-generation cephalosporin (e.g., ESBL- E. coli) among patients seeking care and whose blood sample is taken and tested. AMR Surveillance National Coordinating Center",AMR_INFECT_ECOLI,,RATE_PER_100,PUBLISHED,percent,WHO RELAY / GLASS AMR indicator export
E_coli_3GC_resistance,Escherichia coli,Malawi,454,2016,78.52,78.5,"Percentage of bloodstream infection due to  Escherichia coli resistant to 3rd-generation cephalosporin (e.g., ESBL- E. coli) among patients seeking care and whose blood sample is taken and tested. AMR Surveillance National Coordinating Center",AMR_INFECT_ECOLI,,RATE_PER_100,PUBLISHED,percent,WHO RELAY / GLASS AMR indicator export
E_coli_3GC_resistance,Escherichia coli,Malawi,454,2017,71.91,71.9,"Percentage of bloodstream infection due to  Escherichia coli resistant to 3rd-generation cephalosporin (e.g., ESBL- E. coli) among patients seeking care and whose blood sample is taken and tested. AMR Surveillance National Coordinating Center",AMR_INFECT_ECOLI,,RATE_PER_100,PUBLISHED,percent,WHO RELAY / GLASS AMR indicator export
E_coli_3GC_resistance,Escherichia coli,Malawi,454,2020,56.46,56.5,"Percentage of bloodstream infection due to  Escherichia coli resistant to 3rd-generation cephalosporin (e.g., ESBL- E. coli) among patients seeking care and whose blood sample is taken and tested. AMR Surveillance National Coordinating Center",AMR_INFECT_ECOLI,,RATE_PER_100,PUBLISHED,percent,WHO RELAY / GLASS AMR indicator export
E_coli_3GC_resistance,Escherichia coli,Malawi,454,2021,60.0,60,"Percentage of bloodstream infection due to  Escherichia coli resistant to 3rd-generation cephalosporin (e.g., ESBL- E. coli) among patients seeking care and whose blood sample is taken and tested. AMR Surveillance National Coordinating Center",AMR_INFECT_ECOLI,,RATE_PER_100,PUBLISHED,percent,WHO RELAY / GLASS AMR indicator export
E_coli_3GC_resistance,Escherichia coli,Malawi,454,2023,84.21,84.2,"Percentage of bloodstream infection due to  Escherichia coli resistant to 3rd-generation cephalosporin (e.g., ESBL- E. coli) among patients seeking care and whose blood sample is taken and tested. AMR Surveillance National Coordinating Center",AMR_INFECT_ECOLI,,RATE_PER_100,PUBLISHED,percent,WHO RELAY / GLASS AMR indicator export
E_coli_3GC_resistance,Escherichia coli,Malaysia,458,2017,27.37,27.4,"Percentage of bloodstream infection due to  Escherichia coli resistant to 3rd-generation cephalosporin (e.g., ESBL- E. coli) among patients seeking care and whose blood sample is taken and tested. AMR Surveillance National Coordinating Center",AMR_INFECT_ECOLI,,RATE_PER_100,PUBLISHED,percent,WHO RELAY / GLASS AMR indicator export
E_coli_3GC_resistance,Escherichia coli,Malaysia,458,2018,27.79,27.8,"Percentage of bloodstream infection due to  Escherichia coli resistant to 3rd-generation cephalosporin (e.g., ESBL- E. coli) among patients seeking care and whose blood sample is taken and tested. AMR Surveillance National Coordinating Center",AMR_INFECT_ECOLI,,RATE_PER_100,PUBLISHED,percent,WHO RELAY / GLASS AMR indicator export
E_coli_3GC_resistance,Escherichia coli,Malaysia,458,2019,27.13,27.1,"Percentage of bloodstream infection due to  Escherichia coli resistant to 3rd-generation cephalosporin (e.g., ESBL- E. coli) among patients seeking care and whose blood sample is taken and tested. AMR Surveillance National Coordinating Center",AMR_INFECT_ECOLI,,RATE_PER_100,PUBLISHED,percent,WHO RELAY / GLASS AMR indicator export
E_coli_3GC_resistance,Escherichia coli,Malaysia,458,2020,25.79,25.8,"Percentage of bloodstream infection due to  Escherichia coli resistant to 3rd-generation cephalosporin (e.g., ESBL- E. coli) among patients seeking care and whose blood sample is taken and tested. AMR Surveillance National Coordinating Center",AMR_INFECT_ECOLI,,RATE_PER_100,PUBLISHED,percent,WHO RELAY / GLASS AMR indicator export
E_coli_3GC_resistance,Escherichia coli,Malaysia,458,2021,23.97,24,"Percentage of bloodstream infection due to  Escherichia coli resistant to 3rd-generation cephalosporin (e.g., ESBL- E. coli) among patients seeking care and whose blood sample is taken and tested. AMR Surveillance National Coordinating Center",AMR_INFECT_ECOLI,,RATE_PER_100,PUBLISHED,percent,WHO RELAY / GLASS AMR indicator export
E_coli_3GC_resistance,Escherichia coli,Malaysia,458,2023,27.17,27.2,"Percentage of bloodstream infection due to  Escherichia coli resistant to 3rd-generation cephalosporin (e.g., ESBL- E. coli) among patients seeking care and whose blood sample is taken and tested. AMR Surveillance National Coordinating Center",AMR_INFECT_ECOLI,,RATE_PER_100,PUBLISHED,percent,WHO RELAY / GLASS AMR indicator export
E_coli_3GC_resistance,Escherichia coli,Maldives,462,2018,62.96,63,"Percentage of bloodstream infection due to  Escherichia coli resistant to 3rd-generation cephalosporin (e.g., ESBL- E. coli) among patients seeking care and whose blood sample is taken and tested. AMR Surveillance National Coordinating Center",AMR_INFECT_ECOLI,,RATE_PER_100,PUBLISHED,percent,WHO RELAY / GLASS AMR indicator export
E_coli_3GC_resistance,Escherichia coli,Maldives,462,2023,70.37,70.4,"Percentage of bloodstream infection due to  Escherichia coli resistant to 3rd-generation cephalosporin (e.g., ESBL- E. coli) among patients seeking care and whose blood sample is taken and tested. AMR Surveillance National Coordinating Center",AMR_INFECT_ECOLI,,RATE_PER_100,PUBLISHED,percent,WHO RELAY / GLASS AMR indicator export
E_coli_3GC_resistance,Escherichia coli,Mali,466,2018,32.05,32,"Percentage of bloodstream infection due to  Escherichia coli resistant to 3rd-generation cephalosporin (e.g., ESBL- E. coli) among patients seeking care and whose blood sample is taken and tested. AMR Surveillance National Coordinating Center",AMR_INFECT_ECOLI,,RATE_PER_100,PUBLISHED,percent,WHO RELAY / GLASS AMR indicator export
E_coli_3GC_resistance,Escherichia coli,Mali,466,2019,39.74,39.7,"Percentage of bloodstream infection due to  Escherichia coli resistant to 3rd-generation cephalosporin (e.g., ESBL- E. coli) among patients seeking care and whose blood sample is taken and tested. AMR Surveillance National Coordinating Center",AMR_INFECT_ECOLI,,RATE_PER_100,PUBLISHED,percent,WHO RELAY / GLASS AMR indicator export
E_coli_3GC_resistance,Escherichia coli,Mali,466,2020,60.81,60.8,"Percentage of bloodstream infection due to  Escherichia coli resistant to 3rd-generation cephalosporin (e.g., ESBL- E. coli) among patients seeking care and whose blood sample is taken and tested. AMR Surveillance National Coordinating Center",AMR_INFECT_ECOLI,,RATE_PER_100,PUBLISHED,percent,WHO RELAY / GLASS AMR indicator export
E_coli_3GC_resistance,Escherichia coli,Mali,466,2021,46.38,46.4,"Percentage of bloodstream infection due to  Escherichia coli resistant to 3rd-generation cephalosporin (e.g., ESBL- E. coli) among patients seeking care and whose blood sample is taken and tested. AMR Surveillance National Coordinating Center",AMR_INFECT_ECOLI,,RATE_PER_100,PUBLISHED,percent,WHO RELAY / GLASS AMR indicator export
E_coli_3GC_resistance,Escherichia coli,Mali,466,2022,60.87,60.9,"Percentage of bloodstream infection due to  Escherichia coli resistant to 3rd-generation cephalosporin (e.g., ESBL- E. coli) among patients seeking care and whose blood sample is taken and tested. AMR Surveillance National Coordinating Center",AMR_INFECT_ECOLI,,RATE_PER_100,PUBLISHED,percent,WHO RELAY / GLASS AMR indicator export
E_coli_3GC_resistance,Escherichia coli,Mali,466,2023,45.83,45.8,"Percentage of bloodstream infection due to  Escherichia coli resistant to 3rd-generation cephalosporin (e.g., ESBL- E. coli) among patients seeking care and whose blood sample is taken and tested. AMR Surveillance National Coordinating Center",AMR_INFECT_ECOLI,,RATE_PER_100,PUBLISHED,percent,WHO RELAY / GLASS AMR indicator export
E_coli_3GC_resistance,Escherichia coli,Malta,470,2017,15.89,15.9,"Percentage of bloodstream infection due to  Escherichia coli resistant to 3rd-generation cephalosporin (e.g., ESBL- E. coli) among patients seeking care and whose blood sample is taken and tested. AMR Surveillance National Coordinating Center",AMR_INFECT_ECOLI,,RATE_PER_100,PUBLISHED,percent,WHO RELAY / GLASS AMR indicator export
E_coli_3GC_resistance,Escherichia coli,Malta,470,2018,16.37,16.4,"Percentage of bloodstream infection due to  Escherichia coli resistant to 3rd-generation cephalosporin (e.g., ESBL- E. coli) among patients seeking care and whose blood sample is taken and tested. AMR Surveillance National Coordinating Center",AMR_INFECT_ECOLI,,RATE_PER_100,PUBLISHED,percent,WHO RELAY / GLASS AMR indicator export
E_coli_3GC_resistance,Escherichia coli,Malta,470,2019,18.16,18.2,"Percentage of bloodstream infection due to  Escherichia coli resistant to 3rd-generation cephalosporin (e.g., ESBL- E. coli) among patients seeking care and whose blood sample is taken and tested. AMR Surveillance National Coordinating Center",AMR_INFECT_ECOLI,,RATE_PER_100,PUBLISHED,percent,WHO RELAY / GLASS AMR indicator export
E_coli_3GC_resistance,Escherichia coli,Malta,470,2020,11.91,11.9,"Percentage of bloodstream infection due to  Escherichia coli resistant to 3rd-generation cephalosporin (e.g., ESBL- E. coli) among patients seeking care and whose blood sample is taken and tested. AMR Surveillance National Coordinating Center",AMR_INFECT_ECOLI,,RATE_PER_100,PUBLISHED,percent,WHO RELAY / GLASS AMR indicator export
E_coli_3GC_resistance,Escherichia coli,Malta,470,2021,13.04,13,"Percentage of bloodstream infection due to  Escherichia coli resistant to 3rd-generation cephalosporin (e.g., ESBL- E. coli) among patients seeking care and whose blood sample is taken and tested. AMR Surveillance National Coordinating Center",AMR_INFECT_ECOLI,,RATE_PER_100,PUBLISHED,percent,WHO RELAY / GLASS AMR indicator export
E_coli_3GC_resistance,Escherichia coli,Malta,470,2022,13.35,13.4,"Percentage of bloodstream infection due to  Escherichia coli resistant to 3rd-generation cephalosporin (e.g., ESBL- E. coli) among patients seeking care and whose blood sample is taken and tested. AMR Surveillance National Coordinating Center",AMR_INFECT_ECOLI,,RATE_PER_100,PUBLISHED,percent,WHO RELAY / GLASS AMR indicator export
E_coli_3GC_resistance,Escherichia coli,Malta,470,2023,12.68,12.7,"Percentage of bloodstream infection due to  Escherichia coli resistant to 3rd-generation cephalosporin (e.g., ESBL- E. coli) among patients seeking care and whose blood sample is taken and tested. AMR Surveillance National Coordinating Center",AMR_INFECT_ECOLI,,RATE_PER_100,PUBLISHED,percent,WHO RELAY / GLASS AMR indicator export
E_coli_3GC_resistance,Escherichia coli,Mauritius,480,2020,49.59,49.6,"Percentage of bloodstream infection due to  Escherichia coli resistant to 3rd-generation cephalosporin (e.g., ESBL- E. coli) among patients seeking care and whose blood sample is taken and tested. AMR Surveillance National Coordinating Center",AMR_INFECT_ECOLI,,RATE_PER_100,PUBLISHED,percent,WHO RELAY / GLASS AMR indicator export
E_coli_3GC_resistance,Escherichia coli,Mauritius,480,2021,52.68,52.7,"Percentage of bloodstream infection due to  Escherichia coli resistant to 3rd-generation cephalosporin (e.g., ESBL- E. coli) among patients seeking care and whose blood sample is taken and tested. AMR Surveillance National Coordinating Center",AMR_INFECT_ECOLI,,RATE_PER_100,PUBLISHED,percent,WHO RELAY / GLASS AMR indicator export
E_coli_3GC_resistance,Escherichia coli,Mauritius,480,2022,60.43,60.4,"Percentage of bloodstream infection due to  Escherichia coli resistant to 3rd-generation cephalosporin (e.g., ESBL- E. coli) among patients seeking care and whose blood sample is taken and tested. AMR Surveillance National Coordinating Center",AMR_INFECT_ECOLI,,RATE_PER_100,PUBLISHED,percent,WHO RELAY / GLASS AMR indicator export
E_coli_3GC_resistance,Escherichia coli,Mauritius,480,2023,58.84,58.8,"Percentage of bloodstream infection due to  Escherichia coli resistant to 3rd-generation cephalosporin (e.g., ESBL- E. coli) among patients seeking care and whose blood sample is taken and tested. AMR Surveillance National Coordinating Center",AMR_INFECT_ECOLI,,RATE_PER_100,PUBLISHED,percent,WHO RELAY / GLASS AMR indicator export
E_coli_3GC_resistance,Escherichia coli,"Moldova, Republic of",498,2021,81.82,81.8,"Percentage of bloodstream infection due to  Escherichia coli resistant to 3rd-generation cephalosporin (e.g., ESBL- E. coli) among patients seeking care and whose blood sample is taken and tested. AMR Surveillance National Coordinating Center",AMR_INFECT_ECOLI,,RATE_PER_100,PUBLISHED,percent,WHO RELAY / GLASS AMR indicator export
E_coli_3GC_resistance,Escherichia coli,"Moldova, Republic of",498,2022,71.88,71.9,"Percentage of bloodstream infection due to  Escherichia coli resistant to 3rd-generation cephalosporin (e.g., ESBL- E. coli) among patients seeking care and whose blood sample is taken and tested. AMR Surveillance National Coordinating Center",AMR_INFECT_ECOLI,,RATE_PER_100,PUBLISHED,percent,WHO RELAY / GLASS AMR indicator export
E_coli_3GC_resistance,Escherichia coli,"Moldova, Republic of",498,2023,64.06,64.1,"Percentage of bloodstream infection due to  Escherichia coli resistant to 3rd-generation cephalosporin (e.g., ESBL- E. coli) among patients seeking care and whose blood sample is taken and tested. AMR Surveillance National Coordinating Center",AMR_INFECT_ECOLI,,RATE_PER_100,PUBLISHED,percent,WHO RELAY / GLASS AMR indicator export
E_coli_3GC_resistance,Escherichia coli,Morocco,504,2021,35.87,35.9,"Percentage of bloodstream infection due to  Escherichia coli resistant to 3rd-generation cephalosporin (e.g., ESBL- E. coli) among patients seeking care and whose blood sample is taken and tested. AMR Surveillance National Coordinating Center",AMR_INFECT_ECOLI,,RATE_PER_100,PUBLISHED,percent,WHO RELAY / GLASS AMR indicator export
E_coli_3GC_resistance,Escherichia coli,Morocco,504,2022,46.07,46.1,"Percentage of bloodstream infection due to  Escherichia coli resistant to 3rd-generation cephalosporin (e.g., ESBL- E. coli) among patients seeking care and whose blood sample is taken and tested. AMR Surveillance National Coordinating Center",AMR_INFECT_ECOLI,,RATE_PER_100,PUBLISHED,percent,WHO RELAY / GLASS AMR indicator export
E_coli_3GC_resistance,Escherichia coli,Morocco,504,2023,44.74,44.7,"Percentage of bloodstream infection due to  Escherichia coli resistant to 3rd-generation cephalosporin (e.g., ESBL- E. coli) among patients seeking care and whose blood sample is taken and tested. AMR Surveillance National Coordinating Center",AMR_INFECT_ECOLI,,RATE_PER_100,PUBLISHED,percent,WHO RELAY / GLASS AMR indicator export
E_coli_3GC_resistance,Escherichia coli,Mozambique,508,2019,28.0,28,"Percentage of bloodstream infection due to  Escherichia coli resistant to 3rd-generation cephalosporin (e.g., ESBL- E. coli) among patients seeking care and whose blood sample is taken and tested. AMR Surveillance National Coordinating Center",AMR_INFECT_ECOLI,,RATE_PER_100,PUBLISHED,percent,WHO RELAY / GLASS AMR indicator export
E_coli_3GC_resistance,Escherichia coli,Mozambique,508,2020,31.58,31.6,"Percentage of bloodstream infection due to  Escherichia coli resistant to 3rd-generation cephalosporin (e.g., ESBL- E. coli) among patients seeking care and whose blood sample is taken and tested. AMR Surveillance National Coordinating Center",AMR_INFECT_ECOLI,,RATE_PER_100,PUBLISHED,percent,WHO RELAY / GLASS AMR indicator export
E_coli_3GC_resistance,Escherichia coli,Mozambique,508,2022,64.29,64.3,"Percentage of bloodstream infection due to  Escherichia coli resistant to 3rd-generation cephalosporin (e.g., ESBL- E. coli) among patients seeking care and whose blood sample is taken and tested. AMR Surveillance National Coordinating Center",AMR_INFECT_ECOLI,,RATE_PER_100,PUBLISHED,percent,WHO RELAY / GLASS AMR indicator export
E_coli_3GC_resistance,Escherichia coli,Mozambique,508,2023,40.0,40,"Percentage of bloodstream infection due to  Escherichia coli resistant to 3rd-generation cephalosporin (e.g., ESBL- E. coli) among patients seeking care and whose blood sample is taken and tested. AMR Surveillance National Coordinating Center",AMR_INFECT_ECOLI,,RATE_PER_100,PUBLISHED,percent,WHO RELAY / GLASS AMR indicator export
E_coli_3GC_resistance,Escherichia coli,Myanmar,104,2018,84.91,84.9,"Percentage of bloodstream infection due to  Escherichia coli resistant to 3rd-generation cephalosporin (e.g., ESBL- E. coli) among patients seeking care and whose blood sample is taken and tested. AMR Surveillance National Coordinating Center",AMR_INFECT_ECOLI,,RATE_PER_100,PUBLISHED,percent,WHO RELAY / GLASS AMR indicator export
E_coli_3GC_resistance,Escherichia coli,Myanmar,104,2019,77.78,77.8,"Percentage of bloodstream infection due to  Escherichia coli resistant to 3rd-generation cephalosporin (e.g., ESBL- E. coli) among patients seeking care and whose blood sample is taken and tested. AMR Surveillance National Coordinating Center",AMR_INFECT_ECOLI,,RATE_PER_100,PUBLISHED,percent,WHO RELAY / GLASS AMR indicator export
E_coli_3GC_resistance,Escherichia coli,Myanmar,104,2020,80.56,80.6,"Percentage of bloodstream infection due to  Escherichia coli resistant to 3rd-generation cephalosporin (e.g., ESBL- E. coli) among patients seeking care and whose blood sample is taken and tested. AMR Surveillance National Coordinating Center",AMR_INFECT_ECOLI,,RATE_PER_100,PUBLISHED,percent,WHO RELAY / GLASS AMR indicator export
E_coli_3GC_resistance,Escherichia coli,Myanmar,104,2022,90.91,90.9,"Percentage of bloodstream infection due to  Escherichia coli resistant to 3rd-generation cephalosporin (e.g., ESBL- E. coli) among patients seeking care and whose blood sample is taken and tested. AMR Surveillance National Coordinating Center",AMR_INFECT_ECOLI,,RATE_PER_100,PUBLISHED,percent,WHO RELAY / GLASS AMR indicator export
E_coli_3GC_resistance,Escherichia coli,Myanmar,104,2023,81.25,81.3,"Percentage of bloodstream infection due to  Escherichia coli resistant to 3rd-generation cephalosporin (e.g., ESBL- E. coli) among patients seeking care and whose blood sample is taken and tested. AMR Surveillance National Coordinating Center",AMR_INFECT_ECOLI,,RATE_PER_100,PUBLISHED,percent,WHO RELAY / GLASS AMR indicator export
E_coli_3GC_resistance,Escherichia coli,Namibia,516,2022,18.18,18.2,"Percentage of bloodstream infection due to  Escherichia coli resistant to 3rd-generation cephalosporin (e.g., ESBL- E. coli) among patients seeking care and whose blood sample is taken and tested. AMR Surveillance National Coordinating Center",AMR_INFECT_ECOLI,,RATE_PER_100,PUBLISHED,percent,WHO RELAY / GLASS AMR indicator export
E_coli_3GC_resistance,Escherichia coli,Namibia,516,2023,37.5,37.5,"Percentage of bloodstream infection due to  Escherichia coli resistant to 3rd-generation cephalosporin (e.g., ESBL- E. coli) among patients seeking care and whose blood sample is taken and tested. AMR Surveillance National Coordinating Center",AMR_INFECT_ECOLI,,RATE_PER_100,PUBLISHED,percent,WHO RELAY / GLASS AMR indicator export
E_coli_3GC_resistance,Escherichia coli,Nepal,524,2018,65.33,65.3,"Percentage of bloodstream infection due to  Escherichia coli resistant to 3rd-generation cephalosporin (e.g., ESBL- E. coli) among patients seeking care and whose blood sample is taken and tested. AMR Surveillance National Coordinating Center",AMR_INFECT_ECOLI,,RATE_PER_100,PUBLISHED,percent,WHO RELAY / GLASS AMR indicator export
E_coli_3GC_resistance,Escherichia coli,Nepal,524,2019,77.27,77.3,"Percentage of bloodstream infection due to  Escherichia coli resistant to 3rd-generation cephalosporin (e.g., ESBL- E. coli) among patients seeking care and whose blood sample is taken and tested. AMR Surveillance National Coordinating Center",AMR_INFECT_ECOLI,,RATE_PER_100,PUBLISHED,percent,WHO RELAY / GLASS AMR indicator export
E_coli_3GC_resistance,Escherichia coli,Nepal,524,2020,72.97,73,"Percentage of bloodstream infection due to  Escherichia coli resistant to 3rd-generation cephalosporin (e.g., ESBL- E. coli) among patients seeking care and whose blood sample is taken and tested. AMR Surveillance National Coordinating Center",AMR_INFECT_ECOLI,,RATE_PER_100,PUBLISHED,percent,WHO RELAY / GLASS AMR indicator export
E_coli_3GC_resistance,Escherichia coli,Nepal,524,2021,80.39,80.4,"Percentage of bloodstream infection due to  Escherichia coli resistant to 3rd-generation cephalosporin (e.g., ESBL- E. coli) among patients seeking care and whose blood sample is taken and tested. AMR Surveillance National Coordinating Center",AMR_INFECT_ECOLI,,RATE_PER_100,PUBLISHED,percent,WHO RELAY / GLASS AMR indicator export
E_coli_3GC_resistance,Escherichia coli,Nepal,524,2022,77.06,77.1,"Percentage of bloodstream infection due to  Escherichia coli resistant to 3rd-generation cephalosporin (e.g., ESBL- E. coli) among patients seeking care and whose blood sample is taken and tested. AMR Surveillance National Coordinating Center",AMR_INFECT_ECOLI,,RATE_PER_100,PUBLISHED,percent,WHO RELAY / GLASS AMR indicator export
E_coli_3GC_resistance,Escherichia coli,Nepal,524,2023,77.42,77.4,"Percentage of bloodstream infection due to  Escherichia coli resistant to 3rd-generation cephalosporin (e.g., ESBL- E. coli) among patients seeking care and whose blood sample is taken and tested. AMR Surveillance National Coordinating Center",AMR_INFECT_ECOLI,,RATE_PER_100,PUBLISHED,percent,WHO RELAY / GLASS AMR indicator export
E_coli_3GC_resistance,Escherichia coli,Netherlands,528,2017,6.16,6.2,"Percentage of bloodstream infection due to  Escherichia coli resistant to 3rd-generation cephalosporin (e.g., ESBL- E. coli) among patients seeking care and whose blood sample is taken and tested. AMR Surveillance National Coordinating Center",AMR_INFECT_ECOLI,,RATE_PER_100,PUBLISHED,percent,WHO RELAY / GLASS AMR indicator export
E_coli_3GC_resistance,Escherichia coli,Netherlands,528,2018,7.29,7.3,"Percentage of bloodstream infection due to  Escherichia coli resistant to 3rd-generation cephalosporin (e.g., ESBL- E. coli) among patients seeking care and whose blood sample is taken and tested. AMR Surveillance National Coordinating Center",AMR_INFECT_ECOLI,,RATE_PER_100,PUBLISHED,percent,WHO RELAY / GLASS AMR indicator export
E_coli_3GC_resistance,Escherichia coli,Netherlands,528,2019,7.22,7.2,"Percentage of bloodstream infection due to  Escherichia coli resistant to 3rd-generation cephalosporin (e.g., ESBL- E. coli) among patients seeking care and whose blood sample is taken and tested. AMR Surveillance National Coordinating Center",AMR_INFECT_ECOLI,,RATE_PER_100,PUBLISHED,percent,WHO RELAY / GLASS AMR indicator export
E_coli_3GC_resistance,Escherichia coli,Netherlands,528,2020,6.55,6.6,"Percentage of bloodstream infection due to  Escherichia coli resistant to 3rd-generation cephalosporin (e.g., ESBL- E. coli) among patients seeking care and whose blood sample is taken and tested. AMR Surveillance National Coordinating Center",AMR_INFECT_ECOLI,,RATE_PER_100,PUBLISHED,percent,WHO RELAY / GLASS AMR indicator export
E_coli_3GC_resistance,Escherichia coli,Netherlands,528,2021,6.69,6.7,"Percentage of bloodstream infection due to  Escherichia coli resistant to 3rd-generation cephalosporin (e.g., ESBL- E. coli) among patients seeking care and whose blood sample is taken and tested. AMR Surveillance National Coordinating Center",AMR_INFECT_ECOLI,,RATE_PER_100,PUBLISHED,percent,WHO RELAY / GLASS AMR indicator export
E_coli_3GC_resistance,Escherichia coli,Netherlands,528,2022,7.61,7.6,"Percentage of bloodstream infection due to  Escherichia coli resistant to 3rd-generation cephalosporin (e.g., ESBL- E. coli) among patients seeking care and whose blood sample is taken and tested. AMR Surveillance National Coordinating Center",AMR_INFECT_ECOLI,,RATE_PER_100,PUBLISHED,percent,WHO RELAY / GLASS AMR indicator export
E_coli_3GC_resistance,Escherichia coli,Netherlands,528,2023,8.14,8.1,"Percentage of bloodstream infection due to  Escherichia coli resistant to 3rd-generation cephalosporin (e.g., ESBL- E. coli) among patients seeking care and whose blood sample is taken and tested. AMR Surveillance National Coordinating Center",AMR_INFECT_ECOLI,,RATE_PER_100,PUBLISHED,percent,WHO RELAY / GLASS AMR indicator export
E_coli_3GC_resistance,Escherichia coli,Nigeria,566,2017,77.19,77.2,"Percentage of bloodstream infection due to  Escherichia coli resistant to 3rd-generation cephalosporin (e.g., ESBL- E. coli) among patients seeking care and whose blood sample is taken and tested. AMR Surveillance National Coordinating Center",AMR_INFECT_ECOLI,,RATE_PER_100,PUBLISHED,percent,WHO RELAY / GLASS AMR indicator export
E_coli_3GC_resistance,Escherichia coli,Nigeria,566,2018,81.63,81.6,"Percentage of bloodstream infection due to  Escherichia coli resistant to 3rd-generation cephalosporin (e.g., ESBL- E. coli) among patients seeking care and whose blood sample is taken and tested. AMR Surveillance National Coordinating Center",AMR_INFECT_ECOLI,,RATE_PER_100,PUBLISHED,percent,WHO RELAY / GLASS AMR indicator export
E_coli_3GC_resistance,Escherichia coli,Nigeria,566,2020,80.77,80.8,"Percentage of bloodstream infection due to  Escherichia coli resistant to 3rd-generation cephalosporin (e.g., ESBL- E. coli) among patients seeking care and whose blood sample is taken and tested. AMR Surveillance National Coordinating Center",AMR_INFECT_ECOLI,,RATE_PER_100,PUBLISHED,percent,WHO RELAY / GLASS AMR indicator export
E_coli_3GC_resistance,Escherichia coli,Nigeria,566,2023,72.73,72.7,"Percentage of bloodstream infection due to  Escherichia coli resistant to 3rd-generation cephalosporin (e.g., ESBL- E. coli) among patients seeking care and whose blood sample is taken and tested. AMR Surveillance National Coordinating Center",AMR_INFECT_ECOLI,,RATE_PER_100,PUBLISHED,percent,WHO RELAY / GLASS AMR indicator export
E_coli_3GC_resistance,Escherichia coli,North Macedonia,807,2016,73.44,73.4,"Percentage of bloodstream infection due to  Escherichia coli resistant to 3rd-generation cephalosporin (e.g., ESBL- E. coli) among patients seeking care and whose blood sample is taken and tested. AMR Surveillance National Coordinating Center",AMR_INFECT_ECOLI,,RATE_PER_100,PUBLISHED,percent,WHO RELAY / GLASS AMR indicator export
E_coli_3GC_resistance,Escherichia coli,North Macedonia,807,2017,71.05,71,"Percentage of bloodstream infection due to  Escherichia coli resistant to 3rd-generation cephalosporin (e.g., ESBL- E. coli) among patients seeking care and whose blood sample is taken and tested. AMR Surveillance National Coordinating Center",AMR_INFECT_ECOLI,,RATE_PER_100,PUBLISHED,percent,WHO RELAY / GLASS AMR indicator export
E_coli_3GC_resistance,Escherichia coli,North Macedonia,807,2018,79.25,79.2,"Percentage of bloodstream infection due to  Escherichia coli resistant to 3rd-generation cephalosporin (e.g., ESBL- E. coli) among patients seeking care and whose blood sample is taken and tested. AMR Surveillance National Coordinating Center",AMR_INFECT_ECOLI,,RATE_PER_100,PUBLISHED,percent,WHO RELAY / GLASS AMR indicator export
E_coli_3GC_resistance,Escherichia coli,North Macedonia,807,2019,64.29,64.3,"Percentage of bloodstream infection due to  Escherichia coli resistant to 3rd-generation cephalosporin (e.g., ESBL- E. coli) among patients seeking care and whose blood sample is taken and tested. AMR Surveillance National Coordinating Center",AMR_INFECT_ECOLI,,RATE_PER_100,PUBLISHED,percent,WHO RELAY / GLASS AMR indicator export
E_coli_3GC_resistance,Escherichia coli,North Macedonia,807,2020,85.71,85.7,"Percentage of bloodstream infection due to  Escherichia coli resistant to 3rd-generation cephalosporin (e.g., ESBL- E. coli) among patients seeking care and whose blood sample is taken and tested. AMR Surveillance National Coordinating Center",AMR_INFECT_ECOLI,,RATE_PER_100,PUBLISHED,percent,WHO RELAY / GLASS AMR indicator export
E_coli_3GC_resistance,Escherichia coli,North Macedonia,807,2021,51.22,51.2,"Percentage of bloodstream infection due to  Escherichia coli resistant to 3rd-generation cephalosporin (e.g., ESBL- E. coli) among patients seeking care and whose blood sample is taken and tested. AMR Surveillance National Coordinating Center",AMR_INFECT_ECOLI,,RATE_PER_100,PUBLISHED,percent,WHO RELAY / GLASS AMR indicator export
E_coli_3GC_resistance,Escherichia coli,North Macedonia,807,2022,60.0,60,"Percentage of bloodstream infection due to  Escherichia coli resistant to 3rd-generation cephalosporin (e.g., ESBL- E. coli) among patients seeking care and whose blood sample is taken and tested. AMR Surveillance National Coordinating Center",AMR_INFECT_ECOLI,,RATE_PER_100,PUBLISHED,percent,WHO RELAY / GLASS AMR indicator export
E_coli_3GC_resistance,Escherichia coli,North Macedonia,807,2023,61.76,61.8,"Percentage of bloodstream infection due to  Escherichia coli resistant to 3rd-generation cephalosporin (e.g., ESBL- E. coli) among patients seeking care and whose blood sample is taken and tested. AMR Surveillance National Coordinating Center",AMR_INFECT_ECOLI,,RATE_PER_100,PUBLISHED,percent,WHO RELAY / GLASS AMR indicator export
E_coli_3GC_resistance,Escherichia coli,Norway,578,2016,5.58,5.6,"Percentage of bloodstream infection due to  Escherichia coli resistant to 3rd-generation cephalosporin (e.g., ESBL- E. coli) among patients seeking care and whose blood sample is taken and tested. AMR Surveillance National Coordinating Center",AMR_INFECT_ECOLI,,RATE_PER_100,PUBLISHED,percent,WHO RELAY / GLASS AMR indicator export
E_coli_3GC_resistance,Escherichia coli,Norway,578,2017,5.87,5.9,"Percentage of bloodstream infection due to  Escherichia coli resistant to 3rd-generation cephalosporin (e.g., ESBL- E. coli) among patients seeking care and whose blood sample is taken and tested. AMR Surveillance National Coordinating Center",AMR_INFECT_ECOLI,,RATE_PER_100,PUBLISHED,percent,WHO RELAY / GLASS AMR indicator export
E_coli_3GC_resistance,Escherichia coli,Norway,578,2018,6.75,6.8,"Percentage of bloodstream infection due to  Escherichia coli resistant to 3rd-generation cephalosporin (e.g., ESBL- E. coli) among patients seeking care and whose blood sample is taken and tested. AMR Surveillance National Coordinating Center",AMR_INFECT_ECOLI,,RATE_PER_100,PUBLISHED,percent,WHO RELAY / GLASS AMR indicator export
E_coli_3GC_resistance,Escherichia coli,Norway,578,2019,5.52,5.5,"Percentage of bloodstream infection due to  Escherichia coli resistant to 3rd-generation cephalosporin (e.g., ESBL- E. coli) among patients seeking care and whose blood sample is taken and tested. AMR Surveillance National Coordinating Center",AMR_INFECT_ECOLI,,RATE_PER_100,PUBLISHED,percent,WHO RELAY / GLASS AMR indicator export
E_coli_3GC_resistance,Escherichia coli,Norway,578,2020,5.33,5.3,"Percentage of bloodstream infection due to  Escherichia coli resistant to 3rd-generation cephalosporin (e.g., ESBL- E. coli) among patients seeking care and whose blood sample is taken and tested. AMR Surveillance National Coordinating Center",AMR_INFECT_ECOLI,,RATE_PER_100,PUBLISHED,percent,WHO RELAY / GLASS AMR indicator export
E_coli_3GC_resistance,Escherichia coli,Norway,578,2021,5.13,5.1,"Percentage of bloodstream infection due to  Escherichia coli resistant to 3rd-generation cephalosporin (e.g., ESBL- E. coli) among patients seeking care and whose blood sample is taken and tested. AMR Surveillance National Coordinating Center",AMR_INFECT_ECOLI,,RATE_PER_100,PUBLISHED,percent,WHO RELAY / GLASS AMR indicator export
E_coli_3GC_resistance,Escherichia coli,Norway,578,2023,5.68,5.7,"Percentage of bloodstream infection due to  Escherichia coli resistant to 3rd-generation cephalosporin (e.g., ESBL- E. coli) among patients seeking care and whose blood sample is taken and tested. AMR Surveillance National Coordinating Center",AMR_INFECT_ECOLI,,RATE_PER_100,PUBLISHED,percent,WHO RELAY / GLASS AMR indicator export
E_coli_3GC_resistance,Escherichia coli,Oman,512,2017,49.48,49.5,"Percentage of bloodstream infection due to  Escherichia coli resistant to 3rd-generation cephalosporin (e.g., ESBL- E. coli) among patients seeking care and whose blood sample is taken and tested. AMR Surveillance National Coordinating Center",AMR_INFECT_ECOLI,,RATE_PER_100,PUBLISHED,percent,WHO RELAY / GLASS AMR indicator export
E_coli_3GC_resistance,Escherichia coli,Oman,512,2018,52.28,52.3,"Percentage of bloodstream infection due to  Escherichia coli resistant to 3rd-generation cephalosporin (e.g., ESBL- E. coli) among patients seeking care and whose blood sample is taken and tested. AMR Surveillance National Coordinating Center",AMR_INFECT_ECOLI,,RATE_PER_100,PUBLISHED,percent,WHO RELAY / GLASS AMR indicator export
E_coli_3GC_resistance,Escherichia coli,Oman,512,2019,54.68,54.7,"Percentage of bloodstream infection due to  Escherichia coli resistant to 3rd-generation cephalosporin (e.g., ESBL- E. coli) among patients seeking care and whose blood sample is taken and tested. AMR Surveillance National Coordinating Center",AMR_INFECT_ECOLI,,RATE_PER_100,PUBLISHED,percent,WHO RELAY / GLASS AMR indicator export
E_coli_3GC_resistance,Escherichia coli,Oman,512,2020,78.91,78.9,"Percentage of bloodstream infection due to  Escherichia coli resistant to 3rd-generation cephalosporin (e.g., ESBL- E. coli) among patients seeking care and whose blood sample is taken and tested. AMR Surveillance National Coordinating Center",AMR_INFECT_ECOLI,,RATE_PER_100,PUBLISHED,percent,WHO RELAY / GLASS AMR indicator export
E_coli_3GC_resistance,Escherichia coli,Oman,512,2021,63.92,63.9,"Percentage of bloodstream infection due to  Escherichia coli resistant to 3rd-generation cephalosporin (e.g., ESBL- E. coli) among patients seeking care and whose blood sample is taken and tested. AMR Surveillance National Coordinating Center",AMR_INFECT_ECOLI,,RATE_PER_100,PUBLISHED,percent,WHO RELAY / GLASS AMR indicator export
E_coli_3GC_resistance,Escherichia coli,Oman,512,2022,78.16,78.2,"Percentage of bloodstream infection due to  Escherichia coli resistant to 3rd-generation cephalosporin (e.g., ESBL- E. coli) among patients seeking care and whose blood sample is taken and tested. AMR Surveillance National Coordinating Center",AMR_INFECT_ECOLI,,RATE_PER_100,PUBLISHED,percent,WHO RELAY / GLASS AMR indicator export
E_coli_3GC_resistance,Escherichia coli,Oman,512,2023,59.34,59.3,"Percentage of bloodstream infection due to  Escherichia coli resistant to 3rd-generation cephalosporin (e.g., ESBL- E. coli) among patients seeking care and whose blood sample is taken and tested. AMR Surveillance National Coordinating Center",AMR_INFECT_ECOLI,,RATE_PER_100,PUBLISHED,percent,WHO RELAY / GLASS AMR indicator export
E_coli_3GC_resistance,Escherichia coli,Pakistan,586,2017,86.21,86.2,"Percentage of bloodstream infection due to  Escherichia coli resistant to 3rd-generation cephalosporin (e.g., ESBL- E. coli) among patients seeking care and whose blood sample is taken and tested. AMR Surveillance National Coordinating Center",AMR_INFECT_ECOLI,,RATE_PER_100,PUBLISHED,percent,WHO RELAY / GLASS AMR indicator export
E_coli_3GC_resistance,Escherichia coli,Pakistan,586,2018,69.2,69.2,"Percentage of bloodstream infection due to  Escherichia coli resistant to 3rd-generation cephalosporin (e.g., ESBL- E. coli) among patients seeking care and whose blood sample is taken and tested. AMR Surveillance National Coordinating Center",AMR_INFECT_ECOLI,,RATE_PER_100,PUBLISHED,percent,WHO RELAY / GLASS AMR indicator export
E_coli_3GC_resistance,Escherichia coli,Pakistan,586,2019,88.87,88.9,"Percentage of bloodstream infection due to  Escherichia coli resistant to 3rd-generation cephalosporin (e.g., ESBL- E. coli) among patients seeking care and whose blood sample is taken and tested. AMR Surveillance National Coordinating Center",AMR_INFECT_ECOLI,,RATE_PER_100,PUBLISHED,percent,WHO RELAY / GLASS AMR indicator export
E_coli_3GC_resistance,Escherichia coli,Pakistan,586,2020,82.29,82.3,"Percentage of bloodstream infection due to  Escherichia coli resistant to 3rd-generation cephalosporin (e.g., ESBL- E. coli) among patients seeking care and whose blood sample is taken and tested. AMR Surveillance National Coordinating Center",AMR_INFECT_ECOLI,,RATE_PER_100,PUBLISHED,percent,WHO RELAY / GLASS AMR indicator export
E_coli_3GC_resistance,Escherichia coli,Pakistan,586,2021,85.16,85.2,"Percentage of bloodstream infection due to  Escherichia coli resistant to 3rd-generation cephalosporin (e.g., ESBL- E. coli) among patients seeking care and whose blood sample is taken and tested. AMR Surveillance National Coordinating Center",AMR_INFECT_ECOLI,,RATE_PER_100,PUBLISHED,percent,WHO RELAY / GLASS AMR indicator export
E_coli_3GC_resistance,Escherichia coli,Pakistan,586,2022,83.51,83.5,"Percentage of bloodstream infection due to  Escherichia coli resistant to 3rd-generation cephalosporin (e.g., ESBL- E. coli) among patients seeking care and whose blood sample is taken and tested. AMR Surveillance National Coordinating Center",AMR_INFECT_ECOLI,,RATE_PER_100,PUBLISHED,percent,WHO RELAY / GLASS AMR indicator export
E_coli_3GC_resistance,Escherichia coli,Pakistan,586,2023,85.13,85.1,"Percentage of bloodstream infection due to  Escherichia coli resistant to 3rd-generation cephalosporin (e.g., ESBL- E. coli) among patients seeking care and whose blood sample is taken and tested. AMR Surveillance National Coordinating Center",AMR_INFECT_ECOLI,,RATE_PER_100,PUBLISHED,percent,WHO RELAY / GLASS AMR indicator export
E_coli_3GC_resistance,Escherichia coli,"Palestine, State of",275,2019,44.22,44.2,"Percentage of bloodstream infection due to  Escherichia coli resistant to 3rd-generation cephalosporin (e.g., ESBL- E. coli) among patients seeking care and whose blood sample is taken and tested. AMR Surveillance National Coordinating Center",AMR_INFECT_ECOLI,,RATE_PER_100,PUBLISHED,percent,WHO RELAY / GLASS AMR indicator export
E_coli_3GC_resistance,Escherichia coli,"Palestine, State of",275,2020,47.37,47.4,"Percentage of bloodstream infection due to  Escherichia coli resistant to 3rd-generation cephalosporin (e.g., ESBL- E. coli) among patients seeking care and whose blood sample is taken and tested. AMR Surveillance National Coordinating Center",AMR_INFECT_ECOLI,,RATE_PER_100,PUBLISHED,percent,WHO RELAY / GLASS AMR indicator export
E_coli_3GC_resistance,Escherichia coli,"Palestine, State of",275,2021,46.23,46.2,"Percentage of bloodstream infection due to  Escherichia coli resistant to 3rd-generation cephalosporin (e.g., ESBL- E. coli) among patients seeking care and whose blood sample is taken and tested. AMR Surveillance National Coordinating Center",AMR_INFECT_ECOLI,,RATE_PER_100,PUBLISHED,percent,WHO RELAY / GLASS AMR indicator export
E_coli_3GC_resistance,Escherichia coli,"Palestine, State of",275,2023,45.42,45.4,"Percentage of bloodstream infection due to  Escherichia coli resistant to 3rd-generation cephalosporin (e.g., ESBL- E. coli) among patients seeking care and whose blood sample is taken and tested. AMR Surveillance National Coordinating Center",AMR_INFECT_ECOLI,,RATE_PER_100,PUBLISHED,percent,WHO RELAY / GLASS AMR indicator export
E_coli_3GC_resistance,Escherichia coli,Papua New Guinea,598,2023,35.71,35.7,"Percentage of bloodstream infection due to  Escherichia coli resistant to 3rd-generation cephalosporin (e.g., ESBL- E. coli) among patients seeking care and whose blood sample is taken and tested. AMR Surveillance National Coordinating Center",AMR_INFECT_ECOLI,,RATE_PER_100,PUBLISHED,percent,WHO RELAY / GLASS AMR indicator export
E_coli_3GC_resistance,Escherichia coli,Peru,604,2020,71.7,71.7,"Percentage of bloodstream infection due to  Escherichia coli resistant to 3rd-generation cephalosporin (e.g., ESBL- E. coli) among patients seeking care and whose blood sample is taken and tested. AMR Surveillance National Coordinating Center",AMR_INFECT_ECOLI,,RATE_PER_100,PUBLISHED,percent,WHO RELAY / GLASS AMR indicator export
E_coli_3GC_resistance,Escherichia coli,Peru,604,2021,58.73,58.7,"Percentage of bloodstream infection due to  Escherichia coli resistant to 3rd-generation cephalosporin (e.g., ESBL- E. coli) among patients seeking care and whose blood sample is taken and tested. AMR Surveillance National Coordinating Center",AMR_INFECT_ECOLI,,RATE_PER_100,PUBLISHED,percent,WHO RELAY / GLASS AMR indicator export
E_coli_3GC_resistance,Escherichia coli,Peru,604,2022,76.67,76.7,"Percentage of bloodstream infection due to  Escherichia coli resistant to 3rd-generation cephalosporin (e.g., ESBL- E. coli) among patients seeking care and whose blood sample is taken and tested. AMR Surveillance National Coordinating Center",AMR_INFECT_ECOLI,,RATE_PER_100,PUBLISHED,percent,WHO RELAY / GLASS AMR indicator export
E_coli_3GC_resistance,Escherichia coli,Peru,604,2023,63.43,63.4,"Percentage of bloodstream infection due to  Escherichia coli resistant to 3rd-generation cephalosporin (e.g., ESBL- E. coli) among patients seeking care and whose blood sample is taken and tested. AMR Surveillance National Coordinating Center",AMR_INFECT_ECOLI,,RATE_PER_100,PUBLISHED,percent,WHO RELAY / GLASS AMR indicator export
E_coli_3GC_resistance,Escherichia coli,Philippines,608,2016,38.02,38,"Percentage of bloodstream infection due to  Escherichia coli resistant to 3rd-generation cephalosporin (e.g., ESBL- E. coli) among patients seeking care and whose blood sample is taken and tested. AMR Surveillance National Coordinating Center",AMR_INFECT_ECOLI,,RATE_PER_100,PUBLISHED,percent,WHO RELAY / GLASS AMR indicator export
E_coli_3GC_resistance,Escherichia coli,Philippines,608,2017,39.56,39.6,"Percentage of bloodstream infection due to  Escherichia coli resistant to 3rd-generation cephalosporin (e.g., ESBL- E. coli) among patients seeking care and whose blood sample is taken and tested. AMR Surveillance National Coordinating Center",AMR_INFECT_ECOLI,,RATE_PER_100,PUBLISHED,percent,WHO RELAY / GLASS AMR indicator export
E_coli_3GC_resistance,Escherichia coli,Philippines,608,2018,36.03,36,"Percentage of bloodstream infection due to  Escherichia coli resistant to 3rd-generation cephalosporin (e.g., ESBL- E. coli) among patients seeking care and whose blood sample is taken and tested. AMR Surveillance National Coordinating Center",AMR_INFECT_ECOLI,,RATE_PER_100,PUBLISHED,percent,WHO RELAY / GLASS AMR indicator export
E_coli_3GC_resistance,Escherichia coli,Philippines,608,2019,39.93,39.9,"Percentage of bloodstream infection due to  Escherichia coli resistant to 3rd-generation cephalosporin (e.g., ESBL- E. coli) among patients seeking care and whose blood sample is taken and tested. AMR Surveillance National Coordinating Center",AMR_INFECT_ECOLI,,RATE_PER_100,PUBLISHED,percent,WHO RELAY / GLASS AMR indicator export
E_coli_3GC_resistance,Escherichia coli,Philippines,608,2020,35.62,35.6,"Percentage of bloodstream infection due to  Escherichia coli resistant to 3rd-generation cephalosporin (e.g., ESBL- E. coli) among patients seeking care and whose blood sample is taken and tested. AMR Surveillance National Coordinating Center",AMR_INFECT_ECOLI,,RATE_PER_100,PUBLISHED,percent,WHO RELAY / GLASS AMR indicator export
E_coli_3GC_resistance,Escherichia coli,Philippines,608,2021,44.03,44,"Percentage of bloodstream infection due to  Escherichia coli resistant to 3rd-generation cephalosporin (e.g., ESBL- E. coli) among patients seeking care and whose blood sample is taken and tested. AMR Surveillance National Coordinating Center",AMR_INFECT_ECOLI,,RATE_PER_100,PUBLISHED,percent,WHO RELAY / GLASS AMR indicator export
E_coli_3GC_resistance,Escherichia coli,Philippines,608,2022,43.89,43.9,"Percentage of bloodstream infection due to  Escherichia coli resistant to 3rd-generation cephalosporin (e.g., ESBL- E. coli) among patients seeking care and whose blood sample is taken and tested. AMR Surveillance National Coordinating Center",AMR_INFECT_ECOLI,,RATE_PER_100,PUBLISHED,percent,WHO RELAY / GLASS AMR indicator export
E_coli_3GC_resistance,Escherichia coli,Philippines,608,2023,35.76,35.8,"Percentage of bloodstream infection due to  Escherichia coli resistant to 3rd-generation cephalosporin (e.g., ESBL- E. coli) among patients seeking care and whose blood sample is taken and tested. AMR Surveillance National Coordinating Center",AMR_INFECT_ECOLI,,RATE_PER_100,PUBLISHED,percent,WHO RELAY / GLASS AMR indicator export
E_coli_3GC_resistance,Escherichia coli,Poland,616,2017,16.68,16.7,"Percentage of bloodstream infection due to  Escherichia coli resistant to 3rd-generation cephalosporin (e.g., ESBL- E. coli) among patients seeking care and whose blood sample is taken and tested. AMR Surveillance National Coordinating Center",AMR_INFECT_ECOLI,,RATE_PER_100,PUBLISHED,percent,WHO RELAY / GLASS AMR indicator export
E_coli_3GC_resistance,Escherichia coli,Poland,616,2018,17.6,17.6,"Percentage of bloodstream infection due to  Escherichia coli resistant to 3rd-generation cephalosporin (e.g., ESBL- E. coli) among patients seeking care and whose blood sample is taken and tested. AMR Surveillance National Coordinating Center",AMR_INFECT_ECOLI,,RATE_PER_100,PUBLISHED,percent,WHO RELAY / GLASS AMR indicator export
E_coli_3GC_resistance,Escherichia coli,Poland,616,2019,18.02,18,"Percentage of bloodstream infection due to  Escherichia coli resistant to 3rd-generation cephalosporin (e.g., ESBL- E. coli) among patients seeking care and whose blood sample is taken and tested. AMR Surveillance National Coordinating Center",AMR_INFECT_ECOLI,,RATE_PER_100,PUBLISHED,percent,WHO RELAY / GLASS AMR indicator export
E_coli_3GC_resistance,Escherichia coli,Poland,616,2020,17.51,17.5,"Percentage of bloodstream infection due to  Escherichia coli resistant to 3rd-generation cephalosporin (e.g., ESBL- E. coli) among patients seeking care and whose blood sample is taken and tested. AMR Surveillance National Coordinating Center",AMR_INFECT_ECOLI,,RATE_PER_100,PUBLISHED,percent,WHO RELAY / GLASS AMR indicator export
E_coli_3GC_resistance,Escherichia coli,Poland,616,2021,18.83,18.8,"Percentage of bloodstream infection due to  Escherichia coli resistant to 3rd-generation cephalosporin (e.g., ESBL- E. coli) among patients seeking care and whose blood sample is taken and tested. AMR Surveillance National Coordinating Center",AMR_INFECT_ECOLI,,RATE_PER_100,PUBLISHED,percent,WHO RELAY / GLASS AMR indicator export
E_coli_3GC_resistance,Escherichia coli,Poland,616,2022,18.77,18.8,"Percentage of bloodstream infection due to  Escherichia coli resistant to 3rd-generation cephalosporin (e.g., ESBL- E. coli) among patients seeking care and whose blood sample is taken and tested. AMR Surveillance National Coordinating Center",AMR_INFECT_ECOLI,,RATE_PER_100,PUBLISHED,percent,WHO RELAY / GLASS AMR indicator export
E_coli_3GC_resistance,Escherichia coli,Poland,616,2023,20.13,20.1,"Percentage of bloodstream infection due to  Escherichia coli resistant to 3rd-generation cephalosporin (e.g., ESBL- E. coli) among patients seeking care and whose blood sample is taken and tested. AMR Surveillance National Coordinating Center",AMR_INFECT_ECOLI,,RATE_PER_100,PUBLISHED,percent,WHO RELAY / GLASS AMR indicator export
E_coli_3GC_resistance,Escherichia coli,Qatar,634,2019,48.92,48.9,"Percentage of bloodstream infection due to  Escherichia coli resistant to 3rd-generation cephalosporin (e.g., ESBL- E. coli) among patients seeking care and whose blood sample is taken and tested. AMR Surveillance National Coordinating Center",AMR_INFECT_ECOLI,,RATE_PER_100,PUBLISHED,percent,WHO RELAY / GLASS AMR indicator export
E_coli_3GC_resistance,Escherichia coli,Qatar,634,2020,40.0,40,"Percentage of bloodstream infection due to  Escherichia coli resistant to 3rd-generation cephalosporin (e.g., ESBL- E. coli) among patients seeking care and whose blood sample is taken and tested. AMR Surveillance National Coordinating Center",AMR_INFECT_ECOLI,,RATE_PER_100,PUBLISHED,percent,WHO RELAY / GLASS AMR indicator export
E_coli_3GC_resistance,Escherichia coli,Qatar,634,2021,42.28,42.3,"Percentage of bloodstream infection due to  Escherichia coli resistant to 3rd-generation cephalosporin (e.g., ESBL- E. coli) among patients seeking care and whose blood sample is taken and tested. AMR Surveillance National Coordinating Center",AMR_INFECT_ECOLI,,RATE_PER_100,PUBLISHED,percent,WHO RELAY / GLASS AMR indicator export
E_coli_3GC_resistance,Escherichia coli,Qatar,634,2022,43.31,43.3,"Percentage of bloodstream infection due to  Escherichia coli resistant to 3rd-generation cephalosporin (e.g., ESBL- E. coli) among patients seeking care and whose blood sample is taken and tested. AMR Surveillance National Coordinating Center",AMR_INFECT_ECOLI,,RATE_PER_100,PUBLISHED,percent,WHO RELAY / GLASS AMR indicator export
E_coli_3GC_resistance,Escherichia coli,Qatar,634,2023,46.72,46.7,"Percentage of bloodstream infection due to  Escherichia coli resistant to 3rd-generation cephalosporin (e.g., ESBL- E. coli) among patients seeking care and whose blood sample is taken and tested. AMR Surveillance National Coordinating Center",AMR_INFECT_ECOLI,,RATE_PER_100,PUBLISHED,percent,WHO RELAY / GLASS AMR indicator export
E_coli_3GC_resistance,Escherichia coli,Russian Federation,643,2017,73.08,73.1,"Percentage of bloodstream infection due to  Escherichia coli resistant to 3rd-generation cephalosporin (e.g., ESBL- E. coli) among patients seeking care and whose blood sample is taken and tested. AMR Surveillance National Coordinating Center",AMR_INFECT_ECOLI,,RATE_PER_100,PUBLISHED,percent,WHO RELAY / GLASS AMR indicator export
E_coli_3GC_resistance,Escherichia coli,Russian Federation,643,2018,66.67,66.7,"Percentage of bloodstream infection due to  Escherichia coli resistant to 3rd-generation cephalosporin (e.g., ESBL- E. coli) among patients seeking care and whose blood sample is taken and tested. AMR Surveillance National Coordinating Center",AMR_INFECT_ECOLI,,RATE_PER_100,PUBLISHED,percent,WHO RELAY / GLASS AMR indicator export
E_coli_3GC_resistance,Escherichia coli,Russian Federation,643,2019,58.26,58.3,"Percentage of bloodstream infection due to  Escherichia coli resistant to 3rd-generation cephalosporin (e.g., ESBL- E. coli) among patients seeking care and whose blood sample is taken and tested. AMR Surveillance National Coordinating Center",AMR_INFECT_ECOLI,,RATE_PER_100,PUBLISHED,percent,WHO RELAY / GLASS AMR indicator export
E_coli_3GC_resistance,Escherichia coli,Russian Federation,643,2020,73.17,73.2,"Percentage of bloodstream infection due to  Escherichia coli resistant to 3rd-generation cephalosporin (e.g., ESBL- E. coli) among patients seeking care and whose blood sample is taken and tested. AMR Surveillance National Coordinating Center",AMR_INFECT_ECOLI,,RATE_PER_100,PUBLISHED,percent,WHO RELAY / GLASS AMR indicator export
E_coli_3GC_resistance,Escherichia coli,Russian Federation,643,2021,58.47,58.5,"Percentage of bloodstream infection due to  Escherichia coli resistant to 3rd-generation cephalosporin (e.g., ESBL- E. coli) among patients seeking care and whose blood sample is taken and tested. AMR Surveillance National Coordinating Center",AMR_INFECT_ECOLI,,RATE_PER_100,PUBLISHED,percent,WHO RELAY / GLASS AMR indicator export
E_coli_3GC_resistance,Escherichia coli,Russian Federation,643,2022,64.63,64.6,"Percentage of bloodstream infection due to  Escherichia coli resistant to 3rd-generation cephalosporin (e.g., ESBL- E. coli) among patients seeking care and whose blood sample is taken and tested. AMR Surveillance National Coordinating Center",AMR_INFECT_ECOLI,,RATE_PER_100,PUBLISHED,percent,WHO RELAY / GLASS AMR indicator export
E_coli_3GC_resistance,Escherichia coli,Russian Federation,643,2023,65.28,65.3,"Percentage of bloodstream infection due to  Escherichia coli resistant to 3rd-generation cephalosporin (e.g., ESBL- E. coli) among patients seeking care and whose blood sample is taken and tested. AMR Surveillance National Coordinating Center",AMR_INFECT_ECOLI,,RATE_PER_100,PUBLISHED,percent,WHO RELAY / GLASS AMR indicator export
E_coli_3GC_resistance,Escherichia coli,Rwanda,646,2022,48.0,48,"Percentage of bloodstream infection due to  Escherichia coli resistant to 3rd-generation cephalosporin (e.g., ESBL- E. coli) among patients seeking care and whose blood sample is taken and tested. AMR Surveillance National Coordinating Center",AMR_INFECT_ECOLI,,RATE_PER_100,PUBLISHED,percent,WHO RELAY / GLASS AMR indicator export
E_coli_3GC_resistance,Escherichia coli,Saudi Arabia,682,2017,50.85,50.9,"Percentage of bloodstream infection due to  Escherichia coli resistant to 3rd-generation cephalosporin (e.g., ESBL- E. coli) among patients seeking care and whose blood sample is taken and tested. AMR Surveillance National Coordinating Center",AMR_INFECT_ECOLI,,RATE_PER_100,PUBLISHED,percent,WHO RELAY / GLASS AMR indicator export
E_coli_3GC_resistance,Escherichia coli,Saudi Arabia,682,2018,54.77,54.8,"Percentage of bloodstream infection due to  Escherichia coli resistant to 3rd-generation cephalosporin (e.g., ESBL- E. coli) among patients seeking care and whose blood sample is taken and tested. AMR Surveillance National Coordinating Center",AMR_INFECT_ECOLI,,RATE_PER_100,PUBLISHED,percent,WHO RELAY / GLASS AMR indicator export
E_coli_3GC_resistance,Escherichia coli,Saudi Arabia,682,2019,57.26,57.3,"Percentage of bloodstream infection due to  Escherichia coli resistant to 3rd-generation cephalosporin (e.g., ESBL- E. coli) among patients seeking care and whose blood sample is taken and tested. AMR Surveillance National Coordinating Center",AMR_INFECT_ECOLI,,RATE_PER_100,PUBLISHED,percent,WHO RELAY / GLASS AMR indicator export
E_coli_3GC_resistance,Escherichia coli,Saudi Arabia,682,2020,58.27,58.3,"Percentage of bloodstream infection due to  Escherichia coli resistant to 3rd-generation cephalosporin (e.g., ESBL- E. coli) among patients seeking care and whose blood sample is taken and tested. AMR Surveillance National Coordinating Center",AMR_INFECT_ECOLI,,RATE_PER_100,PUBLISHED,percent,WHO RELAY / GLASS AMR indicator export
E_coli_3GC_resistance,Escherichia coli,Saudi Arabia,682,2021,52.97,53,"Percentage of bloodstream infection due to  Escherichia coli resistant to 3rd-generation cephalosporin (e.g., ESBL- E. coli) among patients seeking care and whose blood sample is taken and tested. AMR Surveillance National Coordinating Center",AMR_INFECT_ECOLI,,RATE_PER_100,PUBLISHED,percent,WHO RELAY / GLASS AMR indicator export
E_coli_3GC_resistance,Escherichia coli,Saudi Arabia,682,2022,52.83,52.8,"Percentage of bloodstream infection due to  Escherichia coli resistant to 3rd-generation cephalosporin (e.g., ESBL- E. coli) among patients seeking care and whose blood sample is taken and tested. AMR Surveillance National Coordinating Center",AMR_INFECT_ECOLI,,RATE_PER_100,PUBLISHED,percent,WHO RELAY / GLASS AMR indicator export
E_coli_3GC_resistance,Escherichia coli,Saudi Arabia,682,2023,52.27,52.3,"Percentage of bloodstream infection due to  Escherichia coli resistant to 3rd-generation cephalosporin (e.g., ESBL- E. coli) among patients seeking care and whose blood sample is taken and tested. AMR Surveillance National Coordinating Center",AMR_INFECT_ECOLI,,RATE_PER_100,PUBLISHED,percent,WHO RELAY / GLASS AMR indicator export
E_coli_3GC_resistance,Escherichia coli,Singapore,702,2019,28.69,28.7,"Percentage of bloodstream infection due to  Escherichia coli resistant to 3rd-generation cephalosporin (e.g., ESBL- E. coli) among patients seeking care and whose blood sample is taken and tested. AMR Surveillance National Coordinating Center",AMR_INFECT_ECOLI,,RATE_PER_100,PUBLISHED,percent,WHO RELAY / GLASS AMR indicator export
E_coli_3GC_resistance,Escherichia coli,Singapore,702,2020,30.48,30.5,"Percentage of bloodstream infection due to  Escherichia coli resistant to 3rd-generation cephalosporin (e.g., ESBL- E. coli) among patients seeking care and whose blood sample is taken and tested. AMR Surveillance National Coordinating Center",AMR_INFECT_ECOLI,,RATE_PER_100,PUBLISHED,percent,WHO RELAY / GLASS AMR indicator export
E_coli_3GC_resistance,Escherichia coli,Singapore,702,2021,25.83,25.8,"Percentage of bloodstream infection due to  Escherichia coli resistant to 3rd-generation cephalosporin (e.g., ESBL- E. coli) among patients seeking care and whose blood sample is taken and tested. AMR Surveillance National Coordinating Center",AMR_INFECT_ECOLI,,RATE_PER_100,PUBLISHED,percent,WHO RELAY / GLASS AMR indicator export
E_coli_3GC_resistance,Escherichia coli,Singapore,702,2022,25.53,25.5,"Percentage of bloodstream infection due to  Escherichia coli resistant to 3rd-generation cephalosporin (e.g., ESBL- E. coli) among patients seeking care and whose blood sample is taken and tested. AMR Surveillance National Coordinating Center",AMR_INFECT_ECOLI,,RATE_PER_100,PUBLISHED,percent,WHO RELAY / GLASS AMR indicator export
E_coli_3GC_resistance,Escherichia coli,Singapore,702,2023,23.76,23.8,"Percentage of bloodstream infection due to  Escherichia coli resistant to 3rd-generation cephalosporin (e.g., ESBL- E. coli) among patients seeking care and whose blood sample is taken and tested. AMR Surveillance National Coordinating Center",AMR_INFECT_ECOLI,,RATE_PER_100,PUBLISHED,percent,WHO RELAY / GLASS AMR indicator export
E_coli_3GC_resistance,Escherichia coli,South Africa,710,2018,30.45,30.4,"Percentage of bloodstream infection due to  Escherichia coli resistant to 3rd-generation cephalosporin (e.g., ESBL- E. coli) among patients seeking care and whose blood sample is taken and tested. AMR Surveillance National Coordinating Center",AMR_INFECT_ECOLI,,RATE_PER_100,PUBLISHED,percent,WHO RELAY / GLASS AMR indicator export
E_coli_3GC_resistance,Escherichia coli,South Africa,710,2019,30.74,30.7,"Percentage of bloodstream infection due to  Escherichia coli resistant to 3rd-generation cephalosporin (e.g., ESBL- E. coli) among patients seeking care and whose blood sample is taken and tested. AMR Surveillance National Coordinating Center",AMR_INFECT_ECOLI,,RATE_PER_100,PUBLISHED,percent,WHO RELAY / GLASS AMR indicator export
E_coli_3GC_resistance,Escherichia coli,South Africa,710,2020,28.2,28.2,"Percentage of bloodstream infection due to  Escherichia coli resistant to 3rd-generation cephalosporin (e.g., ESBL- E. coli) among patients seeking care and whose blood sample is taken and tested. AMR Surveillance National Coordinating Center",AMR_INFECT_ECOLI,,RATE_PER_100,PUBLISHED,percent,WHO RELAY / GLASS AMR indicator export
E_coli_3GC_resistance,Escherichia coli,South Africa,710,2021,27.7,27.7,"Percentage of bloodstream infection due to  Escherichia coli resistant to 3rd-generation cephalosporin (e.g., ESBL- E. coli) among patients seeking care and whose blood sample is taken and tested. AMR Surveillance National Coordinating Center",AMR_INFECT_ECOLI,,RATE_PER_100,PUBLISHED,percent,WHO RELAY / GLASS AMR indicator export
E_coli_3GC_resistance,Escherichia coli,South Africa,710,2022,30.04,30,"Percentage of bloodstream infection due to  Escherichia coli resistant to 3rd-generation cephalosporin (e.g., ESBL- E. coli) among patients seeking care and whose blood sample is taken and tested. AMR Surveillance National Coordinating Center",AMR_INFECT_ECOLI,,RATE_PER_100,PUBLISHED,percent,WHO RELAY / GLASS AMR indicator export
E_coli_3GC_resistance,Escherichia coli,South Africa,710,2023,35.43,35.4,"Percentage of bloodstream infection due to  Escherichia coli resistant to 3rd-generation cephalosporin (e.g., ESBL- E. coli) among patients seeking care and whose blood sample is taken and tested. AMR Surveillance National Coordinating Center",AMR_INFECT_ECOLI,,RATE_PER_100,PUBLISHED,percent,WHO RELAY / GLASS AMR indicator export
E_coli_3GC_resistance,Escherichia coli,Sri Lanka,144,2018,67.67,67.7,"Percentage of bloodstream infection due to  Escherichia coli resistant to 3rd-generation cephalosporin (e.g., ESBL- E. coli) among patients seeking care and whose blood sample is taken and tested. AMR Surveillance National Coordinating Center",AMR_INFECT_ECOLI,,RATE_PER_100,PUBLISHED,percent,WHO RELAY / GLASS AMR indicator export
E_coli_3GC_resistance,Escherichia coli,Sri Lanka,144,2019,63.0,63,"Percentage of bloodstream infection due to  Escherichia coli resistant to 3rd-generation cephalosporin (e.g., ESBL- E. coli) among patients seeking care and whose blood sample is taken and tested. AMR Surveillance National Coordinating Center",AMR_INFECT_ECOLI,,RATE_PER_100,PUBLISHED,percent,WHO RELAY / GLASS AMR indicator export
E_coli_3GC_resistance,Escherichia coli,Sri Lanka,144,2020,61.92,61.9,"Percentage of bloodstream infection due to  Escherichia coli resistant to 3rd-generation cephalosporin (e.g., ESBL- E. coli) among patients seeking care and whose blood sample is taken and tested. AMR Surveillance National Coordinating Center",AMR_INFECT_ECOLI,,RATE_PER_100,PUBLISHED,percent,WHO RELAY / GLASS AMR indicator export
E_coli_3GC_resistance,Escherichia coli,Sri Lanka,144,2021,57.02,57,"Percentage of bloodstream infection due to  Escherichia coli resistant to 3rd-generation cephalosporin (e.g., ESBL- E. coli) among patients seeking care and whose blood sample is taken and tested. AMR Surveillance National Coordinating Center",AMR_INFECT_ECOLI,,RATE_PER_100,PUBLISHED,percent,WHO RELAY / GLASS AMR indicator export
E_coli_3GC_resistance,Escherichia coli,Sri Lanka,144,2022,58.76,58.8,"Percentage of bloodstream infection due to  Escherichia coli resistant to 3rd-generation cephalosporin (e.g., ESBL- E. coli) among patients seeking care and whose blood sample is taken and tested. AMR Surveillance National Coordinating Center",AMR_INFECT_ECOLI,,RATE_PER_100,PUBLISHED,percent,WHO RELAY / GLASS AMR indicator export
E_coli_3GC_resistance,Escherichia coli,Sri Lanka,144,2023,60.5,60.5,"Percentage of bloodstream infection due to  Escherichia coli resistant to 3rd-generation cephalosporin (e.g., ESBL- E. coli) among patients seeking care and whose blood sample is taken and tested. AMR Surveillance National Coordinating Center",AMR_INFECT_ECOLI,,RATE_PER_100,PUBLISHED,percent,WHO RELAY / GLASS AMR indicator export
E_coli_3GC_resistance,Escherichia coli,Sudan,729,2018,66.67,66.7,"Percentage of bloodstream infection due to  Escherichia coli resistant to 3rd-generation cephalosporin (e.g., ESBL- E. coli) among patients seeking care and whose blood sample is taken and tested. AMR Surveillance National Coordinating Center",AMR_INFECT_ECOLI,,RATE_PER_100,PUBLISHED,percent,WHO RELAY / GLASS AMR indicator export
E_coli_3GC_resistance,Escherichia coli,Sweden,752,2017,7.36,7.4,"Percentage of bloodstream infection due to  Escherichia coli resistant to 3rd-generation cephalosporin (e.g., ESBL- E. coli) among patients seeking care and whose blood sample is taken and tested. AMR Surveillance National Coordinating Center",AMR_INFECT_ECOLI,,RATE_PER_100,PUBLISHED,percent,WHO RELAY / GLASS AMR indicator export
E_coli_3GC_resistance,Escherichia coli,Sweden,752,2018,8.33,8.3,"Percentage of bloodstream infection due to  Escherichia coli resistant to 3rd-generation cephalosporin (e.g., ESBL- E. coli) among patients seeking care and whose blood sample is taken and tested. AMR Surveillance National Coordinating Center",AMR_INFECT_ECOLI,,RATE_PER_100,PUBLISHED,percent,WHO RELAY / GLASS AMR indicator export
E_coli_3GC_resistance,Escherichia coli,Sweden,752,2019,7.62,7.6,"Percentage of bloodstream infection due to  Escherichia coli resistant to 3rd-generation cephalosporin (e.g., ESBL- E. coli) among patients seeking care and whose blood sample is taken and tested. AMR Surveillance National Coordinating Center",AMR_INFECT_ECOLI,,RATE_PER_100,PUBLISHED,percent,WHO RELAY / GLASS AMR indicator export
E_coli_3GC_resistance,Escherichia coli,Sweden,752,2020,7.68,7.7,"Percentage of bloodstream infection due to  Escherichia coli resistant to 3rd-generation cephalosporin (e.g., ESBL- E. coli) among patients seeking care and whose blood sample is taken and tested. AMR Surveillance National Coordinating Center",AMR_INFECT_ECOLI,,RATE_PER_100,PUBLISHED,percent,WHO RELAY / GLASS AMR indicator export
E_coli_3GC_resistance,Escherichia coli,Sweden,752,2021,6.99,7,"Percentage of bloodstream infection due to  Escherichia coli resistant to 3rd-generation cephalosporin (e.g., ESBL- E. coli) among patients seeking care and whose blood sample is taken and tested. AMR Surveillance National Coordinating Center",AMR_INFECT_ECOLI,,RATE_PER_100,PUBLISHED,percent,WHO RELAY / GLASS AMR indicator export
E_coli_3GC_resistance,Escherichia coli,Sweden,752,2022,7.31,7.3,"Percentage of bloodstream infection due to  Escherichia coli resistant to 3rd-generation cephalosporin (e.g., ESBL- E. coli) among patients seeking care and whose blood sample is taken and tested. AMR Surveillance National Coordinating Center",AMR_INFECT_ECOLI,,RATE_PER_100,PUBLISHED,percent,WHO RELAY / GLASS AMR indicator export
E_coli_3GC_resistance,Escherichia coli,Sweden,752,2023,7.92,7.9,"Percentage of bloodstream infection due to  Escherichia coli resistant to 3rd-generation cephalosporin (e.g., ESBL- E. coli) among patients seeking care and whose blood sample is taken and tested. AMR Surveillance National Coordinating Center",AMR_INFECT_ECOLI,,RATE_PER_100,PUBLISHED,percent,WHO RELAY / GLASS AMR indicator export
E_coli_3GC_resistance,Escherichia coli,Switzerland,756,2016,9.16,9.2,"Percentage of bloodstream infection due to  Escherichia coli resistant to 3rd-generation cephalosporin (e.g., ESBL- E. coli) among patients seeking care and whose blood sample is taken and tested. AMR Surveillance National Coordinating Center",AMR_INFECT_ECOLI,,RATE_PER_100,PUBLISHED,percent,WHO RELAY / GLASS AMR indicator export
E_coli_3GC_resistance,Escherichia coli,Switzerland,756,2017,9.45,9.4,"Percentage of bloodstream infection due to  Escherichia coli resistant to 3rd-generation cephalosporin (e.g., ESBL- E. coli) among patients seeking care and whose blood sample is taken and tested. AMR Surveillance National Coordinating Center",AMR_INFECT_ECOLI,,RATE_PER_100,PUBLISHED,percent,WHO RELAY / GLASS AMR indicator export
E_coli_3GC_resistance,Escherichia coli,Switzerland,756,2018,10.38,10.4,"Percentage of bloodstream infection due to  Escherichia coli resistant to 3rd-generation cephalosporin (e.g., ESBL- E. coli) among patients seeking care and whose blood sample is taken and tested. AMR Surveillance National Coordinating Center",AMR_INFECT_ECOLI,,RATE_PER_100,PUBLISHED,percent,WHO RELAY / GLASS AMR indicator export
E_coli_3GC_resistance,Escherichia coli,Switzerland,756,2019,10.27,10.3,"Percentage of bloodstream infection due to  Escherichia coli resistant to 3rd-generation cephalosporin (e.g., ESBL- E. coli) among patients seeking care and whose blood sample is taken and tested. AMR Surveillance National Coordinating Center",AMR_INFECT_ECOLI,,RATE_PER_100,PUBLISHED,percent,WHO RELAY / GLASS AMR indicator export
E_coli_3GC_resistance,Escherichia coli,Switzerland,756,2020,11.09,11.1,"Percentage of bloodstream infection due to  Escherichia coli resistant to 3rd-generation cephalosporin (e.g., ESBL- E. coli) among patients seeking care and whose blood sample is taken and tested. AMR Surveillance National Coordinating Center",AMR_INFECT_ECOLI,,RATE_PER_100,PUBLISHED,percent,WHO RELAY / GLASS AMR indicator export
E_coli_3GC_resistance,Escherichia coli,Switzerland,756,2021,9.56,9.6,"Percentage of bloodstream infection due to  Escherichia coli resistant to 3rd-generation cephalosporin (e.g., ESBL- E. coli) among patients seeking care and whose blood sample is taken and tested. AMR Surveillance National Coordinating Center",AMR_INFECT_ECOLI,,RATE_PER_100,PUBLISHED,percent,WHO RELAY / GLASS AMR indicator export
E_coli_3GC_resistance,Escherichia coli,Switzerland,756,2022,9.78,9.8,"Percentage of bloodstream infection due to  Escherichia coli resistant to 3rd-generation cephalosporin (e.g., ESBL- E. coli) among patients seeking care and whose blood sample is taken and tested. AMR Surveillance National Coordinating Center",AMR_INFECT_ECOLI,,RATE_PER_100,PUBLISHED,percent,WHO RELAY / GLASS AMR indicator export
E_coli_3GC_resistance,Escherichia coli,Switzerland,756,2023,10.95,11,"Percentage of bloodstream infection due to  Escherichia coli resistant to 3rd-generation cephalosporin (e.g., ESBL- E. coli) among patients seeking care and whose blood sample is taken and tested. AMR Surveillance National Coordinating Center",AMR_INFECT_ECOLI,,RATE_PER_100,PUBLISHED,percent,WHO RELAY / GLASS AMR indicator export
E_coli_3GC_resistance,Escherichia coli,Syrian Arab Republic,760,2022,78.57,78.6,"Percentage of bloodstream infection due to  Escherichia coli resistant to 3rd-generation cephalosporin (e.g., ESBL- E. coli) among patients seeking care and whose blood sample is taken and tested. AMR Surveillance National Coordinating Center",AMR_INFECT_ECOLI,,RATE_PER_100,PUBLISHED,percent,WHO RELAY / GLASS AMR indicator export
E_coli_3GC_resistance,Escherichia coli,"Tanzania, United Republic of",834,2020,75.0,75,"Percentage of bloodstream infection due to  Escherichia coli resistant to 3rd-generation cephalosporin (e.g., ESBL- E. coli) among patients seeking care and whose blood sample is taken and tested. AMR Surveillance National Coordinating Center",AMR_INFECT_ECOLI,,RATE_PER_100,PUBLISHED,percent,WHO RELAY / GLASS AMR indicator export
E_coli_3GC_resistance,Escherichia coli,"Tanzania, United Republic of",834,2021,77.98,78,"Percentage of bloodstream infection due to  Escherichia coli resistant to 3rd-generation cephalosporin (e.g., ESBL- E. coli) among patients seeking care and whose blood sample is taken and tested. AMR Surveillance National Coordinating Center",AMR_INFECT_ECOLI,,RATE_PER_100,PUBLISHED,percent,WHO RELAY / GLASS AMR indicator export
E_coli_3GC_resistance,Escherichia coli,"Tanzania, United Republic of",834,2022,68.71,68.7,"Percentage of bloodstream infection due to  Escherichia coli resistant to 3rd-generation cephalosporin (e.g., ESBL- E. coli) among patients seeking care and whose blood sample is taken and tested. AMR Surveillance National Coordinating Center",AMR_INFECT_ECOLI,,RATE_PER_100,PUBLISHED,percent,WHO RELAY / GLASS AMR indicator export
E_coli_3GC_resistance,Escherichia coli,"Tanzania, United Republic of",834,2023,70.15,70.1,"Percentage of bloodstream infection due to  Escherichia coli resistant to 3rd-generation cephalosporin (e.g., ESBL- E. coli) among patients seeking care and whose blood sample is taken and tested. AMR Surveillance National Coordinating Center",AMR_INFECT_ECOLI,,RATE_PER_100,PUBLISHED,percent,WHO RELAY / GLASS AMR indicator export
E_coli_3GC_resistance,Escherichia coli,Thailand,764,2016,40.29,40.3,"Percentage of bloodstream infection due to  Escherichia coli resistant to 3rd-generation cephalosporin (e.g., ESBL- E. coli) among patients seeking care and whose blood sample is taken and tested. AMR Surveillance National Coordinating Center",AMR_INFECT_ECOLI,,RATE_PER_100,PUBLISHED,percent,WHO RELAY / GLASS AMR indicator export
E_coli_3GC_resistance,Escherichia coli,Thailand,764,2017,41.72,41.7,"Percentage of bloodstream infection due to  Escherichia coli resistant to 3rd-generation cephalosporin (e.g., ESBL- E. coli) among patients seeking care and whose blood sample is taken and tested. AMR Surveillance National Coordinating Center",AMR_INFECT_ECOLI,,RATE_PER_100,PUBLISHED,percent,WHO RELAY / GLASS AMR indicator export
E_coli_3GC_resistance,Escherichia coli,Thailand,764,2018,36.42,36.4,"Percentage of bloodstream infection due to  Escherichia coli resistant to 3rd-generation cephalosporin (e.g., ESBL- E. coli) among patients seeking care and whose blood sample is taken and tested. AMR Surveillance National Coordinating Center",AMR_INFECT_ECOLI,,RATE_PER_100,PUBLISHED,percent,WHO RELAY / GLASS AMR indicator export
E_coli_3GC_resistance,Escherichia coli,Thailand,764,2019,37.26,37.3,"Percentage of bloodstream infection due to  Escherichia coli resistant to 3rd-generation cephalosporin (e.g., ESBL- E. coli) among patients seeking care and whose blood sample is taken and tested. AMR Surveillance National Coordinating Center",AMR_INFECT_ECOLI,,RATE_PER_100,PUBLISHED,percent,WHO RELAY / GLASS AMR indicator export
E_coli_3GC_resistance,Escherichia coli,Thailand,764,2020,39.4,39.4,"Percentage of bloodstream infection due to  Escherichia coli resistant to 3rd-generation cephalosporin (e.g., ESBL- E. coli) among patients seeking care and whose blood sample is taken and tested. AMR Surveillance National Coordinating Center",AMR_INFECT_ECOLI,,RATE_PER_100,PUBLISHED,percent,WHO RELAY / GLASS AMR indicator export
E_coli_3GC_resistance,Escherichia coli,Thailand,764,2021,37.4,37.4,"Percentage of bloodstream infection due to  Escherichia coli resistant to 3rd-generation cephalosporin (e.g., ESBL- E. coli) among patients seeking care and whose blood sample is taken and tested. AMR Surveillance National Coordinating Center",AMR_INFECT_ECOLI,,RATE_PER_100,PUBLISHED,percent,WHO RELAY / GLASS AMR indicator export
E_coli_3GC_resistance,Escherichia coli,Thailand,764,2022,33.77,33.8,"Percentage of bloodstream infection due to  Escherichia coli resistant to 3rd-generation cephalosporin (e.g., ESBL- E. coli) among patients seeking care and whose blood sample is taken and tested. AMR Surveillance National Coordinating Center",AMR_INFECT_ECOLI,,RATE_PER_100,PUBLISHED,percent,WHO RELAY / GLASS AMR indicator export
E_coli_3GC_resistance,Escherichia coli,Thailand,764,2023,38.67,38.7,"Percentage of bloodstream infection due to  Escherichia coli resistant to 3rd-generation cephalosporin (e.g., ESBL- E. coli) among patients seeking care and whose blood sample is taken and tested. AMR Surveillance National Coordinating Center",AMR_INFECT_ECOLI,,RATE_PER_100,PUBLISHED,percent,WHO RELAY / GLASS AMR indicator export
E_coli_3GC_resistance,Escherichia coli,Timor-Leste,626,2020,61.54,61.5,"Percentage of bloodstream infection due to  Escherichia coli resistant to 3rd-generation cephalosporin (e.g., ESBL- E. coli) among patients seeking care and whose blood sample is taken and tested. AMR Surveillance National Coordinating Center",AMR_INFECT_ECOLI,,RATE_PER_100,PUBLISHED,percent,WHO RELAY / GLASS AMR indicator export
E_coli_3GC_resistance,Escherichia coli,Timor-Leste,626,2021,53.85,53.8,"Percentage of bloodstream infection due to  Escherichia coli resistant to 3rd-generation cephalosporin (e.g., ESBL- E. coli) among patients seeking care and whose blood sample is taken and tested. AMR Surveillance National Coordinating Center",AMR_INFECT_ECOLI,,RATE_PER_100,PUBLISHED,percent,WHO RELAY / GLASS AMR indicator export
E_coli_3GC_resistance,Escherichia coli,Timor-Leste,626,2022,50.0,50,"Percentage of bloodstream infection due to  Escherichia coli resistant to 3rd-generation cephalosporin (e.g., ESBL- E. coli) among patients seeking care and whose blood sample is taken and tested. AMR Surveillance National Coordinating Center",AMR_INFECT_ECOLI,,RATE_PER_100,PUBLISHED,percent,WHO RELAY / GLASS AMR indicator export
E_coli_3GC_resistance,Escherichia coli,Timor-Leste,626,2023,30.43,30.4,"Percentage of bloodstream infection due to  Escherichia coli resistant to 3rd-generation cephalosporin (e.g., ESBL- E. coli) among patients seeking care and whose blood sample is taken and tested. AMR Surveillance National Coordinating Center",AMR_INFECT_ECOLI,,RATE_PER_100,PUBLISHED,percent,WHO RELAY / GLASS AMR indicator export
E_coli_3GC_resistance,Escherichia coli,Trinidad and Tobago,780,2020,26.32,26.3,"Percentage of bloodstream infection due to  Escherichia coli resistant to 3rd-generation cephalosporin (e.g., ESBL- E. coli) among patients seeking care and whose blood sample is taken and tested. AMR Surveillance National Coordinating Center",AMR_INFECT_ECOLI,,RATE_PER_100,PUBLISHED,percent,WHO RELAY / GLASS AMR indicator export
E_coli_3GC_resistance,Escherichia coli,Trinidad and Tobago,780,2021,27.78,27.8,"Percentage of bloodstream infection due to  Escherichia coli resistant to 3rd-generation cephalosporin (e.g., ESBL- E. coli) among patients seeking care and whose blood sample is taken and tested. AMR Surveillance National Coordinating Center",AMR_INFECT_ECOLI,,RATE_PER_100,PUBLISHED,percent,WHO RELAY / GLASS AMR indicator export
E_coli_3GC_resistance,Escherichia coli,Tunisia,788,2016,25.46,25.5,"Percentage of bloodstream infection due to  Escherichia coli resistant to 3rd-generation cephalosporin (e.g., ESBL- E. coli) among patients seeking care and whose blood sample is taken and tested. AMR Surveillance National Coordinating Center",AMR_INFECT_ECOLI,,RATE_PER_100,PUBLISHED,percent,WHO RELAY / GLASS AMR indicator export
E_coli_3GC_resistance,Escherichia coli,Tunisia,788,2017,35.9,35.9,"Percentage of bloodstream infection due to  Escherichia coli resistant to 3rd-generation cephalosporin (e.g., ESBL- E. coli) among patients seeking care and whose blood sample is taken and tested. AMR Surveillance National Coordinating Center",AMR_INFECT_ECOLI,,RATE_PER_100,PUBLISHED,percent,WHO RELAY / GLASS AMR indicator export
E_coli_3GC_resistance,Escherichia coli,Tunisia,788,2018,33.86,33.9,"Percentage of bloodstream infection due to  Escherichia coli resistant to 3rd-generation cephalosporin (e.g., ESBL- E. coli) among patients seeking care and whose blood sample is taken and tested. AMR Surveillance National Coordinating Center",AMR_INFECT_ECOLI,,RATE_PER_100,PUBLISHED,percent,WHO RELAY / GLASS AMR indicator export
E_coli_3GC_resistance,Escherichia coli,Tunisia,788,2019,36.11,36.1,"Percentage of bloodstream infection due to  Escherichia coli resistant to 3rd-generation cephalosporin (e.g., ESBL- E. coli) among patients seeking care and whose blood sample is taken and tested. AMR Surveillance National Coordinating Center",AMR_INFECT_ECOLI,,RATE_PER_100,PUBLISHED,percent,WHO RELAY / GLASS AMR indicator export
E_coli_3GC_resistance,Escherichia coli,Tunisia,788,2020,31.08,31.1,"Percentage of bloodstream infection due to  Escherichia coli resistant to 3rd-generation cephalosporin (e.g., ESBL- E. coli) among patients seeking care and whose blood sample is taken and tested. AMR Surveillance National Coordinating Center",AMR_INFECT_ECOLI,,RATE_PER_100,PUBLISHED,percent,WHO RELAY / GLASS AMR indicator export
E_coli_3GC_resistance,Escherichia coli,Tunisia,788,2021,33.6,33.6,"Percentage of bloodstream infection due to  Escherichia coli resistant to 3rd-generation cephalosporin (e.g., ESBL- E. coli) among patients seeking care and whose blood sample is taken and tested. AMR Surveillance National Coordinating Center",AMR_INFECT_ECOLI,,RATE_PER_100,PUBLISHED,percent,WHO RELAY / GLASS AMR indicator export
E_coli_3GC_resistance,Escherichia coli,Tunisia,788,2022,19.79,19.8,"Percentage of bloodstream infection due to  Escherichia coli resistant to 3rd-generation cephalosporin (e.g., ESBL- E. coli) among patients seeking care and whose blood sample is taken and tested. AMR Surveillance National Coordinating Center",AMR_INFECT_ECOLI,,RATE_PER_100,PUBLISHED,percent,WHO RELAY / GLASS AMR indicator export
E_coli_3GC_resistance,Escherichia coli,Tunisia,788,2023,26.09,26.1,"Percentage of bloodstream infection due to  Escherichia coli resistant to 3rd-generation cephalosporin (e.g., ESBL- E. coli) among patients seeking care and whose blood sample is taken and tested. AMR Surveillance National Coordinating Center",AMR_INFECT_ECOLI,,RATE_PER_100,PUBLISHED,percent,WHO RELAY / GLASS AMR indicator export
E_coli_3GC_resistance,Escherichia coli,Türkiye,792,2021,53.77,53.8,"Percentage of bloodstream infection due to  Escherichia coli resistant to 3rd-generation cephalosporin (e.g., ESBL- E. coli) among patients seeking care and whose blood sample is taken and tested. AMR Surveillance National Coordinating Center",AMR_INFECT_ECOLI,,RATE_PER_100,PUBLISHED,percent,WHO RELAY / GLASS AMR indicator export
E_coli_3GC_resistance,Escherichia coli,Türkiye,792,2022,52.18,52.2,"Percentage of bloodstream infection due to  Escherichia coli resistant to 3rd-generation cephalosporin (e.g., ESBL- E. coli) among patients seeking care and whose blood sample is taken and tested. AMR Surveillance National Coordinating Center",AMR_INFECT_ECOLI,,RATE_PER_100,PUBLISHED,percent,WHO RELAY / GLASS AMR indicator export
E_coli_3GC_resistance,Escherichia coli,Türkiye,792,2023,56.42,56.4,"Percentage of bloodstream infection due to  Escherichia coli resistant to 3rd-generation cephalosporin (e.g., ESBL- E. coli) among patients seeking care and whose blood sample is taken and tested. AMR Surveillance National Coordinating Center",AMR_INFECT_ECOLI,,RATE_PER_100,PUBLISHED,percent,WHO RELAY / GLASS AMR indicator export
E_coli_3GC_resistance,Escherichia coli,Uganda,800,2017,46.15,46.1,"Percentage of bloodstream infection due to  Escherichia coli resistant to 3rd-generation cephalosporin (e.g., ESBL- E. coli) among patients seeking care and whose blood sample is taken and tested. AMR Surveillance National Coordinating Center",AMR_INFECT_ECOLI,,RATE_PER_100,PUBLISHED,percent,WHO RELAY / GLASS AMR indicator export
E_coli_3GC_resistance,Escherichia coli,Uganda,800,2019,60.0,60,"Percentage of bloodstream infection due to  Escherichia coli resistant to 3rd-generation cephalosporin (e.g., ESBL- E. coli) among patients seeking care and whose blood sample is taken and tested. AMR Surveillance National Coordinating Center",AMR_INFECT_ECOLI,,RATE_PER_100,PUBLISHED,percent,WHO RELAY / GLASS AMR indicator export
E_coli_3GC_resistance,Escherichia coli,Uganda,800,2020,88.24,88.2,"Percentage of bloodstream infection due to  Escherichia coli resistant to 3rd-generation cephalosporin (e.g., ESBL- E. coli) among patients seeking care and whose blood sample is taken and tested. AMR Surveillance National Coordinating Center",AMR_INFECT_ECOLI,,RATE_PER_100,PUBLISHED,percent,WHO RELAY / GLASS AMR indicator export
E_coli_3GC_resistance,Escherichia coli,Uganda,800,2021,80.0,80,"Percentage of bloodstream infection due to  Escherichia coli resistant to 3rd-generation cephalosporin (e.g., ESBL- E. coli) among patients seeking care and whose blood sample is taken and tested. AMR Surveillance National Coordinating Center",AMR_INFECT_ECOLI,,RATE_PER_100,PUBLISHED,percent,WHO RELAY / GLASS AMR indicator export
E_coli_3GC_resistance,Escherichia coli,Uganda,800,2022,81.82,81.8,"Percentage of bloodstream infection due to  Escherichia coli resistant to 3rd-generation cephalosporin (e.g., ESBL- E. coli) among patients seeking care and whose blood sample is taken and tested. AMR Surveillance National Coordinating Center",AMR_INFECT_ECOLI,,RATE_PER_100,PUBLISHED,percent,WHO RELAY / GLASS AMR indicator export
E_coli_3GC_resistance,Escherichia coli,Uganda,800,2023,81.25,81.3,"Percentage of bloodstream infection due to  Escherichia coli resistant to 3rd-generation cephalosporin (e.g., ESBL- E. coli) among patients seeking care and whose blood sample is taken and tested. AMR Surveillance National Coordinating Center",AMR_INFECT_ECOLI,,RATE_PER_100,PUBLISHED,percent,WHO RELAY / GLASS AMR indicator export
E_coli_3GC_resistance,Escherichia coli,Ukraine,804,2020,50.0,50,"Percentage of bloodstream infection due to  Escherichia coli resistant to 3rd-generation cephalosporin (e.g., ESBL- E. coli) among patients seeking care and whose blood sample is taken and tested. AMR Surveillance National Coordinating Center",AMR_INFECT_ECOLI,,RATE_PER_100,PUBLISHED,percent,WHO RELAY / GLASS AMR indicator export
E_coli_3GC_resistance,Escherichia coli,Ukraine,804,2021,60.0,60,"Percentage of bloodstream infection due to  Escherichia coli resistant to 3rd-generation cephalosporin (e.g., ESBL- E. coli) among patients seeking care and whose blood sample is taken and tested. AMR Surveillance National Coordinating Center",AMR_INFECT_ECOLI,,RATE_PER_100,PUBLISHED,percent,WHO RELAY / GLASS AMR indicator export
E_coli_3GC_resistance,Escherichia coli,Ukraine,804,2022,54.55,54.5,"Percentage of bloodstream infection due to  Escherichia coli resistant to 3rd-generation cephalosporin (e.g., ESBL- E. coli) among patients seeking care and whose blood sample is taken and tested. AMR Surveillance National Coordinating Center",AMR_INFECT_ECOLI,,RATE_PER_100,PUBLISHED,percent,WHO RELAY / GLASS AMR indicator export
E_coli_3GC_resistance,Escherichia coli,Ukraine,804,2023,52.94,52.9,"Percentage of bloodstream infection due to  Escherichia coli resistant to 3rd-generation cephalosporin (e.g., ESBL- E. coli) among patients seeking care and whose blood sample is taken and tested. AMR Surveillance National Coordinating Center",AMR_INFECT_ECOLI,,RATE_PER_100,PUBLISHED,percent,WHO RELAY / GLASS AMR indicator export
E_coli_3GC_resistance,Escherichia coli,United Arab Emirates,784,2017,48.07,48.1,"Percentage of bloodstream infection due to  Escherichia coli resistant to 3rd-generation cephalosporin (e.g., ESBL- E. coli) among patients seeking care and whose blood sample is taken and tested. AMR Surveillance National Coordinating Center",AMR_INFECT_ECOLI,,RATE_PER_100,PUBLISHED,percent,WHO RELAY / GLASS AMR indicator export
E_coli_3GC_resistance,Escherichia coli,United Arab Emirates,784,2018,48.43,48.4,"Percentage of bloodstream infection due to  Escherichia coli resistant to 3rd-generation cephalosporin (e.g., ESBL- E. coli) among patients seeking care and whose blood sample is taken and tested. AMR Surveillance National Coordinating Center",AMR_INFECT_ECOLI,,RATE_PER_100,PUBLISHED,percent,WHO RELAY / GLASS AMR indicator export
E_coli_3GC_resistance,Escherichia coli,United Arab Emirates,784,2019,46.08,46.1,"Percentage of bloodstream infection due to  Escherichia coli resistant to 3rd-generation cephalosporin (e.g., ESBL- E. coli) among patients seeking care and whose blood sample is taken and tested. AMR Surveillance National Coordinating Center",AMR_INFECT_ECOLI,,RATE_PER_100,PUBLISHED,percent,WHO RELAY / GLASS AMR indicator export
E_coli_3GC_resistance,Escherichia coli,United Arab Emirates,784,2020,54.08,54.1,"Percentage of bloodstream infection due to  Escherichia coli resistant to 3rd-generation cephalosporin (e.g., ESBL- E. coli) among patients seeking care and whose blood sample is taken and tested. AMR Surveillance National Coordinating Center",AMR_INFECT_ECOLI,,RATE_PER_100,PUBLISHED,percent,WHO RELAY / GLASS AMR indicator export
E_coli_3GC_resistance,Escherichia coli,United Arab Emirates,784,2021,51.67,51.7,"Percentage of bloodstream infection due to  Escherichia coli resistant to 3rd-generation cephalosporin (e.g., ESBL- E. coli) among patients seeking care and whose blood sample is taken and tested. AMR Surveillance National Coordinating Center",AMR_INFECT_ECOLI,,RATE_PER_100,PUBLISHED,percent,WHO RELAY / GLASS AMR indicator export
E_coli_3GC_resistance,Escherichia coli,United Arab Emirates,784,2022,52.38,52.4,"Percentage of bloodstream infection due to  Escherichia coli resistant to 3rd-generation cephalosporin (e.g., ESBL- E. coli) among patients seeking care and whose blood sample is taken and tested. AMR Surveillance National Coordinating Center",AMR_INFECT_ECOLI,,RATE_PER_100,PUBLISHED,percent,WHO RELAY / GLASS AMR indicator export
E_coli_3GC_resistance,Escherichia coli,United Arab Emirates,784,2023,50.95,50.9,"Percentage of bloodstream infection due to  Escherichia coli resistant to 3rd-generation cephalosporin (e.g., ESBL- E. coli) among patients seeking care and whose blood sample is taken and tested. AMR Surveillance National Coordinating Center",AMR_INFECT_ECOLI,,RATE_PER_100,PUBLISHED,percent,WHO RELAY / GLASS AMR indicator export
E_coli_3GC_resistance,Escherichia coli,United Kingdom,826,2017,10.26,10.3,"Percentage of bloodstream infection due to  Escherichia coli resistant to 3rd-generation cephalosporin (e.g., ESBL- E. coli) among patients seeking care and whose blood sample is taken and tested. AMR Surveillance National Coordinating Center",AMR_INFECT_ECOLI,,RATE_PER_100,PUBLISHED,percent,WHO RELAY / GLASS AMR indicator export
E_coli_3GC_resistance,Escherichia coli,United Kingdom,826,2018,10.97,11,"Percentage of bloodstream infection due to  Escherichia coli resistant to 3rd-generation cephalosporin (e.g., ESBL- E. coli) among patients seeking care and whose blood sample is taken and tested. AMR Surveillance National Coordinating Center",AMR_INFECT_ECOLI,,RATE_PER_100,PUBLISHED,percent,WHO RELAY / GLASS AMR indicator export
E_coli_3GC_resistance,Escherichia coli,United Kingdom,826,2019,11.27,11.3,"Percentage of bloodstream infection due to  Escherichia coli resistant to 3rd-generation cephalosporin (e.g., ESBL- E. coli) among patients seeking care and whose blood sample is taken and tested. AMR Surveillance National Coordinating Center",AMR_INFECT_ECOLI,,RATE_PER_100,PUBLISHED,percent,WHO RELAY / GLASS AMR indicator export
E_coli_3GC_resistance,Escherichia coli,United Kingdom,826,2020,10.44,10.4,"Percentage of bloodstream infection due to  Escherichia coli resistant to 3rd-generation cephalosporin (e.g., ESBL- E. coli) among patients seeking care and whose blood sample is taken and tested. AMR Surveillance National Coordinating Center",AMR_INFECT_ECOLI,,RATE_PER_100,PUBLISHED,percent,WHO RELAY / GLASS AMR indicator export
E_coli_3GC_resistance,Escherichia coli,United Kingdom,826,2021,10.68,10.7,"Percentage of bloodstream infection due to  Escherichia coli resistant to 3rd-generation cephalosporin (e.g., ESBL- E. coli) among patients seeking care and whose blood sample is taken and tested. AMR Surveillance National Coordinating Center",AMR_INFECT_ECOLI,,RATE_PER_100,PUBLISHED,percent,WHO RELAY / GLASS AMR indicator export
E_coli_3GC_resistance,Escherichia coli,United Kingdom,826,2022,11.41,11.4,"Percentage of bloodstream infection due to  Escherichia coli resistant to 3rd-generation cephalosporin (e.g., ESBL- E. coli) among patients seeking care and whose blood sample is taken and tested. AMR Surveillance National Coordinating Center",AMR_INFECT_ECOLI,,RATE_PER_100,PUBLISHED,percent,WHO RELAY / GLASS AMR indicator export
E_coli_3GC_resistance,Escherichia coli,United Kingdom,826,2023,13.23,13.2,"Percentage of bloodstream infection due to  Escherichia coli resistant to 3rd-generation cephalosporin (e.g., ESBL- E. coli) among patients seeking care and whose blood sample is taken and tested. AMR Surveillance National Coordinating Center",AMR_INFECT_ECOLI,,RATE_PER_100,PUBLISHED,percent,WHO RELAY / GLASS AMR indicator export
E_coli_3GC_resistance,Escherichia coli,Yemen,887,2022,90.36,90.4,"Percentage of bloodstream infection due to  Escherichia coli resistant to 3rd-generation cephalosporin (e.g., ESBL- E. coli) among patients seeking care and whose blood sample is taken and tested. AMR Surveillance National Coordinating Center",AMR_INFECT_ECOLI,,RATE_PER_100,PUBLISHED,percent,WHO RELAY / GLASS AMR indicator export
E_coli_3GC_resistance,Escherichia coli,Yemen,887,2023,86.36,86.4,"Percentage of bloodstream infection due to  Escherichia coli resistant to 3rd-generation cephalosporin (e.g., ESBL- E. coli) among patients seeking care and whose blood sample is taken and tested. AMR Surveillance National Coordinating Center",AMR_INFECT_ECOLI,,RATE_PER_100,PUBLISHED,percent,WHO RELAY / GLASS AMR indicator export
E_coli_3GC_resistance,Escherichia coli,Zambia,894,2016,61.9,61.9,"Percentage of bloodstream infection due to  Escherichia coli resistant to 3rd-generation cephalosporin (e.g., ESBL- E. coli) among patients seeking care and whose blood sample is taken and tested. AMR Surveillance National Coordinating Center",AMR_INFECT_ECOLI,,RATE_PER_100,PUBLISHED,percent,WHO RELAY / GLASS AMR indicator export
E_coli_3GC_resistance,Escherichia coli,Zambia,894,2017,51.52,51.5,"Percentage of bloodstream infection due to  Escherichia coli resistant to 3rd-generation cephalosporin (e.g., ESBL- E. coli) among patients seeking care and whose blood sample is taken and tested. AMR Surveillance National Coordinating Center",AMR_INFECT_ECOLI,,RATE_PER_100,PUBLISHED,percent,WHO RELAY / GLASS AMR indicator export
E_coli_3GC_resistance,Escherichia coli,Zambia,894,2019,63.38,63.4,"Percentage of bloodstream infection due to  Escherichia coli resistant to 3rd-generation cephalosporin (e.g., ESBL- E. coli) among patients seeking care and whose blood sample is taken and tested. AMR Surveillance National Coordinating Center",AMR_INFECT_ECOLI,,RATE_PER_100,PUBLISHED,percent,WHO RELAY / GLASS AMR indicator export
E_coli_3GC_resistance,Escherichia coli,Zambia,894,2021,88.71,88.7,"Percentage of bloodstream infection due to  Escherichia coli resistant to 3rd-generation cephalosporin (e.g., ESBL- E. coli) among patients seeking care and whose blood sample is taken and tested. AMR Surveillance National Coordinating Center",AMR_INFECT_ECOLI,,RATE_PER_100,PUBLISHED,percent,WHO RELAY / GLASS AMR indicator export
E_coli_3GC_resistance,Escherichia coli,Zambia,894,2022,76.47,76.5,"Percentage of bloodstream infection due to  Escherichia coli resistant to 3rd-generation cephalosporin (e.g., ESBL- E. coli) among patients seeking care and whose blood sample is taken and tested. AMR Surveillance National Coordinating Center",AMR_INFECT_ECOLI,,RATE_PER_100,PUBLISHED,percent,WHO RELAY / GLASS AMR indicator export
E_coli_3GC_resistance,Escherichia coli,Zambia,894,2023,93.55,93.5,"Percentage of bloodstream infection due to  Escherichia coli resistant to 3rd-generation cephalosporin (e.g., ESBL- E. coli) among patients seeking care and whose blood sample is taken and tested. AMR Surveillance National Coordinating Center",AMR_INFECT_ECOLI,,RATE_PER_100,PUBLISHED,percent,WHO RELAY / GLASS AMR indicator export
MRSA_bloodstream_resistance,Methicillin-resistant Staphylococcus aureus,Algeria,12,2023,46.01,46,Percentage of bloodstream infection due to methicillin-resistant Staphylococcus aureus (MRSA) among patients seeking care and whose blood sample is taken and tested. AMR Surveillance National Coordinating Center,AMR_INFECT_MRSA,,RATE_PER_100,PUBLISHED,percent,WHO RELAY / GLASS AMR indicator export
MRSA_bloodstream_resistance,Methicillin-resistant Staphylococcus aureus,Argentina,32,2017,45.0,45,Percentage of bloodstream infection due to methicillin-resistant Staphylococcus aureus (MRSA) among patients seeking care and whose blood sample is taken and tested. AMR Surveillance National Coordinating Center,AMR_INFECT_MRSA,,RATE_PER_100,PUBLISHED,percent,WHO RELAY / GLASS AMR indicator export
MRSA_bloodstream_resistance,Methicillin-resistant Staphylococcus aureus,Argentina,32,2018,42.5,42.5,Percentage of bloodstream infection due to methicillin-resistant Staphylococcus aureus (MRSA) among patients seeking care and whose blood sample is taken and tested. AMR Surveillance National Coordinating Center,AMR_INFECT_MRSA,,RATE_PER_100,PUBLISHED,percent,WHO RELAY / GLASS AMR indicator export
MRSA_bloodstream_resistance,Methicillin-resistant Staphylococcus aureus,Argentina,32,2019,42.03,42,Percentage of bloodstream infection due to methicillin-resistant Staphylococcus aureus (MRSA) among patients seeking care and whose blood sample is taken and tested. AMR Surveillance National Coordinating Center,AMR_INFECT_MRSA,,RATE_PER_100,PUBLISHED,percent,WHO RELAY / GLASS AMR indicator export
MRSA_bloodstream_resistance,Methicillin-resistant Staphylococcus aureus,Argentina,32,2020,38.4,38.4,Percentage of bloodstream infection due to methicillin-resistant Staphylococcus aureus (MRSA) among patients seeking care and whose blood sample is taken and tested. AMR Surveillance National Coordinating Center,AMR_INFECT_MRSA,,RATE_PER_100,PUBLISHED,percent,WHO RELAY / GLASS AMR indicator export
MRSA_bloodstream_resistance,Methicillin-resistant Staphylococcus aureus,Argentina,32,2021,34.33,34.3,Percentage of bloodstream infection due to methicillin-resistant Staphylococcus aureus (MRSA) among patients seeking care and whose blood sample is taken and tested. AMR Surveillance National Coordinating Center,AMR_INFECT_MRSA,,RATE_PER_100,PUBLISHED,percent,WHO RELAY / GLASS AMR indicator export
MRSA_bloodstream_resistance,Methicillin-resistant Staphylococcus aureus,Argentina,32,2022,32.79,32.8,Percentage of bloodstream infection due to methicillin-resistant Staphylococcus aureus (MRSA) among patients seeking care and whose blood sample is taken and tested. AMR Surveillance National Coordinating Center,AMR_INFECT_MRSA,,RATE_PER_100,PUBLISHED,percent,WHO RELAY / GLASS AMR indicator export
MRSA_bloodstream_resistance,Methicillin-resistant Staphylococcus aureus,Argentina,32,2023,35.71,35.7,Percentage of bloodstream infection due to methicillin-resistant Staphylococcus aureus (MRSA) among patients seeking care and whose blood sample is taken and tested. AMR Surveillance National Coordinating Center,AMR_INFECT_MRSA,,RATE_PER_100,PUBLISHED,percent,WHO RELAY / GLASS AMR indicator export
MRSA_bloodstream_resistance,Methicillin-resistant Staphylococcus aureus,Australia,36,2019,18.47,18.5,Percentage of bloodstream infection due to methicillin-resistant Staphylococcus aureus (MRSA) among patients seeking care and whose blood sample is taken and tested. AMR Surveillance National Coordinating Center,AMR_INFECT_MRSA,,RATE_PER_100,PUBLISHED,percent,WHO RELAY / GLASS AMR indicator export
MRSA_bloodstream_resistance,Methicillin-resistant Staphylococcus aureus,Australia,36,2020,17.65,17.7,Percentage of bloodstream infection due to methicillin-resistant Staphylococcus aureus (MRSA) among patients seeking care and whose blood sample is taken and tested. AMR Surveillance National Coordinating Center,AMR_INFECT_MRSA,,RATE_PER_100,PUBLISHED,percent,WHO RELAY / GLASS AMR indicator export
MRSA_bloodstream_resistance,Methicillin-resistant Staphylococcus aureus,Australia,36,2021,16.91,16.9,Percentage of bloodstream infection due to methicillin-resistant Staphylococcus aureus (MRSA) among patients seeking care and whose blood sample is taken and tested. AMR Surveillance National Coordinating Center,AMR_INFECT_MRSA,,RATE_PER_100,PUBLISHED,percent,WHO RELAY / GLASS AMR indicator export
MRSA_bloodstream_resistance,Methicillin-resistant Staphylococcus aureus,Australia,36,2022,14.97,15,Percentage of bloodstream infection due to methicillin-resistant Staphylococcus aureus (MRSA) among patients seeking care and whose blood sample is taken and tested. AMR Surveillance National Coordinating Center,AMR_INFECT_MRSA,,RATE_PER_100,PUBLISHED,percent,WHO RELAY / GLASS AMR indicator export
MRSA_bloodstream_resistance,Methicillin-resistant Staphylococcus aureus,Australia,36,2023,15.85,15.8,Percentage of bloodstream infection due to methicillin-resistant Staphylococcus aureus (MRSA) among patients seeking care and whose blood sample is taken and tested. AMR Surveillance National Coordinating Center,AMR_INFECT_MRSA,,RATE_PER_100,PUBLISHED,percent,WHO RELAY / GLASS AMR indicator export
MRSA_bloodstream_resistance,Methicillin-resistant Staphylococcus aureus,Austria,40,2017,5.9,5.9,Percentage of bloodstream infection due to methicillin-resistant Staphylococcus aureus (MRSA) among patients seeking care and whose blood sample is taken and tested. AMR Surveillance National Coordinating Center,AMR_INFECT_MRSA,,RATE_PER_100,PUBLISHED,percent,WHO RELAY / GLASS AMR indicator export
MRSA_bloodstream_resistance,Methicillin-resistant Staphylococcus aureus,Austria,40,2018,6.4,6.4,Percentage of bloodstream infection due to methicillin-resistant Staphylococcus aureus (MRSA) among patients seeking care and whose blood sample is taken and tested. AMR Surveillance National Coordinating Center,AMR_INFECT_MRSA,,RATE_PER_100,PUBLISHED,percent,WHO RELAY / GLASS AMR indicator export
MRSA_bloodstream_resistance,Methicillin-resistant Staphylococcus aureus,Austria,40,2019,5.26,5.3,Percentage of bloodstream infection due to methicillin-resistant Staphylococcus aureus (MRSA) among patients seeking care and whose blood sample is taken and tested. AMR Surveillance National Coordinating Center,AMR_INFECT_MRSA,,RATE_PER_100,PUBLISHED,percent,WHO RELAY / GLASS AMR indicator export
MRSA_bloodstream_resistance,Methicillin-resistant Staphylococcus aureus,Austria,40,2020,4.47,4.5,Percentage of bloodstream infection due to methicillin-resistant Staphylococcus aureus (MRSA) among patients seeking care and whose blood sample is taken and tested. AMR Surveillance National Coordinating Center,AMR_INFECT_MRSA,,RATE_PER_100,PUBLISHED,percent,WHO RELAY / GLASS AMR indicator export
MRSA_bloodstream_resistance,Methicillin-resistant Staphylococcus aureus,Austria,40,2021,3.12,3.1,Percentage of bloodstream infection due to methicillin-resistant Staphylococcus aureus (MRSA) among patients seeking care and whose blood sample is taken and tested. AMR Surveillance National Coordinating Center,AMR_INFECT_MRSA,,RATE_PER_100,PUBLISHED,percent,WHO RELAY / GLASS AMR indicator export
MRSA_bloodstream_resistance,Methicillin-resistant Staphylococcus aureus,Austria,40,2022,3.87,3.9,Percentage of bloodstream infection due to methicillin-resistant Staphylococcus aureus (MRSA) among patients seeking care and whose blood sample is taken and tested. AMR Surveillance National Coordinating Center,AMR_INFECT_MRSA,,RATE_PER_100,PUBLISHED,percent,WHO RELAY / GLASS AMR indicator export
MRSA_bloodstream_resistance,Methicillin-resistant Staphylococcus aureus,Austria,40,2023,4.27,4.3,Percentage of bloodstream infection due to methicillin-resistant Staphylococcus aureus (MRSA) among patients seeking care and whose blood sample is taken and tested. AMR Surveillance National Coordinating Center,AMR_INFECT_MRSA,,RATE_PER_100,PUBLISHED,percent,WHO RELAY / GLASS AMR indicator export
MRSA_bloodstream_resistance,Methicillin-resistant Staphylococcus aureus,Bahrain,48,2018,35.5,35.5,Percentage of bloodstream infection due to methicillin-resistant Staphylococcus aureus (MRSA) among patients seeking care and whose blood sample is taken and tested. AMR Surveillance National Coordinating Center,AMR_INFECT_MRSA,,RATE_PER_100,PUBLISHED,percent,WHO RELAY / GLASS AMR indicator export
MRSA_bloodstream_resistance,Methicillin-resistant Staphylococcus aureus,Bahrain,48,2019,40.0,40,Percentage of bloodstream infection due to methicillin-resistant Staphylococcus aureus (MRSA) among patients seeking care and whose blood sample is taken and tested. AMR Surveillance National Coordinating Center,AMR_INFECT_MRSA,,RATE_PER_100,PUBLISHED,percent,WHO RELAY / GLASS AMR indicator export
MRSA_bloodstream_resistance,Methicillin-resistant Staphylococcus aureus,Bahrain,48,2020,34.39,34.4,Percentage of bloodstream infection due to methicillin-resistant Staphylococcus aureus (MRSA) among patients seeking care and whose blood sample is taken and tested. AMR Surveillance National Coordinating Center,AMR_INFECT_MRSA,,RATE_PER_100,PUBLISHED,percent,WHO RELAY / GLASS AMR indicator export
MRSA_bloodstream_resistance,Methicillin-resistant Staphylococcus aureus,Bahrain,48,2022,42.11,42.1,Percentage of bloodstream infection due to methicillin-resistant Staphylococcus aureus (MRSA) among patients seeking care and whose blood sample is taken and tested. AMR Surveillance National Coordinating Center,AMR_INFECT_MRSA,,RATE_PER_100,PUBLISHED,percent,WHO RELAY / GLASS AMR indicator export
MRSA_bloodstream_resistance,Methicillin-resistant Staphylococcus aureus,Bahrain,48,2023,53.33,53.3,Percentage of bloodstream infection due to methicillin-resistant Staphylococcus aureus (MRSA) among patients seeking care and whose blood sample is taken and tested. AMR Surveillance National Coordinating Center,AMR_INFECT_MRSA,,RATE_PER_100,PUBLISHED,percent,WHO RELAY / GLASS AMR indicator export
MRSA_bloodstream_resistance,Methicillin-resistant Staphylococcus aureus,Bangladesh,50,2022,88.46,88.5,Percentage of bloodstream infection due to methicillin-resistant Staphylococcus aureus (MRSA) among patients seeking care and whose blood sample is taken and tested. AMR Surveillance National Coordinating Center,AMR_INFECT_MRSA,,RATE_PER_100,PUBLISHED,percent,WHO RELAY / GLASS AMR indicator export
MRSA_bloodstream_resistance,Methicillin-resistant Staphylococcus aureus,Bangladesh,50,2023,77.97,78,Percentage of bloodstream infection due to methicillin-resistant Staphylococcus aureus (MRSA) among patients seeking care and whose blood sample is taken and tested. AMR Surveillance National Coordinating Center,AMR_INFECT_MRSA,,RATE_PER_100,PUBLISHED,percent,WHO RELAY / GLASS AMR indicator export
MRSA_bloodstream_resistance,Methicillin-resistant Staphylococcus aureus,Belgium,56,2020,6.79,6.8,Percentage of bloodstream infection due to methicillin-resistant Staphylococcus aureus (MRSA) among patients seeking care and whose blood sample is taken and tested. AMR Surveillance National Coordinating Center,AMR_INFECT_MRSA,,RATE_PER_100,PUBLISHED,percent,WHO RELAY / GLASS AMR indicator export
MRSA_bloodstream_resistance,Methicillin-resistant Staphylococcus aureus,Belgium,56,2021,4.2,4.2,Percentage of bloodstream infection due to methicillin-resistant Staphylococcus aureus (MRSA) among patients seeking care and whose blood sample is taken and tested. AMR Surveillance National Coordinating Center,AMR_INFECT_MRSA,,RATE_PER_100,PUBLISHED,percent,WHO RELAY / GLASS AMR indicator export
MRSA_bloodstream_resistance,Methicillin-resistant Staphylococcus aureus,Belgium,56,2022,4.56,4.6,Percentage of bloodstream infection due to methicillin-resistant Staphylococcus aureus (MRSA) among patients seeking care and whose blood sample is taken and tested. AMR Surveillance National Coordinating Center,AMR_INFECT_MRSA,,RATE_PER_100,PUBLISHED,percent,WHO RELAY / GLASS AMR indicator export
MRSA_bloodstream_resistance,Methicillin-resistant Staphylococcus aureus,Belgium,56,2023,7.0,7,Percentage of bloodstream infection due to methicillin-resistant Staphylococcus aureus (MRSA) among patients seeking care and whose blood sample is taken and tested. AMR Surveillance National Coordinating Center,AMR_INFECT_MRSA,,RATE_PER_100,PUBLISHED,percent,WHO RELAY / GLASS AMR indicator export
MRSA_bloodstream_resistance,Methicillin-resistant Staphylococcus aureus,Benin,204,2022,52.56,52.6,Percentage of bloodstream infection due to methicillin-resistant Staphylococcus aureus (MRSA) among patients seeking care and whose blood sample is taken and tested. AMR Surveillance National Coordinating Center,AMR_INFECT_MRSA,,RATE_PER_100,PUBLISHED,percent,WHO RELAY / GLASS AMR indicator export
MRSA_bloodstream_resistance,Methicillin-resistant Staphylococcus aureus,Benin,204,2023,62.84,62.8,Percentage of bloodstream infection due to methicillin-resistant Staphylococcus aureus (MRSA) among patients seeking care and whose blood sample is taken and tested. AMR Surveillance National Coordinating Center,AMR_INFECT_MRSA,,RATE_PER_100,PUBLISHED,percent,WHO RELAY / GLASS AMR indicator export
MRSA_bloodstream_resistance,Methicillin-resistant Staphylococcus aureus,Bhutan,64,2019,20.79,20.8,Percentage of bloodstream infection due to methicillin-resistant Staphylococcus aureus (MRSA) among patients seeking care and whose blood sample is taken and tested. AMR Surveillance National Coordinating Center,AMR_INFECT_MRSA,,RATE_PER_100,PUBLISHED,percent,WHO RELAY / GLASS AMR indicator export
MRSA_bloodstream_resistance,Methicillin-resistant Staphylococcus aureus,Bhutan,64,2020,11.67,11.7,Percentage of bloodstream infection due to methicillin-resistant Staphylococcus aureus (MRSA) among patients seeking care and whose blood sample is taken and tested. AMR Surveillance National Coordinating Center,AMR_INFECT_MRSA,,RATE_PER_100,PUBLISHED,percent,WHO RELAY / GLASS AMR indicator export
MRSA_bloodstream_resistance,Methicillin-resistant Staphylococcus aureus,Bhutan,64,2023,5.0,5,Percentage of bloodstream infection due to methicillin-resistant Staphylococcus aureus (MRSA) among patients seeking care and whose blood sample is taken and tested. AMR Surveillance National Coordinating Center,AMR_INFECT_MRSA,,RATE_PER_100,PUBLISHED,percent,WHO RELAY / GLASS AMR indicator export
MRSA_bloodstream_resistance,Methicillin-resistant Staphylococcus aureus,Bosnia and Herzegovina,70,2016,18.0,18,Percentage of bloodstream infection due to methicillin-resistant Staphylococcus aureus (MRSA) among patients seeking care and whose blood sample is taken and tested. AMR Surveillance National Coordinating Center,AMR_INFECT_MRSA,,RATE_PER_100,PUBLISHED,percent,WHO RELAY / GLASS AMR indicator export
MRSA_bloodstream_resistance,Methicillin-resistant Staphylococcus aureus,Bosnia and Herzegovina,70,2017,25.8,25.8,Percentage of bloodstream infection due to methicillin-resistant Staphylococcus aureus (MRSA) among patients seeking care and whose blood sample is taken and tested. AMR Surveillance National Coordinating Center,AMR_INFECT_MRSA,,RATE_PER_100,PUBLISHED,percent,WHO RELAY / GLASS AMR indicator export
MRSA_bloodstream_resistance,Methicillin-resistant Staphylococcus aureus,Bosnia and Herzegovina,70,2018,16.3,16.3,Percentage of bloodstream infection due to methicillin-resistant Staphylococcus aureus (MRSA) among patients seeking care and whose blood sample is taken and tested. AMR Surveillance National Coordinating Center,AMR_INFECT_MRSA,,RATE_PER_100,PUBLISHED,percent,WHO RELAY / GLASS AMR indicator export
MRSA_bloodstream_resistance,Methicillin-resistant Staphylococcus aureus,Bosnia and Herzegovina,70,2019,10.55,10.6,Percentage of bloodstream infection due to methicillin-resistant Staphylococcus aureus (MRSA) among patients seeking care and whose blood sample is taken and tested. AMR Surveillance National Coordinating Center,AMR_INFECT_MRSA,,RATE_PER_100,PUBLISHED,percent,WHO RELAY / GLASS AMR indicator export
MRSA_bloodstream_resistance,Methicillin-resistant Staphylococcus aureus,Bosnia and Herzegovina,70,2020,23.21,23.2,Percentage of bloodstream infection due to methicillin-resistant Staphylococcus aureus (MRSA) among patients seeking care and whose blood sample is taken and tested. AMR Surveillance National Coordinating Center,AMR_INFECT_MRSA,,RATE_PER_100,PUBLISHED,percent,WHO RELAY / GLASS AMR indicator export
MRSA_bloodstream_resistance,Methicillin-resistant Staphylococcus aureus,Bosnia and Herzegovina,70,2021,20.83,20.8,Percentage of bloodstream infection due to methicillin-resistant Staphylococcus aureus (MRSA) among patients seeking care and whose blood sample is taken and tested. AMR Surveillance National Coordinating Center,AMR_INFECT_MRSA,,RATE_PER_100,PUBLISHED,percent,WHO RELAY / GLASS AMR indicator export
MRSA_bloodstream_resistance,Methicillin-resistant Staphylococcus aureus,Bosnia and Herzegovina,70,2022,26.51,26.5,Percentage of bloodstream infection due to methicillin-resistant Staphylococcus aureus (MRSA) among patients seeking care and whose blood sample is taken and tested. AMR Surveillance National Coordinating Center,AMR_INFECT_MRSA,,RATE_PER_100,PUBLISHED,percent,WHO RELAY / GLASS AMR indicator export
MRSA_bloodstream_resistance,Methicillin-resistant Staphylococcus aureus,Bosnia and Herzegovina,70,2023,28.45,28.4,Percentage of bloodstream infection due to methicillin-resistant Staphylococcus aureus (MRSA) among patients seeking care and whose blood sample is taken and tested. AMR Surveillance National Coordinating Center,AMR_INFECT_MRSA,,RATE_PER_100,PUBLISHED,percent,WHO RELAY / GLASS AMR indicator export
MRSA_bloodstream_resistance,Methicillin-resistant Staphylococcus aureus,Brazil,76,2018,11.1,11.1,Percentage of bloodstream infection due to methicillin-resistant Staphylococcus aureus (MRSA) among patients seeking care and whose blood sample is taken and tested. AMR Surveillance National Coordinating Center,AMR_INFECT_MRSA,,RATE_PER_100,PUBLISHED,percent,WHO RELAY / GLASS AMR indicator export
MRSA_bloodstream_resistance,Methicillin-resistant Staphylococcus aureus,Brazil,76,2019,20.56,20.6,Percentage of bloodstream infection due to methicillin-resistant Staphylococcus aureus (MRSA) among patients seeking care and whose blood sample is taken and tested. AMR Surveillance National Coordinating Center,AMR_INFECT_MRSA,,RATE_PER_100,PUBLISHED,percent,WHO RELAY / GLASS AMR indicator export
MRSA_bloodstream_resistance,Methicillin-resistant Staphylococcus aureus,Brazil,76,2020,24.41,24.4,Percentage of bloodstream infection due to methicillin-resistant Staphylococcus aureus (MRSA) among patients seeking care and whose blood sample is taken and tested. AMR Surveillance National Coordinating Center,AMR_INFECT_MRSA,,RATE_PER_100,PUBLISHED,percent,WHO RELAY / GLASS AMR indicator export
MRSA_bloodstream_resistance,Methicillin-resistant Staphylococcus aureus,Brazil,76,2021,7.0,7,Percentage of bloodstream infection due to methicillin-resistant Staphylococcus aureus (MRSA) among patients seeking care and whose blood sample is taken and tested. AMR Surveillance National Coordinating Center,AMR_INFECT_MRSA,,RATE_PER_100,PUBLISHED,percent,WHO RELAY / GLASS AMR indicator export
MRSA_bloodstream_resistance,Methicillin-resistant Staphylococcus aureus,Brazil,76,2022,31.58,31.6,Percentage of bloodstream infection due to methicillin-resistant Staphylococcus aureus (MRSA) among patients seeking care and whose blood sample is taken and tested. AMR Surveillance National Coordinating Center,AMR_INFECT_MRSA,,RATE_PER_100,PUBLISHED,percent,WHO RELAY / GLASS AMR indicator export
MRSA_bloodstream_resistance,Methicillin-resistant Staphylococcus aureus,Brazil,76,2023,27.49,27.5,Percentage of bloodstream infection due to methicillin-resistant Staphylococcus aureus (MRSA) among patients seeking care and whose blood sample is taken and tested. AMR Surveillance National Coordinating Center,AMR_INFECT_MRSA,,RATE_PER_100,PUBLISHED,percent,WHO RELAY / GLASS AMR indicator export
MRSA_bloodstream_resistance,Methicillin-resistant Staphylococcus aureus,Brunei Darussalam,96,2019,12.3,12.3,Percentage of bloodstream infection due to methicillin-resistant Staphylococcus aureus (MRSA) among patients seeking care and whose blood sample is taken and tested. AMR Surveillance National Coordinating Center,AMR_INFECT_MRSA,,RATE_PER_100,PUBLISHED,percent,WHO RELAY / GLASS AMR indicator export
MRSA_bloodstream_resistance,Methicillin-resistant Staphylococcus aureus,Brunei Darussalam,96,2020,12.47,12.5,Percentage of bloodstream infection due to methicillin-resistant Staphylococcus aureus (MRSA) among patients seeking care and whose blood sample is taken and tested. AMR Surveillance National Coordinating Center,AMR_INFECT_MRSA,,RATE_PER_100,PUBLISHED,percent,WHO RELAY / GLASS AMR indicator export
MRSA_bloodstream_resistance,Methicillin-resistant Staphylococcus aureus,Brunei Darussalam,96,2021,14.62,14.6,Percentage of bloodstream infection due to methicillin-resistant Staphylococcus aureus (MRSA) among patients seeking care and whose blood sample is taken and tested. AMR Surveillance National Coordinating Center,AMR_INFECT_MRSA,,RATE_PER_100,PUBLISHED,percent,WHO RELAY / GLASS AMR indicator export
MRSA_bloodstream_resistance,Methicillin-resistant Staphylococcus aureus,Brunei Darussalam,96,2022,12.16,12.2,Percentage of bloodstream infection due to methicillin-resistant Staphylococcus aureus (MRSA) among patients seeking care and whose blood sample is taken and tested. AMR Surveillance National Coordinating Center,AMR_INFECT_MRSA,,RATE_PER_100,PUBLISHED,percent,WHO RELAY / GLASS AMR indicator export
MRSA_bloodstream_resistance,Methicillin-resistant Staphylococcus aureus,Brunei Darussalam,96,2023,5.26,5.3,Percentage of bloodstream infection due to methicillin-resistant Staphylococcus aureus (MRSA) among patients seeking care and whose blood sample is taken and tested. AMR Surveillance National Coordinating Center,AMR_INFECT_MRSA,,RATE_PER_100,PUBLISHED,percent,WHO RELAY / GLASS AMR indicator export
MRSA_bloodstream_resistance,Methicillin-resistant Staphylococcus aureus,Burkina Faso,854,2020,68.75,68.8,Percentage of bloodstream infection due to methicillin-resistant Staphylococcus aureus (MRSA) among patients seeking care and whose blood sample is taken and tested. AMR Surveillance National Coordinating Center,AMR_INFECT_MRSA,,RATE_PER_100,PUBLISHED,percent,WHO RELAY / GLASS AMR indicator export
MRSA_bloodstream_resistance,Methicillin-resistant Staphylococcus aureus,Burkina Faso,854,2021,51.16,51.2,Percentage of bloodstream infection due to methicillin-resistant Staphylococcus aureus (MRSA) among patients seeking care and whose blood sample is taken and tested. AMR Surveillance National Coordinating Center,AMR_INFECT_MRSA,,RATE_PER_100,PUBLISHED,percent,WHO RELAY / GLASS AMR indicator export
MRSA_bloodstream_resistance,Methicillin-resistant Staphylococcus aureus,Burkina Faso,854,2022,30.43,30.4,Percentage of bloodstream infection due to methicillin-resistant Staphylococcus aureus (MRSA) among patients seeking care and whose blood sample is taken and tested. AMR Surveillance National Coordinating Center,AMR_INFECT_MRSA,,RATE_PER_100,PUBLISHED,percent,WHO RELAY / GLASS AMR indicator export
MRSA_bloodstream_resistance,Methicillin-resistant Staphylococcus aureus,Burkina Faso,854,2023,22.03,22,Percentage of bloodstream infection due to methicillin-resistant Staphylococcus aureus (MRSA) among patients seeking care and whose blood sample is taken and tested. AMR Surveillance National Coordinating Center,AMR_INFECT_MRSA,,RATE_PER_100,PUBLISHED,percent,WHO RELAY / GLASS AMR indicator export
MRSA_bloodstream_resistance,Methicillin-resistant Staphylococcus aureus,Cambodia,116,2018,48.8,48.8,Percentage of bloodstream infection due to methicillin-resistant Staphylococcus aureus (MRSA) among patients seeking care and whose blood sample is taken and tested. AMR Surveillance National Coordinating Center,AMR_INFECT_MRSA,,RATE_PER_100,PUBLISHED,percent,WHO RELAY / GLASS AMR indicator export
MRSA_bloodstream_resistance,Methicillin-resistant Staphylococcus aureus,Cambodia,116,2020,68.09,68.1,Percentage of bloodstream infection due to methicillin-resistant Staphylococcus aureus (MRSA) among patients seeking care and whose blood sample is taken and tested. AMR Surveillance National Coordinating Center,AMR_INFECT_MRSA,,RATE_PER_100,PUBLISHED,percent,WHO RELAY / GLASS AMR indicator export
MRSA_bloodstream_resistance,Methicillin-resistant Staphylococcus aureus,Cambodia,116,2022,81.25,81.3,Percentage of bloodstream infection due to methicillin-resistant Staphylococcus aureus (MRSA) among patients seeking care and whose blood sample is taken and tested. AMR Surveillance National Coordinating Center,AMR_INFECT_MRSA,,RATE_PER_100,PUBLISHED,percent,WHO RELAY / GLASS AMR indicator export
MRSA_bloodstream_resistance,Methicillin-resistant Staphylococcus aureus,Cambodia,116,2023,54.17,54.2,Percentage of bloodstream infection due to methicillin-resistant Staphylococcus aureus (MRSA) among patients seeking care and whose blood sample is taken and tested. AMR Surveillance National Coordinating Center,AMR_INFECT_MRSA,,RATE_PER_100,PUBLISHED,percent,WHO RELAY / GLASS AMR indicator export
MRSA_bloodstream_resistance,Methicillin-resistant Staphylococcus aureus,Cameroon,120,2021,45.45,45.5,Percentage of bloodstream infection due to methicillin-resistant Staphylococcus aureus (MRSA) among patients seeking care and whose blood sample is taken and tested. AMR Surveillance National Coordinating Center,AMR_INFECT_MRSA,,RATE_PER_100,PUBLISHED,percent,WHO RELAY / GLASS AMR indicator export
MRSA_bloodstream_resistance,Methicillin-resistant Staphylococcus aureus,Cameroon,120,2022,76.0,76,Percentage of bloodstream infection due to methicillin-resistant Staphylococcus aureus (MRSA) among patients seeking care and whose blood sample is taken and tested. AMR Surveillance National Coordinating Center,AMR_INFECT_MRSA,,RATE_PER_100,PUBLISHED,percent,WHO RELAY / GLASS AMR indicator export
MRSA_bloodstream_resistance,Methicillin-resistant Staphylococcus aureus,Cameroon,120,2023,62.5,62.5,Percentage of bloodstream infection due to methicillin-resistant Staphylococcus aureus (MRSA) among patients seeking care and whose blood sample is taken and tested. AMR Surveillance National Coordinating Center,AMR_INFECT_MRSA,,RATE_PER_100,PUBLISHED,percent,WHO RELAY / GLASS AMR indicator export
MRSA_bloodstream_resistance,Methicillin-resistant Staphylococcus aureus,Canada,124,2022,20.98,21,Percentage of bloodstream infection due to methicillin-resistant Staphylococcus aureus (MRSA) among patients seeking care and whose blood sample is taken and tested. AMR Surveillance National Coordinating Center,AMR_INFECT_MRSA,,RATE_PER_100,PUBLISHED,percent,WHO RELAY / GLASS AMR indicator export
MRSA_bloodstream_resistance,Methicillin-resistant Staphylococcus aureus,Canada,124,2023,18.27,18.3,Percentage of bloodstream infection due to methicillin-resistant Staphylococcus aureus (MRSA) among patients seeking care and whose blood sample is taken and tested. AMR Surveillance National Coordinating Center,AMR_INFECT_MRSA,,RATE_PER_100,PUBLISHED,percent,WHO RELAY / GLASS AMR indicator export
MRSA_bloodstream_resistance,Methicillin-resistant Staphylococcus aureus,Colombia,170,2021,45.24,45.2,Percentage of bloodstream infection due to methicillin-resistant Staphylococcus aureus (MRSA) among patients seeking care and whose blood sample is taken and tested. AMR Surveillance National Coordinating Center,AMR_INFECT_MRSA,,RATE_PER_100,PUBLISHED,percent,WHO RELAY / GLASS AMR indicator export
MRSA_bloodstream_resistance,Methicillin-resistant Staphylococcus aureus,Colombia,170,2022,45.15,45.2,Percentage of bloodstream infection due to methicillin-resistant Staphylococcus aureus (MRSA) among patients seeking care and whose blood sample is taken and tested. AMR Surveillance National Coordinating Center,AMR_INFECT_MRSA,,RATE_PER_100,PUBLISHED,percent,WHO RELAY / GLASS AMR indicator export
MRSA_bloodstream_resistance,Methicillin-resistant Staphylococcus aureus,Colombia,170,2023,47.76,47.8,Percentage of bloodstream infection due to methicillin-resistant Staphylococcus aureus (MRSA) among patients seeking care and whose blood sample is taken and tested. AMR Surveillance National Coordinating Center,AMR_INFECT_MRSA,,RATE_PER_100,PUBLISHED,percent,WHO RELAY / GLASS AMR indicator export
MRSA_bloodstream_resistance,Methicillin-resistant Staphylococcus aureus,"Congo, The Democratic Republic of the",180,2021,100.0,100,Percentage of bloodstream infection due to methicillin-resistant Staphylococcus aureus (MRSA) among patients seeking care and whose blood sample is taken and tested. AMR Surveillance National Coordinating Center,AMR_INFECT_MRSA,,RATE_PER_100,PUBLISHED,percent,WHO RELAY / GLASS AMR indicator export
MRSA_bloodstream_resistance,Methicillin-resistant Staphylococcus aureus,"Congo, The Democratic Republic of the",180,2022,88.46,88.5,Percentage of bloodstream infection due to methicillin-resistant Staphylococcus aureus (MRSA) among patients seeking care and whose blood sample is taken and tested. AMR Surveillance National Coordinating Center,AMR_INFECT_MRSA,,RATE_PER_100,PUBLISHED,percent,WHO RELAY / GLASS AMR indicator export
MRSA_bloodstream_resistance,Methicillin-resistant Staphylococcus aureus,"Congo, The Democratic Republic of the",180,2023,90.43,90.4,Percentage of bloodstream infection due to methicillin-resistant Staphylococcus aureus (MRSA) among patients seeking care and whose blood sample is taken and tested. AMR Surveillance National Coordinating Center,AMR_INFECT_MRSA,,RATE_PER_100,PUBLISHED,percent,WHO RELAY / GLASS AMR indicator export
MRSA_bloodstream_resistance,Methicillin-resistant Staphylococcus aureus,Croatia,191,2017,28.5,28.5,Percentage of bloodstream infection due to methicillin-resistant Staphylococcus aureus (MRSA) among patients seeking care and whose blood sample is taken and tested. AMR Surveillance National Coordinating Center,AMR_INFECT_MRSA,,RATE_PER_100,PUBLISHED,percent,WHO RELAY / GLASS AMR indicator export
MRSA_bloodstream_resistance,Methicillin-resistant Staphylococcus aureus,Croatia,191,2018,26.4,26.4,Percentage of bloodstream infection due to methicillin-resistant Staphylococcus aureus (MRSA) among patients seeking care and whose blood sample is taken and tested. AMR Surveillance National Coordinating Center,AMR_INFECT_MRSA,,RATE_PER_100,PUBLISHED,percent,WHO RELAY / GLASS AMR indicator export
MRSA_bloodstream_resistance,Methicillin-resistant Staphylococcus aureus,Croatia,191,2019,24.86,24.9,Percentage of bloodstream infection due to methicillin-resistant Staphylococcus aureus (MRSA) among patients seeking care and whose blood sample is taken and tested. AMR Surveillance National Coordinating Center,AMR_INFECT_MRSA,,RATE_PER_100,PUBLISHED,percent,WHO RELAY / GLASS AMR indicator export
MRSA_bloodstream_resistance,Methicillin-resistant Staphylococcus aureus,Croatia,191,2020,50.0,50,Percentage of bloodstream infection due to methicillin-resistant Staphylococcus aureus (MRSA) among patients seeking care and whose blood sample is taken and tested. AMR Surveillance National Coordinating Center,AMR_INFECT_MRSA,,RATE_PER_100,PUBLISHED,percent,WHO RELAY / GLASS AMR indicator export
MRSA_bloodstream_resistance,Methicillin-resistant Staphylococcus aureus,Croatia,191,2021,66.67,66.7,Percentage of bloodstream infection due to methicillin-resistant Staphylococcus aureus (MRSA) among patients seeking care and whose blood sample is taken and tested. AMR Surveillance National Coordinating Center,AMR_INFECT_MRSA,,RATE_PER_100,PUBLISHED,percent,WHO RELAY / GLASS AMR indicator export
MRSA_bloodstream_resistance,Methicillin-resistant Staphylococcus aureus,Croatia,191,2022,53.85,53.8,Percentage of bloodstream infection due to methicillin-resistant Staphylococcus aureus (MRSA) among patients seeking care and whose blood sample is taken and tested. AMR Surveillance National Coordinating Center,AMR_INFECT_MRSA,,RATE_PER_100,PUBLISHED,percent,WHO RELAY / GLASS AMR indicator export
MRSA_bloodstream_resistance,Methicillin-resistant Staphylococcus aureus,Croatia,191,2023,27.39,27.4,Percentage of bloodstream infection due to methicillin-resistant Staphylococcus aureus (MRSA) among patients seeking care and whose blood sample is taken and tested. AMR Surveillance National Coordinating Center,AMR_INFECT_MRSA,,RATE_PER_100,PUBLISHED,percent,WHO RELAY / GLASS AMR indicator export
MRSA_bloodstream_resistance,Methicillin-resistant Staphylococcus aureus,Cyprus,196,2017,31.2,31.2,Percentage of bloodstream infection due to methicillin-resistant Staphylococcus aureus (MRSA) among patients seeking care and whose blood sample is taken and tested. AMR Surveillance National Coordinating Center,AMR_INFECT_MRSA,,RATE_PER_100,PUBLISHED,percent,WHO RELAY / GLASS AMR indicator export
MRSA_bloodstream_resistance,Methicillin-resistant Staphylococcus aureus,Cyprus,196,2018,40.2,40.2,Percentage of bloodstream infection due to methicillin-resistant Staphylococcus aureus (MRSA) among patients seeking care and whose blood sample is taken and tested. AMR Surveillance National Coordinating Center,AMR_INFECT_MRSA,,RATE_PER_100,PUBLISHED,percent,WHO RELAY / GLASS AMR indicator export
MRSA_bloodstream_resistance,Methicillin-resistant Staphylococcus aureus,Cyprus,196,2019,100.0,100,Percentage of bloodstream infection due to methicillin-resistant Staphylococcus aureus (MRSA) among patients seeking care and whose blood sample is taken and tested. AMR Surveillance National Coordinating Center,AMR_INFECT_MRSA,,RATE_PER_100,PUBLISHED,percent,WHO RELAY / GLASS AMR indicator export
MRSA_bloodstream_resistance,Methicillin-resistant Staphylococcus aureus,Cyprus,196,2020,49.52,49.5,Percentage of bloodstream infection due to methicillin-resistant Staphylococcus aureus (MRSA) among patients seeking care and whose blood sample is taken and tested. AMR Surveillance National Coordinating Center,AMR_INFECT_MRSA,,RATE_PER_100,PUBLISHED,percent,WHO RELAY / GLASS AMR indicator export
MRSA_bloodstream_resistance,Methicillin-resistant Staphylococcus aureus,Cyprus,196,2021,42.94,42.9,Percentage of bloodstream infection due to methicillin-resistant Staphylococcus aureus (MRSA) among patients seeking care and whose blood sample is taken and tested. AMR Surveillance National Coordinating Center,AMR_INFECT_MRSA,,RATE_PER_100,PUBLISHED,percent,WHO RELAY / GLASS AMR indicator export
MRSA_bloodstream_resistance,Methicillin-resistant Staphylococcus aureus,Cyprus,196,2022,55.93,55.9,Percentage of bloodstream infection due to methicillin-resistant Staphylococcus aureus (MRSA) among patients seeking care and whose blood sample is taken and tested. AMR Surveillance National Coordinating Center,AMR_INFECT_MRSA,,RATE_PER_100,PUBLISHED,percent,WHO RELAY / GLASS AMR indicator export
MRSA_bloodstream_resistance,Methicillin-resistant Staphylococcus aureus,Cyprus,196,2023,53.01,53,Percentage of bloodstream infection due to methicillin-resistant Staphylococcus aureus (MRSA) among patients seeking care and whose blood sample is taken and tested. AMR Surveillance National Coordinating Center,AMR_INFECT_MRSA,,RATE_PER_100,PUBLISHED,percent,WHO RELAY / GLASS AMR indicator export
MRSA_bloodstream_resistance,Methicillin-resistant Staphylococcus aureus,Czechia,203,2017,13.2,13.2,Percentage of bloodstream infection due to methicillin-resistant Staphylococcus aureus (MRSA) among patients seeking care and whose blood sample is taken and tested. AMR Surveillance National Coordinating Center,AMR_INFECT_MRSA,,RATE_PER_100,PUBLISHED,percent,WHO RELAY / GLASS AMR indicator export
MRSA_bloodstream_resistance,Methicillin-resistant Staphylococcus aureus,Czechia,203,2018,13.6,13.6,Percentage of bloodstream infection due to methicillin-resistant Staphylococcus aureus (MRSA) among patients seeking care and whose blood sample is taken and tested. AMR Surveillance National Coordinating Center,AMR_INFECT_MRSA,,RATE_PER_100,PUBLISHED,percent,WHO RELAY / GLASS AMR indicator export
MRSA_bloodstream_resistance,Methicillin-resistant Staphylococcus aureus,Czechia,203,2019,12.52,12.5,Percentage of bloodstream infection due to methicillin-resistant Staphylococcus aureus (MRSA) among patients seeking care and whose blood sample is taken and tested. AMR Surveillance National Coordinating Center,AMR_INFECT_MRSA,,RATE_PER_100,PUBLISHED,percent,WHO RELAY / GLASS AMR indicator export
MRSA_bloodstream_resistance,Methicillin-resistant Staphylococcus aureus,Czechia,203,2020,9.33,9.3,Percentage of bloodstream infection due to methicillin-resistant Staphylococcus aureus (MRSA) among patients seeking care and whose blood sample is taken and tested. AMR Surveillance National Coordinating Center,AMR_INFECT_MRSA,,RATE_PER_100,PUBLISHED,percent,WHO RELAY / GLASS AMR indicator export
MRSA_bloodstream_resistance,Methicillin-resistant Staphylococcus aureus,Czechia,203,2021,9.43,9.4,Percentage of bloodstream infection due to methicillin-resistant Staphylococcus aureus (MRSA) among patients seeking care and whose blood sample is taken and tested. AMR Surveillance National Coordinating Center,AMR_INFECT_MRSA,,RATE_PER_100,PUBLISHED,percent,WHO RELAY / GLASS AMR indicator export
MRSA_bloodstream_resistance,Methicillin-resistant Staphylococcus aureus,Czechia,203,2022,7.64,7.6,Percentage of bloodstream infection due to methicillin-resistant Staphylococcus aureus (MRSA) among patients seeking care and whose blood sample is taken and tested. AMR Surveillance National Coordinating Center,AMR_INFECT_MRSA,,RATE_PER_100,PUBLISHED,percent,WHO RELAY / GLASS AMR indicator export
MRSA_bloodstream_resistance,Methicillin-resistant Staphylococcus aureus,Czechia,203,2023,28.49,28.5,Percentage of bloodstream infection due to methicillin-resistant Staphylococcus aureus (MRSA) among patients seeking care and whose blood sample is taken and tested. AMR Surveillance National Coordinating Center,AMR_INFECT_MRSA,,RATE_PER_100,PUBLISHED,percent,WHO RELAY / GLASS AMR indicator export
MRSA_bloodstream_resistance,Methicillin-resistant Staphylococcus aureus,Côte d'Ivoire,384,2020,71.53,71.5,Percentage of bloodstream infection due to methicillin-resistant Staphylococcus aureus (MRSA) among patients seeking care and whose blood sample is taken and tested. AMR Surveillance National Coordinating Center,AMR_INFECT_MRSA,,RATE_PER_100,PUBLISHED,percent,WHO RELAY / GLASS AMR indicator export
MRSA_bloodstream_resistance,Methicillin-resistant Staphylococcus aureus,Côte d'Ivoire,384,2023,100.0,100,Percentage of bloodstream infection due to methicillin-resistant Staphylococcus aureus (MRSA) among patients seeking care and whose blood sample is taken and tested. AMR Surveillance National Coordinating Center,AMR_INFECT_MRSA,,RATE_PER_100,PUBLISHED,percent,WHO RELAY / GLASS AMR indicator export
MRSA_bloodstream_resistance,Methicillin-resistant Staphylococcus aureus,Denmark,208,2020,1.94,1.9,Percentage of bloodstream infection due to methicillin-resistant Staphylococcus aureus (MRSA) among patients seeking care and whose blood sample is taken and tested. AMR Surveillance National Coordinating Center,AMR_INFECT_MRSA,,RATE_PER_100,PUBLISHED,percent,WHO RELAY / GLASS AMR indicator export
MRSA_bloodstream_resistance,Methicillin-resistant Staphylococcus aureus,Denmark,208,2021,1.55,1.6,Percentage of bloodstream infection due to methicillin-resistant Staphylococcus aureus (MRSA) among patients seeking care and whose blood sample is taken and tested. AMR Surveillance National Coordinating Center,AMR_INFECT_MRSA,,RATE_PER_100,PUBLISHED,percent,WHO RELAY / GLASS AMR indicator export
MRSA_bloodstream_resistance,Methicillin-resistant Staphylococcus aureus,Denmark,208,2022,1.85,1.9,Percentage of bloodstream infection due to methicillin-resistant Staphylococcus aureus (MRSA) among patients seeking care and whose blood sample is taken and tested. AMR Surveillance National Coordinating Center,AMR_INFECT_MRSA,,RATE_PER_100,PUBLISHED,percent,WHO RELAY / GLASS AMR indicator export
MRSA_bloodstream_resistance,Methicillin-resistant Staphylococcus aureus,Denmark,208,2023,1.51,1.5,Percentage of bloodstream infection due to methicillin-resistant Staphylococcus aureus (MRSA) among patients seeking care and whose blood sample is taken and tested. AMR Surveillance National Coordinating Center,AMR_INFECT_MRSA,,RATE_PER_100,PUBLISHED,percent,WHO RELAY / GLASS AMR indicator export
MRSA_bloodstream_resistance,Methicillin-resistant Staphylococcus aureus,Djibouti,262,2020,0.0,0,Percentage of bloodstream infection due to methicillin-resistant Staphylococcus aureus (MRSA) among patients seeking care and whose blood sample is taken and tested. AMR Surveillance National Coordinating Center,AMR_INFECT_MRSA,,RATE_PER_100,PUBLISHED,percent,WHO RELAY / GLASS AMR indicator export
MRSA_bloodstream_resistance,Methicillin-resistant Staphylococcus aureus,Egypt,818,2018,70.4,70.4,Percentage of bloodstream infection due to methicillin-resistant Staphylococcus aureus (MRSA) among patients seeking care and whose blood sample is taken and tested. AMR Surveillance National Coordinating Center,AMR_INFECT_MRSA,,RATE_PER_100,PUBLISHED,percent,WHO RELAY / GLASS AMR indicator export
MRSA_bloodstream_resistance,Methicillin-resistant Staphylococcus aureus,Egypt,818,2019,79.59,79.6,Percentage of bloodstream infection due to methicillin-resistant Staphylococcus aureus (MRSA) among patients seeking care and whose blood sample is taken and tested. AMR Surveillance National Coordinating Center,AMR_INFECT_MRSA,,RATE_PER_100,PUBLISHED,percent,WHO RELAY / GLASS AMR indicator export
MRSA_bloodstream_resistance,Methicillin-resistant Staphylococcus aureus,Egypt,818,2020,100.0,100,Percentage of bloodstream infection due to methicillin-resistant Staphylococcus aureus (MRSA) among patients seeking care and whose blood sample is taken and tested. AMR Surveillance National Coordinating Center,AMR_INFECT_MRSA,,RATE_PER_100,PUBLISHED,percent,WHO RELAY / GLASS AMR indicator export
MRSA_bloodstream_resistance,Methicillin-resistant Staphylococcus aureus,Egypt,818,2021,92.31,92.3,Percentage of bloodstream infection due to methicillin-resistant Staphylococcus aureus (MRSA) among patients seeking care and whose blood sample is taken and tested. AMR Surveillance National Coordinating Center,AMR_INFECT_MRSA,,RATE_PER_100,PUBLISHED,percent,WHO RELAY / GLASS AMR indicator export
MRSA_bloodstream_resistance,Methicillin-resistant Staphylococcus aureus,Egypt,818,2022,69.44,69.4,Percentage of bloodstream infection due to methicillin-resistant Staphylococcus aureus (MRSA) among patients seeking care and whose blood sample is taken and tested. AMR Surveillance National Coordinating Center,AMR_INFECT_MRSA,,RATE_PER_100,PUBLISHED,percent,WHO RELAY / GLASS AMR indicator export
MRSA_bloodstream_resistance,Methicillin-resistant Staphylococcus aureus,Egypt,818,2023,88.89,88.9,Percentage of bloodstream infection due to methicillin-resistant Staphylococcus aureus (MRSA) among patients seeking care and whose blood sample is taken and tested. AMR Surveillance National Coordinating Center,AMR_INFECT_MRSA,,RATE_PER_100,PUBLISHED,percent,WHO RELAY / GLASS AMR indicator export
MRSA_bloodstream_resistance,Methicillin-resistant Staphylococcus aureus,Estonia,233,2021,2.27,2.3,Percentage of bloodstream infection due to methicillin-resistant Staphylococcus aureus (MRSA) among patients seeking care and whose blood sample is taken and tested. AMR Surveillance National Coordinating Center,AMR_INFECT_MRSA,,RATE_PER_100,PUBLISHED,percent,WHO RELAY / GLASS AMR indicator export
MRSA_bloodstream_resistance,Methicillin-resistant Staphylococcus aureus,Estonia,233,2022,3.09,3.1,Percentage of bloodstream infection due to methicillin-resistant Staphylococcus aureus (MRSA) among patients seeking care and whose blood sample is taken and tested. AMR Surveillance National Coordinating Center,AMR_INFECT_MRSA,,RATE_PER_100,PUBLISHED,percent,WHO RELAY / GLASS AMR indicator export
MRSA_bloodstream_resistance,Methicillin-resistant Staphylococcus aureus,Estonia,233,2023,3.45,3.4,Percentage of bloodstream infection due to methicillin-resistant Staphylococcus aureus (MRSA) among patients seeking care and whose blood sample is taken and tested. AMR Surveillance National Coordinating Center,AMR_INFECT_MRSA,,RATE_PER_100,PUBLISHED,percent,WHO RELAY / GLASS AMR indicator export
MRSA_bloodstream_resistance,Methicillin-resistant Staphylococcus aureus,Eswatini,748,2022,36.36,36.4,Percentage of bloodstream infection due to methicillin-resistant Staphylococcus aureus (MRSA) among patients seeking care and whose blood sample is taken and tested. AMR Surveillance National Coordinating Center,AMR_INFECT_MRSA,,RATE_PER_100,PUBLISHED,percent,WHO RELAY / GLASS AMR indicator export
MRSA_bloodstream_resistance,Methicillin-resistant Staphylococcus aureus,Eswatini,748,2023,30.43,30.4,Percentage of bloodstream infection due to methicillin-resistant Staphylococcus aureus (MRSA) among patients seeking care and whose blood sample is taken and tested. AMR Surveillance National Coordinating Center,AMR_INFECT_MRSA,,RATE_PER_100,PUBLISHED,percent,WHO RELAY / GLASS AMR indicator export
MRSA_bloodstream_resistance,Methicillin-resistant Staphylococcus aureus,Ethiopia,231,2020,39.29,39.3,Percentage of bloodstream infection due to methicillin-resistant Staphylococcus aureus (MRSA) among patients seeking care and whose blood sample is taken and tested. AMR Surveillance National Coordinating Center,AMR_INFECT_MRSA,,RATE_PER_100,PUBLISHED,percent,WHO RELAY / GLASS AMR indicator export
MRSA_bloodstream_resistance,Methicillin-resistant Staphylococcus aureus,Ethiopia,231,2021,59.23,59.2,Percentage of bloodstream infection due to methicillin-resistant Staphylococcus aureus (MRSA) among patients seeking care and whose blood sample is taken and tested. AMR Surveillance National Coordinating Center,AMR_INFECT_MRSA,,RATE_PER_100,PUBLISHED,percent,WHO RELAY / GLASS AMR indicator export
MRSA_bloodstream_resistance,Methicillin-resistant Staphylococcus aureus,Ethiopia,231,2022,61.82,61.8,Percentage of bloodstream infection due to methicillin-resistant Staphylococcus aureus (MRSA) among patients seeking care and whose blood sample is taken and tested. AMR Surveillance National Coordinating Center,AMR_INFECT_MRSA,,RATE_PER_100,PUBLISHED,percent,WHO RELAY / GLASS AMR indicator export
MRSA_bloodstream_resistance,Methicillin-resistant Staphylococcus aureus,Ethiopia,231,2023,50.0,50,Percentage of bloodstream infection due to methicillin-resistant Staphylococcus aureus (MRSA) among patients seeking care and whose blood sample is taken and tested. AMR Surveillance National Coordinating Center,AMR_INFECT_MRSA,,RATE_PER_100,PUBLISHED,percent,WHO RELAY / GLASS AMR indicator export
MRSA_bloodstream_resistance,Methicillin-resistant Staphylococcus aureus,Finland,246,2016,2.2,2.2,Percentage of bloodstream infection due to methicillin-resistant Staphylococcus aureus (MRSA) among patients seeking care and whose blood sample is taken and tested. AMR Surveillance National Coordinating Center,AMR_INFECT_MRSA,,RATE_PER_100,PUBLISHED,percent,WHO RELAY / GLASS AMR indicator export
MRSA_bloodstream_resistance,Methicillin-resistant Staphylococcus aureus,Finland,246,2017,1.9,1.9,Percentage of bloodstream infection due to methicillin-resistant Staphylococcus aureus (MRSA) among patients seeking care and whose blood sample is taken and tested. AMR Surveillance National Coordinating Center,AMR_INFECT_MRSA,,RATE_PER_100,PUBLISHED,percent,WHO RELAY / GLASS AMR indicator export
MRSA_bloodstream_resistance,Methicillin-resistant Staphylococcus aureus,Finland,246,2018,2.0,2,Percentage of bloodstream infection due to methicillin-resistant Staphylococcus aureus (MRSA) among patients seeking care and whose blood sample is taken and tested. AMR Surveillance National Coordinating Center,AMR_INFECT_MRSA,,RATE_PER_100,PUBLISHED,percent,WHO RELAY / GLASS AMR indicator export
MRSA_bloodstream_resistance,Methicillin-resistant Staphylococcus aureus,Finland,246,2019,2.07,2.1,Percentage of bloodstream infection due to methicillin-resistant Staphylococcus aureus (MRSA) among patients seeking care and whose blood sample is taken and tested. AMR Surveillance National Coordinating Center,AMR_INFECT_MRSA,,RATE_PER_100,PUBLISHED,percent,WHO RELAY / GLASS AMR indicator export
MRSA_bloodstream_resistance,Methicillin-resistant Staphylococcus aureus,Finland,246,2020,1.19,1.2,Percentage of bloodstream infection due to methicillin-resistant Staphylococcus aureus (MRSA) among patients seeking care and whose blood sample is taken and tested. AMR Surveillance National Coordinating Center,AMR_INFECT_MRSA,,RATE_PER_100,PUBLISHED,percent,WHO RELAY / GLASS AMR indicator export
MRSA_bloodstream_resistance,Methicillin-resistant Staphylococcus aureus,Finland,246,2021,2.31,2.3,Percentage of bloodstream infection due to methicillin-resistant Staphylococcus aureus (MRSA) among patients seeking care and whose blood sample is taken and tested. AMR Surveillance National Coordinating Center,AMR_INFECT_MRSA,,RATE_PER_100,PUBLISHED,percent,WHO RELAY / GLASS AMR indicator export
MRSA_bloodstream_resistance,Methicillin-resistant Staphylococcus aureus,Finland,246,2022,1.63,1.6,Percentage of bloodstream infection due to methicillin-resistant Staphylococcus aureus (MRSA) among patients seeking care and whose blood sample is taken and tested. AMR Surveillance National Coordinating Center,AMR_INFECT_MRSA,,RATE_PER_100,PUBLISHED,percent,WHO RELAY / GLASS AMR indicator export
MRSA_bloodstream_resistance,Methicillin-resistant Staphylococcus aureus,Finland,246,2023,0.4,0.4,Percentage of bloodstream infection due to methicillin-resistant Staphylococcus aureus (MRSA) among patients seeking care and whose blood sample is taken and tested. AMR Surveillance National Coordinating Center,AMR_INFECT_MRSA,,RATE_PER_100,PUBLISHED,percent,WHO RELAY / GLASS AMR indicator export
MRSA_bloodstream_resistance,Methicillin-resistant Staphylococcus aureus,France,250,2017,12.9,12.9,Percentage of bloodstream infection due to methicillin-resistant Staphylococcus aureus (MRSA) among patients seeking care and whose blood sample is taken and tested. AMR Surveillance National Coordinating Center,AMR_INFECT_MRSA,,RATE_PER_100,PUBLISHED,percent,WHO RELAY / GLASS AMR indicator export
MRSA_bloodstream_resistance,Methicillin-resistant Staphylococcus aureus,France,250,2018,12.1,12.1,Percentage of bloodstream infection due to methicillin-resistant Staphylococcus aureus (MRSA) among patients seeking care and whose blood sample is taken and tested. AMR Surveillance National Coordinating Center,AMR_INFECT_MRSA,,RATE_PER_100,PUBLISHED,percent,WHO RELAY / GLASS AMR indicator export
MRSA_bloodstream_resistance,Methicillin-resistant Staphylococcus aureus,France,250,2019,12.52,12.5,Percentage of bloodstream infection due to methicillin-resistant Staphylococcus aureus (MRSA) among patients seeking care and whose blood sample is taken and tested. AMR Surveillance National Coordinating Center,AMR_INFECT_MRSA,,RATE_PER_100,PUBLISHED,percent,WHO RELAY / GLASS AMR indicator export
MRSA_bloodstream_resistance,Methicillin-resistant Staphylococcus aureus,France,250,2020,12.08,12.1,Percentage of bloodstream infection due to methicillin-resistant Staphylococcus aureus (MRSA) among patients seeking care and whose blood sample is taken and tested. AMR Surveillance National Coordinating Center,AMR_INFECT_MRSA,,RATE_PER_100,PUBLISHED,percent,WHO RELAY / GLASS AMR indicator export
MRSA_bloodstream_resistance,Methicillin-resistant Staphylococcus aureus,France,250,2021,11.0,11,Percentage of bloodstream infection due to methicillin-resistant Staphylococcus aureus (MRSA) among patients seeking care and whose blood sample is taken and tested. AMR Surveillance National Coordinating Center,AMR_INFECT_MRSA,,RATE_PER_100,PUBLISHED,percent,WHO RELAY / GLASS AMR indicator export
MRSA_bloodstream_resistance,Methicillin-resistant Staphylococcus aureus,France,250,2022,11.15,11.2,Percentage of bloodstream infection due to methicillin-resistant Staphylococcus aureus (MRSA) among patients seeking care and whose blood sample is taken and tested. AMR Surveillance National Coordinating Center,AMR_INFECT_MRSA,,RATE_PER_100,PUBLISHED,percent,WHO RELAY / GLASS AMR indicator export
MRSA_bloodstream_resistance,Methicillin-resistant Staphylococcus aureus,Georgia,268,2017,4.2,4.2,Percentage of bloodstream infection due to methicillin-resistant Staphylococcus aureus (MRSA) among patients seeking care and whose blood sample is taken and tested. AMR Surveillance National Coordinating Center,AMR_INFECT_MRSA,,RATE_PER_100,PUBLISHED,percent,WHO RELAY / GLASS AMR indicator export
MRSA_bloodstream_resistance,Methicillin-resistant Staphylococcus aureus,Georgia,268,2018,11.6,11.6,Percentage of bloodstream infection due to methicillin-resistant Staphylococcus aureus (MRSA) among patients seeking care and whose blood sample is taken and tested. AMR Surveillance National Coordinating Center,AMR_INFECT_MRSA,,RATE_PER_100,PUBLISHED,percent,WHO RELAY / GLASS AMR indicator export
MRSA_bloodstream_resistance,Methicillin-resistant Staphylococcus aureus,Georgia,268,2019,12.52,12.5,Percentage of bloodstream infection due to methicillin-resistant Staphylococcus aureus (MRSA) among patients seeking care and whose blood sample is taken and tested. AMR Surveillance National Coordinating Center,AMR_INFECT_MRSA,,RATE_PER_100,PUBLISHED,percent,WHO RELAY / GLASS AMR indicator export
MRSA_bloodstream_resistance,Methicillin-resistant Staphylococcus aureus,Georgia,268,2020,20.14,20.1,Percentage of bloodstream infection due to methicillin-resistant Staphylococcus aureus (MRSA) among patients seeking care and whose blood sample is taken and tested. AMR Surveillance National Coordinating Center,AMR_INFECT_MRSA,,RATE_PER_100,PUBLISHED,percent,WHO RELAY / GLASS AMR indicator export
MRSA_bloodstream_resistance,Methicillin-resistant Staphylococcus aureus,Georgia,268,2021,25.32,25.3,Percentage of bloodstream infection due to methicillin-resistant Staphylococcus aureus (MRSA) among patients seeking care and whose blood sample is taken and tested. AMR Surveillance National Coordinating Center,AMR_INFECT_MRSA,,RATE_PER_100,PUBLISHED,percent,WHO RELAY / GLASS AMR indicator export
MRSA_bloodstream_resistance,Methicillin-resistant Staphylococcus aureus,Georgia,268,2022,28.32,28.3,Percentage of bloodstream infection due to methicillin-resistant Staphylococcus aureus (MRSA) among patients seeking care and whose blood sample is taken and tested. AMR Surveillance National Coordinating Center,AMR_INFECT_MRSA,,RATE_PER_100,PUBLISHED,percent,WHO RELAY / GLASS AMR indicator export
MRSA_bloodstream_resistance,Methicillin-resistant Staphylococcus aureus,Georgia,268,2023,26.67,26.7,Percentage of bloodstream infection due to methicillin-resistant Staphylococcus aureus (MRSA) among patients seeking care and whose blood sample is taken and tested. AMR Surveillance National Coordinating Center,AMR_INFECT_MRSA,,RATE_PER_100,PUBLISHED,percent,WHO RELAY / GLASS AMR indicator export
MRSA_bloodstream_resistance,Methicillin-resistant Staphylococcus aureus,Germany,276,2016,10.3,10.3,Percentage of bloodstream infection due to methicillin-resistant Staphylococcus aureus (MRSA) among patients seeking care and whose blood sample is taken and tested. AMR Surveillance National Coordinating Center,AMR_INFECT_MRSA,,RATE_PER_100,PUBLISHED,percent,WHO RELAY / GLASS AMR indicator export
MRSA_bloodstream_resistance,Methicillin-resistant Staphylococcus aureus,Germany,276,2017,9.1,9.1,Percentage of bloodstream infection due to methicillin-resistant Staphylococcus aureus (MRSA) among patients seeking care and whose blood sample is taken and tested. AMR Surveillance National Coordinating Center,AMR_INFECT_MRSA,,RATE_PER_100,PUBLISHED,percent,WHO RELAY / GLASS AMR indicator export
MRSA_bloodstream_resistance,Methicillin-resistant Staphylococcus aureus,Germany,276,2018,7.6,7.6,Percentage of bloodstream infection due to methicillin-resistant Staphylococcus aureus (MRSA) among patients seeking care and whose blood sample is taken and tested. AMR Surveillance National Coordinating Center,AMR_INFECT_MRSA,,RATE_PER_100,PUBLISHED,percent,WHO RELAY / GLASS AMR indicator export
MRSA_bloodstream_resistance,Methicillin-resistant Staphylococcus aureus,Germany,276,2019,6.8,6.8,Percentage of bloodstream infection due to methicillin-resistant Staphylococcus aureus (MRSA) among patients seeking care and whose blood sample is taken and tested. AMR Surveillance National Coordinating Center,AMR_INFECT_MRSA,,RATE_PER_100,PUBLISHED,percent,WHO RELAY / GLASS AMR indicator export
MRSA_bloodstream_resistance,Methicillin-resistant Staphylococcus aureus,Germany,276,2020,5.58,5.6,Percentage of bloodstream infection due to methicillin-resistant Staphylococcus aureus (MRSA) among patients seeking care and whose blood sample is taken and tested. AMR Surveillance National Coordinating Center,AMR_INFECT_MRSA,,RATE_PER_100,PUBLISHED,percent,WHO RELAY / GLASS AMR indicator export
MRSA_bloodstream_resistance,Methicillin-resistant Staphylococcus aureus,Germany,276,2021,4.91,4.9,Percentage of bloodstream infection due to methicillin-resistant Staphylococcus aureus (MRSA) among patients seeking care and whose blood sample is taken and tested. AMR Surveillance National Coordinating Center,AMR_INFECT_MRSA,,RATE_PER_100,PUBLISHED,percent,WHO RELAY / GLASS AMR indicator export
MRSA_bloodstream_resistance,Methicillin-resistant Staphylococcus aureus,Germany,276,2022,4.43,4.4,Percentage of bloodstream infection due to methicillin-resistant Staphylococcus aureus (MRSA) among patients seeking care and whose blood sample is taken and tested. AMR Surveillance National Coordinating Center,AMR_INFECT_MRSA,,RATE_PER_100,PUBLISHED,percent,WHO RELAY / GLASS AMR indicator export
MRSA_bloodstream_resistance,Methicillin-resistant Staphylococcus aureus,Germany,276,2023,5.32,5.3,Percentage of bloodstream infection due to methicillin-resistant Staphylococcus aureus (MRSA) among patients seeking care and whose blood sample is taken and tested. AMR Surveillance National Coordinating Center,AMR_INFECT_MRSA,,RATE_PER_100,PUBLISHED,percent,WHO RELAY / GLASS AMR indicator export
MRSA_bloodstream_resistance,Methicillin-resistant Staphylococcus aureus,Ghana,288,2021,45.45,45.5,Percentage of bloodstream infection due to methicillin-resistant Staphylococcus aureus (MRSA) among patients seeking care and whose blood sample is taken and tested. AMR Surveillance National Coordinating Center,AMR_INFECT_MRSA,,RATE_PER_100,PUBLISHED,percent,WHO RELAY / GLASS AMR indicator export
MRSA_bloodstream_resistance,Methicillin-resistant Staphylococcus aureus,Ghana,288,2022,67.86,67.9,Percentage of bloodstream infection due to methicillin-resistant Staphylococcus aureus (MRSA) among patients seeking care and whose blood sample is taken and tested. AMR Surveillance National Coordinating Center,AMR_INFECT_MRSA,,RATE_PER_100,PUBLISHED,percent,WHO RELAY / GLASS AMR indicator export
MRSA_bloodstream_resistance,Methicillin-resistant Staphylococcus aureus,Ghana,288,2023,48.25,48.3,Percentage of bloodstream infection due to methicillin-resistant Staphylococcus aureus (MRSA) among patients seeking care and whose blood sample is taken and tested. AMR Surveillance National Coordinating Center,AMR_INFECT_MRSA,,RATE_PER_100,PUBLISHED,percent,WHO RELAY / GLASS AMR indicator export
MRSA_bloodstream_resistance,Methicillin-resistant Staphylococcus aureus,Greece,300,2017,38.4,38.4,Percentage of bloodstream infection due to methicillin-resistant Staphylococcus aureus (MRSA) among patients seeking care and whose blood sample is taken and tested. AMR Surveillance National Coordinating Center,AMR_INFECT_MRSA,,RATE_PER_100,PUBLISHED,percent,WHO RELAY / GLASS AMR indicator export
MRSA_bloodstream_resistance,Methicillin-resistant Staphylococcus aureus,Greece,300,2018,36.4,36.4,Percentage of bloodstream infection due to methicillin-resistant Staphylococcus aureus (MRSA) among patients seeking care and whose blood sample is taken and tested. AMR Surveillance National Coordinating Center,AMR_INFECT_MRSA,,RATE_PER_100,PUBLISHED,percent,WHO RELAY / GLASS AMR indicator export
MRSA_bloodstream_resistance,Methicillin-resistant Staphylococcus aureus,Greece,300,2019,43.41,43.4,Percentage of bloodstream infection due to methicillin-resistant Staphylococcus aureus (MRSA) among patients seeking care and whose blood sample is taken and tested. AMR Surveillance National Coordinating Center,AMR_INFECT_MRSA,,RATE_PER_100,PUBLISHED,percent,WHO RELAY / GLASS AMR indicator export
MRSA_bloodstream_resistance,Methicillin-resistant Staphylococcus aureus,Greece,300,2020,41.16,41.2,Percentage of bloodstream infection due to methicillin-resistant Staphylococcus aureus (MRSA) among patients seeking care and whose blood sample is taken and tested. AMR Surveillance National Coordinating Center,AMR_INFECT_MRSA,,RATE_PER_100,PUBLISHED,percent,WHO RELAY / GLASS AMR indicator export
MRSA_bloodstream_resistance,Methicillin-resistant Staphylococcus aureus,Greece,300,2021,43.18,43.2,Percentage of bloodstream infection due to methicillin-resistant Staphylococcus aureus (MRSA) among patients seeking care and whose blood sample is taken and tested. AMR Surveillance National Coordinating Center,AMR_INFECT_MRSA,,RATE_PER_100,PUBLISHED,percent,WHO RELAY / GLASS AMR indicator export
MRSA_bloodstream_resistance,Methicillin-resistant Staphylococcus aureus,Greece,300,2022,41.08,41.1,Percentage of bloodstream infection due to methicillin-resistant Staphylococcus aureus (MRSA) among patients seeking care and whose blood sample is taken and tested. AMR Surveillance National Coordinating Center,AMR_INFECT_MRSA,,RATE_PER_100,PUBLISHED,percent,WHO RELAY / GLASS AMR indicator export
MRSA_bloodstream_resistance,Methicillin-resistant Staphylococcus aureus,Greece,300,2023,41.32,41.3,Percentage of bloodstream infection due to methicillin-resistant Staphylococcus aureus (MRSA) among patients seeking care and whose blood sample is taken and tested. AMR Surveillance National Coordinating Center,AMR_INFECT_MRSA,,RATE_PER_100,PUBLISHED,percent,WHO RELAY / GLASS AMR indicator export
MRSA_bloodstream_resistance,Methicillin-resistant Staphylococcus aureus,Hong Kong,344,2022,45.84,45.8,Percentage of bloodstream infection due to methicillin-resistant Staphylococcus aureus (MRSA) among patients seeking care and whose blood sample is taken and tested. AMR Surveillance National Coordinating Center,AMR_INFECT_MRSA,,RATE_PER_100,PUBLISHED,percent,WHO RELAY / GLASS AMR indicator export
MRSA_bloodstream_resistance,Methicillin-resistant Staphylococcus aureus,Hong Kong,344,2023,45.7,45.7,Percentage of bloodstream infection due to methicillin-resistant Staphylococcus aureus (MRSA) among patients seeking care and whose blood sample is taken and tested. AMR Surveillance National Coordinating Center,AMR_INFECT_MRSA,,RATE_PER_100,PUBLISHED,percent,WHO RELAY / GLASS AMR indicator export
MRSA_bloodstream_resistance,Methicillin-resistant Staphylococcus aureus,Iceland,352,2022,2.78,2.8,Percentage of bloodstream infection due to methicillin-resistant Staphylococcus aureus (MRSA) among patients seeking care and whose blood sample is taken and tested. AMR Surveillance National Coordinating Center,AMR_INFECT_MRSA,,RATE_PER_100,PUBLISHED,percent,WHO RELAY / GLASS AMR indicator export
MRSA_bloodstream_resistance,Methicillin-resistant Staphylococcus aureus,Iceland,352,2023,6.25,6.3,Percentage of bloodstream infection due to methicillin-resistant Staphylococcus aureus (MRSA) among patients seeking care and whose blood sample is taken and tested. AMR Surveillance National Coordinating Center,AMR_INFECT_MRSA,,RATE_PER_100,PUBLISHED,percent,WHO RELAY / GLASS AMR indicator export
MRSA_bloodstream_resistance,Methicillin-resistant Staphylococcus aureus,India,356,2017,52.5,52.5,Percentage of bloodstream infection due to methicillin-resistant Staphylococcus aureus (MRSA) among patients seeking care and whose blood sample is taken and tested. AMR Surveillance National Coordinating Center,AMR_INFECT_MRSA,,RATE_PER_100,PUBLISHED,percent,WHO RELAY / GLASS AMR indicator export
MRSA_bloodstream_resistance,Methicillin-resistant Staphylococcus aureus,India,356,2018,63.1,63.1,Percentage of bloodstream infection due to methicillin-resistant Staphylococcus aureus (MRSA) among patients seeking care and whose blood sample is taken and tested. AMR Surveillance National Coordinating Center,AMR_INFECT_MRSA,,RATE_PER_100,PUBLISHED,percent,WHO RELAY / GLASS AMR indicator export
MRSA_bloodstream_resistance,Methicillin-resistant Staphylococcus aureus,India,356,2019,60.61,60.6,Percentage of bloodstream infection due to methicillin-resistant Staphylococcus aureus (MRSA) among patients seeking care and whose blood sample is taken and tested. AMR Surveillance National Coordinating Center,AMR_INFECT_MRSA,,RATE_PER_100,PUBLISHED,percent,WHO RELAY / GLASS AMR indicator export
MRSA_bloodstream_resistance,Methicillin-resistant Staphylococcus aureus,India,356,2020,64.66,64.7,Percentage of bloodstream infection due to methicillin-resistant Staphylococcus aureus (MRSA) among patients seeking care and whose blood sample is taken and tested. AMR Surveillance National Coordinating Center,AMR_INFECT_MRSA,,RATE_PER_100,PUBLISHED,percent,WHO RELAY / GLASS AMR indicator export
MRSA_bloodstream_resistance,Methicillin-resistant Staphylococcus aureus,India,356,2021,55.67,55.7,Percentage of bloodstream infection due to methicillin-resistant Staphylococcus aureus (MRSA) among patients seeking care and whose blood sample is taken and tested. AMR Surveillance National Coordinating Center,AMR_INFECT_MRSA,,RATE_PER_100,PUBLISHED,percent,WHO RELAY / GLASS AMR indicator export
MRSA_bloodstream_resistance,Methicillin-resistant Staphylococcus aureus,India,356,2022,54.85,54.9,Percentage of bloodstream infection due to methicillin-resistant Staphylococcus aureus (MRSA) among patients seeking care and whose blood sample is taken and tested. AMR Surveillance National Coordinating Center,AMR_INFECT_MRSA,,RATE_PER_100,PUBLISHED,percent,WHO RELAY / GLASS AMR indicator export
MRSA_bloodstream_resistance,Methicillin-resistant Staphylococcus aureus,India,356,2023,53.58,53.6,Percentage of bloodstream infection due to methicillin-resistant Staphylococcus aureus (MRSA) among patients seeking care and whose blood sample is taken and tested. AMR Surveillance National Coordinating Center,AMR_INFECT_MRSA,,RATE_PER_100,PUBLISHED,percent,WHO RELAY / GLASS AMR indicator export
MRSA_bloodstream_resistance,Methicillin-resistant Staphylococcus aureus,Indonesia,360,2018,52.3,52.3,Percentage of bloodstream infection due to methicillin-resistant Staphylococcus aureus (MRSA) among patients seeking care and whose blood sample is taken and tested. AMR Surveillance National Coordinating Center,AMR_INFECT_MRSA,,RATE_PER_100,PUBLISHED,percent,WHO RELAY / GLASS AMR indicator export
MRSA_bloodstream_resistance,Methicillin-resistant Staphylococcus aureus,Indonesia,360,2019,39.85,39.9,Percentage of bloodstream infection due to methicillin-resistant Staphylococcus aureus (MRSA) among patients seeking care and whose blood sample is taken and tested. AMR Surveillance National Coordinating Center,AMR_INFECT_MRSA,,RATE_PER_100,PUBLISHED,percent,WHO RELAY / GLASS AMR indicator export
MRSA_bloodstream_resistance,Methicillin-resistant Staphylococcus aureus,Indonesia,360,2020,36.24,36.2,Percentage of bloodstream infection due to methicillin-resistant Staphylococcus aureus (MRSA) among patients seeking care and whose blood sample is taken and tested. AMR Surveillance National Coordinating Center,AMR_INFECT_MRSA,,RATE_PER_100,PUBLISHED,percent,WHO RELAY / GLASS AMR indicator export
MRSA_bloodstream_resistance,Methicillin-resistant Staphylococcus aureus,Indonesia,360,2021,37.7,37.7,Percentage of bloodstream infection due to methicillin-resistant Staphylococcus aureus (MRSA) among patients seeking care and whose blood sample is taken and tested. AMR Surveillance National Coordinating Center,AMR_INFECT_MRSA,,RATE_PER_100,PUBLISHED,percent,WHO RELAY / GLASS AMR indicator export
MRSA_bloodstream_resistance,Methicillin-resistant Staphylococcus aureus,Indonesia,360,2022,35.18,35.2,Percentage of bloodstream infection due to methicillin-resistant Staphylococcus aureus (MRSA) among patients seeking care and whose blood sample is taken and tested. AMR Surveillance National Coordinating Center,AMR_INFECT_MRSA,,RATE_PER_100,PUBLISHED,percent,WHO RELAY / GLASS AMR indicator export
MRSA_bloodstream_resistance,Methicillin-resistant Staphylococcus aureus,Indonesia,360,2023,40.09,40.1,Percentage of bloodstream infection due to methicillin-resistant Staphylococcus aureus (MRSA) among patients seeking care and whose blood sample is taken and tested. AMR Surveillance National Coordinating Center,AMR_INFECT_MRSA,,RATE_PER_100,PUBLISHED,percent,WHO RELAY / GLASS AMR indicator export
MRSA_bloodstream_resistance,Methicillin-resistant Staphylococcus aureus,"Iran, Islamic Republic of",364,2018,38.5,38.5,Percentage of bloodstream infection due to methicillin-resistant Staphylococcus aureus (MRSA) among patients seeking care and whose blood sample is taken and tested. AMR Surveillance National Coordinating Center,AMR_INFECT_MRSA,,RATE_PER_100,PUBLISHED,percent,WHO RELAY / GLASS AMR indicator export
MRSA_bloodstream_resistance,Methicillin-resistant Staphylococcus aureus,"Iran, Islamic Republic of",364,2019,39.08,39.1,Percentage of bloodstream infection due to methicillin-resistant Staphylococcus aureus (MRSA) among patients seeking care and whose blood sample is taken and tested. AMR Surveillance National Coordinating Center,AMR_INFECT_MRSA,,RATE_PER_100,PUBLISHED,percent,WHO RELAY / GLASS AMR indicator export
MRSA_bloodstream_resistance,Methicillin-resistant Staphylococcus aureus,"Iran, Islamic Republic of",364,2020,44.06,44.1,Percentage of bloodstream infection due to methicillin-resistant Staphylococcus aureus (MRSA) among patients seeking care and whose blood sample is taken and tested. AMR Surveillance National Coordinating Center,AMR_INFECT_MRSA,,RATE_PER_100,PUBLISHED,percent,WHO RELAY / GLASS AMR indicator export
MRSA_bloodstream_resistance,Methicillin-resistant Staphylococcus aureus,"Iran, Islamic Republic of",364,2021,32.8,32.8,Percentage of bloodstream infection due to methicillin-resistant Staphylococcus aureus (MRSA) among patients seeking care and whose blood sample is taken and tested. AMR Surveillance National Coordinating Center,AMR_INFECT_MRSA,,RATE_PER_100,PUBLISHED,percent,WHO RELAY / GLASS AMR indicator export
MRSA_bloodstream_resistance,Methicillin-resistant Staphylococcus aureus,"Iran, Islamic Republic of",364,2022,34.71,34.7,Percentage of bloodstream infection due to methicillin-resistant Staphylococcus aureus (MRSA) among patients seeking care and whose blood sample is taken and tested. AMR Surveillance National Coordinating Center,AMR_INFECT_MRSA,,RATE_PER_100,PUBLISHED,percent,WHO RELAY / GLASS AMR indicator export
MRSA_bloodstream_resistance,Methicillin-resistant Staphylococcus aureus,"Iran, Islamic Republic of",364,2023,34.38,34.4,Percentage of bloodstream infection due to methicillin-resistant Staphylococcus aureus (MRSA) among patients seeking care and whose blood sample is taken and tested. AMR Surveillance National Coordinating Center,AMR_INFECT_MRSA,,RATE_PER_100,PUBLISHED,percent,WHO RELAY / GLASS AMR indicator export
MRSA_bloodstream_resistance,Methicillin-resistant Staphylococcus aureus,Iraq,368,2020,86.36,86.4,Percentage of bloodstream infection due to methicillin-resistant Staphylococcus aureus (MRSA) among patients seeking care and whose blood sample is taken and tested. AMR Surveillance National Coordinating Center,AMR_INFECT_MRSA,,RATE_PER_100,PUBLISHED,percent,WHO RELAY / GLASS AMR indicator export
MRSA_bloodstream_resistance,Methicillin-resistant Staphylococcus aureus,Iraq,368,2021,84.62,84.6,Percentage of bloodstream infection due to methicillin-resistant Staphylococcus aureus (MRSA) among patients seeking care and whose blood sample is taken and tested. AMR Surveillance National Coordinating Center,AMR_INFECT_MRSA,,RATE_PER_100,PUBLISHED,percent,WHO RELAY / GLASS AMR indicator export
MRSA_bloodstream_resistance,Methicillin-resistant Staphylococcus aureus,Iraq,368,2022,87.76,87.8,Percentage of bloodstream infection due to methicillin-resistant Staphylococcus aureus (MRSA) among patients seeking care and whose blood sample is taken and tested. AMR Surveillance National Coordinating Center,AMR_INFECT_MRSA,,RATE_PER_100,PUBLISHED,percent,WHO RELAY / GLASS AMR indicator export
MRSA_bloodstream_resistance,Methicillin-resistant Staphylococcus aureus,Iraq,368,2023,89.67,89.7,Percentage of bloodstream infection due to methicillin-resistant Staphylococcus aureus (MRSA) among patients seeking care and whose blood sample is taken and tested. AMR Surveillance National Coordinating Center,AMR_INFECT_MRSA,,RATE_PER_100,PUBLISHED,percent,WHO RELAY / GLASS AMR indicator export
MRSA_bloodstream_resistance,Methicillin-resistant Staphylococcus aureus,Ireland,372,2017,16.3,16.3,Percentage of bloodstream infection due to methicillin-resistant Staphylococcus aureus (MRSA) among patients seeking care and whose blood sample is taken and tested. AMR Surveillance National Coordinating Center,AMR_INFECT_MRSA,,RATE_PER_100,PUBLISHED,percent,WHO RELAY / GLASS AMR indicator export
MRSA_bloodstream_resistance,Methicillin-resistant Staphylococcus aureus,Ireland,372,2018,12.4,12.4,Percentage of bloodstream infection due to methicillin-resistant Staphylococcus aureus (MRSA) among patients seeking care and whose blood sample is taken and tested. AMR Surveillance National Coordinating Center,AMR_INFECT_MRSA,,RATE_PER_100,PUBLISHED,percent,WHO RELAY / GLASS AMR indicator export
MRSA_bloodstream_resistance,Methicillin-resistant Staphylococcus aureus,Ireland,372,2019,14.96,15,Percentage of bloodstream infection due to methicillin-resistant Staphylococcus aureus (MRSA) among patients seeking care and whose blood sample is taken and tested. AMR Surveillance National Coordinating Center,AMR_INFECT_MRSA,,RATE_PER_100,PUBLISHED,percent,WHO RELAY / GLASS AMR indicator export
MRSA_bloodstream_resistance,Methicillin-resistant Staphylococcus aureus,Ireland,372,2020,13.99,14,Percentage of bloodstream infection due to methicillin-resistant Staphylococcus aureus (MRSA) among patients seeking care and whose blood sample is taken and tested. AMR Surveillance National Coordinating Center,AMR_INFECT_MRSA,,RATE_PER_100,PUBLISHED,percent,WHO RELAY / GLASS AMR indicator export
MRSA_bloodstream_resistance,Methicillin-resistant Staphylococcus aureus,Ireland,372,2021,10.96,11,Percentage of bloodstream infection due to methicillin-resistant Staphylococcus aureus (MRSA) among patients seeking care and whose blood sample is taken and tested. AMR Surveillance National Coordinating Center,AMR_INFECT_MRSA,,RATE_PER_100,PUBLISHED,percent,WHO RELAY / GLASS AMR indicator export
MRSA_bloodstream_resistance,Methicillin-resistant Staphylococcus aureus,Ireland,372,2022,10.54,10.5,Percentage of bloodstream infection due to methicillin-resistant Staphylococcus aureus (MRSA) among patients seeking care and whose blood sample is taken and tested. AMR Surveillance National Coordinating Center,AMR_INFECT_MRSA,,RATE_PER_100,PUBLISHED,percent,WHO RELAY / GLASS AMR indicator export
MRSA_bloodstream_resistance,Methicillin-resistant Staphylococcus aureus,Ireland,372,2023,9.61,9.6,Percentage of bloodstream infection due to methicillin-resistant Staphylococcus aureus (MRSA) among patients seeking care and whose blood sample is taken and tested. AMR Surveillance National Coordinating Center,AMR_INFECT_MRSA,,RATE_PER_100,PUBLISHED,percent,WHO RELAY / GLASS AMR indicator export
MRSA_bloodstream_resistance,Methicillin-resistant Staphylococcus aureus,Italy,380,2018,34.0,34,Percentage of bloodstream infection due to methicillin-resistant Staphylococcus aureus (MRSA) among patients seeking care and whose blood sample is taken and tested. AMR Surveillance National Coordinating Center,AMR_INFECT_MRSA,,RATE_PER_100,PUBLISHED,percent,WHO RELAY / GLASS AMR indicator export
MRSA_bloodstream_resistance,Methicillin-resistant Staphylococcus aureus,Italy,380,2019,38.75,38.8,Percentage of bloodstream infection due to methicillin-resistant Staphylococcus aureus (MRSA) among patients seeking care and whose blood sample is taken and tested. AMR Surveillance National Coordinating Center,AMR_INFECT_MRSA,,RATE_PER_100,PUBLISHED,percent,WHO RELAY / GLASS AMR indicator export
MRSA_bloodstream_resistance,Methicillin-resistant Staphylococcus aureus,Italy,380,2020,36.55,36.5,Percentage of bloodstream infection due to methicillin-resistant Staphylococcus aureus (MRSA) among patients seeking care and whose blood sample is taken and tested. AMR Surveillance National Coordinating Center,AMR_INFECT_MRSA,,RATE_PER_100,PUBLISHED,percent,WHO RELAY / GLASS AMR indicator export
MRSA_bloodstream_resistance,Methicillin-resistant Staphylococcus aureus,Italy,380,2021,30.88,30.9,Percentage of bloodstream infection due to methicillin-resistant Staphylococcus aureus (MRSA) among patients seeking care and whose blood sample is taken and tested. AMR Surveillance National Coordinating Center,AMR_INFECT_MRSA,,RATE_PER_100,PUBLISHED,percent,WHO RELAY / GLASS AMR indicator export
MRSA_bloodstream_resistance,Methicillin-resistant Staphylococcus aureus,Italy,380,2022,30.6,30.6,Percentage of bloodstream infection due to methicillin-resistant Staphylococcus aureus (MRSA) among patients seeking care and whose blood sample is taken and tested. AMR Surveillance National Coordinating Center,AMR_INFECT_MRSA,,RATE_PER_100,PUBLISHED,percent,WHO RELAY / GLASS AMR indicator export
MRSA_bloodstream_resistance,Methicillin-resistant Staphylococcus aureus,Italy,380,2023,29.46,29.5,Percentage of bloodstream infection due to methicillin-resistant Staphylococcus aureus (MRSA) among patients seeking care and whose blood sample is taken and tested. AMR Surveillance National Coordinating Center,AMR_INFECT_MRSA,,RATE_PER_100,PUBLISHED,percent,WHO RELAY / GLASS AMR indicator export
MRSA_bloodstream_resistance,Methicillin-resistant Staphylococcus aureus,Japan,392,2017,41.7,41.7,Percentage of bloodstream infection due to methicillin-resistant Staphylococcus aureus (MRSA) among patients seeking care and whose blood sample is taken and tested. AMR Surveillance National Coordinating Center,AMR_INFECT_MRSA,,RATE_PER_100,PUBLISHED,percent,WHO RELAY / GLASS AMR indicator export
MRSA_bloodstream_resistance,Methicillin-resistant Staphylococcus aureus,Japan,392,2018,40.6,40.6,Percentage of bloodstream infection due to methicillin-resistant Staphylococcus aureus (MRSA) among patients seeking care and whose blood sample is taken and tested. AMR Surveillance National Coordinating Center,AMR_INFECT_MRSA,,RATE_PER_100,PUBLISHED,percent,WHO RELAY / GLASS AMR indicator export
MRSA_bloodstream_resistance,Methicillin-resistant Staphylococcus aureus,Japan,392,2019,36.42,36.4,Percentage of bloodstream infection due to methicillin-resistant Staphylococcus aureus (MRSA) among patients seeking care and whose blood sample is taken and tested. AMR Surveillance National Coordinating Center,AMR_INFECT_MRSA,,RATE_PER_100,PUBLISHED,percent,WHO RELAY / GLASS AMR indicator export
MRSA_bloodstream_resistance,Methicillin-resistant Staphylococcus aureus,Japan,392,2020,35.86,35.9,Percentage of bloodstream infection due to methicillin-resistant Staphylococcus aureus (MRSA) among patients seeking care and whose blood sample is taken and tested. AMR Surveillance National Coordinating Center,AMR_INFECT_MRSA,,RATE_PER_100,PUBLISHED,percent,WHO RELAY / GLASS AMR indicator export
MRSA_bloodstream_resistance,Methicillin-resistant Staphylococcus aureus,Japan,392,2021,35.05,35.1,Percentage of bloodstream infection due to methicillin-resistant Staphylococcus aureus (MRSA) among patients seeking care and whose blood sample is taken and tested. AMR Surveillance National Coordinating Center,AMR_INFECT_MRSA,,RATE_PER_100,PUBLISHED,percent,WHO RELAY / GLASS AMR indicator export
MRSA_bloodstream_resistance,Methicillin-resistant Staphylococcus aureus,Japan,392,2022,33.89,33.9,Percentage of bloodstream infection due to methicillin-resistant Staphylococcus aureus (MRSA) among patients seeking care and whose blood sample is taken and tested. AMR Surveillance National Coordinating Center,AMR_INFECT_MRSA,,RATE_PER_100,PUBLISHED,percent,WHO RELAY / GLASS AMR indicator export
MRSA_bloodstream_resistance,Methicillin-resistant Staphylococcus aureus,Japan,392,2023,32.52,32.5,Percentage of bloodstream infection due to methicillin-resistant Staphylococcus aureus (MRSA) among patients seeking care and whose blood sample is taken and tested. AMR Surveillance National Coordinating Center,AMR_INFECT_MRSA,,RATE_PER_100,PUBLISHED,percent,WHO RELAY / GLASS AMR indicator export
MRSA_bloodstream_resistance,Methicillin-resistant Staphylococcus aureus,Jordan,400,2018,47.9,47.9,Percentage of bloodstream infection due to methicillin-resistant Staphylococcus aureus (MRSA) among patients seeking care and whose blood sample is taken and tested. AMR Surveillance National Coordinating Center,AMR_INFECT_MRSA,,RATE_PER_100,PUBLISHED,percent,WHO RELAY / GLASS AMR indicator export
MRSA_bloodstream_resistance,Methicillin-resistant Staphylococcus aureus,Jordan,400,2019,72.39,72.4,Percentage of bloodstream infection due to methicillin-resistant Staphylococcus aureus (MRSA) among patients seeking care and whose blood sample is taken and tested. AMR Surveillance National Coordinating Center,AMR_INFECT_MRSA,,RATE_PER_100,PUBLISHED,percent,WHO RELAY / GLASS AMR indicator export
MRSA_bloodstream_resistance,Methicillin-resistant Staphylococcus aureus,Jordan,400,2020,58.39,58.4,Percentage of bloodstream infection due to methicillin-resistant Staphylococcus aureus (MRSA) among patients seeking care and whose blood sample is taken and tested. AMR Surveillance National Coordinating Center,AMR_INFECT_MRSA,,RATE_PER_100,PUBLISHED,percent,WHO RELAY / GLASS AMR indicator export
MRSA_bloodstream_resistance,Methicillin-resistant Staphylococcus aureus,Jordan,400,2021,70.8,70.8,Percentage of bloodstream infection due to methicillin-resistant Staphylococcus aureus (MRSA) among patients seeking care and whose blood sample is taken and tested. AMR Surveillance National Coordinating Center,AMR_INFECT_MRSA,,RATE_PER_100,PUBLISHED,percent,WHO RELAY / GLASS AMR indicator export
MRSA_bloodstream_resistance,Methicillin-resistant Staphylococcus aureus,Jordan,400,2022,76.27,76.3,Percentage of bloodstream infection due to methicillin-resistant Staphylococcus aureus (MRSA) among patients seeking care and whose blood sample is taken and tested. AMR Surveillance National Coordinating Center,AMR_INFECT_MRSA,,RATE_PER_100,PUBLISHED,percent,WHO RELAY / GLASS AMR indicator export
MRSA_bloodstream_resistance,Methicillin-resistant Staphylococcus aureus,Jordan,400,2023,78.9,78.9,Percentage of bloodstream infection due to methicillin-resistant Staphylococcus aureus (MRSA) among patients seeking care and whose blood sample is taken and tested. AMR Surveillance National Coordinating Center,AMR_INFECT_MRSA,,RATE_PER_100,PUBLISHED,percent,WHO RELAY / GLASS AMR indicator export
MRSA_bloodstream_resistance,Methicillin-resistant Staphylococcus aureus,Kenya,404,2021,44.12,44.1,Percentage of bloodstream infection due to methicillin-resistant Staphylococcus aureus (MRSA) among patients seeking care and whose blood sample is taken and tested. AMR Surveillance National Coordinating Center,AMR_INFECT_MRSA,,RATE_PER_100,PUBLISHED,percent,WHO RELAY / GLASS AMR indicator export
MRSA_bloodstream_resistance,Methicillin-resistant Staphylococcus aureus,Kenya,404,2022,21.43,21.4,Percentage of bloodstream infection due to methicillin-resistant Staphylococcus aureus (MRSA) among patients seeking care and whose blood sample is taken and tested. AMR Surveillance National Coordinating Center,AMR_INFECT_MRSA,,RATE_PER_100,PUBLISHED,percent,WHO RELAY / GLASS AMR indicator export
MRSA_bloodstream_resistance,Methicillin-resistant Staphylococcus aureus,Kenya,404,2023,38.1,38.1,Percentage of bloodstream infection due to methicillin-resistant Staphylococcus aureus (MRSA) among patients seeking care and whose blood sample is taken and tested. AMR Surveillance National Coordinating Center,AMR_INFECT_MRSA,,RATE_PER_100,PUBLISHED,percent,WHO RELAY / GLASS AMR indicator export
MRSA_bloodstream_resistance,Methicillin-resistant Staphylococcus aureus,"Korea, Republic of",410,2016,53.3,53.3,Percentage of bloodstream infection due to methicillin-resistant Staphylococcus aureus (MRSA) among patients seeking care and whose blood sample is taken and tested. AMR Surveillance National Coordinating Center,AMR_INFECT_MRSA,,RATE_PER_100,PUBLISHED,percent,WHO RELAY / GLASS AMR indicator export
MRSA_bloodstream_resistance,Methicillin-resistant Staphylococcus aureus,"Korea, Republic of",410,2017,53.3,53.3,Percentage of bloodstream infection due to methicillin-resistant Staphylococcus aureus (MRSA) among patients seeking care and whose blood sample is taken and tested. AMR Surveillance National Coordinating Center,AMR_INFECT_MRSA,,RATE_PER_100,PUBLISHED,percent,WHO RELAY / GLASS AMR indicator export
MRSA_bloodstream_resistance,Methicillin-resistant Staphylococcus aureus,"Korea, Republic of",410,2018,47.1,47.1,Percentage of bloodstream infection due to methicillin-resistant Staphylococcus aureus (MRSA) among patients seeking care and whose blood sample is taken and tested. AMR Surveillance National Coordinating Center,AMR_INFECT_MRSA,,RATE_PER_100,PUBLISHED,percent,WHO RELAY / GLASS AMR indicator export
MRSA_bloodstream_resistance,Methicillin-resistant Staphylococcus aureus,"Korea, Republic of",410,2019,48.61,48.6,Percentage of bloodstream infection due to methicillin-resistant Staphylococcus aureus (MRSA) among patients seeking care and whose blood sample is taken and tested. AMR Surveillance National Coordinating Center,AMR_INFECT_MRSA,,RATE_PER_100,PUBLISHED,percent,WHO RELAY / GLASS AMR indicator export
MRSA_bloodstream_resistance,Methicillin-resistant Staphylococcus aureus,"Korea, Republic of",410,2020,47.55,47.5,Percentage of bloodstream infection due to methicillin-resistant Staphylococcus aureus (MRSA) among patients seeking care and whose blood sample is taken and tested. AMR Surveillance National Coordinating Center,AMR_INFECT_MRSA,,RATE_PER_100,PUBLISHED,percent,WHO RELAY / GLASS AMR indicator export
MRSA_bloodstream_resistance,Methicillin-resistant Staphylococcus aureus,"Korea, Republic of",410,2021,45.21,45.2,Percentage of bloodstream infection due to methicillin-resistant Staphylococcus aureus (MRSA) among patients seeking care and whose blood sample is taken and tested. AMR Surveillance National Coordinating Center,AMR_INFECT_MRSA,,RATE_PER_100,PUBLISHED,percent,WHO RELAY / GLASS AMR indicator export
MRSA_bloodstream_resistance,Methicillin-resistant Staphylococcus aureus,"Korea, Republic of",410,2022,45.71,45.7,Percentage of bloodstream infection due to methicillin-resistant Staphylococcus aureus (MRSA) among patients seeking care and whose blood sample is taken and tested. AMR Surveillance National Coordinating Center,AMR_INFECT_MRSA,,RATE_PER_100,PUBLISHED,percent,WHO RELAY / GLASS AMR indicator export
MRSA_bloodstream_resistance,Methicillin-resistant Staphylococcus aureus,"Korea, Republic of",410,2023,45.19,45.2,Percentage of bloodstream infection due to methicillin-resistant Staphylococcus aureus (MRSA) among patients seeking care and whose blood sample is taken and tested. AMR Surveillance National Coordinating Center,AMR_INFECT_MRSA,,RATE_PER_100,PUBLISHED,percent,WHO RELAY / GLASS AMR indicator export
MRSA_bloodstream_resistance,Methicillin-resistant Staphylococcus aureus,Kuwait,414,2020,43.55,43.5,Percentage of bloodstream infection due to methicillin-resistant Staphylococcus aureus (MRSA) among patients seeking care and whose blood sample is taken and tested. AMR Surveillance National Coordinating Center,AMR_INFECT_MRSA,,RATE_PER_100,PUBLISHED,percent,WHO RELAY / GLASS AMR indicator export
MRSA_bloodstream_resistance,Methicillin-resistant Staphylococcus aureus,Kuwait,414,2022,59.09,59.1,Percentage of bloodstream infection due to methicillin-resistant Staphylococcus aureus (MRSA) among patients seeking care and whose blood sample is taken and tested. AMR Surveillance National Coordinating Center,AMR_INFECT_MRSA,,RATE_PER_100,PUBLISHED,percent,WHO RELAY / GLASS AMR indicator export
MRSA_bloodstream_resistance,Methicillin-resistant Staphylococcus aureus,Kuwait,414,2023,44.78,44.8,Percentage of bloodstream infection due to methicillin-resistant Staphylococcus aureus (MRSA) among patients seeking care and whose blood sample is taken and tested. AMR Surveillance National Coordinating Center,AMR_INFECT_MRSA,,RATE_PER_100,PUBLISHED,percent,WHO RELAY / GLASS AMR indicator export
MRSA_bloodstream_resistance,Methicillin-resistant Staphylococcus aureus,Lao People's Democratic Republic,418,2017,9.5,9.5,Percentage of bloodstream infection due to methicillin-resistant Staphylococcus aureus (MRSA) among patients seeking care and whose blood sample is taken and tested. AMR Surveillance National Coordinating Center,AMR_INFECT_MRSA,,RATE_PER_100,PUBLISHED,percent,WHO RELAY / GLASS AMR indicator export
MRSA_bloodstream_resistance,Methicillin-resistant Staphylococcus aureus,Lao People's Democratic Republic,418,2018,11.4,11.4,Percentage of bloodstream infection due to methicillin-resistant Staphylococcus aureus (MRSA) among patients seeking care and whose blood sample is taken and tested. AMR Surveillance National Coordinating Center,AMR_INFECT_MRSA,,RATE_PER_100,PUBLISHED,percent,WHO RELAY / GLASS AMR indicator export
MRSA_bloodstream_resistance,Methicillin-resistant Staphylococcus aureus,Lao People's Democratic Republic,418,2019,6.06,6.1,Percentage of bloodstream infection due to methicillin-resistant Staphylococcus aureus (MRSA) among patients seeking care and whose blood sample is taken and tested. AMR Surveillance National Coordinating Center,AMR_INFECT_MRSA,,RATE_PER_100,PUBLISHED,percent,WHO RELAY / GLASS AMR indicator export
MRSA_bloodstream_resistance,Methicillin-resistant Staphylococcus aureus,Lao People's Democratic Republic,418,2020,22.22,22.2,Percentage of bloodstream infection due to methicillin-resistant Staphylococcus aureus (MRSA) among patients seeking care and whose blood sample is taken and tested. AMR Surveillance National Coordinating Center,AMR_INFECT_MRSA,,RATE_PER_100,PUBLISHED,percent,WHO RELAY / GLASS AMR indicator export
MRSA_bloodstream_resistance,Methicillin-resistant Staphylococcus aureus,Lao People's Democratic Republic,418,2021,29.89,29.9,Percentage of bloodstream infection due to methicillin-resistant Staphylococcus aureus (MRSA) among patients seeking care and whose blood sample is taken and tested. AMR Surveillance National Coordinating Center,AMR_INFECT_MRSA,,RATE_PER_100,PUBLISHED,percent,WHO RELAY / GLASS AMR indicator export
MRSA_bloodstream_resistance,Methicillin-resistant Staphylococcus aureus,Lao People's Democratic Republic,418,2022,55.88,55.9,Percentage of bloodstream infection due to methicillin-resistant Staphylococcus aureus (MRSA) among patients seeking care and whose blood sample is taken and tested. AMR Surveillance National Coordinating Center,AMR_INFECT_MRSA,,RATE_PER_100,PUBLISHED,percent,WHO RELAY / GLASS AMR indicator export
MRSA_bloodstream_resistance,Methicillin-resistant Staphylococcus aureus,Lao People's Democratic Republic,418,2023,77.78,77.8,Percentage of bloodstream infection due to methicillin-resistant Staphylococcus aureus (MRSA) among patients seeking care and whose blood sample is taken and tested. AMR Surveillance National Coordinating Center,AMR_INFECT_MRSA,,RATE_PER_100,PUBLISHED,percent,WHO RELAY / GLASS AMR indicator export
MRSA_bloodstream_resistance,Methicillin-resistant Staphylococcus aureus,Latvia,428,2016,2.0,2,Percentage of bloodstream infection due to methicillin-resistant Staphylococcus aureus (MRSA) among patients seeking care and whose blood sample is taken and tested. AMR Surveillance National Coordinating Center,AMR_INFECT_MRSA,,RATE_PER_100,PUBLISHED,percent,WHO RELAY / GLASS AMR indicator export
MRSA_bloodstream_resistance,Methicillin-resistant Staphylococcus aureus,Latvia,428,2017,1.7,1.7,Percentage of bloodstream infection due to methicillin-resistant Staphylococcus aureus (MRSA) among patients seeking care and whose blood sample is taken and tested. AMR Surveillance National Coordinating Center,AMR_INFECT_MRSA,,RATE_PER_100,PUBLISHED,percent,WHO RELAY / GLASS AMR indicator export
MRSA_bloodstream_resistance,Methicillin-resistant Staphylococcus aureus,Latvia,428,2018,5.7,5.7,Percentage of bloodstream infection due to methicillin-resistant Staphylococcus aureus (MRSA) among patients seeking care and whose blood sample is taken and tested. AMR Surveillance National Coordinating Center,AMR_INFECT_MRSA,,RATE_PER_100,PUBLISHED,percent,WHO RELAY / GLASS AMR indicator export
MRSA_bloodstream_resistance,Methicillin-resistant Staphylococcus aureus,Latvia,428,2019,12.28,12.3,Percentage of bloodstream infection due to methicillin-resistant Staphylococcus aureus (MRSA) among patients seeking care and whose blood sample is taken and tested. AMR Surveillance National Coordinating Center,AMR_INFECT_MRSA,,RATE_PER_100,PUBLISHED,percent,WHO RELAY / GLASS AMR indicator export
MRSA_bloodstream_resistance,Methicillin-resistant Staphylococcus aureus,Latvia,428,2020,13.64,13.6,Percentage of bloodstream infection due to methicillin-resistant Staphylococcus aureus (MRSA) among patients seeking care and whose blood sample is taken and tested. AMR Surveillance National Coordinating Center,AMR_INFECT_MRSA,,RATE_PER_100,PUBLISHED,percent,WHO RELAY / GLASS AMR indicator export
MRSA_bloodstream_resistance,Methicillin-resistant Staphylococcus aureus,Latvia,428,2021,4.55,4.6,Percentage of bloodstream infection due to methicillin-resistant Staphylococcus aureus (MRSA) among patients seeking care and whose blood sample is taken and tested. AMR Surveillance National Coordinating Center,AMR_INFECT_MRSA,,RATE_PER_100,PUBLISHED,percent,WHO RELAY / GLASS AMR indicator export
MRSA_bloodstream_resistance,Methicillin-resistant Staphylococcus aureus,Latvia,428,2022,3.83,3.8,Percentage of bloodstream infection due to methicillin-resistant Staphylococcus aureus (MRSA) among patients seeking care and whose blood sample is taken and tested. AMR Surveillance National Coordinating Center,AMR_INFECT_MRSA,,RATE_PER_100,PUBLISHED,percent,WHO RELAY / GLASS AMR indicator export
MRSA_bloodstream_resistance,Methicillin-resistant Staphylococcus aureus,Latvia,428,2023,2.99,3,Percentage of bloodstream infection due to methicillin-resistant Staphylococcus aureus (MRSA) among patients seeking care and whose blood sample is taken and tested. AMR Surveillance National Coordinating Center,AMR_INFECT_MRSA,,RATE_PER_100,PUBLISHED,percent,WHO RELAY / GLASS AMR indicator export
MRSA_bloodstream_resistance,Methicillin-resistant Staphylococcus aureus,Lebanon,422,2017,8.3,8.3,Percentage of bloodstream infection due to methicillin-resistant Staphylococcus aureus (MRSA) among patients seeking care and whose blood sample is taken and tested. AMR Surveillance National Coordinating Center,AMR_INFECT_MRSA,,RATE_PER_100,PUBLISHED,percent,WHO RELAY / GLASS AMR indicator export
MRSA_bloodstream_resistance,Methicillin-resistant Staphylococcus aureus,Lebanon,422,2018,20.0,20,Percentage of bloodstream infection due to methicillin-resistant Staphylococcus aureus (MRSA) among patients seeking care and whose blood sample is taken and tested. AMR Surveillance National Coordinating Center,AMR_INFECT_MRSA,,RATE_PER_100,PUBLISHED,percent,WHO RELAY / GLASS AMR indicator export
MRSA_bloodstream_resistance,Methicillin-resistant Staphylococcus aureus,Lebanon,422,2019,25.0,25,Percentage of bloodstream infection due to methicillin-resistant Staphylococcus aureus (MRSA) among patients seeking care and whose blood sample is taken and tested. AMR Surveillance National Coordinating Center,AMR_INFECT_MRSA,,RATE_PER_100,PUBLISHED,percent,WHO RELAY / GLASS AMR indicator export
MRSA_bloodstream_resistance,Methicillin-resistant Staphylococcus aureus,Lebanon,422,2020,35.09,35.1,Percentage of bloodstream infection due to methicillin-resistant Staphylococcus aureus (MRSA) among patients seeking care and whose blood sample is taken and tested. AMR Surveillance National Coordinating Center,AMR_INFECT_MRSA,,RATE_PER_100,PUBLISHED,percent,WHO RELAY / GLASS AMR indicator export
MRSA_bloodstream_resistance,Methicillin-resistant Staphylococcus aureus,Lebanon,422,2021,37.21,37.2,Percentage of bloodstream infection due to methicillin-resistant Staphylococcus aureus (MRSA) among patients seeking care and whose blood sample is taken and tested. AMR Surveillance National Coordinating Center,AMR_INFECT_MRSA,,RATE_PER_100,PUBLISHED,percent,WHO RELAY / GLASS AMR indicator export
MRSA_bloodstream_resistance,Methicillin-resistant Staphylococcus aureus,Lebanon,422,2022,52.5,52.5,Percentage of bloodstream infection due to methicillin-resistant Staphylococcus aureus (MRSA) among patients seeking care and whose blood sample is taken and tested. AMR Surveillance National Coordinating Center,AMR_INFECT_MRSA,,RATE_PER_100,PUBLISHED,percent,WHO RELAY / GLASS AMR indicator export
MRSA_bloodstream_resistance,Methicillin-resistant Staphylococcus aureus,Lebanon,422,2023,50.0,50,Percentage of bloodstream infection due to methicillin-resistant Staphylococcus aureus (MRSA) among patients seeking care and whose blood sample is taken and tested. AMR Surveillance National Coordinating Center,AMR_INFECT_MRSA,,RATE_PER_100,PUBLISHED,percent,WHO RELAY / GLASS AMR indicator export
MRSA_bloodstream_resistance,Methicillin-resistant Staphylococcus aureus,Liberia,430,2020,12.9,12.9,Percentage of bloodstream infection due to methicillin-resistant Staphylococcus aureus (MRSA) among patients seeking care and whose blood sample is taken and tested. AMR Surveillance National Coordinating Center,AMR_INFECT_MRSA,,RATE_PER_100,PUBLISHED,percent,WHO RELAY / GLASS AMR indicator export
MRSA_bloodstream_resistance,Methicillin-resistant Staphylococcus aureus,Liberia,430,2021,5.88,5.9,Percentage of bloodstream infection due to methicillin-resistant Staphylococcus aureus (MRSA) among patients seeking care and whose blood sample is taken and tested. AMR Surveillance National Coordinating Center,AMR_INFECT_MRSA,,RATE_PER_100,PUBLISHED,percent,WHO RELAY / GLASS AMR indicator export
MRSA_bloodstream_resistance,Methicillin-resistant Staphylococcus aureus,Libya,434,2020,70.0,70,Percentage of bloodstream infection due to methicillin-resistant Staphylococcus aureus (MRSA) among patients seeking care and whose blood sample is taken and tested. AMR Surveillance National Coordinating Center,AMR_INFECT_MRSA,,RATE_PER_100,PUBLISHED,percent,WHO RELAY / GLASS AMR indicator export
MRSA_bloodstream_resistance,Methicillin-resistant Staphylococcus aureus,Lithuania,440,2016,11.6,11.6,Percentage of bloodstream infection due to methicillin-resistant Staphylococcus aureus (MRSA) among patients seeking care and whose blood sample is taken and tested. AMR Surveillance National Coordinating Center,AMR_INFECT_MRSA,,RATE_PER_100,PUBLISHED,percent,WHO RELAY / GLASS AMR indicator export
MRSA_bloodstream_resistance,Methicillin-resistant Staphylococcus aureus,Lithuania,440,2017,8.8,8.8,Percentage of bloodstream infection due to methicillin-resistant Staphylococcus aureus (MRSA) among patients seeking care and whose blood sample is taken and tested. AMR Surveillance National Coordinating Center,AMR_INFECT_MRSA,,RATE_PER_100,PUBLISHED,percent,WHO RELAY / GLASS AMR indicator export
MRSA_bloodstream_resistance,Methicillin-resistant Staphylococcus aureus,Lithuania,440,2018,8.4,8.4,Percentage of bloodstream infection due to methicillin-resistant Staphylococcus aureus (MRSA) among patients seeking care and whose blood sample is taken and tested. AMR Surveillance National Coordinating Center,AMR_INFECT_MRSA,,RATE_PER_100,PUBLISHED,percent,WHO RELAY / GLASS AMR indicator export
MRSA_bloodstream_resistance,Methicillin-resistant Staphylococcus aureus,Lithuania,440,2019,9.3,9.3,Percentage of bloodstream infection due to methicillin-resistant Staphylococcus aureus (MRSA) among patients seeking care and whose blood sample is taken and tested. AMR Surveillance National Coordinating Center,AMR_INFECT_MRSA,,RATE_PER_100,PUBLISHED,percent,WHO RELAY / GLASS AMR indicator export
MRSA_bloodstream_resistance,Methicillin-resistant Staphylococcus aureus,Lithuania,440,2020,9.8,9.8,Percentage of bloodstream infection due to methicillin-resistant Staphylococcus aureus (MRSA) among patients seeking care and whose blood sample is taken and tested. AMR Surveillance National Coordinating Center,AMR_INFECT_MRSA,,RATE_PER_100,PUBLISHED,percent,WHO RELAY / GLASS AMR indicator export
MRSA_bloodstream_resistance,Methicillin-resistant Staphylococcus aureus,Lithuania,440,2021,8.98,9,Percentage of bloodstream infection due to methicillin-resistant Staphylococcus aureus (MRSA) among patients seeking care and whose blood sample is taken and tested. AMR Surveillance National Coordinating Center,AMR_INFECT_MRSA,,RATE_PER_100,PUBLISHED,percent,WHO RELAY / GLASS AMR indicator export
MRSA_bloodstream_resistance,Methicillin-resistant Staphylococcus aureus,Lithuania,440,2022,9.42,9.4,Percentage of bloodstream infection due to methicillin-resistant Staphylococcus aureus (MRSA) among patients seeking care and whose blood sample is taken and tested. AMR Surveillance National Coordinating Center,AMR_INFECT_MRSA,,RATE_PER_100,PUBLISHED,percent,WHO RELAY / GLASS AMR indicator export
MRSA_bloodstream_resistance,Methicillin-resistant Staphylococcus aureus,Lithuania,440,2023,8.64,8.6,Percentage of bloodstream infection due to methicillin-resistant Staphylococcus aureus (MRSA) among patients seeking care and whose blood sample is taken and tested. AMR Surveillance National Coordinating Center,AMR_INFECT_MRSA,,RATE_PER_100,PUBLISHED,percent,WHO RELAY / GLASS AMR indicator export
MRSA_bloodstream_resistance,Methicillin-resistant Staphylococcus aureus,Luxembourg,442,2017,9.5,9.5,Percentage of bloodstream infection due to methicillin-resistant Staphylococcus aureus (MRSA) among patients seeking care and whose blood sample is taken and tested. AMR Surveillance National Coordinating Center,AMR_INFECT_MRSA,,RATE_PER_100,PUBLISHED,percent,WHO RELAY / GLASS AMR indicator export
MRSA_bloodstream_resistance,Methicillin-resistant Staphylococcus aureus,Luxembourg,442,2018,7.7,7.7,Percentage of bloodstream infection due to methicillin-resistant Staphylococcus aureus (MRSA) among patients seeking care and whose blood sample is taken and tested. AMR Surveillance National Coordinating Center,AMR_INFECT_MRSA,,RATE_PER_100,PUBLISHED,percent,WHO RELAY / GLASS AMR indicator export
MRSA_bloodstream_resistance,Methicillin-resistant Staphylococcus aureus,Luxembourg,442,2019,6.22,6.2,Percentage of bloodstream infection due to methicillin-resistant Staphylococcus aureus (MRSA) among patients seeking care and whose blood sample is taken and tested. AMR Surveillance National Coordinating Center,AMR_INFECT_MRSA,,RATE_PER_100,PUBLISHED,percent,WHO RELAY / GLASS AMR indicator export
MRSA_bloodstream_resistance,Methicillin-resistant Staphylococcus aureus,Luxembourg,442,2020,3.08,3.1,Percentage of bloodstream infection due to methicillin-resistant Staphylococcus aureus (MRSA) among patients seeking care and whose blood sample is taken and tested. AMR Surveillance National Coordinating Center,AMR_INFECT_MRSA,,RATE_PER_100,PUBLISHED,percent,WHO RELAY / GLASS AMR indicator export
MRSA_bloodstream_resistance,Methicillin-resistant Staphylococcus aureus,Luxembourg,442,2021,5.53,5.5,Percentage of bloodstream infection due to methicillin-resistant Staphylococcus aureus (MRSA) among patients seeking care and whose blood sample is taken and tested. AMR Surveillance National Coordinating Center,AMR_INFECT_MRSA,,RATE_PER_100,PUBLISHED,percent,WHO RELAY / GLASS AMR indicator export
MRSA_bloodstream_resistance,Methicillin-resistant Staphylococcus aureus,Luxembourg,442,2022,4.68,4.7,Percentage of bloodstream infection due to methicillin-resistant Staphylococcus aureus (MRSA) among patients seeking care and whose blood sample is taken and tested. AMR Surveillance National Coordinating Center,AMR_INFECT_MRSA,,RATE_PER_100,PUBLISHED,percent,WHO RELAY / GLASS AMR indicator export
MRSA_bloodstream_resistance,Methicillin-resistant Staphylococcus aureus,M49:1,1,2016,20.6,13.4,,AMR_INFECT_MRSA,,RATE_PER_100,PUBLISHED,percent,WHO RELAY / GLASS AMR indicator export
MRSA_bloodstream_resistance,Methicillin-resistant Staphylococcus aureus,M49:1,1,2017,18.2,18.2,,AMR_INFECT_MRSA,,RATE_PER_100,PUBLISHED,percent,WHO RELAY / GLASS AMR indicator export
MRSA_bloodstream_resistance,Methicillin-resistant Staphylococcus aureus,M49:1,1,2018,23.1,23.1,,AMR_INFECT_MRSA,,RATE_PER_100,PUBLISHED,percent,WHO RELAY / GLASS AMR indicator export
MRSA_bloodstream_resistance,Methicillin-resistant Staphylococcus aureus,M49:1,1,2019,21.7,21.7,,AMR_INFECT_MRSA,,RATE_PER_100,PUBLISHED,percent,WHO RELAY / GLASS AMR indicator export
MRSA_bloodstream_resistance,Methicillin-resistant Staphylococcus aureus,M49:1,1,2020,34.7,34.7,"Percentage of bloodstream infection due to methicillin-resistant Staphylococcus aureus (MRSA) among patients seeking care and whose blood sample is taken and tested. Global Antimicrobial Resistance Surveillance System (GLASS). Geneva: WHO, 2020.",AMR_INFECT_MRSA,,RATE_PER_100,PUBLISHED,percent,WHO RELAY / GLASS AMR indicator export
MRSA_bloodstream_resistance,Methicillin-resistant Staphylococcus aureus,M49:1,1,2021,32.1,32.1,,AMR_INFECT_MRSA,,RATE_PER_100,PUBLISHED,percent,WHO RELAY / GLASS AMR indicator export
MRSA_bloodstream_resistance,Methicillin-resistant Staphylococcus aureus,M49:1,1,2022,32.2,32.2,,AMR_INFECT_MRSA,,RATE_PER_100,PUBLISHED,percent,WHO RELAY / GLASS AMR indicator export
MRSA_bloodstream_resistance,Methicillin-resistant Staphylococcus aureus,M49:412,412,2020,64.29,64.3,Percentage of bloodstream infection due to methicillin-resistant Staphylococcus aureus (MRSA) among patients seeking care and whose blood sample is taken and tested. AMR Surveillance National Coordinating Center,AMR_INFECT_MRSA,,RATE_PER_100,PUBLISHED,percent,WHO RELAY / GLASS AMR indicator export
MRSA_bloodstream_resistance,Methicillin-resistant Staphylococcus aureus,M49:412,412,2021,43.75,43.8,Percentage of bloodstream infection due to methicillin-resistant Staphylococcus aureus (MRSA) among patients seeking care and whose blood sample is taken and tested. AMR Surveillance National Coordinating Center,AMR_INFECT_MRSA,,RATE_PER_100,PUBLISHED,percent,WHO RELAY / GLASS AMR indicator export
MRSA_bloodstream_resistance,Methicillin-resistant Staphylococcus aureus,M49:412,412,2022,59.26,59.3,Percentage of bloodstream infection due to methicillin-resistant Staphylococcus aureus (MRSA) among patients seeking care and whose blood sample is taken and tested. AMR Surveillance National Coordinating Center,AMR_INFECT_MRSA,,RATE_PER_100,PUBLISHED,percent,WHO RELAY / GLASS AMR indicator export
MRSA_bloodstream_resistance,Methicillin-resistant Staphylococcus aureus,M49:412,412,2023,55.88,55.9,Percentage of bloodstream infection due to methicillin-resistant Staphylococcus aureus (MRSA) among patients seeking care and whose blood sample is taken and tested. AMR Surveillance National Coordinating Center,AMR_INFECT_MRSA,,RATE_PER_100,PUBLISHED,percent,WHO RELAY / GLASS AMR indicator export
MRSA_bloodstream_resistance,Methicillin-resistant Staphylococcus aureus,Madagascar,450,2017,30.0,30,Percentage of bloodstream infection due to methicillin-resistant Staphylococcus aureus (MRSA) among patients seeking care and whose blood sample is taken and tested. AMR Surveillance National Coordinating Center,AMR_INFECT_MRSA,,RATE_PER_100,PUBLISHED,percent,WHO RELAY / GLASS AMR indicator export
MRSA_bloodstream_resistance,Methicillin-resistant Staphylococcus aureus,Madagascar,450,2018,18.8,18.8,Percentage of bloodstream infection due to methicillin-resistant Staphylococcus aureus (MRSA) among patients seeking care and whose blood sample is taken and tested. AMR Surveillance National Coordinating Center,AMR_INFECT_MRSA,,RATE_PER_100,PUBLISHED,percent,WHO RELAY / GLASS AMR indicator export
MRSA_bloodstream_resistance,Methicillin-resistant Staphylococcus aureus,Madagascar,450,2019,33.33,33.3,Percentage of bloodstream infection due to methicillin-resistant Staphylococcus aureus (MRSA) among patients seeking care and whose blood sample is taken and tested. AMR Surveillance National Coordinating Center,AMR_INFECT_MRSA,,RATE_PER_100,PUBLISHED,percent,WHO RELAY / GLASS AMR indicator export
MRSA_bloodstream_resistance,Methicillin-resistant Staphylococcus aureus,Madagascar,450,2023,35.71,35.7,Percentage of bloodstream infection due to methicillin-resistant Staphylococcus aureus (MRSA) among patients seeking care and whose blood sample is taken and tested. AMR Surveillance National Coordinating Center,AMR_INFECT_MRSA,,RATE_PER_100,PUBLISHED,percent,WHO RELAY / GLASS AMR indicator export
MRSA_bloodstream_resistance,Methicillin-resistant Staphylococcus aureus,Malawi,454,2016,82.0,82,Percentage of bloodstream infection due to methicillin-resistant Staphylococcus aureus (MRSA) among patients seeking care and whose blood sample is taken and tested. AMR Surveillance National Coordinating Center,AMR_INFECT_MRSA,,RATE_PER_100,PUBLISHED,percent,WHO RELAY / GLASS AMR indicator export
MRSA_bloodstream_resistance,Methicillin-resistant Staphylococcus aureus,Malawi,454,2017,19.7,19.7,Percentage of bloodstream infection due to methicillin-resistant Staphylococcus aureus (MRSA) among patients seeking care and whose blood sample is taken and tested. AMR Surveillance National Coordinating Center,AMR_INFECT_MRSA,,RATE_PER_100,PUBLISHED,percent,WHO RELAY / GLASS AMR indicator export
MRSA_bloodstream_resistance,Methicillin-resistant Staphylococcus aureus,Malawi,454,2020,61.19,61.2,Percentage of bloodstream infection due to methicillin-resistant Staphylococcus aureus (MRSA) among patients seeking care and whose blood sample is taken and tested. AMR Surveillance National Coordinating Center,AMR_INFECT_MRSA,,RATE_PER_100,PUBLISHED,percent,WHO RELAY / GLASS AMR indicator export
MRSA_bloodstream_resistance,Methicillin-resistant Staphylococcus aureus,Malawi,454,2021,40.0,40,Percentage of bloodstream infection due to methicillin-resistant Staphylococcus aureus (MRSA) among patients seeking care and whose blood sample is taken and tested. AMR Surveillance National Coordinating Center,AMR_INFECT_MRSA,,RATE_PER_100,PUBLISHED,percent,WHO RELAY / GLASS AMR indicator export
MRSA_bloodstream_resistance,Methicillin-resistant Staphylococcus aureus,Malawi,454,2023,100.0,100,Percentage of bloodstream infection due to methicillin-resistant Staphylococcus aureus (MRSA) among patients seeking care and whose blood sample is taken and tested. AMR Surveillance National Coordinating Center,AMR_INFECT_MRSA,,RATE_PER_100,PUBLISHED,percent,WHO RELAY / GLASS AMR indicator export
MRSA_bloodstream_resistance,Methicillin-resistant Staphylococcus aureus,Malaysia,458,2017,21.9,21.9,Percentage of bloodstream infection due to methicillin-resistant Staphylococcus aureus (MRSA) among patients seeking care and whose blood sample is taken and tested. AMR Surveillance National Coordinating Center,AMR_INFECT_MRSA,,RATE_PER_100,PUBLISHED,percent,WHO RELAY / GLASS AMR indicator export
MRSA_bloodstream_resistance,Methicillin-resistant Staphylococcus aureus,Malaysia,458,2018,23.1,23.1,Percentage of bloodstream infection due to methicillin-resistant Staphylococcus aureus (MRSA) among patients seeking care and whose blood sample is taken and tested. AMR Surveillance National Coordinating Center,AMR_INFECT_MRSA,,RATE_PER_100,PUBLISHED,percent,WHO RELAY / GLASS AMR indicator export
MRSA_bloodstream_resistance,Methicillin-resistant Staphylococcus aureus,Malaysia,458,2019,19.53,19.5,Percentage of bloodstream infection due to methicillin-resistant Staphylococcus aureus (MRSA) among patients seeking care and whose blood sample is taken and tested. AMR Surveillance National Coordinating Center,AMR_INFECT_MRSA,,RATE_PER_100,PUBLISHED,percent,WHO RELAY / GLASS AMR indicator export
MRSA_bloodstream_resistance,Methicillin-resistant Staphylococcus aureus,Malaysia,458,2020,17.12,17.1,Percentage of bloodstream infection due to methicillin-resistant Staphylococcus aureus (MRSA) among patients seeking care and whose blood sample is taken and tested. AMR Surveillance National Coordinating Center,AMR_INFECT_MRSA,,RATE_PER_100,PUBLISHED,percent,WHO RELAY / GLASS AMR indicator export
MRSA_bloodstream_resistance,Methicillin-resistant Staphylococcus aureus,Malaysia,458,2021,16.45,16.5,Percentage of bloodstream infection due to methicillin-resistant Staphylococcus aureus (MRSA) among patients seeking care and whose blood sample is taken and tested. AMR Surveillance National Coordinating Center,AMR_INFECT_MRSA,,RATE_PER_100,PUBLISHED,percent,WHO RELAY / GLASS AMR indicator export
MRSA_bloodstream_resistance,Methicillin-resistant Staphylococcus aureus,Malaysia,458,2023,19.6,19.6,Percentage of bloodstream infection due to methicillin-resistant Staphylococcus aureus (MRSA) among patients seeking care and whose blood sample is taken and tested. AMR Surveillance National Coordinating Center,AMR_INFECT_MRSA,,RATE_PER_100,PUBLISHED,percent,WHO RELAY / GLASS AMR indicator export
MRSA_bloodstream_resistance,Methicillin-resistant Staphylococcus aureus,Maldives,462,2023,36.67,36.7,Percentage of bloodstream infection due to methicillin-resistant Staphylococcus aureus (MRSA) among patients seeking care and whose blood sample is taken and tested. AMR Surveillance National Coordinating Center,AMR_INFECT_MRSA,,RATE_PER_100,PUBLISHED,percent,WHO RELAY / GLASS AMR indicator export
MRSA_bloodstream_resistance,Methicillin-resistant Staphylococcus aureus,Mali,466,2018,0.0,0,Percentage of bloodstream infection due to methicillin-resistant Staphylococcus aureus (MRSA) among patients seeking care and whose blood sample is taken and tested. AMR Surveillance National Coordinating Center,AMR_INFECT_MRSA,,RATE_PER_100,PUBLISHED,percent,WHO RELAY / GLASS AMR indicator export
MRSA_bloodstream_resistance,Methicillin-resistant Staphylococcus aureus,Mali,466,2019,2.5,2.5,Percentage of bloodstream infection due to methicillin-resistant Staphylococcus aureus (MRSA) among patients seeking care and whose blood sample is taken and tested. AMR Surveillance National Coordinating Center,AMR_INFECT_MRSA,,RATE_PER_100,PUBLISHED,percent,WHO RELAY / GLASS AMR indicator export
MRSA_bloodstream_resistance,Methicillin-resistant Staphylococcus aureus,Mali,466,2020,10.42,10.4,Percentage of bloodstream infection due to methicillin-resistant Staphylococcus aureus (MRSA) among patients seeking care and whose blood sample is taken and tested. AMR Surveillance National Coordinating Center,AMR_INFECT_MRSA,,RATE_PER_100,PUBLISHED,percent,WHO RELAY / GLASS AMR indicator export
MRSA_bloodstream_resistance,Methicillin-resistant Staphylococcus aureus,Mali,466,2021,2.13,2.1,Percentage of bloodstream infection due to methicillin-resistant Staphylococcus aureus (MRSA) among patients seeking care and whose blood sample is taken and tested. AMR Surveillance National Coordinating Center,AMR_INFECT_MRSA,,RATE_PER_100,PUBLISHED,percent,WHO RELAY / GLASS AMR indicator export
MRSA_bloodstream_resistance,Methicillin-resistant Staphylococcus aureus,Mali,466,2022,13.64,13.6,Percentage of bloodstream infection due to methicillin-resistant Staphylococcus aureus (MRSA) among patients seeking care and whose blood sample is taken and tested. AMR Surveillance National Coordinating Center,AMR_INFECT_MRSA,,RATE_PER_100,PUBLISHED,percent,WHO RELAY / GLASS AMR indicator export
MRSA_bloodstream_resistance,Methicillin-resistant Staphylococcus aureus,Mali,466,2023,8.0,8,Percentage of bloodstream infection due to methicillin-resistant Staphylococcus aureus (MRSA) among patients seeking care and whose blood sample is taken and tested. AMR Surveillance National Coordinating Center,AMR_INFECT_MRSA,,RATE_PER_100,PUBLISHED,percent,WHO RELAY / GLASS AMR indicator export
MRSA_bloodstream_resistance,Methicillin-resistant Staphylococcus aureus,Malta,470,2017,43.3,43.3,Percentage of bloodstream infection due to methicillin-resistant Staphylococcus aureus (MRSA) among patients seeking care and whose blood sample is taken and tested. AMR Surveillance National Coordinating Center,AMR_INFECT_MRSA,,RATE_PER_100,PUBLISHED,percent,WHO RELAY / GLASS AMR indicator export
MRSA_bloodstream_resistance,Methicillin-resistant Staphylococcus aureus,Malta,470,2018,36.4,36.4,Percentage of bloodstream infection due to methicillin-resistant Staphylococcus aureus (MRSA) among patients seeking care and whose blood sample is taken and tested. AMR Surveillance National Coordinating Center,AMR_INFECT_MRSA,,RATE_PER_100,PUBLISHED,percent,WHO RELAY / GLASS AMR indicator export
MRSA_bloodstream_resistance,Methicillin-resistant Staphylococcus aureus,Malta,470,2019,22.08,22.1,Percentage of bloodstream infection due to methicillin-resistant Staphylococcus aureus (MRSA) among patients seeking care and whose blood sample is taken and tested. AMR Surveillance National Coordinating Center,AMR_INFECT_MRSA,,RATE_PER_100,PUBLISHED,percent,WHO RELAY / GLASS AMR indicator export
MRSA_bloodstream_resistance,Methicillin-resistant Staphylococcus aureus,Malta,470,2020,19.57,19.6,Percentage of bloodstream infection due to methicillin-resistant Staphylococcus aureus (MRSA) among patients seeking care and whose blood sample is taken and tested. AMR Surveillance National Coordinating Center,AMR_INFECT_MRSA,,RATE_PER_100,PUBLISHED,percent,WHO RELAY / GLASS AMR indicator export
MRSA_bloodstream_resistance,Methicillin-resistant Staphylococcus aureus,Malta,470,2021,20.39,20.4,Percentage of bloodstream infection due to methicillin-resistant Staphylococcus aureus (MRSA) among patients seeking care and whose blood sample is taken and tested. AMR Surveillance National Coordinating Center,AMR_INFECT_MRSA,,RATE_PER_100,PUBLISHED,percent,WHO RELAY / GLASS AMR indicator export
MRSA_bloodstream_resistance,Methicillin-resistant Staphylococcus aureus,Malta,470,2022,19.85,19.9,Percentage of bloodstream infection due to methicillin-resistant Staphylococcus aureus (MRSA) among patients seeking care and whose blood sample is taken and tested. AMR Surveillance National Coordinating Center,AMR_INFECT_MRSA,,RATE_PER_100,PUBLISHED,percent,WHO RELAY / GLASS AMR indicator export
MRSA_bloodstream_resistance,Methicillin-resistant Staphylococcus aureus,Malta,470,2023,15.79,15.8,Percentage of bloodstream infection due to methicillin-resistant Staphylococcus aureus (MRSA) among patients seeking care and whose blood sample is taken and tested. AMR Surveillance National Coordinating Center,AMR_INFECT_MRSA,,RATE_PER_100,PUBLISHED,percent,WHO RELAY / GLASS AMR indicator export
MRSA_bloodstream_resistance,Methicillin-resistant Staphylococcus aureus,Mauritius,480,2020,39.62,39.6,Percentage of bloodstream infection due to methicillin-resistant Staphylococcus aureus (MRSA) among patients seeking care and whose blood sample is taken and tested. AMR Surveillance National Coordinating Center,AMR_INFECT_MRSA,,RATE_PER_100,PUBLISHED,percent,WHO RELAY / GLASS AMR indicator export
MRSA_bloodstream_resistance,Methicillin-resistant Staphylococcus aureus,Mauritius,480,2021,42.96,43,Percentage of bloodstream infection due to methicillin-resistant Staphylococcus aureus (MRSA) among patients seeking care and whose blood sample is taken and tested. AMR Surveillance National Coordinating Center,AMR_INFECT_MRSA,,RATE_PER_100,PUBLISHED,percent,WHO RELAY / GLASS AMR indicator export
MRSA_bloodstream_resistance,Methicillin-resistant Staphylococcus aureus,Mauritius,480,2022,39.36,39.4,Percentage of bloodstream infection due to methicillin-resistant Staphylococcus aureus (MRSA) among patients seeking care and whose blood sample is taken and tested. AMR Surveillance National Coordinating Center,AMR_INFECT_MRSA,,RATE_PER_100,PUBLISHED,percent,WHO RELAY / GLASS AMR indicator export
MRSA_bloodstream_resistance,Methicillin-resistant Staphylococcus aureus,Mauritius,480,2023,40.89,40.9,Percentage of bloodstream infection due to methicillin-resistant Staphylococcus aureus (MRSA) among patients seeking care and whose blood sample is taken and tested. AMR Surveillance National Coordinating Center,AMR_INFECT_MRSA,,RATE_PER_100,PUBLISHED,percent,WHO RELAY / GLASS AMR indicator export
MRSA_bloodstream_resistance,Methicillin-resistant Staphylococcus aureus,"Moldova, Republic of",498,2021,6.67,6.7,Percentage of bloodstream infection due to methicillin-resistant Staphylococcus aureus (MRSA) among patients seeking care and whose blood sample is taken and tested. AMR Surveillance National Coordinating Center,AMR_INFECT_MRSA,,RATE_PER_100,PUBLISHED,percent,WHO RELAY / GLASS AMR indicator export
MRSA_bloodstream_resistance,Methicillin-resistant Staphylococcus aureus,"Moldova, Republic of",498,2022,23.81,23.8,Percentage of bloodstream infection due to methicillin-resistant Staphylococcus aureus (MRSA) among patients seeking care and whose blood sample is taken and tested. AMR Surveillance National Coordinating Center,AMR_INFECT_MRSA,,RATE_PER_100,PUBLISHED,percent,WHO RELAY / GLASS AMR indicator export
MRSA_bloodstream_resistance,Methicillin-resistant Staphylococcus aureus,"Moldova, Republic of",498,2023,22.86,22.9,Percentage of bloodstream infection due to methicillin-resistant Staphylococcus aureus (MRSA) among patients seeking care and whose blood sample is taken and tested. AMR Surveillance National Coordinating Center,AMR_INFECT_MRSA,,RATE_PER_100,PUBLISHED,percent,WHO RELAY / GLASS AMR indicator export
MRSA_bloodstream_resistance,Methicillin-resistant Staphylococcus aureus,Morocco,504,2021,25.77,25.8,Percentage of bloodstream infection due to methicillin-resistant Staphylococcus aureus (MRSA) among patients seeking care and whose blood sample is taken and tested. AMR Surveillance National Coordinating Center,AMR_INFECT_MRSA,,RATE_PER_100,PUBLISHED,percent,WHO RELAY / GLASS AMR indicator export
MRSA_bloodstream_resistance,Methicillin-resistant Staphylococcus aureus,Morocco,504,2022,23.58,23.6,Percentage of bloodstream infection due to methicillin-resistant Staphylococcus aureus (MRSA) among patients seeking care and whose blood sample is taken and tested. AMR Surveillance National Coordinating Center,AMR_INFECT_MRSA,,RATE_PER_100,PUBLISHED,percent,WHO RELAY / GLASS AMR indicator export
MRSA_bloodstream_resistance,Methicillin-resistant Staphylococcus aureus,Morocco,504,2023,21.64,21.6,Percentage of bloodstream infection due to methicillin-resistant Staphylococcus aureus (MRSA) among patients seeking care and whose blood sample is taken and tested. AMR Surveillance National Coordinating Center,AMR_INFECT_MRSA,,RATE_PER_100,PUBLISHED,percent,WHO RELAY / GLASS AMR indicator export
MRSA_bloodstream_resistance,Methicillin-resistant Staphylococcus aureus,Mozambique,508,2018,20.0,20,Percentage of bloodstream infection due to methicillin-resistant Staphylococcus aureus (MRSA) among patients seeking care and whose blood sample is taken and tested. AMR Surveillance National Coordinating Center,AMR_INFECT_MRSA,,RATE_PER_100,PUBLISHED,percent,WHO RELAY / GLASS AMR indicator export
MRSA_bloodstream_resistance,Methicillin-resistant Staphylococcus aureus,Mozambique,508,2019,10.34,10.3,Percentage of bloodstream infection due to methicillin-resistant Staphylococcus aureus (MRSA) among patients seeking care and whose blood sample is taken and tested. AMR Surveillance National Coordinating Center,AMR_INFECT_MRSA,,RATE_PER_100,PUBLISHED,percent,WHO RELAY / GLASS AMR indicator export
MRSA_bloodstream_resistance,Methicillin-resistant Staphylococcus aureus,Mozambique,508,2020,25.0,25,Percentage of bloodstream infection due to methicillin-resistant Staphylococcus aureus (MRSA) among patients seeking care and whose blood sample is taken and tested. AMR Surveillance National Coordinating Center,AMR_INFECT_MRSA,,RATE_PER_100,PUBLISHED,percent,WHO RELAY / GLASS AMR indicator export
MRSA_bloodstream_resistance,Methicillin-resistant Staphylococcus aureus,Mozambique,508,2021,25.0,25,Percentage of bloodstream infection due to methicillin-resistant Staphylococcus aureus (MRSA) among patients seeking care and whose blood sample is taken and tested. AMR Surveillance National Coordinating Center,AMR_INFECT_MRSA,,RATE_PER_100,PUBLISHED,percent,WHO RELAY / GLASS AMR indicator export
MRSA_bloodstream_resistance,Methicillin-resistant Staphylococcus aureus,Mozambique,508,2022,6.67,6.7,Percentage of bloodstream infection due to methicillin-resistant Staphylococcus aureus (MRSA) among patients seeking care and whose blood sample is taken and tested. AMR Surveillance National Coordinating Center,AMR_INFECT_MRSA,,RATE_PER_100,PUBLISHED,percent,WHO RELAY / GLASS AMR indicator export
MRSA_bloodstream_resistance,Methicillin-resistant Staphylococcus aureus,Mozambique,508,2023,16.67,16.7,Percentage of bloodstream infection due to methicillin-resistant Staphylococcus aureus (MRSA) among patients seeking care and whose blood sample is taken and tested. AMR Surveillance National Coordinating Center,AMR_INFECT_MRSA,,RATE_PER_100,PUBLISHED,percent,WHO RELAY / GLASS AMR indicator export
MRSA_bloodstream_resistance,Methicillin-resistant Staphylococcus aureus,Myanmar,104,2018,74.1,74.1,Percentage of bloodstream infection due to methicillin-resistant Staphylococcus aureus (MRSA) among patients seeking care and whose blood sample is taken and tested. AMR Surveillance National Coordinating Center,AMR_INFECT_MRSA,,RATE_PER_100,PUBLISHED,percent,WHO RELAY / GLASS AMR indicator export
MRSA_bloodstream_resistance,Methicillin-resistant Staphylococcus aureus,Myanmar,104,2019,55.61,55.6,Percentage of bloodstream infection due to methicillin-resistant Staphylococcus aureus (MRSA) among patients seeking care and whose blood sample is taken and tested. AMR Surveillance National Coordinating Center,AMR_INFECT_MRSA,,RATE_PER_100,PUBLISHED,percent,WHO RELAY / GLASS AMR indicator export
MRSA_bloodstream_resistance,Methicillin-resistant Staphylococcus aureus,Myanmar,104,2020,50.97,51,Percentage of bloodstream infection due to methicillin-resistant Staphylococcus aureus (MRSA) among patients seeking care and whose blood sample is taken and tested. AMR Surveillance National Coordinating Center,AMR_INFECT_MRSA,,RATE_PER_100,PUBLISHED,percent,WHO RELAY / GLASS AMR indicator export
MRSA_bloodstream_resistance,Methicillin-resistant Staphylococcus aureus,Myanmar,104,2022,66.67,66.7,Percentage of bloodstream infection due to methicillin-resistant Staphylococcus aureus (MRSA) among patients seeking care and whose blood sample is taken and tested. AMR Surveillance National Coordinating Center,AMR_INFECT_MRSA,,RATE_PER_100,PUBLISHED,percent,WHO RELAY / GLASS AMR indicator export
MRSA_bloodstream_resistance,Methicillin-resistant Staphylococcus aureus,Myanmar,104,2023,40.0,40,Percentage of bloodstream infection due to methicillin-resistant Staphylococcus aureus (MRSA) among patients seeking care and whose blood sample is taken and tested. AMR Surveillance National Coordinating Center,AMR_INFECT_MRSA,,RATE_PER_100,PUBLISHED,percent,WHO RELAY / GLASS AMR indicator export
MRSA_bloodstream_resistance,Methicillin-resistant Staphylococcus aureus,Namibia,516,2022,0.0,0,Percentage of bloodstream infection due to methicillin-resistant Staphylococcus aureus (MRSA) among patients seeking care and whose blood sample is taken and tested. AMR Surveillance National Coordinating Center,AMR_INFECT_MRSA,,RATE_PER_100,PUBLISHED,percent,WHO RELAY / GLASS AMR indicator export
MRSA_bloodstream_resistance,Methicillin-resistant Staphylococcus aureus,Namibia,516,2023,30.43,30.4,Percentage of bloodstream infection due to methicillin-resistant Staphylococcus aureus (MRSA) among patients seeking care and whose blood sample is taken and tested. AMR Surveillance National Coordinating Center,AMR_INFECT_MRSA,,RATE_PER_100,PUBLISHED,percent,WHO RELAY / GLASS AMR indicator export
MRSA_bloodstream_resistance,Methicillin-resistant Staphylococcus aureus,Nepal,524,2018,55.6,55.6,Percentage of bloodstream infection due to methicillin-resistant Staphylococcus aureus (MRSA) among patients seeking care and whose blood sample is taken and tested. AMR Surveillance National Coordinating Center,AMR_INFECT_MRSA,,RATE_PER_100,PUBLISHED,percent,WHO RELAY / GLASS AMR indicator export
MRSA_bloodstream_resistance,Methicillin-resistant Staphylococcus aureus,Nepal,524,2020,79.01,79,Percentage of bloodstream infection due to methicillin-resistant Staphylococcus aureus (MRSA) among patients seeking care and whose blood sample is taken and tested. AMR Surveillance National Coordinating Center,AMR_INFECT_MRSA,,RATE_PER_100,PUBLISHED,percent,WHO RELAY / GLASS AMR indicator export
MRSA_bloodstream_resistance,Methicillin-resistant Staphylococcus aureus,Nepal,524,2021,57.89,57.9,Percentage of bloodstream infection due to methicillin-resistant Staphylococcus aureus (MRSA) among patients seeking care and whose blood sample is taken and tested. AMR Surveillance National Coordinating Center,AMR_INFECT_MRSA,,RATE_PER_100,PUBLISHED,percent,WHO RELAY / GLASS AMR indicator export
MRSA_bloodstream_resistance,Methicillin-resistant Staphylococcus aureus,Nepal,524,2022,83.33,83.3,Percentage of bloodstream infection due to methicillin-resistant Staphylococcus aureus (MRSA) among patients seeking care and whose blood sample is taken and tested. AMR Surveillance National Coordinating Center,AMR_INFECT_MRSA,,RATE_PER_100,PUBLISHED,percent,WHO RELAY / GLASS AMR indicator export
MRSA_bloodstream_resistance,Methicillin-resistant Staphylococcus aureus,Nepal,524,2023,78.38,78.4,Percentage of bloodstream infection due to methicillin-resistant Staphylococcus aureus (MRSA) among patients seeking care and whose blood sample is taken and tested. AMR Surveillance National Coordinating Center,AMR_INFECT_MRSA,,RATE_PER_100,PUBLISHED,percent,WHO RELAY / GLASS AMR indicator export
MRSA_bloodstream_resistance,Methicillin-resistant Staphylococcus aureus,Netherlands,528,2017,1.5,1.5,Percentage of bloodstream infection due to methicillin-resistant Staphylococcus aureus (MRSA) among patients seeking care and whose blood sample is taken and tested. AMR Surveillance National Coordinating Center,AMR_INFECT_MRSA,,RATE_PER_100,PUBLISHED,percent,WHO RELAY / GLASS AMR indicator export
MRSA_bloodstream_resistance,Methicillin-resistant Staphylococcus aureus,Netherlands,528,2018,1.2,1.2,Percentage of bloodstream infection due to methicillin-resistant Staphylococcus aureus (MRSA) among patients seeking care and whose blood sample is taken and tested. AMR Surveillance National Coordinating Center,AMR_INFECT_MRSA,,RATE_PER_100,PUBLISHED,percent,WHO RELAY / GLASS AMR indicator export
MRSA_bloodstream_resistance,Methicillin-resistant Staphylococcus aureus,Netherlands,528,2019,1.65,1.6,Percentage of bloodstream infection due to methicillin-resistant Staphylococcus aureus (MRSA) among patients seeking care and whose blood sample is taken and tested. AMR Surveillance National Coordinating Center,AMR_INFECT_MRSA,,RATE_PER_100,PUBLISHED,percent,WHO RELAY / GLASS AMR indicator export
MRSA_bloodstream_resistance,Methicillin-resistant Staphylococcus aureus,Netherlands,528,2020,1.54,1.5,Percentage of bloodstream infection due to methicillin-resistant Staphylococcus aureus (MRSA) among patients seeking care and whose blood sample is taken and tested. AMR Surveillance National Coordinating Center,AMR_INFECT_MRSA,,RATE_PER_100,PUBLISHED,percent,WHO RELAY / GLASS AMR indicator export
MRSA_bloodstream_resistance,Methicillin-resistant Staphylococcus aureus,Netherlands,528,2021,1.61,1.6,Percentage of bloodstream infection due to methicillin-resistant Staphylococcus aureus (MRSA) among patients seeking care and whose blood sample is taken and tested. AMR Surveillance National Coordinating Center,AMR_INFECT_MRSA,,RATE_PER_100,PUBLISHED,percent,WHO RELAY / GLASS AMR indicator export
MRSA_bloodstream_resistance,Methicillin-resistant Staphylococcus aureus,Netherlands,528,2022,2.31,2.3,Percentage of bloodstream infection due to methicillin-resistant Staphylococcus aureus (MRSA) among patients seeking care and whose blood sample is taken and tested. AMR Surveillance National Coordinating Center,AMR_INFECT_MRSA,,RATE_PER_100,PUBLISHED,percent,WHO RELAY / GLASS AMR indicator export
MRSA_bloodstream_resistance,Methicillin-resistant Staphylococcus aureus,Netherlands,528,2023,1.4,1.4,Percentage of bloodstream infection due to methicillin-resistant Staphylococcus aureus (MRSA) among patients seeking care and whose blood sample is taken and tested. AMR Surveillance National Coordinating Center,AMR_INFECT_MRSA,,RATE_PER_100,PUBLISHED,percent,WHO RELAY / GLASS AMR indicator export
MRSA_bloodstream_resistance,Methicillin-resistant Staphylococcus aureus,Nigeria,566,2017,62.8,62.8,Percentage of bloodstream infection due to methicillin-resistant Staphylococcus aureus (MRSA) among patients seeking care and whose blood sample is taken and tested. AMR Surveillance National Coordinating Center,AMR_INFECT_MRSA,,RATE_PER_100,PUBLISHED,percent,WHO RELAY / GLASS AMR indicator export
MRSA_bloodstream_resistance,Methicillin-resistant Staphylococcus aureus,Nigeria,566,2018,65.8,65.8,Percentage of bloodstream infection due to methicillin-resistant Staphylococcus aureus (MRSA) among patients seeking care and whose blood sample is taken and tested. AMR Surveillance National Coordinating Center,AMR_INFECT_MRSA,,RATE_PER_100,PUBLISHED,percent,WHO RELAY / GLASS AMR indicator export
MRSA_bloodstream_resistance,Methicillin-resistant Staphylococcus aureus,Nigeria,566,2020,75.41,75.4,Percentage of bloodstream infection due to methicillin-resistant Staphylococcus aureus (MRSA) among patients seeking care and whose blood sample is taken and tested. AMR Surveillance National Coordinating Center,AMR_INFECT_MRSA,,RATE_PER_100,PUBLISHED,percent,WHO RELAY / GLASS AMR indicator export
MRSA_bloodstream_resistance,Methicillin-resistant Staphylococcus aureus,Nigeria,566,2021,66.67,66.7,Percentage of bloodstream infection due to methicillin-resistant Staphylococcus aureus (MRSA) among patients seeking care and whose blood sample is taken and tested. AMR Surveillance National Coordinating Center,AMR_INFECT_MRSA,,RATE_PER_100,PUBLISHED,percent,WHO RELAY / GLASS AMR indicator export
MRSA_bloodstream_resistance,Methicillin-resistant Staphylococcus aureus,Nigeria,566,2022,65.09,65.1,Percentage of bloodstream infection due to methicillin-resistant Staphylococcus aureus (MRSA) among patients seeking care and whose blood sample is taken and tested. AMR Surveillance National Coordinating Center,AMR_INFECT_MRSA,,RATE_PER_100,PUBLISHED,percent,WHO RELAY / GLASS AMR indicator export
MRSA_bloodstream_resistance,Methicillin-resistant Staphylococcus aureus,Nigeria,566,2023,68.82,68.8,Percentage of bloodstream infection due to methicillin-resistant Staphylococcus aureus (MRSA) among patients seeking care and whose blood sample is taken and tested. AMR Surveillance National Coordinating Center,AMR_INFECT_MRSA,,RATE_PER_100,PUBLISHED,percent,WHO RELAY / GLASS AMR indicator export
MRSA_bloodstream_resistance,Methicillin-resistant Staphylococcus aureus,North Macedonia,807,2016,48.5,48.5,Percentage of bloodstream infection due to methicillin-resistant Staphylococcus aureus (MRSA) among patients seeking care and whose blood sample is taken and tested. AMR Surveillance National Coordinating Center,AMR_INFECT_MRSA,,RATE_PER_100,PUBLISHED,percent,WHO RELAY / GLASS AMR indicator export
MRSA_bloodstream_resistance,Methicillin-resistant Staphylococcus aureus,North Macedonia,807,2017,54.4,54.4,Percentage of bloodstream infection due to methicillin-resistant Staphylococcus aureus (MRSA) among patients seeking care and whose blood sample is taken and tested. AMR Surveillance National Coordinating Center,AMR_INFECT_MRSA,,RATE_PER_100,PUBLISHED,percent,WHO RELAY / GLASS AMR indicator export
MRSA_bloodstream_resistance,Methicillin-resistant Staphylococcus aureus,North Macedonia,807,2018,53.5,53.5,Percentage of bloodstream infection due to methicillin-resistant Staphylococcus aureus (MRSA) among patients seeking care and whose blood sample is taken and tested. AMR Surveillance National Coordinating Center,AMR_INFECT_MRSA,,RATE_PER_100,PUBLISHED,percent,WHO RELAY / GLASS AMR indicator export
MRSA_bloodstream_resistance,Methicillin-resistant Staphylococcus aureus,North Macedonia,807,2019,45.0,45,Percentage of bloodstream infection due to methicillin-resistant Staphylococcus aureus (MRSA) among patients seeking care and whose blood sample is taken and tested. AMR Surveillance National Coordinating Center,AMR_INFECT_MRSA,,RATE_PER_100,PUBLISHED,percent,WHO RELAY / GLASS AMR indicator export
MRSA_bloodstream_resistance,Methicillin-resistant Staphylococcus aureus,North Macedonia,807,2020,100.0,100,Percentage of bloodstream infection due to methicillin-resistant Staphylococcus aureus (MRSA) among patients seeking care and whose blood sample is taken and tested. AMR Surveillance National Coordinating Center,AMR_INFECT_MRSA,,RATE_PER_100,PUBLISHED,percent,WHO RELAY / GLASS AMR indicator export
MRSA_bloodstream_resistance,Methicillin-resistant Staphylococcus aureus,North Macedonia,807,2021,80.77,80.8,Percentage of bloodstream infection due to methicillin-resistant Staphylococcus aureus (MRSA) among patients seeking care and whose blood sample is taken and tested. AMR Surveillance National Coordinating Center,AMR_INFECT_MRSA,,RATE_PER_100,PUBLISHED,percent,WHO RELAY / GLASS AMR indicator export
MRSA_bloodstream_resistance,Methicillin-resistant Staphylococcus aureus,North Macedonia,807,2022,53.85,53.8,Percentage of bloodstream infection due to methicillin-resistant Staphylococcus aureus (MRSA) among patients seeking care and whose blood sample is taken and tested. AMR Surveillance National Coordinating Center,AMR_INFECT_MRSA,,RATE_PER_100,PUBLISHED,percent,WHO RELAY / GLASS AMR indicator export
MRSA_bloodstream_resistance,Methicillin-resistant Staphylococcus aureus,North Macedonia,807,2023,41.46,41.5,Percentage of bloodstream infection due to methicillin-resistant Staphylococcus aureus (MRSA) among patients seeking care and whose blood sample is taken and tested. AMR Surveillance National Coordinating Center,AMR_INFECT_MRSA,,RATE_PER_100,PUBLISHED,percent,WHO RELAY / GLASS AMR indicator export
MRSA_bloodstream_resistance,Methicillin-resistant Staphylococcus aureus,Norway,578,2016,1.1,1.1,Percentage of bloodstream infection due to methicillin-resistant Staphylococcus aureus (MRSA) among patients seeking care and whose blood sample is taken and tested. AMR Surveillance National Coordinating Center,AMR_INFECT_MRSA,,RATE_PER_100,PUBLISHED,percent,WHO RELAY / GLASS AMR indicator export
MRSA_bloodstream_resistance,Methicillin-resistant Staphylococcus aureus,Norway,578,2017,1.0,1,Percentage of bloodstream infection due to methicillin-resistant Staphylococcus aureus (MRSA) among patients seeking care and whose blood sample is taken and tested. AMR Surveillance National Coordinating Center,AMR_INFECT_MRSA,,RATE_PER_100,PUBLISHED,percent,WHO RELAY / GLASS AMR indicator export
MRSA_bloodstream_resistance,Methicillin-resistant Staphylococcus aureus,Norway,578,2018,0.9,0.9,Percentage of bloodstream infection due to methicillin-resistant Staphylococcus aureus (MRSA) among patients seeking care and whose blood sample is taken and tested. AMR Surveillance National Coordinating Center,AMR_INFECT_MRSA,,RATE_PER_100,PUBLISHED,percent,WHO RELAY / GLASS AMR indicator export
MRSA_bloodstream_resistance,Methicillin-resistant Staphylococcus aureus,Norway,578,2019,1.27,1.3,Percentage of bloodstream infection due to methicillin-resistant Staphylococcus aureus (MRSA) among patients seeking care and whose blood sample is taken and tested. AMR Surveillance National Coordinating Center,AMR_INFECT_MRSA,,RATE_PER_100,PUBLISHED,percent,WHO RELAY / GLASS AMR indicator export
MRSA_bloodstream_resistance,Methicillin-resistant Staphylococcus aureus,Norway,578,2020,2.01,2,Percentage of bloodstream infection due to methicillin-resistant Staphylococcus aureus (MRSA) among patients seeking care and whose blood sample is taken and tested. AMR Surveillance National Coordinating Center,AMR_INFECT_MRSA,,RATE_PER_100,PUBLISHED,percent,WHO RELAY / GLASS AMR indicator export
MRSA_bloodstream_resistance,Methicillin-resistant Staphylococcus aureus,Norway,578,2021,0.94,0.9,Percentage of bloodstream infection due to methicillin-resistant Staphylococcus aureus (MRSA) among patients seeking care and whose blood sample is taken and tested. AMR Surveillance National Coordinating Center,AMR_INFECT_MRSA,,RATE_PER_100,PUBLISHED,percent,WHO RELAY / GLASS AMR indicator export
MRSA_bloodstream_resistance,Methicillin-resistant Staphylococcus aureus,Norway,578,2023,2.09,2.1,Percentage of bloodstream infection due to methicillin-resistant Staphylococcus aureus (MRSA) among patients seeking care and whose blood sample is taken and tested. AMR Surveillance National Coordinating Center,AMR_INFECT_MRSA,,RATE_PER_100,PUBLISHED,percent,WHO RELAY / GLASS AMR indicator export
MRSA_bloodstream_resistance,Methicillin-resistant Staphylococcus aureus,Oman,512,2017,41.1,41.1,Percentage of bloodstream infection due to methicillin-resistant Staphylococcus aureus (MRSA) among patients seeking care and whose blood sample is taken and tested. AMR Surveillance National Coordinating Center,AMR_INFECT_MRSA,,RATE_PER_100,PUBLISHED,percent,WHO RELAY / GLASS AMR indicator export
MRSA_bloodstream_resistance,Methicillin-resistant Staphylococcus aureus,Oman,512,2018,50.0,50,Percentage of bloodstream infection due to methicillin-resistant Staphylococcus aureus (MRSA) among patients seeking care and whose blood sample is taken and tested. AMR Surveillance National Coordinating Center,AMR_INFECT_MRSA,,RATE_PER_100,PUBLISHED,percent,WHO RELAY / GLASS AMR indicator export
MRSA_bloodstream_resistance,Methicillin-resistant Staphylococcus aureus,Oman,512,2020,31.82,31.8,Percentage of bloodstream infection due to methicillin-resistant Staphylococcus aureus (MRSA) among patients seeking care and whose blood sample is taken and tested. AMR Surveillance National Coordinating Center,AMR_INFECT_MRSA,,RATE_PER_100,PUBLISHED,percent,WHO RELAY / GLASS AMR indicator export
MRSA_bloodstream_resistance,Methicillin-resistant Staphylococcus aureus,Oman,512,2021,41.46,41.5,Percentage of bloodstream infection due to methicillin-resistant Staphylococcus aureus (MRSA) among patients seeking care and whose blood sample is taken and tested. AMR Surveillance National Coordinating Center,AMR_INFECT_MRSA,,RATE_PER_100,PUBLISHED,percent,WHO RELAY / GLASS AMR indicator export
MRSA_bloodstream_resistance,Methicillin-resistant Staphylococcus aureus,Oman,512,2022,28.57,28.6,Percentage of bloodstream infection due to methicillin-resistant Staphylococcus aureus (MRSA) among patients seeking care and whose blood sample is taken and tested. AMR Surveillance National Coordinating Center,AMR_INFECT_MRSA,,RATE_PER_100,PUBLISHED,percent,WHO RELAY / GLASS AMR indicator export
MRSA_bloodstream_resistance,Methicillin-resistant Staphylococcus aureus,Oman,512,2023,100.0,100,Percentage of bloodstream infection due to methicillin-resistant Staphylococcus aureus (MRSA) among patients seeking care and whose blood sample is taken and tested. AMR Surveillance National Coordinating Center,AMR_INFECT_MRSA,,RATE_PER_100,PUBLISHED,percent,WHO RELAY / GLASS AMR indicator export
MRSA_bloodstream_resistance,Methicillin-resistant Staphylococcus aureus,Pakistan,586,2017,62.7,62.7,Percentage of bloodstream infection due to methicillin-resistant Staphylococcus aureus (MRSA) among patients seeking care and whose blood sample is taken and tested. AMR Surveillance National Coordinating Center,AMR_INFECT_MRSA,,RATE_PER_100,PUBLISHED,percent,WHO RELAY / GLASS AMR indicator export
MRSA_bloodstream_resistance,Methicillin-resistant Staphylococcus aureus,Pakistan,586,2018,28.6,28.6,Percentage of bloodstream infection due to methicillin-resistant Staphylococcus aureus (MRSA) among patients seeking care and whose blood sample is taken and tested. AMR Surveillance National Coordinating Center,AMR_INFECT_MRSA,,RATE_PER_100,PUBLISHED,percent,WHO RELAY / GLASS AMR indicator export
MRSA_bloodstream_resistance,Methicillin-resistant Staphylococcus aureus,Pakistan,586,2019,64.98,65,Percentage of bloodstream infection due to methicillin-resistant Staphylococcus aureus (MRSA) among patients seeking care and whose blood sample is taken and tested. AMR Surveillance National Coordinating Center,AMR_INFECT_MRSA,,RATE_PER_100,PUBLISHED,percent,WHO RELAY / GLASS AMR indicator export
MRSA_bloodstream_resistance,Methicillin-resistant Staphylococcus aureus,Pakistan,586,2020,69.49,69.5,Percentage of bloodstream infection due to methicillin-resistant Staphylococcus aureus (MRSA) among patients seeking care and whose blood sample is taken and tested. AMR Surveillance National Coordinating Center,AMR_INFECT_MRSA,,RATE_PER_100,PUBLISHED,percent,WHO RELAY / GLASS AMR indicator export
MRSA_bloodstream_resistance,Methicillin-resistant Staphylococcus aureus,Pakistan,586,2021,82.56,82.6,Percentage of bloodstream infection due to methicillin-resistant Staphylococcus aureus (MRSA) among patients seeking care and whose blood sample is taken and tested. AMR Surveillance National Coordinating Center,AMR_INFECT_MRSA,,RATE_PER_100,PUBLISHED,percent,WHO RELAY / GLASS AMR indicator export
MRSA_bloodstream_resistance,Methicillin-resistant Staphylococcus aureus,Pakistan,586,2022,67.06,67.1,Percentage of bloodstream infection due to methicillin-resistant Staphylococcus aureus (MRSA) among patients seeking care and whose blood sample is taken and tested. AMR Surveillance National Coordinating Center,AMR_INFECT_MRSA,,RATE_PER_100,PUBLISHED,percent,WHO RELAY / GLASS AMR indicator export
MRSA_bloodstream_resistance,Methicillin-resistant Staphylococcus aureus,Pakistan,586,2023,71.19,71.2,Percentage of bloodstream infection due to methicillin-resistant Staphylococcus aureus (MRSA) among patients seeking care and whose blood sample is taken and tested. AMR Surveillance National Coordinating Center,AMR_INFECT_MRSA,,RATE_PER_100,PUBLISHED,percent,WHO RELAY / GLASS AMR indicator export
MRSA_bloodstream_resistance,Methicillin-resistant Staphylococcus aureus,"Palestine, State of",275,2019,81.78,81.8,Percentage of bloodstream infection due to methicillin-resistant Staphylococcus aureus (MRSA) among patients seeking care and whose blood sample is taken and tested. AMR Surveillance National Coordinating Center,AMR_INFECT_MRSA,,RATE_PER_100,PUBLISHED,percent,WHO RELAY / GLASS AMR indicator export
MRSA_bloodstream_resistance,Methicillin-resistant Staphylococcus aureus,"Palestine, State of",275,2020,89.49,89.5,Percentage of bloodstream infection due to methicillin-resistant Staphylococcus aureus (MRSA) among patients seeking care and whose blood sample is taken and tested. AMR Surveillance National Coordinating Center,AMR_INFECT_MRSA,,RATE_PER_100,PUBLISHED,percent,WHO RELAY / GLASS AMR indicator export
MRSA_bloodstream_resistance,Methicillin-resistant Staphylococcus aureus,"Palestine, State of",275,2021,73.3,73.3,Percentage of bloodstream infection due to methicillin-resistant Staphylococcus aureus (MRSA) among patients seeking care and whose blood sample is taken and tested. AMR Surveillance National Coordinating Center,AMR_INFECT_MRSA,,RATE_PER_100,PUBLISHED,percent,WHO RELAY / GLASS AMR indicator export
MRSA_bloodstream_resistance,Methicillin-resistant Staphylococcus aureus,"Palestine, State of",275,2023,11.43,11.4,Percentage of bloodstream infection due to methicillin-resistant Staphylococcus aureus (MRSA) among patients seeking care and whose blood sample is taken and tested. AMR Surveillance National Coordinating Center,AMR_INFECT_MRSA,,RATE_PER_100,PUBLISHED,percent,WHO RELAY / GLASS AMR indicator export
MRSA_bloodstream_resistance,Methicillin-resistant Staphylococcus aureus,Papua New Guinea,598,2022,65.52,65.5,Percentage of bloodstream infection due to methicillin-resistant Staphylococcus aureus (MRSA) among patients seeking care and whose blood sample is taken and tested. AMR Surveillance National Coordinating Center,AMR_INFECT_MRSA,,RATE_PER_100,PUBLISHED,percent,WHO RELAY / GLASS AMR indicator export
MRSA_bloodstream_resistance,Methicillin-resistant Staphylococcus aureus,Papua New Guinea,598,2023,68.09,68.1,Percentage of bloodstream infection due to methicillin-resistant Staphylococcus aureus (MRSA) among patients seeking care and whose blood sample is taken and tested. AMR Surveillance National Coordinating Center,AMR_INFECT_MRSA,,RATE_PER_100,PUBLISHED,percent,WHO RELAY / GLASS AMR indicator export
MRSA_bloodstream_resistance,Methicillin-resistant Staphylococcus aureus,Peru,604,2020,47.06,47.1,Percentage of bloodstream infection due to methicillin-resistant Staphylococcus aureus (MRSA) among patients seeking care and whose blood sample is taken and tested. AMR Surveillance National Coordinating Center,AMR_INFECT_MRSA,,RATE_PER_100,PUBLISHED,percent,WHO RELAY / GLASS AMR indicator export
MRSA_bloodstream_resistance,Methicillin-resistant Staphylococcus aureus,Peru,604,2021,81.54,81.5,Percentage of bloodstream infection due to methicillin-resistant Staphylococcus aureus (MRSA) among patients seeking care and whose blood sample is taken and tested. AMR Surveillance National Coordinating Center,AMR_INFECT_MRSA,,RATE_PER_100,PUBLISHED,percent,WHO RELAY / GLASS AMR indicator export
MRSA_bloodstream_resistance,Methicillin-resistant Staphylococcus aureus,Peru,604,2022,49.15,49.2,Percentage of bloodstream infection due to methicillin-resistant Staphylococcus aureus (MRSA) among patients seeking care and whose blood sample is taken and tested. AMR Surveillance National Coordinating Center,AMR_INFECT_MRSA,,RATE_PER_100,PUBLISHED,percent,WHO RELAY / GLASS AMR indicator export
MRSA_bloodstream_resistance,Methicillin-resistant Staphylococcus aureus,Peru,604,2023,38.71,38.7,Percentage of bloodstream infection due to methicillin-resistant Staphylococcus aureus (MRSA) among patients seeking care and whose blood sample is taken and tested. AMR Surveillance National Coordinating Center,AMR_INFECT_MRSA,,RATE_PER_100,PUBLISHED,percent,WHO RELAY / GLASS AMR indicator export
MRSA_bloodstream_resistance,Methicillin-resistant Staphylococcus aureus,Philippines,608,2016,66.1,66.1,Percentage of bloodstream infection due to methicillin-resistant Staphylococcus aureus (MRSA) among patients seeking care and whose blood sample is taken and tested. AMR Surveillance National Coordinating Center,AMR_INFECT_MRSA,,RATE_PER_100,PUBLISHED,percent,WHO RELAY / GLASS AMR indicator export
MRSA_bloodstream_resistance,Methicillin-resistant Staphylococcus aureus,Philippines,608,2017,58.1,58.1,Percentage of bloodstream infection due to methicillin-resistant Staphylococcus aureus (MRSA) among patients seeking care and whose blood sample is taken and tested. AMR Surveillance National Coordinating Center,AMR_INFECT_MRSA,,RATE_PER_100,PUBLISHED,percent,WHO RELAY / GLASS AMR indicator export
MRSA_bloodstream_resistance,Methicillin-resistant Staphylococcus aureus,Philippines,608,2018,55.4,55.4,Percentage of bloodstream infection due to methicillin-resistant Staphylococcus aureus (MRSA) among patients seeking care and whose blood sample is taken and tested. AMR Surveillance National Coordinating Center,AMR_INFECT_MRSA,,RATE_PER_100,PUBLISHED,percent,WHO RELAY / GLASS AMR indicator export
MRSA_bloodstream_resistance,Methicillin-resistant Staphylococcus aureus,Philippines,608,2019,50.88,50.9,Percentage of bloodstream infection due to methicillin-resistant Staphylococcus aureus (MRSA) among patients seeking care and whose blood sample is taken and tested. AMR Surveillance National Coordinating Center,AMR_INFECT_MRSA,,RATE_PER_100,PUBLISHED,percent,WHO RELAY / GLASS AMR indicator export
MRSA_bloodstream_resistance,Methicillin-resistant Staphylococcus aureus,Philippines,608,2020,45.69,45.7,Percentage of bloodstream infection due to methicillin-resistant Staphylococcus aureus (MRSA) among patients seeking care and whose blood sample is taken and tested. AMR Surveillance National Coordinating Center,AMR_INFECT_MRSA,,RATE_PER_100,PUBLISHED,percent,WHO RELAY / GLASS AMR indicator export
MRSA_bloodstream_resistance,Methicillin-resistant Staphylococcus aureus,Philippines,608,2021,44.6,44.6,Percentage of bloodstream infection due to methicillin-resistant Staphylococcus aureus (MRSA) among patients seeking care and whose blood sample is taken and tested. AMR Surveillance National Coordinating Center,AMR_INFECT_MRSA,,RATE_PER_100,PUBLISHED,percent,WHO RELAY / GLASS AMR indicator export
MRSA_bloodstream_resistance,Methicillin-resistant Staphylococcus aureus,Philippines,608,2022,44.43,44.4,Percentage of bloodstream infection due to methicillin-resistant Staphylococcus aureus (MRSA) among patients seeking care and whose blood sample is taken and tested. AMR Surveillance National Coordinating Center,AMR_INFECT_MRSA,,RATE_PER_100,PUBLISHED,percent,WHO RELAY / GLASS AMR indicator export
MRSA_bloodstream_resistance,Methicillin-resistant Staphylococcus aureus,Philippines,608,2023,40.39,40.4,Percentage of bloodstream infection due to methicillin-resistant Staphylococcus aureus (MRSA) among patients seeking care and whose blood sample is taken and tested. AMR Surveillance National Coordinating Center,AMR_INFECT_MRSA,,RATE_PER_100,PUBLISHED,percent,WHO RELAY / GLASS AMR indicator export
MRSA_bloodstream_resistance,Methicillin-resistant Staphylococcus aureus,Poland,616,2017,15.2,15.2,Percentage of bloodstream infection due to methicillin-resistant Staphylococcus aureus (MRSA) among patients seeking care and whose blood sample is taken and tested. AMR Surveillance National Coordinating Center,AMR_INFECT_MRSA,,RATE_PER_100,PUBLISHED,percent,WHO RELAY / GLASS AMR indicator export
MRSA_bloodstream_resistance,Methicillin-resistant Staphylococcus aureus,Poland,616,2018,15.9,15.9,Percentage of bloodstream infection due to methicillin-resistant Staphylococcus aureus (MRSA) among patients seeking care and whose blood sample is taken and tested. AMR Surveillance National Coordinating Center,AMR_INFECT_MRSA,,RATE_PER_100,PUBLISHED,percent,WHO RELAY / GLASS AMR indicator export
MRSA_bloodstream_resistance,Methicillin-resistant Staphylococcus aureus,Poland,616,2019,14.94,14.9,Percentage of bloodstream infection due to methicillin-resistant Staphylococcus aureus (MRSA) among patients seeking care and whose blood sample is taken and tested. AMR Surveillance National Coordinating Center,AMR_INFECT_MRSA,,RATE_PER_100,PUBLISHED,percent,WHO RELAY / GLASS AMR indicator export
MRSA_bloodstream_resistance,Methicillin-resistant Staphylococcus aureus,Poland,616,2020,14.7,14.7,Percentage of bloodstream infection due to methicillin-resistant Staphylococcus aureus (MRSA) among patients seeking care and whose blood sample is taken and tested. AMR Surveillance National Coordinating Center,AMR_INFECT_MRSA,,RATE_PER_100,PUBLISHED,percent,WHO RELAY / GLASS AMR indicator export
MRSA_bloodstream_resistance,Methicillin-resistant Staphylococcus aureus,Poland,616,2021,16.52,16.5,Percentage of bloodstream infection due to methicillin-resistant Staphylococcus aureus (MRSA) among patients seeking care and whose blood sample is taken and tested. AMR Surveillance National Coordinating Center,AMR_INFECT_MRSA,,RATE_PER_100,PUBLISHED,percent,WHO RELAY / GLASS AMR indicator export
MRSA_bloodstream_resistance,Methicillin-resistant Staphylococcus aureus,Poland,616,2022,13.66,13.7,Percentage of bloodstream infection due to methicillin-resistant Staphylococcus aureus (MRSA) among patients seeking care and whose blood sample is taken and tested. AMR Surveillance National Coordinating Center,AMR_INFECT_MRSA,,RATE_PER_100,PUBLISHED,percent,WHO RELAY / GLASS AMR indicator export
MRSA_bloodstream_resistance,Methicillin-resistant Staphylococcus aureus,Poland,616,2023,15.28,15.3,Percentage of bloodstream infection due to methicillin-resistant Staphylococcus aureus (MRSA) among patients seeking care and whose blood sample is taken and tested. AMR Surveillance National Coordinating Center,AMR_INFECT_MRSA,,RATE_PER_100,PUBLISHED,percent,WHO RELAY / GLASS AMR indicator export
MRSA_bloodstream_resistance,Methicillin-resistant Staphylococcus aureus,Qatar,634,2019,33.8,33.8,Percentage of bloodstream infection due to methicillin-resistant Staphylococcus aureus (MRSA) among patients seeking care and whose blood sample is taken and tested. AMR Surveillance National Coordinating Center,AMR_INFECT_MRSA,,RATE_PER_100,PUBLISHED,percent,WHO RELAY / GLASS AMR indicator export
MRSA_bloodstream_resistance,Methicillin-resistant Staphylococcus aureus,Qatar,634,2020,32.05,32.1,Percentage of bloodstream infection due to methicillin-resistant Staphylococcus aureus (MRSA) among patients seeking care and whose blood sample is taken and tested. AMR Surveillance National Coordinating Center,AMR_INFECT_MRSA,,RATE_PER_100,PUBLISHED,percent,WHO RELAY / GLASS AMR indicator export
MRSA_bloodstream_resistance,Methicillin-resistant Staphylococcus aureus,Qatar,634,2021,31.62,31.6,Percentage of bloodstream infection due to methicillin-resistant Staphylococcus aureus (MRSA) among patients seeking care and whose blood sample is taken and tested. AMR Surveillance National Coordinating Center,AMR_INFECT_MRSA,,RATE_PER_100,PUBLISHED,percent,WHO RELAY / GLASS AMR indicator export
MRSA_bloodstream_resistance,Methicillin-resistant Staphylococcus aureus,Qatar,634,2022,30.06,30.1,Percentage of bloodstream infection due to methicillin-resistant Staphylococcus aureus (MRSA) among patients seeking care and whose blood sample is taken and tested. AMR Surveillance National Coordinating Center,AMR_INFECT_MRSA,,RATE_PER_100,PUBLISHED,percent,WHO RELAY / GLASS AMR indicator export
MRSA_bloodstream_resistance,Methicillin-resistant Staphylococcus aureus,Qatar,634,2023,40.83,40.8,Percentage of bloodstream infection due to methicillin-resistant Staphylococcus aureus (MRSA) among patients seeking care and whose blood sample is taken and tested. AMR Surveillance National Coordinating Center,AMR_INFECT_MRSA,,RATE_PER_100,PUBLISHED,percent,WHO RELAY / GLASS AMR indicator export
MRSA_bloodstream_resistance,Methicillin-resistant Staphylococcus aureus,Russian Federation,643,2017,16.5,16.5,Percentage of bloodstream infection due to methicillin-resistant Staphylococcus aureus (MRSA) among patients seeking care and whose blood sample is taken and tested. AMR Surveillance National Coordinating Center,AMR_INFECT_MRSA,,RATE_PER_100,PUBLISHED,percent,WHO RELAY / GLASS AMR indicator export
MRSA_bloodstream_resistance,Methicillin-resistant Staphylococcus aureus,Russian Federation,643,2018,14.0,14,Percentage of bloodstream infection due to methicillin-resistant Staphylococcus aureus (MRSA) among patients seeking care and whose blood sample is taken and tested. AMR Surveillance National Coordinating Center,AMR_INFECT_MRSA,,RATE_PER_100,PUBLISHED,percent,WHO RELAY / GLASS AMR indicator export
MRSA_bloodstream_resistance,Methicillin-resistant Staphylococcus aureus,Russian Federation,643,2019,26.67,26.7,Percentage of bloodstream infection due to methicillin-resistant Staphylococcus aureus (MRSA) among patients seeking care and whose blood sample is taken and tested. AMR Surveillance National Coordinating Center,AMR_INFECT_MRSA,,RATE_PER_100,PUBLISHED,percent,WHO RELAY / GLASS AMR indicator export
MRSA_bloodstream_resistance,Methicillin-resistant Staphylococcus aureus,Russian Federation,643,2020,28.89,28.9,Percentage of bloodstream infection due to methicillin-resistant Staphylococcus aureus (MRSA) among patients seeking care and whose blood sample is taken and tested. AMR Surveillance National Coordinating Center,AMR_INFECT_MRSA,,RATE_PER_100,PUBLISHED,percent,WHO RELAY / GLASS AMR indicator export
MRSA_bloodstream_resistance,Methicillin-resistant Staphylococcus aureus,Russian Federation,643,2021,17.04,17,Percentage of bloodstream infection due to methicillin-resistant Staphylococcus aureus (MRSA) among patients seeking care and whose blood sample is taken and tested. AMR Surveillance National Coordinating Center,AMR_INFECT_MRSA,,RATE_PER_100,PUBLISHED,percent,WHO RELAY / GLASS AMR indicator export
MRSA_bloodstream_resistance,Methicillin-resistant Staphylococcus aureus,Russian Federation,643,2022,7.28,7.3,Percentage of bloodstream infection due to methicillin-resistant Staphylococcus aureus (MRSA) among patients seeking care and whose blood sample is taken and tested. AMR Surveillance National Coordinating Center,AMR_INFECT_MRSA,,RATE_PER_100,PUBLISHED,percent,WHO RELAY / GLASS AMR indicator export
MRSA_bloodstream_resistance,Methicillin-resistant Staphylococcus aureus,Russian Federation,643,2023,8.25,8.2,Percentage of bloodstream infection due to methicillin-resistant Staphylococcus aureus (MRSA) among patients seeking care and whose blood sample is taken and tested. AMR Surveillance National Coordinating Center,AMR_INFECT_MRSA,,RATE_PER_100,PUBLISHED,percent,WHO RELAY / GLASS AMR indicator export
MRSA_bloodstream_resistance,Methicillin-resistant Staphylococcus aureus,Saudi Arabia,682,2017,33.1,33.1,Percentage of bloodstream infection due to methicillin-resistant Staphylococcus aureus (MRSA) among patients seeking care and whose blood sample is taken and tested. AMR Surveillance National Coordinating Center,AMR_INFECT_MRSA,,RATE_PER_100,PUBLISHED,percent,WHO RELAY / GLASS AMR indicator export
MRSA_bloodstream_resistance,Methicillin-resistant Staphylococcus aureus,Saudi Arabia,682,2018,46.5,46.5,Percentage of bloodstream infection due to methicillin-resistant Staphylococcus aureus (MRSA) among patients seeking care and whose blood sample is taken and tested. AMR Surveillance National Coordinating Center,AMR_INFECT_MRSA,,RATE_PER_100,PUBLISHED,percent,WHO RELAY / GLASS AMR indicator export
MRSA_bloodstream_resistance,Methicillin-resistant Staphylococcus aureus,Saudi Arabia,682,2019,48.94,48.9,Percentage of bloodstream infection due to methicillin-resistant Staphylococcus aureus (MRSA) among patients seeking care and whose blood sample is taken and tested. AMR Surveillance National Coordinating Center,AMR_INFECT_MRSA,,RATE_PER_100,PUBLISHED,percent,WHO RELAY / GLASS AMR indicator export
MRSA_bloodstream_resistance,Methicillin-resistant Staphylococcus aureus,Saudi Arabia,682,2020,49.09,49.1,Percentage of bloodstream infection due to methicillin-resistant Staphylococcus aureus (MRSA) among patients seeking care and whose blood sample is taken and tested. AMR Surveillance National Coordinating Center,AMR_INFECT_MRSA,,RATE_PER_100,PUBLISHED,percent,WHO RELAY / GLASS AMR indicator export
MRSA_bloodstream_resistance,Methicillin-resistant Staphylococcus aureus,Saudi Arabia,682,2021,50.38,50.4,Percentage of bloodstream infection due to methicillin-resistant Staphylococcus aureus (MRSA) among patients seeking care and whose blood sample is taken and tested. AMR Surveillance National Coordinating Center,AMR_INFECT_MRSA,,RATE_PER_100,PUBLISHED,percent,WHO RELAY / GLASS AMR indicator export
MRSA_bloodstream_resistance,Methicillin-resistant Staphylococcus aureus,Saudi Arabia,682,2022,52.05,52,Percentage of bloodstream infection due to methicillin-resistant Staphylococcus aureus (MRSA) among patients seeking care and whose blood sample is taken and tested. AMR Surveillance National Coordinating Center,AMR_INFECT_MRSA,,RATE_PER_100,PUBLISHED,percent,WHO RELAY / GLASS AMR indicator export
MRSA_bloodstream_resistance,Methicillin-resistant Staphylococcus aureus,Saudi Arabia,682,2023,49.5,49.5,Percentage of bloodstream infection due to methicillin-resistant Staphylococcus aureus (MRSA) among patients seeking care and whose blood sample is taken and tested. AMR Surveillance National Coordinating Center,AMR_INFECT_MRSA,,RATE_PER_100,PUBLISHED,percent,WHO RELAY / GLASS AMR indicator export
MRSA_bloodstream_resistance,Methicillin-resistant Staphylococcus aureus,Singapore,702,2019,28.65,28.6,Percentage of bloodstream infection due to methicillin-resistant Staphylococcus aureus (MRSA) among patients seeking care and whose blood sample is taken and tested. AMR Surveillance National Coordinating Center,AMR_INFECT_MRSA,,RATE_PER_100,PUBLISHED,percent,WHO RELAY / GLASS AMR indicator export
MRSA_bloodstream_resistance,Methicillin-resistant Staphylococcus aureus,Singapore,702,2021,32.54,32.5,Percentage of bloodstream infection due to methicillin-resistant Staphylococcus aureus (MRSA) among patients seeking care and whose blood sample is taken and tested. AMR Surveillance National Coordinating Center,AMR_INFECT_MRSA,,RATE_PER_100,PUBLISHED,percent,WHO RELAY / GLASS AMR indicator export
MRSA_bloodstream_resistance,Methicillin-resistant Staphylococcus aureus,Singapore,702,2022,31.17,31.2,Percentage of bloodstream infection due to methicillin-resistant Staphylococcus aureus (MRSA) among patients seeking care and whose blood sample is taken and tested. AMR Surveillance National Coordinating Center,AMR_INFECT_MRSA,,RATE_PER_100,PUBLISHED,percent,WHO RELAY / GLASS AMR indicator export
MRSA_bloodstream_resistance,Methicillin-resistant Staphylococcus aureus,Singapore,702,2023,23.64,23.6,Percentage of bloodstream infection due to methicillin-resistant Staphylococcus aureus (MRSA) among patients seeking care and whose blood sample is taken and tested. AMR Surveillance National Coordinating Center,AMR_INFECT_MRSA,,RATE_PER_100,PUBLISHED,percent,WHO RELAY / GLASS AMR indicator export
MRSA_bloodstream_resistance,Methicillin-resistant Staphylococcus aureus,Somalia,706,2020,46.67,46.7,Percentage of bloodstream infection due to methicillin-resistant Staphylococcus aureus (MRSA) among patients seeking care and whose blood sample is taken and tested. AMR Surveillance National Coordinating Center,AMR_INFECT_MRSA,,RATE_PER_100,PUBLISHED,percent,WHO RELAY / GLASS AMR indicator export
MRSA_bloodstream_resistance,Methicillin-resistant Staphylococcus aureus,South Africa,710,2016,24.9,24.9,Percentage of bloodstream infection due to methicillin-resistant Staphylococcus aureus (MRSA) among patients seeking care and whose blood sample is taken and tested. AMR Surveillance National Coordinating Center,AMR_INFECT_MRSA,,RATE_PER_100,PUBLISHED,percent,WHO RELAY / GLASS AMR indicator export
MRSA_bloodstream_resistance,Methicillin-resistant Staphylococcus aureus,South Africa,710,2017,23.8,23.8,Percentage of bloodstream infection due to methicillin-resistant Staphylococcus aureus (MRSA) among patients seeking care and whose blood sample is taken and tested. AMR Surveillance National Coordinating Center,AMR_INFECT_MRSA,,RATE_PER_100,PUBLISHED,percent,WHO RELAY / GLASS AMR indicator export
MRSA_bloodstream_resistance,Methicillin-resistant Staphylococcus aureus,South Africa,710,2018,24.6,24.6,Percentage of bloodstream infection due to methicillin-resistant Staphylococcus aureus (MRSA) among patients seeking care and whose blood sample is taken and tested. AMR Surveillance National Coordinating Center,AMR_INFECT_MRSA,,RATE_PER_100,PUBLISHED,percent,WHO RELAY / GLASS AMR indicator export
MRSA_bloodstream_resistance,Methicillin-resistant Staphylococcus aureus,South Africa,710,2019,21.35,21.4,Percentage of bloodstream infection due to methicillin-resistant Staphylococcus aureus (MRSA) among patients seeking care and whose blood sample is taken and tested. AMR Surveillance National Coordinating Center,AMR_INFECT_MRSA,,RATE_PER_100,PUBLISHED,percent,WHO RELAY / GLASS AMR indicator export
MRSA_bloodstream_resistance,Methicillin-resistant Staphylococcus aureus,South Africa,710,2020,19.64,19.6,Percentage of bloodstream infection due to methicillin-resistant Staphylococcus aureus (MRSA) among patients seeking care and whose blood sample is taken and tested. AMR Surveillance National Coordinating Center,AMR_INFECT_MRSA,,RATE_PER_100,PUBLISHED,percent,WHO RELAY / GLASS AMR indicator export
MRSA_bloodstream_resistance,Methicillin-resistant Staphylococcus aureus,South Africa,710,2021,16.64,16.6,Percentage of bloodstream infection due to methicillin-resistant Staphylococcus aureus (MRSA) among patients seeking care and whose blood sample is taken and tested. AMR Surveillance National Coordinating Center,AMR_INFECT_MRSA,,RATE_PER_100,PUBLISHED,percent,WHO RELAY / GLASS AMR indicator export
MRSA_bloodstream_resistance,Methicillin-resistant Staphylococcus aureus,South Africa,710,2022,16.48,16.5,Percentage of bloodstream infection due to methicillin-resistant Staphylococcus aureus (MRSA) among patients seeking care and whose blood sample is taken and tested. AMR Surveillance National Coordinating Center,AMR_INFECT_MRSA,,RATE_PER_100,PUBLISHED,percent,WHO RELAY / GLASS AMR indicator export
MRSA_bloodstream_resistance,Methicillin-resistant Staphylococcus aureus,South Africa,710,2023,17.78,17.8,Percentage of bloodstream infection due to methicillin-resistant Staphylococcus aureus (MRSA) among patients seeking care and whose blood sample is taken and tested. AMR Surveillance National Coordinating Center,AMR_INFECT_MRSA,,RATE_PER_100,PUBLISHED,percent,WHO RELAY / GLASS AMR indicator export
MRSA_bloodstream_resistance,Methicillin-resistant Staphylococcus aureus,Sri Lanka,144,2019,55.99,56,Percentage of bloodstream infection due to methicillin-resistant Staphylococcus aureus (MRSA) among patients seeking care and whose blood sample is taken and tested. AMR Surveillance National Coordinating Center,AMR_INFECT_MRSA,,RATE_PER_100,PUBLISHED,percent,WHO RELAY / GLASS AMR indicator export
MRSA_bloodstream_resistance,Methicillin-resistant Staphylococcus aureus,Sri Lanka,144,2020,53.29,53.3,Percentage of bloodstream infection due to methicillin-resistant Staphylococcus aureus (MRSA) among patients seeking care and whose blood sample is taken and tested. AMR Surveillance National Coordinating Center,AMR_INFECT_MRSA,,RATE_PER_100,PUBLISHED,percent,WHO RELAY / GLASS AMR indicator export
MRSA_bloodstream_resistance,Methicillin-resistant Staphylococcus aureus,Sri Lanka,144,2021,47.21,47.2,Percentage of bloodstream infection due to methicillin-resistant Staphylococcus aureus (MRSA) among patients seeking care and whose blood sample is taken and tested. AMR Surveillance National Coordinating Center,AMR_INFECT_MRSA,,RATE_PER_100,PUBLISHED,percent,WHO RELAY / GLASS AMR indicator export
MRSA_bloodstream_resistance,Methicillin-resistant Staphylococcus aureus,Sri Lanka,144,2022,51.31,51.3,Percentage of bloodstream infection due to methicillin-resistant Staphylococcus aureus (MRSA) among patients seeking care and whose blood sample is taken and tested. AMR Surveillance National Coordinating Center,AMR_INFECT_MRSA,,RATE_PER_100,PUBLISHED,percent,WHO RELAY / GLASS AMR indicator export
MRSA_bloodstream_resistance,Methicillin-resistant Staphylococcus aureus,Sri Lanka,144,2023,48.63,48.6,Percentage of bloodstream infection due to methicillin-resistant Staphylococcus aureus (MRSA) among patients seeking care and whose blood sample is taken and tested. AMR Surveillance National Coordinating Center,AMR_INFECT_MRSA,,RATE_PER_100,PUBLISHED,percent,WHO RELAY / GLASS AMR indicator export
MRSA_bloodstream_resistance,Methicillin-resistant Staphylococcus aureus,Sudan,729,2018,52.2,52.2,Percentage of bloodstream infection due to methicillin-resistant Staphylococcus aureus (MRSA) among patients seeking care and whose blood sample is taken and tested. AMR Surveillance National Coordinating Center,AMR_INFECT_MRSA,,RATE_PER_100,PUBLISHED,percent,WHO RELAY / GLASS AMR indicator export
MRSA_bloodstream_resistance,Methicillin-resistant Staphylococcus aureus,Sudan,729,2019,48.39,48.4,Percentage of bloodstream infection due to methicillin-resistant Staphylococcus aureus (MRSA) among patients seeking care and whose blood sample is taken and tested. AMR Surveillance National Coordinating Center,AMR_INFECT_MRSA,,RATE_PER_100,PUBLISHED,percent,WHO RELAY / GLASS AMR indicator export
MRSA_bloodstream_resistance,Methicillin-resistant Staphylococcus aureus,Sudan,729,2021,35.71,35.7,Percentage of bloodstream infection due to methicillin-resistant Staphylococcus aureus (MRSA) among patients seeking care and whose blood sample is taken and tested. AMR Surveillance National Coordinating Center,AMR_INFECT_MRSA,,RATE_PER_100,PUBLISHED,percent,WHO RELAY / GLASS AMR indicator export
MRSA_bloodstream_resistance,Methicillin-resistant Staphylococcus aureus,Sweden,752,2016,1.8,1.8,Percentage of bloodstream infection due to methicillin-resistant Staphylococcus aureus (MRSA) among patients seeking care and whose blood sample is taken and tested. AMR Surveillance National Coordinating Center,AMR_INFECT_MRSA,,RATE_PER_100,PUBLISHED,percent,WHO RELAY / GLASS AMR indicator export
MRSA_bloodstream_resistance,Methicillin-resistant Staphylococcus aureus,Sweden,752,2017,1.2,1.2,Percentage of bloodstream infection due to methicillin-resistant Staphylococcus aureus (MRSA) among patients seeking care and whose blood sample is taken and tested. AMR Surveillance National Coordinating Center,AMR_INFECT_MRSA,,RATE_PER_100,PUBLISHED,percent,WHO RELAY / GLASS AMR indicator export
MRSA_bloodstream_resistance,Methicillin-resistant Staphylococcus aureus,Sweden,752,2018,1.9,1.9,Percentage of bloodstream infection due to methicillin-resistant Staphylococcus aureus (MRSA) among patients seeking care and whose blood sample is taken and tested. AMR Surveillance National Coordinating Center,AMR_INFECT_MRSA,,RATE_PER_100,PUBLISHED,percent,WHO RELAY / GLASS AMR indicator export
MRSA_bloodstream_resistance,Methicillin-resistant Staphylococcus aureus,Sweden,752,2019,1.8,1.8,Percentage of bloodstream infection due to methicillin-resistant Staphylococcus aureus (MRSA) among patients seeking care and whose blood sample is taken and tested. AMR Surveillance National Coordinating Center,AMR_INFECT_MRSA,,RATE_PER_100,PUBLISHED,percent,WHO RELAY / GLASS AMR indicator export
MRSA_bloodstream_resistance,Methicillin-resistant Staphylococcus aureus,Sweden,752,2020,2.33,2.3,Percentage of bloodstream infection due to methicillin-resistant Staphylococcus aureus (MRSA) among patients seeking care and whose blood sample is taken and tested. AMR Surveillance National Coordinating Center,AMR_INFECT_MRSA,,RATE_PER_100,PUBLISHED,percent,WHO RELAY / GLASS AMR indicator export
MRSA_bloodstream_resistance,Methicillin-resistant Staphylococcus aureus,Sweden,752,2021,1.97,2,Percentage of bloodstream infection due to methicillin-resistant Staphylococcus aureus (MRSA) among patients seeking care and whose blood sample is taken and tested. AMR Surveillance National Coordinating Center,AMR_INFECT_MRSA,,RATE_PER_100,PUBLISHED,percent,WHO RELAY / GLASS AMR indicator export
MRSA_bloodstream_resistance,Methicillin-resistant Staphylococcus aureus,Sweden,752,2022,1.85,1.9,Percentage of bloodstream infection due to methicillin-resistant Staphylococcus aureus (MRSA) among patients seeking care and whose blood sample is taken and tested. AMR Surveillance National Coordinating Center,AMR_INFECT_MRSA,,RATE_PER_100,PUBLISHED,percent,WHO RELAY / GLASS AMR indicator export
MRSA_bloodstream_resistance,Methicillin-resistant Staphylococcus aureus,Sweden,752,2023,2.12,2.1,Percentage of bloodstream infection due to methicillin-resistant Staphylococcus aureus (MRSA) among patients seeking care and whose blood sample is taken and tested. AMR Surveillance National Coordinating Center,AMR_INFECT_MRSA,,RATE_PER_100,PUBLISHED,percent,WHO RELAY / GLASS AMR indicator export
MRSA_bloodstream_resistance,Methicillin-resistant Staphylococcus aureus,Switzerland,756,2016,4.9,4.9,Percentage of bloodstream infection due to methicillin-resistant Staphylococcus aureus (MRSA) among patients seeking care and whose blood sample is taken and tested. AMR Surveillance National Coordinating Center,AMR_INFECT_MRSA,,RATE_PER_100,PUBLISHED,percent,WHO RELAY / GLASS AMR indicator export
MRSA_bloodstream_resistance,Methicillin-resistant Staphylococcus aureus,Switzerland,756,2017,4.7,4.7,Percentage of bloodstream infection due to methicillin-resistant Staphylococcus aureus (MRSA) among patients seeking care and whose blood sample is taken and tested. AMR Surveillance National Coordinating Center,AMR_INFECT_MRSA,,RATE_PER_100,PUBLISHED,percent,WHO RELAY / GLASS AMR indicator export
MRSA_bloodstream_resistance,Methicillin-resistant Staphylococcus aureus,Switzerland,756,2018,5.8,5.8,Percentage of bloodstream infection due to methicillin-resistant Staphylococcus aureus (MRSA) among patients seeking care and whose blood sample is taken and tested. AMR Surveillance National Coordinating Center,AMR_INFECT_MRSA,,RATE_PER_100,PUBLISHED,percent,WHO RELAY / GLASS AMR indicator export
MRSA_bloodstream_resistance,Methicillin-resistant Staphylococcus aureus,Switzerland,756,2019,3.91,3.9,Percentage of bloodstream infection due to methicillin-resistant Staphylococcus aureus (MRSA) among patients seeking care and whose blood sample is taken and tested. AMR Surveillance National Coordinating Center,AMR_INFECT_MRSA,,RATE_PER_100,PUBLISHED,percent,WHO RELAY / GLASS AMR indicator export
MRSA_bloodstream_resistance,Methicillin-resistant Staphylococcus aureus,Switzerland,756,2020,5.12,5.1,Percentage of bloodstream infection due to methicillin-resistant Staphylococcus aureus (MRSA) among patients seeking care and whose blood sample is taken and tested. AMR Surveillance National Coordinating Center,AMR_INFECT_MRSA,,RATE_PER_100,PUBLISHED,percent,WHO RELAY / GLASS AMR indicator export
MRSA_bloodstream_resistance,Methicillin-resistant Staphylococcus aureus,Switzerland,756,2021,4.34,4.3,Percentage of bloodstream infection due to methicillin-resistant Staphylococcus aureus (MRSA) among patients seeking care and whose blood sample is taken and tested. AMR Surveillance National Coordinating Center,AMR_INFECT_MRSA,,RATE_PER_100,PUBLISHED,percent,WHO RELAY / GLASS AMR indicator export
MRSA_bloodstream_resistance,Methicillin-resistant Staphylococcus aureus,Switzerland,756,2022,4.07,4.1,Percentage of bloodstream infection due to methicillin-resistant Staphylococcus aureus (MRSA) among patients seeking care and whose blood sample is taken and tested. AMR Surveillance National Coordinating Center,AMR_INFECT_MRSA,,RATE_PER_100,PUBLISHED,percent,WHO RELAY / GLASS AMR indicator export
MRSA_bloodstream_resistance,Methicillin-resistant Staphylococcus aureus,Switzerland,756,2023,3.96,4,Percentage of bloodstream infection due to methicillin-resistant Staphylococcus aureus (MRSA) among patients seeking care and whose blood sample is taken and tested. AMR Surveillance National Coordinating Center,AMR_INFECT_MRSA,,RATE_PER_100,PUBLISHED,percent,WHO RELAY / GLASS AMR indicator export
MRSA_bloodstream_resistance,Methicillin-resistant Staphylococcus aureus,Syrian Arab Republic,760,2022,29.41,29.4,Percentage of bloodstream infection due to methicillin-resistant Staphylococcus aureus (MRSA) among patients seeking care and whose blood sample is taken and tested. AMR Surveillance National Coordinating Center,AMR_INFECT_MRSA,,RATE_PER_100,PUBLISHED,percent,WHO RELAY / GLASS AMR indicator export
MRSA_bloodstream_resistance,Methicillin-resistant Staphylococcus aureus,"Tanzania, United Republic of",834,2020,50.21,50.2,Percentage of bloodstream infection due to methicillin-resistant Staphylococcus aureus (MRSA) among patients seeking care and whose blood sample is taken and tested. AMR Surveillance National Coordinating Center,AMR_INFECT_MRSA,,RATE_PER_100,PUBLISHED,percent,WHO RELAY / GLASS AMR indicator export
MRSA_bloodstream_resistance,Methicillin-resistant Staphylococcus aureus,"Tanzania, United Republic of",834,2021,64.88,64.9,Percentage of bloodstream infection due to methicillin-resistant Staphylococcus aureus (MRSA) among patients seeking care and whose blood sample is taken and tested. AMR Surveillance National Coordinating Center,AMR_INFECT_MRSA,,RATE_PER_100,PUBLISHED,percent,WHO RELAY / GLASS AMR indicator export
MRSA_bloodstream_resistance,Methicillin-resistant Staphylococcus aureus,"Tanzania, United Republic of",834,2022,59.49,59.5,Percentage of bloodstream infection due to methicillin-resistant Staphylococcus aureus (MRSA) among patients seeking care and whose blood sample is taken and tested. AMR Surveillance National Coordinating Center,AMR_INFECT_MRSA,,RATE_PER_100,PUBLISHED,percent,WHO RELAY / GLASS AMR indicator export
MRSA_bloodstream_resistance,Methicillin-resistant Staphylococcus aureus,"Tanzania, United Republic of",834,2023,68.1,68.1,Percentage of bloodstream infection due to methicillin-resistant Staphylococcus aureus (MRSA) among patients seeking care and whose blood sample is taken and tested. AMR Surveillance National Coordinating Center,AMR_INFECT_MRSA,,RATE_PER_100,PUBLISHED,percent,WHO RELAY / GLASS AMR indicator export
MRSA_bloodstream_resistance,Methicillin-resistant Staphylococcus aureus,Thailand,764,2016,13.4,13.4,Percentage of bloodstream infection due to methicillin-resistant Staphylococcus aureus (MRSA) among patients seeking care and whose blood sample is taken and tested. AMR Surveillance National Coordinating Center,AMR_INFECT_MRSA,,RATE_PER_100,PUBLISHED,percent,WHO RELAY / GLASS AMR indicator export
MRSA_bloodstream_resistance,Methicillin-resistant Staphylococcus aureus,Thailand,764,2017,16.7,16.7,Percentage of bloodstream infection due to methicillin-resistant Staphylococcus aureus (MRSA) among patients seeking care and whose blood sample is taken and tested. AMR Surveillance National Coordinating Center,AMR_INFECT_MRSA,,RATE_PER_100,PUBLISHED,percent,WHO RELAY / GLASS AMR indicator export
MRSA_bloodstream_resistance,Methicillin-resistant Staphylococcus aureus,Thailand,764,2018,11.3,11.3,Percentage of bloodstream infection due to methicillin-resistant Staphylococcus aureus (MRSA) among patients seeking care and whose blood sample is taken and tested. AMR Surveillance National Coordinating Center,AMR_INFECT_MRSA,,RATE_PER_100,PUBLISHED,percent,WHO RELAY / GLASS AMR indicator export
MRSA_bloodstream_resistance,Methicillin-resistant Staphylococcus aureus,Thailand,764,2019,12.43,12.4,Percentage of bloodstream infection due to methicillin-resistant Staphylococcus aureus (MRSA) among patients seeking care and whose blood sample is taken and tested. AMR Surveillance National Coordinating Center,AMR_INFECT_MRSA,,RATE_PER_100,PUBLISHED,percent,WHO RELAY / GLASS AMR indicator export
MRSA_bloodstream_resistance,Methicillin-resistant Staphylococcus aureus,Thailand,764,2020,10.63,10.6,Percentage of bloodstream infection due to methicillin-resistant Staphylococcus aureus (MRSA) among patients seeking care and whose blood sample is taken and tested. AMR Surveillance National Coordinating Center,AMR_INFECT_MRSA,,RATE_PER_100,PUBLISHED,percent,WHO RELAY / GLASS AMR indicator export
MRSA_bloodstream_resistance,Methicillin-resistant Staphylococcus aureus,Thailand,764,2021,7.61,7.6,Percentage of bloodstream infection due to methicillin-resistant Staphylococcus aureus (MRSA) among patients seeking care and whose blood sample is taken and tested. AMR Surveillance National Coordinating Center,AMR_INFECT_MRSA,,RATE_PER_100,PUBLISHED,percent,WHO RELAY / GLASS AMR indicator export
MRSA_bloodstream_resistance,Methicillin-resistant Staphylococcus aureus,Thailand,764,2022,7.47,7.5,Percentage of bloodstream infection due to methicillin-resistant Staphylococcus aureus (MRSA) among patients seeking care and whose blood sample is taken and tested. AMR Surveillance National Coordinating Center,AMR_INFECT_MRSA,,RATE_PER_100,PUBLISHED,percent,WHO RELAY / GLASS AMR indicator export
MRSA_bloodstream_resistance,Methicillin-resistant Staphylococcus aureus,Thailand,764,2023,8.16,8.2,Percentage of bloodstream infection due to methicillin-resistant Staphylococcus aureus (MRSA) among patients seeking care and whose blood sample is taken and tested. AMR Surveillance National Coordinating Center,AMR_INFECT_MRSA,,RATE_PER_100,PUBLISHED,percent,WHO RELAY / GLASS AMR indicator export
MRSA_bloodstream_resistance,Methicillin-resistant Staphylococcus aureus,Timor-Leste,626,2020,21.43,21.4,Percentage of bloodstream infection due to methicillin-resistant Staphylococcus aureus (MRSA) among patients seeking care and whose blood sample is taken and tested. AMR Surveillance National Coordinating Center,AMR_INFECT_MRSA,,RATE_PER_100,PUBLISHED,percent,WHO RELAY / GLASS AMR indicator export
MRSA_bloodstream_resistance,Methicillin-resistant Staphylococcus aureus,Timor-Leste,626,2021,37.5,37.5,Percentage of bloodstream infection due to methicillin-resistant Staphylococcus aureus (MRSA) among patients seeking care and whose blood sample is taken and tested. AMR Surveillance National Coordinating Center,AMR_INFECT_MRSA,,RATE_PER_100,PUBLISHED,percent,WHO RELAY / GLASS AMR indicator export
MRSA_bloodstream_resistance,Methicillin-resistant Staphylococcus aureus,Timor-Leste,626,2022,38.1,38.1,Percentage of bloodstream infection due to methicillin-resistant Staphylococcus aureus (MRSA) among patients seeking care and whose blood sample is taken and tested. AMR Surveillance National Coordinating Center,AMR_INFECT_MRSA,,RATE_PER_100,PUBLISHED,percent,WHO RELAY / GLASS AMR indicator export
MRSA_bloodstream_resistance,Methicillin-resistant Staphylococcus aureus,Timor-Leste,626,2023,22.0,22,Percentage of bloodstream infection due to methicillin-resistant Staphylococcus aureus (MRSA) among patients seeking care and whose blood sample is taken and tested. AMR Surveillance National Coordinating Center,AMR_INFECT_MRSA,,RATE_PER_100,PUBLISHED,percent,WHO RELAY / GLASS AMR indicator export
MRSA_bloodstream_resistance,Methicillin-resistant Staphylococcus aureus,Tunisia,788,2016,24.5,24.5,Percentage of bloodstream infection due to methicillin-resistant Staphylococcus aureus (MRSA) among patients seeking care and whose blood sample is taken and tested. AMR Surveillance National Coordinating Center,AMR_INFECT_MRSA,,RATE_PER_100,PUBLISHED,percent,WHO RELAY / GLASS AMR indicator export
MRSA_bloodstream_resistance,Methicillin-resistant Staphylococcus aureus,Tunisia,788,2017,21.6,21.6,Percentage of bloodstream infection due to methicillin-resistant Staphylococcus aureus (MRSA) among patients seeking care and whose blood sample is taken and tested. AMR Surveillance National Coordinating Center,AMR_INFECT_MRSA,,RATE_PER_100,PUBLISHED,percent,WHO RELAY / GLASS AMR indicator export
MRSA_bloodstream_resistance,Methicillin-resistant Staphylococcus aureus,Tunisia,788,2018,21.1,21.1,Percentage of bloodstream infection due to methicillin-resistant Staphylococcus aureus (MRSA) among patients seeking care and whose blood sample is taken and tested. AMR Surveillance National Coordinating Center,AMR_INFECT_MRSA,,RATE_PER_100,PUBLISHED,percent,WHO RELAY / GLASS AMR indicator export
MRSA_bloodstream_resistance,Methicillin-resistant Staphylococcus aureus,Tunisia,788,2019,17.44,17.4,Percentage of bloodstream infection due to methicillin-resistant Staphylococcus aureus (MRSA) among patients seeking care and whose blood sample is taken and tested. AMR Surveillance National Coordinating Center,AMR_INFECT_MRSA,,RATE_PER_100,PUBLISHED,percent,WHO RELAY / GLASS AMR indicator export
MRSA_bloodstream_resistance,Methicillin-resistant Staphylococcus aureus,Tunisia,788,2020,12.1,12.1,Percentage of bloodstream infection due to methicillin-resistant Staphylococcus aureus (MRSA) among patients seeking care and whose blood sample is taken and tested. AMR Surveillance National Coordinating Center,AMR_INFECT_MRSA,,RATE_PER_100,PUBLISHED,percent,WHO RELAY / GLASS AMR indicator export
MRSA_bloodstream_resistance,Methicillin-resistant Staphylococcus aureus,Tunisia,788,2021,17.24,17.2,Percentage of bloodstream infection due to methicillin-resistant Staphylococcus aureus (MRSA) among patients seeking care and whose blood sample is taken and tested. AMR Surveillance National Coordinating Center,AMR_INFECT_MRSA,,RATE_PER_100,PUBLISHED,percent,WHO RELAY / GLASS AMR indicator export
MRSA_bloodstream_resistance,Methicillin-resistant Staphylococcus aureus,Tunisia,788,2022,13.61,13.6,Percentage of bloodstream infection due to methicillin-resistant Staphylococcus aureus (MRSA) among patients seeking care and whose blood sample is taken and tested. AMR Surveillance National Coordinating Center,AMR_INFECT_MRSA,,RATE_PER_100,PUBLISHED,percent,WHO RELAY / GLASS AMR indicator export
MRSA_bloodstream_resistance,Methicillin-resistant Staphylococcus aureus,Tunisia,788,2023,14.79,14.8,Percentage of bloodstream infection due to methicillin-resistant Staphylococcus aureus (MRSA) among patients seeking care and whose blood sample is taken and tested. AMR Surveillance National Coordinating Center,AMR_INFECT_MRSA,,RATE_PER_100,PUBLISHED,percent,WHO RELAY / GLASS AMR indicator export
MRSA_bloodstream_resistance,Methicillin-resistant Staphylococcus aureus,Türkiye,792,2021,30.99,31,Percentage of bloodstream infection due to methicillin-resistant Staphylococcus aureus (MRSA) among patients seeking care and whose blood sample is taken and tested. AMR Surveillance National Coordinating Center,AMR_INFECT_MRSA,,RATE_PER_100,PUBLISHED,percent,WHO RELAY / GLASS AMR indicator export
MRSA_bloodstream_resistance,Methicillin-resistant Staphylococcus aureus,Türkiye,792,2022,31.35,31.4,Percentage of bloodstream infection due to methicillin-resistant Staphylococcus aureus (MRSA) among patients seeking care and whose blood sample is taken and tested. AMR Surveillance National Coordinating Center,AMR_INFECT_MRSA,,RATE_PER_100,PUBLISHED,percent,WHO RELAY / GLASS AMR indicator export
MRSA_bloodstream_resistance,Methicillin-resistant Staphylococcus aureus,Türkiye,792,2023,32.58,32.6,Percentage of bloodstream infection due to methicillin-resistant Staphylococcus aureus (MRSA) among patients seeking care and whose blood sample is taken and tested. AMR Surveillance National Coordinating Center,AMR_INFECT_MRSA,,RATE_PER_100,PUBLISHED,percent,WHO RELAY / GLASS AMR indicator export
MRSA_bloodstream_resistance,Methicillin-resistant Staphylococcus aureus,Uganda,800,2017,13.0,13,Percentage of bloodstream infection due to methicillin-resistant Staphylococcus aureus (MRSA) among patients seeking care and whose blood sample is taken and tested. AMR Surveillance National Coordinating Center,AMR_INFECT_MRSA,,RATE_PER_100,PUBLISHED,percent,WHO RELAY / GLASS AMR indicator export
MRSA_bloodstream_resistance,Methicillin-resistant Staphylococcus aureus,Uganda,800,2020,75.0,75,Percentage of bloodstream infection due to methicillin-resistant Staphylococcus aureus (MRSA) among patients seeking care and whose blood sample is taken and tested. AMR Surveillance National Coordinating Center,AMR_INFECT_MRSA,,RATE_PER_100,PUBLISHED,percent,WHO RELAY / GLASS AMR indicator export
MRSA_bloodstream_resistance,Methicillin-resistant Staphylococcus aureus,Ukraine,804,2020,18.07,18.1,Percentage of bloodstream infection due to methicillin-resistant Staphylococcus aureus (MRSA) among patients seeking care and whose blood sample is taken and tested. AMR Surveillance National Coordinating Center,AMR_INFECT_MRSA,,RATE_PER_100,PUBLISHED,percent,WHO RELAY / GLASS AMR indicator export
MRSA_bloodstream_resistance,Methicillin-resistant Staphylococcus aureus,Ukraine,804,2021,28.05,28,Percentage of bloodstream infection due to methicillin-resistant Staphylococcus aureus (MRSA) among patients seeking care and whose blood sample is taken and tested. AMR Surveillance National Coordinating Center,AMR_INFECT_MRSA,,RATE_PER_100,PUBLISHED,percent,WHO RELAY / GLASS AMR indicator export
MRSA_bloodstream_resistance,Methicillin-resistant Staphylococcus aureus,Ukraine,804,2022,15.28,15.3,Percentage of bloodstream infection due to methicillin-resistant Staphylococcus aureus (MRSA) among patients seeking care and whose blood sample is taken and tested. AMR Surveillance National Coordinating Center,AMR_INFECT_MRSA,,RATE_PER_100,PUBLISHED,percent,WHO RELAY / GLASS AMR indicator export
MRSA_bloodstream_resistance,Methicillin-resistant Staphylococcus aureus,Ukraine,804,2023,13.46,13.5,Percentage of bloodstream infection due to methicillin-resistant Staphylococcus aureus (MRSA) among patients seeking care and whose blood sample is taken and tested. AMR Surveillance National Coordinating Center,AMR_INFECT_MRSA,,RATE_PER_100,PUBLISHED,percent,WHO RELAY / GLASS AMR indicator export
MRSA_bloodstream_resistance,Methicillin-resistant Staphylococcus aureus,United Arab Emirates,784,2017,34.1,34.1,Percentage of bloodstream infection due to methicillin-resistant Staphylococcus aureus (MRSA) among patients seeking care and whose blood sample is taken and tested. AMR Surveillance National Coordinating Center,AMR_INFECT_MRSA,,RATE_PER_100,PUBLISHED,percent,WHO RELAY / GLASS AMR indicator export
MRSA_bloodstream_resistance,Methicillin-resistant Staphylococcus aureus,United Arab Emirates,784,2018,23.7,23.7,Percentage of bloodstream infection due to methicillin-resistant Staphylococcus aureus (MRSA) among patients seeking care and whose blood sample is taken and tested. AMR Surveillance National Coordinating Center,AMR_INFECT_MRSA,,RATE_PER_100,PUBLISHED,percent,WHO RELAY / GLASS AMR indicator export
MRSA_bloodstream_resistance,Methicillin-resistant Staphylococcus aureus,United Arab Emirates,784,2019,36.23,36.2,Percentage of bloodstream infection due to methicillin-resistant Staphylococcus aureus (MRSA) among patients seeking care and whose blood sample is taken and tested. AMR Surveillance National Coordinating Center,AMR_INFECT_MRSA,,RATE_PER_100,PUBLISHED,percent,WHO RELAY / GLASS AMR indicator export
MRSA_bloodstream_resistance,Methicillin-resistant Staphylococcus aureus,United Arab Emirates,784,2020,42.52,42.5,Percentage of bloodstream infection due to methicillin-resistant Staphylococcus aureus (MRSA) among patients seeking care and whose blood sample is taken and tested. AMR Surveillance National Coordinating Center,AMR_INFECT_MRSA,,RATE_PER_100,PUBLISHED,percent,WHO RELAY / GLASS AMR indicator export
MRSA_bloodstream_resistance,Methicillin-resistant Staphylococcus aureus,United Arab Emirates,784,2021,35.65,35.7,Percentage of bloodstream infection due to methicillin-resistant Staphylococcus aureus (MRSA) among patients seeking care and whose blood sample is taken and tested. AMR Surveillance National Coordinating Center,AMR_INFECT_MRSA,,RATE_PER_100,PUBLISHED,percent,WHO RELAY / GLASS AMR indicator export
MRSA_bloodstream_resistance,Methicillin-resistant Staphylococcus aureus,United Arab Emirates,784,2022,39.88,39.9,Percentage of bloodstream infection due to methicillin-resistant Staphylococcus aureus (MRSA) among patients seeking care and whose blood sample is taken and tested. AMR Surveillance National Coordinating Center,AMR_INFECT_MRSA,,RATE_PER_100,PUBLISHED,percent,WHO RELAY / GLASS AMR indicator export
MRSA_bloodstream_resistance,Methicillin-resistant Staphylococcus aureus,United Arab Emirates,784,2023,41.44,41.4,Percentage of bloodstream infection due to methicillin-resistant Staphylococcus aureus (MRSA) among patients seeking care and whose blood sample is taken and tested. AMR Surveillance National Coordinating Center,AMR_INFECT_MRSA,,RATE_PER_100,PUBLISHED,percent,WHO RELAY / GLASS AMR indicator export
MRSA_bloodstream_resistance,Methicillin-resistant Staphylococcus aureus,United Kingdom,826,2017,6.9,6.9,Percentage of bloodstream infection due to methicillin-resistant Staphylococcus aureus (MRSA) among patients seeking care and whose blood sample is taken and tested. AMR Surveillance National Coordinating Center,AMR_INFECT_MRSA,,RATE_PER_100,PUBLISHED,percent,WHO RELAY / GLASS AMR indicator export
MRSA_bloodstream_resistance,Methicillin-resistant Staphylococcus aureus,United Kingdom,826,2018,7.3,7.3,Percentage of bloodstream infection due to methicillin-resistant Staphylococcus aureus (MRSA) among patients seeking care and whose blood sample is taken and tested. AMR Surveillance National Coordinating Center,AMR_INFECT_MRSA,,RATE_PER_100,PUBLISHED,percent,WHO RELAY / GLASS AMR indicator export
MRSA_bloodstream_resistance,Methicillin-resistant Staphylococcus aureus,United Kingdom,826,2019,10.4,10.4,Percentage of bloodstream infection due to methicillin-resistant Staphylococcus aureus (MRSA) among patients seeking care and whose blood sample is taken and tested. AMR Surveillance National Coordinating Center,AMR_INFECT_MRSA,,RATE_PER_100,PUBLISHED,percent,WHO RELAY / GLASS AMR indicator export
MRSA_bloodstream_resistance,Methicillin-resistant Staphylococcus aureus,United Kingdom,826,2020,3.89,3.9,Percentage of bloodstream infection due to methicillin-resistant Staphylococcus aureus (MRSA) among patients seeking care and whose blood sample is taken and tested. AMR Surveillance National Coordinating Center,AMR_INFECT_MRSA,,RATE_PER_100,PUBLISHED,percent,WHO RELAY / GLASS AMR indicator export
MRSA_bloodstream_resistance,Methicillin-resistant Staphylococcus aureus,United Kingdom,826,2021,6.74,6.7,Percentage of bloodstream infection due to methicillin-resistant Staphylococcus aureus (MRSA) among patients seeking care and whose blood sample is taken and tested. AMR Surveillance National Coordinating Center,AMR_INFECT_MRSA,,RATE_PER_100,PUBLISHED,percent,WHO RELAY / GLASS AMR indicator export
MRSA_bloodstream_resistance,Methicillin-resistant Staphylococcus aureus,United Kingdom,826,2022,7.96,8,Percentage of bloodstream infection due to methicillin-resistant Staphylococcus aureus (MRSA) among patients seeking care and whose blood sample is taken and tested. AMR Surveillance National Coordinating Center,AMR_INFECT_MRSA,,RATE_PER_100,PUBLISHED,percent,WHO RELAY / GLASS AMR indicator export
MRSA_bloodstream_resistance,Methicillin-resistant Staphylococcus aureus,United Kingdom,826,2023,9.86,9.9,Percentage of bloodstream infection due to methicillin-resistant Staphylococcus aureus (MRSA) among patients seeking care and whose blood sample is taken and tested. AMR Surveillance National Coordinating Center,AMR_INFECT_MRSA,,RATE_PER_100,PUBLISHED,percent,WHO RELAY / GLASS AMR indicator export
MRSA_bloodstream_resistance,Methicillin-resistant Staphylococcus aureus,Yemen,887,2022,93.46,93.5,Percentage of bloodstream infection due to methicillin-resistant Staphylococcus aureus (MRSA) among patients seeking care and whose blood sample is taken and tested. AMR Surveillance National Coordinating Center,AMR_INFECT_MRSA,,RATE_PER_100,PUBLISHED,percent,WHO RELAY / GLASS AMR indicator export
MRSA_bloodstream_resistance,Methicillin-resistant Staphylococcus aureus,Yemen,887,2023,79.03,79,Percentage of bloodstream infection due to methicillin-resistant Staphylococcus aureus (MRSA) among patients seeking care and whose blood sample is taken and tested. AMR Surveillance National Coordinating Center,AMR_INFECT_MRSA,,RATE_PER_100,PUBLISHED,percent,WHO RELAY / GLASS AMR indicator export
MRSA_bloodstream_resistance,Methicillin-resistant Staphylococcus aureus,Zambia,894,2020,55.0,55,Percentage of bloodstream infection due to methicillin-resistant Staphylococcus aureus (MRSA) among patients seeking care and whose blood sample is taken and tested. AMR Surveillance National Coordinating Center,AMR_INFECT_MRSA,,RATE_PER_100,PUBLISHED,percent,WHO RELAY / GLASS AMR indicator export
MRSA_bloodstream_resistance,Methicillin-resistant Staphylococcus aureus,Zambia,894,2021,69.35,69.4,Percentage of bloodstream infection due to methicillin-resistant Staphylococcus aureus (MRSA) among patients seeking care and whose blood sample is taken and tested. AMR Surveillance National Coordinating Center,AMR_INFECT_MRSA,,RATE_PER_100,PUBLISHED,percent,WHO RELAY / GLASS AMR indicator export
MRSA_bloodstream_resistance,Methicillin-resistant Staphylococcus aureus,Zambia,894,2022,90.0,90,Percentage of bloodstream infection due to methicillin-resistant Staphylococcus aureus (MRSA) among patients seeking care and whose blood sample is taken and tested. AMR Surveillance National Coordinating Center,AMR_INFECT_MRSA,,RATE_PER_100,PUBLISHED,percent,WHO RELAY / GLASS AMR indicator export
MRSA_bloodstream_resistance,Methicillin-resistant Staphylococcus aureus,Zambia,894,2023,58.88,58.9,Percentage of bloodstream infection due to methicillin-resistant Staphylococcus aureus (MRSA) among patients seeking care and whose blood sample is taken and tested. AMR Surveillance National Coordinating Center,AMR_INFECT_MRSA,,RATE_PER_100,PUBLISHED,percent,WHO RELAY / GLASS AMR indicator export
